# 3ds Max Wavefront OBJ Exporter v0.97b - (c)2007 guruware
# File Created: 04.02.2018 23:13:31

#
# object ArmorKey
#

v  137.9475 2.0323 -11.2977
v  137.9220 2.3236 -11.2977
v  138.8570 2.4884 -9.9954
v  138.8969 2.0323 -9.9954
v  137.8463 2.6060 -11.2977
v  138.7385 2.9307 -9.9954
v  137.7228 2.8710 -11.2977
v  138.5450 3.3457 -9.9954
v  137.5551 3.1105 -11.2977
v  138.2823 3.7208 -9.9954
v  137.3483 3.3173 -11.2977
v  137.9586 4.0445 -9.9954
v  137.1088 3.4850 -11.2977
v  137.5835 4.3072 -9.9954
v  136.8438 3.6085 -11.2977
v  137.1685 4.5007 -9.9954
v  136.5614 3.6842 -11.2977
v  136.7262 4.6192 -9.9954
v  136.2701 3.7097 -11.2977
v  136.2701 4.6591 -9.9954
v  135.9788 3.6842 -11.2977
v  135.8139 4.6192 -9.9954
v  135.6964 3.6085 -11.2977
v  135.3717 4.5007 -9.9954
v  135.4314 3.4850 -11.2977
v  134.9567 4.3072 -9.9954
v  135.1919 3.3173 -11.2977
v  134.5816 4.0445 -9.9954
v  134.9851 3.1105 -11.2977
v  134.2578 3.7208 -9.9954
v  134.8174 2.8710 -11.2977
v  133.9952 3.3457 -9.9954
v  134.6938 2.6060 -11.2977
v  133.8017 2.9307 -9.9954
v  134.6182 2.3236 -11.2977
v  133.6832 2.4884 -9.9954
v  134.5927 2.0323 -11.2977
v  133.6433 2.0323 -9.9954
v  134.6182 1.7410 -11.2977
v  133.6832 1.5761 -9.9954
v  134.6938 1.4586 -11.2977
v  133.8017 1.1339 -9.9954
v  134.8174 1.1936 -11.2977
v  133.9952 0.7189 -9.9954
v  134.9851 0.9541 -11.2977
v  134.2578 0.3438 -9.9954
v  135.1919 0.7473 -11.2977
v  134.5816 0.0200 -9.9954
v  135.4314 0.5796 -11.2977
v  134.9567 -0.2426 -9.9954
v  135.6964 0.4560 -11.2977
v  135.3717 -0.4361 -9.9954
v  135.9788 0.3804 -11.2977
v  135.8139 -0.5546 -9.9954
v  136.2701 0.3549 -11.2977
v  136.2701 -0.5945 -9.9954
v  136.5614 0.3804 -11.2977
v  136.7262 -0.5546 -9.9954
v  136.8438 0.4560 -11.2977
v  137.1685 -0.4361 -9.9954
v  137.1088 0.5796 -11.2977
v  137.5835 -0.2426 -9.9954
v  137.3483 0.7473 -11.2977
v  137.9586 0.0200 -9.9954
v  137.5551 0.9541 -11.2977
v  138.2823 0.3438 -9.9954
v  137.7228 1.1936 -11.2977
v  138.5450 0.7189 -9.9954
v  137.8463 1.4586 -11.2977
v  138.7385 1.1339 -9.9954
v  137.9220 1.7410 -11.2977
v  138.8570 1.5761 -9.9954
v  138.8570 2.4884 -8.0810
v  138.8969 2.0323 -8.0810
v  138.7385 2.9307 -8.0810
v  138.5450 3.3457 -8.0810
v  138.2823 3.7208 -8.0810
v  137.9586 4.0445 -8.0810
v  137.5835 4.3072 -8.0810
v  137.1685 4.5007 -8.0810
v  136.7262 4.6192 -8.0810
v  136.2701 4.6591 -8.0810
v  135.8139 4.6192 -8.0810
v  135.3717 4.5007 -8.0810
v  134.9567 4.3072 -8.0810
v  134.5816 4.0445 -8.0810
v  134.2578 3.7208 -8.0810
v  133.9952 3.3457 -8.0810
v  133.8017 2.9307 -8.0810
v  133.6832 2.4884 -8.0810
v  133.6433 2.0323 -8.0810
v  133.6832 1.5761 -8.0810
v  133.8017 1.1339 -8.0810
v  133.9952 0.7189 -8.0810
v  134.2578 0.3438 -8.0810
v  134.5816 0.0200 -8.0810
v  134.9567 -0.2426 -8.0810
v  135.3717 -0.4361 -8.0810
v  135.8139 -0.5546 -8.0810
v  136.2701 -0.5945 -8.0810
v  136.7262 -0.5546 -8.0810
v  137.1685 -0.4361 -8.0810
v  137.5835 -0.2426 -8.0810
v  137.9586 0.0200 -8.0810
v  138.2823 0.3438 -8.0810
v  138.5450 0.7189 -8.0810
v  138.7385 1.1339 -8.0810
v  138.8570 1.5761 -8.0810
v  138.1559 2.3648 -7.0498
v  138.1850 2.0323 -7.0498
v  138.0695 2.6872 -7.0498
v  137.9284 2.9897 -7.0498
v  137.7370 3.2631 -7.0498
v  137.5009 3.4992 -7.0498
v  137.2275 3.6906 -7.0498
v  136.9250 3.8317 -7.0498
v  136.6026 3.9181 -7.0498
v  136.2701 3.9472 -7.0498
v  135.9376 3.9181 -7.0498
v  135.6152 3.8317 -7.0498
v  135.3127 3.6906 -7.0498
v  135.0392 3.4992 -7.0498
v  134.8032 3.2631 -7.0498
v  134.6118 2.9897 -7.0498
v  134.4707 2.6872 -7.0498
v  134.3843 2.3648 -7.0498
v  134.3552 2.0323 -7.0498
v  134.3843 1.6998 -7.0498
v  134.4707 1.3774 -7.0498
v  134.6118 1.0749 -7.0498
v  134.8032 0.8014 -7.0498
v  135.0392 0.5654 -7.0498
v  135.3127 0.3740 -7.0498
v  135.6152 0.2329 -7.0498
v  135.9376 0.1465 -7.0498
v  136.2701 0.1174 -7.0498
v  136.6026 0.1465 -7.0498
v  136.9250 0.2329 -7.0498
v  137.2275 0.3740 -7.0498
v  137.5009 0.5654 -7.0498
v  137.7370 0.8014 -7.0498
v  137.9284 1.0749 -7.0498
v  138.0695 1.3774 -7.0498
v  138.1559 1.6998 -7.0498
v  137.3144 2.0323 44.0396
v  137.2986 2.2136 44.0396
v  137.2514 2.3895 44.0396
v  137.1745 2.5545 44.0396
v  137.0701 2.7036 44.0396
v  136.9414 2.8323 44.0396
v  136.7923 2.9367 44.0396
v  136.6273 3.0136 44.0396
v  136.4514 3.0607 44.0396
v  136.2701 3.0766 44.0396
v  136.0887 3.0607 44.0396
v  135.9129 3.0136 44.0396
v  135.7479 2.9367 44.0396
v  135.5988 2.8323 44.0396
v  135.4701 2.7036 44.0396
v  135.3657 2.5545 44.0396
v  135.2888 2.3895 44.0396
v  135.2416 2.2136 44.0396
v  135.2258 2.0323 44.0396
v  135.2416 1.8509 44.0396
v  135.2888 1.6751 44.0396
v  135.3657 1.5101 44.0396
v  135.4701 1.3610 44.0396
v  135.5988 1.2323 44.0396
v  135.7479 1.1279 44.0396
v  135.9129 1.0509 44.0396
v  136.0887 1.0038 44.0396
v  136.2701 0.9880 44.0396
v  136.4514 1.0038 44.0396
v  136.6273 1.0509 44.0396
v  136.7923 1.1279 44.0396
v  136.9414 1.2323 44.0396
v  137.0701 1.3610 44.0396
v  137.1745 1.5101 44.0396
v  137.2514 1.6751 44.0396
v  137.2986 1.8509 44.0396
v  138.1559 2.3648 -6.6333
v  138.1850 2.0323 -6.6333
v  138.0695 2.6872 -6.6333
v  137.9284 2.9897 -6.6333
v  137.7370 3.2631 -6.6333
v  137.5009 3.4992 -6.6333
v  137.2275 3.6906 -6.6333
v  136.9250 3.8317 -6.6333
v  136.6026 3.9181 -6.6333
v  136.2701 3.9472 -6.6333
v  135.9376 3.9181 -6.6333
v  135.6152 3.8317 -6.6333
v  135.3127 3.6906 -6.6333
v  135.0392 3.4992 -6.6333
v  134.8032 3.2631 -6.6333
v  134.6118 2.9897 -6.6333
v  134.4707 2.6872 -6.6333
v  134.3843 2.3648 -6.6333
v  134.3552 2.0323 -6.6333
v  134.3843 1.6998 -6.6333
v  134.4707 1.3774 -6.6333
v  134.6118 1.0749 -6.6333
v  134.8032 0.8014 -6.6333
v  135.0392 0.5654 -6.6333
v  135.3127 0.3740 -6.6333
v  135.6152 0.2329 -6.6333
v  135.9376 0.1465 -6.6333
v  136.2701 0.1174 -6.6333
v  136.6026 0.1465 -6.6333
v  136.9250 0.2329 -6.6333
v  137.2275 0.3740 -6.6333
v  137.5009 0.5654 -6.6333
v  137.7370 0.8014 -6.6333
v  137.9284 1.0749 -6.6333
v  138.0695 1.3774 -6.6333
v  138.1559 1.6998 -6.6333
v  138.1559 2.3648 40.5186
v  138.1850 2.0323 40.5186
v  138.0695 2.6872 40.5186
v  137.9284 2.9897 40.5186
v  137.7370 3.2631 40.5186
v  137.5009 3.4992 40.5186
v  137.2275 3.6906 40.5186
v  136.9250 3.8317 40.5186
v  136.6026 3.9181 40.5186
v  136.2701 3.9472 40.5186
v  135.9376 3.9181 40.5186
v  135.6152 3.8317 40.5186
v  135.3127 3.6906 40.5186
v  135.0392 3.4992 40.5186
v  134.8032 3.2631 40.5186
v  134.6118 2.9897 40.5186
v  134.4707 2.6872 40.5186
v  134.3843 2.3648 40.5186
v  134.3552 2.0323 40.5186
v  134.3843 1.6998 40.5186
v  134.4707 1.3774 40.5186
v  134.6118 1.0749 40.5186
v  134.8032 0.8014 40.5186
v  135.0392 0.5654 40.5186
v  135.3127 0.3740 40.5186
v  135.6152 0.2329 40.5186
v  135.9376 0.1465 40.5186
v  136.2701 0.1174 40.5186
v  136.6026 0.1465 40.5186
v  136.9250 0.2329 40.5186
v  137.2275 0.3740 40.5186
v  137.5009 0.5654 40.5186
v  137.7370 0.8014 40.5186
v  137.9284 1.0749 40.5186
v  138.0695 1.3774 40.5186
v  138.1559 1.6998 40.5186
v  138.6120 2.4452 41.5140
v  138.6481 2.0323 41.5140
v  138.5047 2.8456 41.5140
v  138.3295 3.2213 41.5140
v  138.0918 3.5609 41.5140
v  137.7987 3.8540 41.5140
v  137.4591 4.0917 41.5140
v  137.0834 4.2669 41.5140
v  136.6830 4.3742 41.5140
v  136.2701 4.4103 41.5140
v  135.8572 4.3742 41.5140
v  135.4568 4.2669 41.5140
v  135.0811 4.0917 41.5140
v  134.7415 3.8540 41.5140
v  134.4484 3.5609 41.5140
v  134.2107 3.2213 41.5140
v  134.0355 2.8456 41.5140
v  133.9282 2.4452 41.5140
v  133.8921 2.0323 41.5140
v  133.9282 1.6194 41.5140
v  134.0355 1.2190 41.5140
v  134.2107 0.8433 41.5140
v  134.4484 0.5037 41.5140
v  134.7415 0.2106 41.5140
v  135.0811 -0.0271 41.5140
v  135.4568 -0.2023 41.5140
v  135.8571 -0.3096 41.5140
v  136.2701 -0.3457 41.5140
v  136.6830 -0.3096 41.5140
v  137.0834 -0.2023 41.5140
v  137.4591 -0.0271 41.5140
v  137.7987 0.2106 41.5140
v  138.0918 0.5037 41.5140
v  138.3295 0.8433 41.5140
v  138.5047 1.2190 41.5140
v  138.6120 1.6193 41.5140
v  138.6120 2.4452 42.8511
v  138.6481 2.0323 42.8511
v  138.5047 2.8456 42.8511
v  138.3295 3.2213 42.8511
v  138.0918 3.5609 42.8511
v  137.7987 3.8540 42.8511
v  137.4591 4.0917 42.8511
v  137.0834 4.2669 42.8511
v  136.6830 4.3742 42.8511
v  136.2701 4.4103 42.8511
v  135.8572 4.3742 42.8511
v  135.4568 4.2669 42.8511
v  135.0811 4.0917 42.8511
v  134.7415 3.8540 42.8511
v  134.4484 3.5609 42.8511
v  134.2107 3.2213 42.8511
v  134.0355 2.8456 42.8511
v  133.9282 2.4452 42.8511
v  133.8921 2.0323 42.8511
v  133.9282 1.6194 42.8511
v  134.0355 1.2190 42.8511
v  134.2107 0.8433 42.8511
v  134.4484 0.5037 42.8511
v  134.7415 0.2106 42.8511
v  135.0811 -0.0271 42.8511
v  135.4568 -0.2023 42.8511
v  135.8571 -0.3096 42.8511
v  136.2701 -0.3457 42.8511
v  136.6830 -0.3096 42.8511
v  137.0834 -0.2023 42.8511
v  137.4591 -0.0271 42.8511
v  137.7987 0.2106 42.8511
v  138.0918 0.5037 42.8511
v  138.3295 0.8433 42.8511
v  138.5047 1.2190 42.8511
v  138.6120 1.6193 42.8511
v  127.1582 -0.1151 -10.5954
v  127.1582 4.2903 -10.5954
v  127.1759 4.2903 -11.1717
v  127.1759 -0.1151 -11.1717
v  127.1790 4.2903 -11.7534
v  127.1790 -0.1151 -11.7534
v  127.1528 4.2903 -12.3462
v  127.1528 -0.1151 -12.3462
v  127.0826 4.2903 -12.9555
v  127.0826 -0.1151 -12.9555
v  126.9537 4.2903 -13.5869
v  126.9537 -0.1151 -13.5869
v  126.7517 4.2903 -14.2458
v  126.7517 -0.1151 -14.2458
v  126.4617 4.2903 -14.9379
v  126.4617 -0.1151 -14.9379
v  126.1058 4.2903 -15.5859
v  126.1058 -0.1151 -15.5859
v  125.7191 4.2903 -16.1217
v  125.7191 -0.1151 -16.1217
v  125.3068 4.2903 -16.5640
v  125.3068 -0.1151 -16.5640
v  124.8741 4.2903 -16.9315
v  124.8741 -0.1151 -16.9315
v  124.4260 4.2903 -17.2429
v  124.4260 -0.1151 -17.2429
v  123.9676 4.2903 -17.5169
v  123.9676 -0.1151 -17.5169
v  123.5041 4.2903 -17.7722
v  123.5041 -0.1151 -17.7722
v  123.4812 4.2903 -29.9729
v  123.4812 -0.1151 -29.9729
v  125.4540 3.9936 -18.8362
v  125.3971 3.9936 -18.8931
v  126.0308 3.9936 -18.4354
v  126.6178 3.9936 -17.9370
v  127.1864 3.9936 -17.3269
v  127.7107 3.9936 -16.6003
v  128.1708 3.9936 -15.7625
v  128.5359 3.9936 -14.8915
v  128.7923 3.9936 -14.0552
v  128.9558 3.9936 -13.2540
v  129.0430 3.9936 -12.4968
v  129.1125 3.9936 -12.4922
v  136.2649 4.2903 -10.6036
v  136.2649 3.9936 -12.4987
v  130.8383 0.8894 -14.4115
v  136.2649 0.8894 -14.4168
v  136.2649 0.8894 -29.9729
v  127.2989 0.8894 -29.9729
v  127.3140 0.8894 -20.0922
v  127.4336 0.8894 -19.8115
v  127.9454 0.8894 -19.3274
v  128.6723 0.8894 -18.5475
v  129.3361 0.8894 -17.6276
v  129.9018 0.8894 -16.5976
v  130.3428 0.8894 -15.5453
v  130.6543 0.8894 -14.5295
v  130.6710 0.8894 -14.4467
v  126.0308 0.5290 -18.4354
v  125.4540 0.5290 -18.8362
v  126.6178 0.5290 -17.9370
v  127.1864 0.5290 -17.3269
v  127.7107 0.5290 -16.6003
v  128.1708 0.5290 -15.7625
v  128.5359 0.5290 -14.8915
v  128.7923 0.5290 -14.0552
v  128.9558 0.5290 -13.2540
v  129.0430 0.5290 -12.4968
v  129.1125 0.5290 -12.4922
v  136.2649 0.5290 -12.4987
v  125.3971 0.5290 -18.8931
v  126.4476 0.2778 -19.2750
v  126.3559 0.2778 -19.2918
v  126.6166 0.2778 -19.1969
v  127.2816 0.2778 -18.6322
v  127.9293 0.2778 -17.9372
v  128.5234 0.2778 -17.1139
v  129.0363 0.2778 -16.1801
v  129.4393 0.2778 -15.2184
v  129.7233 0.2778 -14.2923
v  129.9043 0.2778 -13.4051
v  129.9046 0.2778 -13.4024
v  130.5663 0.2778 -13.4519
v  136.2649 0.2778 -13.4583
v  126.6166 3.9316 -19.1969
v  126.3559 3.9316 -19.2918
v  127.2816 3.9316 -18.6322
v  127.9293 3.9316 -17.9372
v  128.5234 3.9316 -17.1139
v  129.0363 3.9316 -16.1801
v  129.4393 3.9316 -15.2184
v  129.7233 3.9316 -14.2923
v  129.9043 3.9316 -13.4051
v  129.9046 3.9316 -13.4024
v  130.5663 3.9316 -13.4519
v  136.2649 3.9316 -13.4583
v  127.3140 3.6803 -20.0922
v  127.4336 3.6803 -19.8115
v  127.9454 3.6803 -19.3274
v  128.6723 3.6803 -18.5475
v  129.3361 3.6803 -17.6276
v  129.9018 3.6803 -16.5976
v  130.3428 3.6803 -15.5453
v  130.6543 3.6803 -14.5295
v  130.6710 3.6803 -14.4467
v  130.8383 3.6803 -14.4115
v  136.2649 3.6803 -14.4168
v  136.2649 -0.1151 -10.6036
v  145.3716 -0.1151 -10.5954
v  145.3539 -0.1151 -11.1717
v  145.3539 4.2903 -11.1717
v  145.3716 4.2903 -10.5954
v  145.3508 -0.1151 -11.7534
v  145.3508 4.2903 -11.7534
v  145.3771 -0.1151 -12.3462
v  145.3771 4.2903 -12.3462
v  145.4473 -0.1151 -12.9555
v  145.4473 4.2903 -12.9555
v  145.5761 -0.1151 -13.5869
v  145.5761 4.2903 -13.5869
v  145.7782 -0.1151 -14.2458
v  145.7782 4.2903 -14.2458
v  146.0682 -0.1151 -14.9379
v  146.0682 4.2903 -14.9379
v  146.4241 -0.1151 -15.5859
v  146.4241 4.2903 -15.5859
v  146.8107 -0.1151 -16.1217
v  146.8107 4.2903 -16.1217
v  147.2230 -0.1151 -16.5640
v  147.2230 4.2903 -16.5640
v  147.6557 -0.1151 -16.9315
v  147.6557 4.2903 -16.9315
v  148.1039 -0.1151 -17.2429
v  148.1039 4.2903 -17.2429
v  148.5622 -0.1151 -17.5169
v  148.5622 4.2903 -17.5169
v  149.0257 -0.1151 -17.7722
v  149.0257 4.2903 -17.7722
v  149.0487 -0.1151 -29.9729
v  149.0487 4.2903 -29.9729
v  147.1328 3.9936 -18.8931
v  147.0758 3.9936 -18.8362
v  146.4990 3.9936 -18.4354
v  145.9121 3.9936 -17.9370
v  145.3435 3.9936 -17.3269
v  144.8191 3.9936 -16.6003
v  144.3590 3.9936 -15.7625
v  143.9940 3.9936 -14.8915
v  143.7375 3.9936 -14.0552
v  143.5741 3.9936 -13.2540
v  143.4868 3.9936 -12.4968
v  143.4173 3.9936 -12.4922
v  141.6916 0.8894 -14.4115
v  141.8588 0.8894 -14.4467
v  141.8755 0.8894 -14.5295
v  142.1871 0.8894 -15.5453
v  142.6280 0.8894 -16.5976
v  143.1937 0.8894 -17.6276
v  143.8575 0.8894 -18.5475
v  144.5845 0.8894 -19.3274
v  145.0962 0.8894 -19.8115
v  145.2158 0.8894 -20.0922
v  145.2310 0.8894 -29.9729
v  147.0758 0.5290 -18.8362
v  146.4990 0.5290 -18.4354
v  145.9121 0.5290 -17.9370
v  145.3435 0.5290 -17.3269
v  144.8191 0.5290 -16.6003
v  144.3590 0.5290 -15.7625
v  143.9940 0.5290 -14.8915
v  143.7375 0.5290 -14.0552
v  143.5741 0.5290 -13.2540
v  143.4868 0.5290 -12.4968
v  143.4173 0.5290 -12.4922
v  147.1328 0.5290 -18.8931
v  146.1739 0.2778 -19.2918
v  146.0823 0.2778 -19.2750
v  145.9133 0.2778 -19.1969
v  145.2483 0.2778 -18.6322
v  144.6005 0.2778 -17.9372
v  144.0064 0.2778 -17.1139
v  143.4935 0.2778 -16.1801
v  143.0905 0.2778 -15.2184
v  142.8065 0.2778 -14.2923
v  142.6255 0.2778 -13.4051
v  142.6252 0.2778 -13.4024
v  141.9636 0.2778 -13.4519
v  146.1739 3.9316 -19.2918
v  145.9133 3.9316 -19.1969
v  145.2483 3.9316 -18.6322
v  144.6005 3.9316 -17.9372
v  144.0064 3.9316 -17.1139
v  143.4935 3.9316 -16.1801
v  143.0905 3.9316 -15.2184
v  142.8065 3.9316 -14.2923
v  142.6255 3.9316 -13.4051
v  142.6252 3.9316 -13.4024
v  141.9636 3.9316 -13.4519
v  145.2158 3.6803 -20.0922
v  145.0962 3.6803 -19.8115
v  144.5845 3.6803 -19.3274
v  143.8575 3.6803 -18.5475
v  143.1937 3.6803 -17.6276
v  142.6280 3.6803 -16.5976
v  142.1871 3.6803 -15.5453
v  141.8755 3.6803 -14.5295
v  141.8588 3.6803 -14.4467
v  141.6916 3.6803 -14.4115
v  125.3762 3.9936 -29.9729
v  125.3762 0.5290 -29.9729
v  126.3376 0.2778 -29.9729
v  126.3376 3.9316 -29.9729
v  127.2989 3.6803 -29.9729
v  147.1536 3.9936 -29.9729
v  147.1536 0.5290 -29.9729
v  146.1923 0.2778 -29.9729
v  146.1923 3.9316 -29.9729
v  145.2310 3.6803 -29.9729
v  127.1582 -0.1151 -49.3504
v  127.1759 -0.1151 -48.7742
v  127.1759 4.2903 -48.7742
v  127.1582 4.2903 -49.3504
v  127.1790 -0.1151 -48.1924
v  127.1790 4.2903 -48.1924
v  127.1528 -0.1151 -47.5996
v  127.1528 4.2903 -47.5996
v  127.0826 -0.1151 -46.9903
v  127.0826 4.2903 -46.9903
v  126.9537 -0.1151 -46.3589
v  126.9537 4.2903 -46.3589
v  126.7517 -0.1151 -45.7000
v  126.7517 4.2903 -45.7000
v  126.4617 -0.1151 -45.0080
v  126.4617 4.2903 -45.0080
v  126.1058 -0.1151 -44.3599
v  126.1058 4.2903 -44.3599
v  125.7191 -0.1151 -43.8241
v  125.7191 4.2903 -43.8241
v  125.3068 -0.1151 -43.3818
v  125.3068 4.2903 -43.3818
v  124.8741 -0.1151 -43.0143
v  124.8741 4.2903 -43.0143
v  124.4260 -0.1151 -42.7029
v  124.4260 4.2903 -42.7029
v  123.9676 -0.1151 -42.4289
v  123.9676 4.2903 -42.4289
v  123.5041 -0.1151 -42.1736
v  123.5041 4.2903 -42.1736
v  125.3971 3.9936 -41.0527
v  125.4540 3.9936 -41.1096
v  126.0308 3.9936 -41.5104
v  126.6178 3.9936 -42.0088
v  127.1864 3.9936 -42.6189
v  127.7107 3.9936 -43.3455
v  128.1708 3.9936 -44.1833
v  128.5359 3.9936 -45.0544
v  128.7923 3.9936 -45.8906
v  128.9558 3.9936 -46.6919
v  129.0430 3.9936 -47.4491
v  129.1125 3.9936 -47.4536
v  136.2649 3.9936 -47.4471
v  136.2649 4.2903 -49.3422
v  130.8383 0.8894 -45.5344
v  130.6710 0.8894 -45.4991
v  130.6543 0.8894 -45.4163
v  130.3428 0.8894 -44.4005
v  129.9018 0.8894 -43.3482
v  129.3361 0.8894 -42.3182
v  128.6723 0.8894 -41.3983
v  127.9454 0.8894 -40.6184
v  127.4336 0.8894 -40.1343
v  127.3140 0.8894 -39.8536
v  136.2649 0.8894 -45.5290
v  125.4540 0.5290 -41.1096
v  126.0308 0.5290 -41.5104
v  126.6178 0.5290 -42.0088
v  127.1864 0.5290 -42.6189
v  127.7107 0.5290 -43.3455
v  128.1708 0.5290 -44.1833
v  128.5359 0.5290 -45.0544
v  128.7923 0.5290 -45.8906
v  128.9558 0.5290 -46.6919
v  129.0430 0.5290 -47.4491
v  129.1125 0.5290 -47.4536
v  136.2649 0.5290 -47.4471
v  125.3971 0.5290 -41.0527
v  126.3559 0.2778 -40.6541
v  126.4476 0.2778 -40.6708
v  126.6166 0.2778 -40.7489
v  127.2816 0.2778 -41.3136
v  127.9293 0.2778 -42.0086
v  128.5234 0.2778 -42.8319
v  129.0363 0.2778 -43.7658
v  129.4393 0.2778 -44.7275
v  129.7233 0.2778 -45.6535
v  129.9043 0.2778 -46.5408
v  129.9046 0.2778 -46.5434
v  130.5663 0.2778 -46.4939
v  136.2649 0.2778 -46.4876
v  126.3559 3.9316 -40.6541
v  126.6166 3.9316 -40.7489
v  127.2816 3.9316 -41.3136
v  127.9293 3.9316 -42.0086
v  128.5234 3.9316 -42.8319
v  129.0363 3.9316 -43.7658
v  129.4393 3.9316 -44.7275
v  129.7233 3.9316 -45.6535
v  129.9043 3.9316 -46.5408
v  129.9046 3.9316 -46.5434
v  130.5663 3.9316 -46.4939
v  136.2649 3.9316 -46.4876
v  127.3140 3.6803 -39.8536
v  127.4336 3.6803 -40.1343
v  127.9454 3.6803 -40.6184
v  128.6723 3.6803 -41.3983
v  129.3361 3.6803 -42.3182
v  129.9018 3.6803 -43.3482
v  130.3428 3.6803 -44.4005
v  130.6543 3.6803 -45.4163
v  130.6710 3.6803 -45.4991
v  130.8383 3.6803 -45.5344
v  136.2649 3.6803 -45.5290
v  136.2649 -0.1151 -49.3422
v  145.3716 -0.1151 -49.3504
v  145.3716 4.2903 -49.3504
v  145.3539 4.2903 -48.7742
v  145.3539 -0.1151 -48.7742
v  145.3508 4.2903 -48.1924
v  145.3508 -0.1151 -48.1924
v  145.3771 4.2903 -47.5996
v  145.3771 -0.1151 -47.5996
v  145.4473 4.2903 -46.9903
v  145.4473 -0.1151 -46.9903
v  145.5761 4.2903 -46.3589
v  145.5761 -0.1151 -46.3589
v  145.7782 4.2903 -45.7000
v  145.7782 -0.1151 -45.7000
v  146.0682 4.2903 -45.0080
v  146.0682 -0.1151 -45.0080
v  146.4241 4.2903 -44.3599
v  146.4241 -0.1151 -44.3599
v  146.8107 4.2903 -43.8241
v  146.8107 -0.1151 -43.8241
v  147.2230 4.2903 -43.3818
v  147.2230 -0.1151 -43.3818
v  147.6557 4.2903 -43.0143
v  147.6557 -0.1151 -43.0143
v  148.1039 4.2903 -42.7029
v  148.1039 -0.1151 -42.7029
v  148.5622 4.2903 -42.4289
v  148.5622 -0.1151 -42.4289
v  149.0257 4.2903 -42.1736
v  149.0257 -0.1151 -42.1736
v  147.0758 3.9936 -41.1096
v  147.1328 3.9936 -41.0527
v  146.4990 3.9936 -41.5104
v  145.9121 3.9936 -42.0088
v  145.3435 3.9936 -42.6189
v  144.8191 3.9936 -43.3455
v  144.3590 3.9936 -44.1833
v  143.9940 3.9936 -45.0544
v  143.7375 3.9936 -45.8906
v  143.5741 3.9936 -46.6919
v  143.4868 3.9936 -47.4491
v  143.4173 3.9936 -47.4536
v  141.6916 0.8894 -45.5344
v  145.2158 0.8894 -39.8536
v  145.0962 0.8894 -40.1343
v  144.5845 0.8894 -40.6184
v  143.8575 0.8894 -41.3983
v  143.1937 0.8894 -42.3182
v  142.6280 0.8894 -43.3482
v  142.1871 0.8894 -44.4005
v  141.8755 0.8894 -45.4163
v  141.8588 0.8894 -45.4991
v  146.4990 0.5290 -41.5104
v  147.0758 0.5290 -41.1096
v  145.9121 0.5290 -42.0088
v  145.3435 0.5290 -42.6189
v  144.8191 0.5290 -43.3455
v  144.3590 0.5290 -44.1833
v  143.9940 0.5290 -45.0544
v  143.7375 0.5290 -45.8906
v  143.5741 0.5290 -46.6919
v  143.4868 0.5290 -47.4491
v  143.4173 0.5290 -47.4536
v  147.1328 0.5290 -41.0527
v  146.0823 0.2778 -40.6708
v  146.1739 0.2778 -40.6541
v  145.9133 0.2778 -40.7489
v  145.2483 0.2778 -41.3136
v  144.6005 0.2778 -42.0086
v  144.0064 0.2778 -42.8319
v  143.4935 0.2778 -43.7658
v  143.0905 0.2778 -44.7275
v  142.8065 0.2778 -45.6535
v  142.6255 0.2778 -46.5408
v  142.6252 0.2778 -46.5434
v  141.9636 0.2778 -46.4939
v  145.9133 3.9316 -40.7489
v  146.1739 3.9316 -40.6541
v  145.2483 3.9316 -41.3136
v  144.6005 3.9316 -42.0086
v  144.0064 3.9316 -42.8319
v  143.4935 3.9316 -43.7658
v  143.0905 3.9316 -44.7275
v  142.8065 3.9316 -45.6535
v  142.6255 3.9316 -46.5408
v  142.6252 3.9316 -46.5434
v  141.9636 3.9316 -46.4939
v  145.2158 3.6803 -39.8536
v  145.0962 3.6803 -40.1343
v  144.5845 3.6803 -40.6184
v  143.8575 3.6803 -41.3983
v  143.1937 3.6803 -42.3182
v  142.6280 3.6803 -43.3482
v  142.1871 3.6803 -44.4005
v  141.8755 3.6803 -45.4163
v  141.8588 3.6803 -45.4991
v  141.6916 3.6803 -45.5344
v  129.0628 3.3565 -24.2907
v  134.5150 3.3565 -20.2648
v  134.5793 3.3565 -20.5012
v  134.6516 3.3565 -20.7309
v  134.7401 3.3565 -20.9471
v  134.8528 3.3565 -21.1432
v  134.9977 3.3565 -21.3125
v  135.1830 3.3565 -21.4482
v  135.4167 3.3565 -21.5436
v  135.6548 3.3565 -21.6053
v  135.8524 3.3565 -21.6465
v  136.0162 3.3565 -21.6707
v  136.1530 3.3565 -21.6813
v  136.2696 3.3565 -21.6897
v  136.3726 3.3565 -21.6926
v  136.4585 3.3565 -21.6933
v  136.4585 3.3565 -23.5380
v  136.0958 3.3565 -23.5841
v  135.6767 3.3565 -23.6451
v  135.2591 3.3565 -23.7212
v  134.8437 3.3565 -23.8199
v  134.4314 3.3565 -23.9489
v  134.0227 3.3565 -24.1157
v  133.6185 3.3565 -24.3279
v  133.2498 3.3565 -24.5549
v  132.9419 3.3565 -24.7612
v  132.6871 3.3565 -24.9468
v  132.4780 3.3565 -25.1115
v  132.3068 3.3565 -25.2553
v  132.1658 3.3565 -25.3782
v  132.0475 3.3565 -25.4800
v  131.9354 3.3565 -25.5775
v  131.8187 3.3565 -25.6862
v  131.6981 3.3565 -25.8042
v  131.5746 3.3565 -25.9296
v  131.4487 3.3565 -26.0607
v  131.3212 3.3565 -26.1954
v  131.1931 3.3565 -26.3321
v  130.9923 3.3565 -26.2585
v  130.7923 3.3565 -26.1820
v  130.5938 3.3565 -26.0995
v  130.3976 3.3565 -26.0081
v  130.2043 3.3565 -25.9048
v  130.0148 3.3565 -25.7865
v  129.8297 3.3565 -25.6504
v  129.6620 3.3565 -25.4945
v  129.5212 3.3565 -25.3209
v  129.4027 3.3565 -25.1325
v  129.3020 3.3565 -24.9324
v  129.2148 3.3565 -24.7234
v  129.1366 3.3565 -24.5085
v  129.0628 0.6867 -24.2907
v  134.5150 0.6867 -20.2648
v  134.5793 0.6867 -20.5012
v  134.6516 0.6867 -20.7309
v  134.7401 0.6867 -20.9471
v  134.8528 0.6867 -21.1432
v  134.9977 0.6867 -21.3125
v  135.1830 0.6867 -21.4482
v  135.4167 0.6867 -21.5436
v  135.6548 0.6867 -21.6053
v  135.8524 0.6867 -21.6465
v  136.0162 0.6867 -21.6707
v  136.1530 0.6867 -21.6813
v  136.2696 0.6867 -21.6897
v  136.3726 0.6867 -21.6926
v  136.4585 0.6867 -21.6933
v  136.0958 0.6867 -23.5841
v  135.6767 0.6867 -23.6451
v  135.2591 0.6867 -23.7212
v  134.8437 0.6867 -23.8199
v  134.4314 0.6867 -23.9489
v  134.0227 0.6867 -24.1157
v  133.6185 0.6867 -24.3279
v  133.2498 0.6867 -24.5549
v  132.9419 0.6867 -24.7612
v  132.6871 0.6867 -24.9468
v  132.4780 0.6867 -25.1115
v  132.3068 0.6867 -25.2553
v  132.1658 0.6867 -25.3782
v  132.0475 0.6867 -25.4800
v  131.9354 0.6867 -25.5775
v  131.8187 0.6867 -25.6862
v  131.6981 0.6867 -25.8042
v  131.5746 0.6867 -25.9296
v  131.4487 0.6867 -26.0607
v  131.3212 0.6867 -26.1954
v  131.1931 0.6867 -26.3321
v  130.9923 0.6867 -26.2585
v  130.7923 0.6867 -26.1820
v  130.5938 0.6867 -26.0995
v  130.3976 0.6867 -26.0081
v  130.2043 0.6867 -25.9048
v  130.0148 0.6867 -25.7865
v  129.8297 0.6867 -25.6504
v  129.6620 0.6867 -25.4945
v  129.5212 0.6867 -25.3209
v  129.4027 0.6867 -25.1325
v  129.3020 0.6867 -24.9324
v  129.2148 0.6867 -24.7234
v  129.1366 0.6867 -24.5085
v  136.4585 0.6867 -23.5380
v  143.8541 3.3565 -24.2907
v  143.7803 3.3565 -24.5085
v  143.7021 3.3565 -24.7234
v  143.6149 3.3565 -24.9324
v  143.5143 3.3565 -25.1325
v  143.3958 3.3565 -25.3209
v  143.2549 3.3565 -25.4945
v  143.0872 3.3565 -25.6504
v  142.9021 3.3565 -25.7865
v  142.7126 3.3565 -25.9048
v  142.5193 3.3565 -26.0081
v  142.3231 3.3565 -26.0995
v  142.1246 3.3565 -26.1820
v  141.9246 3.3565 -26.2585
v  141.7239 3.3565 -26.3321
v  141.5957 3.3565 -26.1954
v  141.4683 3.3565 -26.0607
v  141.3424 3.3565 -25.9296
v  141.2188 3.3565 -25.8042
v  141.0983 3.3565 -25.6862
v  140.9815 3.3565 -25.5775
v  140.8694 3.3565 -25.4800
v  140.7511 3.3565 -25.3782
v  140.6102 3.3565 -25.2553
v  140.4389 3.3565 -25.1115
v  140.2298 3.3565 -24.9468
v  139.9751 3.3565 -24.7612
v  139.6671 3.3565 -24.5549
v  139.2984 3.3565 -24.3279
v  138.8942 3.3565 -24.1157
v  138.4856 3.3565 -23.9489
v  138.0732 3.3565 -23.8199
v  137.6578 3.3565 -23.7212
v  137.2402 3.3565 -23.6451
v  136.8211 3.3565 -23.5841
v  136.5443 3.3565 -21.6926
v  136.6473 3.3565 -21.6897
v  136.7639 3.3565 -21.6813
v  136.9007 3.3565 -21.6707
v  137.0645 3.3565 -21.6465
v  137.2621 3.3565 -21.6053
v  137.5002 3.3565 -21.5436
v  137.7339 3.3565 -21.4482
v  137.9192 3.3565 -21.3125
v  138.0642 3.3565 -21.1432
v  138.1768 3.3565 -20.9471
v  138.2653 3.3565 -20.7309
v  138.3376 3.3565 -20.5012
v  138.4019 3.3565 -20.2648
v  143.8541 0.6867 -24.2907
v  138.4019 0.6867 -20.2648
v  138.3376 0.6867 -20.5012
v  138.2653 0.6867 -20.7309
v  138.1768 0.6867 -20.9471
v  138.0642 0.6867 -21.1432
v  137.9192 0.6867 -21.3125
v  137.7339 0.6867 -21.4482
v  137.5002 0.6867 -21.5436
v  137.2621 0.6867 -21.6053
v  137.0645 0.6867 -21.6465
v  136.9007 0.6867 -21.6707
v  136.7639 0.6867 -21.6813
v  136.6473 0.6867 -21.6897
v  136.5443 0.6867 -21.6926
v  136.8211 0.6867 -23.5841
v  137.2402 0.6867 -23.6451
v  137.6578 0.6867 -23.7212
v  138.0732 0.6867 -23.8199
v  138.4856 0.6867 -23.9489
v  138.8942 0.6867 -24.1157
v  139.2984 0.6867 -24.3279
v  139.6671 0.6867 -24.5549
v  139.9751 0.6867 -24.7612
v  140.2298 0.6867 -24.9468
v  140.4389 0.6867 -25.1115
v  140.6102 0.6867 -25.2553
v  140.7511 0.6867 -25.3782
v  140.8694 0.6867 -25.4800
v  140.9815 0.6867 -25.5775
v  141.0983 0.6867 -25.6862
v  141.2188 0.6867 -25.8042
v  141.3424 0.6867 -25.9296
v  141.4683 0.6867 -26.0607
v  141.5957 0.6867 -26.1954
v  141.7239 0.6867 -26.3321
v  141.9246 0.6867 -26.2585
v  142.1246 0.6867 -26.1820
v  142.3231 0.6867 -26.0995
v  142.5193 0.6867 -26.0081
v  142.7126 0.6867 -25.9048
v  142.9021 0.6867 -25.7865
v  143.0872 0.6867 -25.6504
v  143.2549 0.6867 -25.4945
v  143.3958 0.6867 -25.3209
v  143.5143 0.6867 -25.1325
v  143.6149 0.6867 -24.9324
v  143.7021 0.6867 -24.7234
v  143.7803 0.6867 -24.5085
v  136.1130 3.4351 -24.2484
v  136.4878 3.4351 -24.1718
v  136.4878 3.4351 -37.9611
v  136.3860 3.4351 -37.9619
v  136.1869 3.4351 -37.9730
v  135.9619 3.4351 -38.0030
v  135.6980 3.4351 -38.0615
v  135.3822 3.4351 -38.1580
v  135.0015 3.4351 -38.3018
v  134.5431 3.4351 -38.5026
v  134.0801 3.4351 -38.7385
v  133.6867 3.4351 -38.9808
v  133.3514 3.4351 -39.2283
v  133.0624 3.4351 -39.4800
v  132.8083 3.4351 -39.7349
v  132.5774 3.4351 -39.9919
v  132.3580 3.4351 -40.2499
v  130.9260 3.4351 -39.4064
v  130.9814 3.4351 -39.0791
v  131.0332 3.4351 -38.7487
v  131.0777 3.4351 -38.4121
v  131.1112 3.4351 -38.0661
v  131.1301 3.4351 -37.7077
v  131.1307 3.4351 -37.3337
v  131.1095 3.4351 -36.9410
v  131.0670 3.4351 -36.5486
v  131.0082 3.4351 -36.1752
v  130.9359 3.4351 -35.8178
v  130.8528 3.4351 -35.4730
v  130.7616 3.4351 -35.1378
v  130.6649 3.4351 -34.8090
v  130.5655 3.4351 -34.4833
v  130.7580 3.4351 -33.9271
v  130.9446 3.4351 -33.3663
v  131.1193 3.4351 -32.7962
v  131.2763 3.4351 -32.2123
v  131.4095 3.4351 -31.6099
v  131.5130 3.4351 -30.9843
v  131.5809 3.4351 -30.3311
v  131.6200 3.4351 -29.6911
v  131.6427 3.4351 -29.1026
v  131.6519 3.4351 -28.5571
v  131.6501 3.4351 -28.0460
v  131.6402 3.4351 -27.5606
v  131.6249 3.4351 -27.0925
v  131.6068 3.4351 -26.6329
v  131.9276 3.4351 -26.3427
v  132.2480 3.4351 -26.0581
v  132.5679 3.4351 -25.7847
v  132.8869 3.4351 -25.5284
v  133.2049 3.4351 -25.2946
v  133.5215 3.4351 -25.0890
v  133.8365 3.4351 -24.9174
v  134.1651 3.4351 -24.7737
v  134.5198 3.4351 -24.6466
v  134.8963 3.4351 -24.5333
v  135.2903 3.4351 -24.4310
v  135.6973 3.4351 -24.3369
v  136.1130 0.6785 -24.2484
v  136.4878 0.6785 -24.1718
v  136.3860 0.6785 -37.9619
v  136.1869 0.6785 -37.9730
v  135.9619 0.6785 -38.0030
v  135.6980 0.6785 -38.0615
v  135.3822 0.6785 -38.1580
v  135.0015 0.6785 -38.3018
v  134.5431 0.6785 -38.5026
v  134.0801 0.6785 -38.7385
v  133.6867 0.6785 -38.9808
v  133.3514 0.6785 -39.2283
v  133.0624 0.6785 -39.4800
v  132.8083 0.6785 -39.7349
v  132.5774 0.6785 -39.9919
v  132.3580 0.6785 -40.2499
v  130.9260 0.6785 -39.4064
v  130.9814 0.6785 -39.0791
v  131.0332 0.6785 -38.7487
v  131.0777 0.6785 -38.4121
v  131.1112 0.6785 -38.0661
v  131.1301 0.6785 -37.7077
v  131.1307 0.6785 -37.3337
v  131.1095 0.6785 -36.9410
v  131.0670 0.6785 -36.5486
v  131.0082 0.6785 -36.1752
v  130.9359 0.6785 -35.8178
v  130.8528 0.6785 -35.4730
v  130.7616 0.6785 -35.1378
v  130.6649 0.6785 -34.8090
v  130.5655 0.6785 -34.4833
v  130.7580 0.6785 -33.9271
v  130.9446 0.6785 -33.3663
v  131.1193 0.6785 -32.7962
v  131.2763 0.6785 -32.2123
v  131.4095 0.6785 -31.6099
v  131.5130 0.6785 -30.9843
v  131.5809 0.6785 -30.3311
v  131.6200 0.6785 -29.6911
v  131.6427 0.6785 -29.1026
v  131.6519 0.6785 -28.5571
v  131.6501 0.6785 -28.0460
v  131.6402 0.6785 -27.5606
v  131.6249 0.6785 -27.0925
v  131.6068 0.6785 -26.6329
v  131.9276 0.6785 -26.3427
v  132.2480 0.6785 -26.0581
v  132.5679 0.6785 -25.7847
v  132.8869 0.6785 -25.5284
v  133.2049 0.6785 -25.2946
v  133.5215 0.6785 -25.0890
v  133.8365 0.6785 -24.9174
v  134.1651 0.6785 -24.7737
v  134.5198 0.6785 -24.6466
v  134.8963 0.6785 -24.5333
v  135.2903 0.6785 -24.4310
v  135.6973 0.6785 -24.3369
v  136.4878 0.6785 -37.9611
v  136.8626 3.4351 -24.2484
v  137.2783 3.4351 -24.3369
v  137.6853 3.4351 -24.4310
v  138.0792 3.4351 -24.5333
v  138.4557 3.4351 -24.6466
v  138.8104 3.4351 -24.7737
v  139.1390 3.4351 -24.9174
v  139.4540 3.4351 -25.0890
v  139.7706 3.4351 -25.2946
v  140.0886 3.4351 -25.5284
v  140.4077 3.4351 -25.7847
v  140.7276 3.4351 -26.0581
v  141.0480 3.4351 -26.3427
v  141.3687 3.4351 -26.6329
v  141.3506 3.4351 -27.0925
v  141.3353 3.4351 -27.5606
v  141.3254 3.4351 -28.0460
v  141.3237 3.4351 -28.5571
v  141.3328 3.4351 -29.1026
v  141.3556 3.4351 -29.6911
v  141.3946 3.4351 -30.3311
v  141.4626 3.4351 -30.9843
v  141.5661 3.4351 -31.6099
v  141.6993 3.4351 -32.2123
v  141.8562 3.4351 -32.7962
v  142.0309 3.4351 -33.3663
v  142.2175 3.4351 -33.9271
v  142.4100 3.4351 -34.4833
v  142.3107 3.4351 -34.8090
v  142.2140 3.4351 -35.1378
v  142.1227 3.4351 -35.4730
v  142.0396 3.4351 -35.8178
v  141.9673 3.4351 -36.1752
v  141.9086 3.4351 -36.5486
v  141.8661 3.4351 -36.9410
v  141.8448 3.4351 -37.3337
v  141.8455 3.4351 -37.7077
v  141.8643 3.4351 -38.0661
v  141.8979 3.4351 -38.4121
v  141.9423 3.4351 -38.7487
v  141.9941 3.4351 -39.0791
v  142.0495 3.4351 -39.4064
v  140.6175 3.4351 -40.2499
v  140.3982 3.4351 -39.9919
v  140.1672 3.4351 -39.7349
v  139.9131 3.4351 -39.4800
v  139.6242 3.4351 -39.2283
v  139.2888 3.4351 -38.9808
v  138.8954 3.4351 -38.7385
v  138.4324 3.4351 -38.5026
v  137.9740 3.4351 -38.3018
v  137.5934 3.4351 -38.1580
v  137.2776 3.4351 -38.0615
v  137.0137 3.4351 -38.0030
v  136.7887 3.4351 -37.9730
v  136.5896 3.4351 -37.9619
v  136.8626 0.6785 -24.2484
v  136.5896 0.6785 -37.9619
v  136.7887 0.6785 -37.9730
v  137.0137 0.6785 -38.0030
v  137.2776 0.6785 -38.0615
v  137.5934 0.6785 -38.1580
v  137.9740 0.6785 -38.3018
v  138.4324 0.6785 -38.5026
v  138.8954 0.6785 -38.7385
v  139.2888 0.6785 -38.9808
v  139.6242 0.6785 -39.2283
v  139.9131 0.6785 -39.4800
v  140.1672 0.6785 -39.7349
v  140.3982 0.6785 -39.9919
v  140.6175 0.6785 -40.2499
v  142.0495 0.6785 -39.4064
v  141.9941 0.6785 -39.0791
v  141.9423 0.6785 -38.7487
v  141.8979 0.6785 -38.4121
v  141.8643 0.6785 -38.0661
v  141.8455 0.6785 -37.7077
v  141.8448 0.6785 -37.3337
v  141.8661 0.6785 -36.9410
v  141.9086 0.6785 -36.5486
v  141.9673 0.6785 -36.1752
v  142.0396 0.6785 -35.8178
v  142.1227 0.6785 -35.4730
v  142.2140 0.6785 -35.1378
v  142.3107 0.6785 -34.8090
v  142.4100 0.6785 -34.4833
v  142.2175 0.6785 -33.9271
v  142.0309 0.6785 -33.3663
v  141.8562 0.6785 -32.7962
v  141.6993 0.6785 -32.2123
v  141.5661 0.6785 -31.6099
v  141.4626 0.6785 -30.9843
v  141.3946 0.6785 -30.3311
v  141.3556 0.6785 -29.6911
v  141.3328 0.6785 -29.1026
v  141.3237 0.6785 -28.5571
v  141.3254 0.6785 -28.0460
v  141.3353 0.6785 -27.5606
v  141.3506 0.6785 -27.0925
v  141.3687 0.6785 -26.6329
v  141.0480 0.6785 -26.3427
v  140.7276 0.6785 -26.0581
v  140.4077 0.6785 -25.7847
v  140.0886 0.6785 -25.5284
v  139.7706 0.6785 -25.2946
v  139.4540 0.6785 -25.0890
v  139.1390 0.6785 -24.9174
v  138.8104 0.6785 -24.7737
v  138.4557 0.6785 -24.6466
v  138.0792 0.6785 -24.5333
v  137.6853 0.6785 -24.4310
v  137.2783 0.6785 -24.3369
v  136.5553 2.1371 -58.0603
v  136.5553 2.9117 -57.8721
v  137.8808 2.9117 -57.6976
v  137.9296 2.1371 -57.8794
v  136.5553 3.4788 -57.3580
v  137.7478 3.4788 -57.2010
v  136.5553 3.6863 -56.6558
v  137.5660 3.6863 -56.5227
v  136.5553 3.4788 -55.9535
v  137.3843 3.4788 -55.8444
v  136.5553 2.9117 -55.4394
v  137.2512 2.9117 -55.3478
v  136.5553 2.1371 -55.2513
v  137.2025 2.1371 -55.1661
v  136.5553 1.3625 -55.4394
v  137.2512 1.3625 -55.3478
v  136.5553 0.7955 -55.9535
v  137.3843 0.7955 -55.8444
v  136.5553 0.5879 -56.6558
v  137.5660 0.5879 -56.5227
v  136.5553 0.7955 -57.3580
v  137.7478 0.7955 -57.2010
v  136.5553 1.3625 -57.8721
v  137.8808 1.3625 -57.6976
v  139.1161 2.9117 -57.1860
v  139.2101 2.1371 -57.3489
v  138.8590 3.4788 -56.7408
v  138.5079 3.6863 -56.1326
v  138.1568 3.4788 -55.5244
v  137.8997 2.9117 -55.0792
v  137.8056 2.1371 -54.9162
v  137.8997 1.3625 -55.0792
v  138.1568 0.7955 -55.5244
v  138.5079 0.5879 -56.1326
v  138.8590 0.7955 -56.7408
v  139.1161 1.3625 -57.1860
v  140.1768 2.9117 -56.3721
v  140.3098 2.1371 -56.5051
v  139.8132 3.4788 -56.0085
v  139.3167 3.6863 -55.5120
v  138.8201 3.4788 -55.0154
v  138.4566 2.9117 -54.6519
v  138.3235 2.1371 -54.5188
v  138.4566 1.3625 -54.6519
v  138.8201 0.7955 -55.0154
v  139.3167 0.5879 -55.5120
v  139.8132 0.7955 -56.0085
v  140.1768 1.3625 -56.3721
v  140.9907 2.9117 -55.3114
v  141.1536 2.1371 -55.4054
v  140.5455 3.4788 -55.0543
v  139.9373 3.6863 -54.7032
v  139.3291 3.4788 -54.3520
v  138.8839 2.9117 -54.0950
v  138.7209 2.1371 -54.0009
v  138.8839 1.3625 -54.0950
v  139.3291 0.7955 -54.3520
v  139.9373 0.5879 -54.7032
v  140.5455 0.7955 -55.0543
v  140.9907 1.3625 -55.3114
v  141.5023 2.9117 -54.0761
v  141.6841 2.1371 -54.1248
v  141.0058 3.4788 -53.9431
v  140.3274 3.6863 -53.7613
v  139.6491 3.4788 -53.5796
v  139.1525 2.9117 -53.4465
v  138.9708 2.1371 -53.3978
v  139.1525 1.3625 -53.4465
v  139.6491 0.7955 -53.5796
v  140.3274 0.5879 -53.7613
v  141.0057 0.7955 -53.9431
v  141.5023 1.3625 -54.0761
v  141.6768 2.9117 -52.7506
v  141.8650 2.1371 -52.7506
v  141.1628 3.4788 -52.7506
v  140.4605 3.6863 -52.7506
v  139.7582 3.4788 -52.7506
v  139.2441 2.9117 -52.7506
v  139.0560 2.1371 -52.7506
v  139.2441 1.3625 -52.7506
v  139.7582 0.7955 -52.7506
v  140.4605 0.5879 -52.7506
v  141.1628 0.7955 -52.7506
v  141.6768 1.3625 -52.7506
v  141.5023 2.9117 -51.4250
v  141.6841 2.1371 -51.3763
v  141.0058 3.4788 -51.5581
v  140.3274 3.6863 -51.7398
v  139.6491 3.4788 -51.9216
v  139.1525 2.9117 -52.0547
v  138.9708 2.1371 -52.1034
v  139.1525 1.3625 -52.0547
v  139.6491 0.7955 -51.9216
v  140.3274 0.5879 -51.7398
v  141.0057 0.7955 -51.5581
v  141.5023 1.3625 -51.4250
v  140.9907 2.9117 -50.1898
v  141.1536 2.1371 -50.0957
v  140.5455 3.4788 -50.4469
v  139.9373 3.6863 -50.7980
v  139.3291 3.4788 -51.1491
v  138.8839 2.9117 -51.4062
v  138.7209 2.1371 -51.5002
v  138.8839 1.3625 -51.4062
v  139.3291 0.7955 -51.1491
v  139.9373 0.5879 -50.7980
v  140.5455 0.7955 -50.4469
v  140.9907 1.3625 -50.1898
v  140.1768 2.9117 -49.1291
v  140.3098 2.1371 -48.9961
v  139.8132 3.4788 -49.4926
v  139.3167 3.6863 -49.9892
v  138.8201 3.4788 -50.4858
v  138.4566 2.9117 -50.8493
v  138.3235 2.1371 -50.9823
v  138.4566 1.3625 -50.8493
v  138.8201 0.7955 -50.4858
v  139.3167 0.5879 -49.9892
v  139.8132 0.7955 -49.4926
v  140.1768 1.3625 -49.1291
v  139.1161 2.9117 -48.3152
v  139.2101 2.1371 -48.1522
v  138.8590 3.4788 -48.7604
v  138.5079 3.6863 -49.3686
v  138.1568 3.4788 -49.9768
v  137.8997 2.9117 -50.4220
v  137.8056 2.1371 -50.5849
v  137.8997 1.3625 -50.4220
v  138.1568 0.7955 -49.9768
v  138.5079 0.5879 -49.3686
v  138.8590 0.7955 -48.7604
v  139.1161 1.3625 -48.3152
v  137.8808 2.9117 -47.8036
v  137.9296 2.1371 -47.6218
v  137.7478 3.4788 -48.3001
v  137.5660 3.6863 -48.9785
v  137.3843 3.4788 -49.6568
v  137.2512 2.9117 -50.1534
v  137.2025 2.1371 -50.3351
v  137.2512 1.3625 -50.1534
v  137.3843 0.7955 -49.6568
v  137.5660 0.5879 -48.9785
v  137.7478 0.7955 -48.3001
v  137.8808 1.3625 -47.8036
v  136.5553 2.9117 -47.6290
v  136.5553 2.1371 -47.4409
v  136.5553 3.4788 -48.1431
v  136.5553 3.6863 -48.8454
v  136.5553 3.4788 -49.5476
v  136.5553 2.9117 -50.0617
v  136.5553 2.1371 -50.2499
v  136.5553 1.3625 -50.0617
v  136.5553 0.7955 -49.5476
v  136.5553 0.5879 -48.8454
v  136.5553 0.7955 -48.1431
v  136.5553 1.3625 -47.6290
v  135.2297 2.9117 -47.8036
v  135.1810 2.1371 -47.6218
v  135.3628 3.4788 -48.3001
v  135.5446 3.6863 -48.9785
v  135.7263 3.4788 -49.6568
v  135.8594 2.9117 -50.1534
v  135.9081 2.1371 -50.3351
v  135.8594 1.3625 -50.1534
v  135.7263 0.7955 -49.6568
v  135.5446 0.5879 -48.9785
v  135.3628 0.7955 -48.3001
v  135.2297 1.3625 -47.8036
v  133.9945 2.9117 -48.3152
v  133.9004 2.1371 -48.1522
v  134.2516 3.4788 -48.7604
v  134.6027 3.6863 -49.3686
v  134.9538 3.4788 -49.9768
v  135.2109 2.9117 -50.4220
v  135.3050 2.1371 -50.5849
v  135.2109 1.3625 -50.4220
v  134.9538 0.7955 -49.9768
v  134.6027 0.5879 -49.3686
v  134.2516 0.7955 -48.7604
v  133.9945 1.3625 -48.3152
v  132.9338 2.9117 -49.1291
v  132.8008 2.1371 -48.9961
v  133.2973 3.4788 -49.4926
v  133.7939 3.6863 -49.9892
v  134.2905 3.4788 -50.4858
v  134.6540 2.9117 -50.8493
v  134.7870 2.1371 -50.9823
v  134.6540 1.3625 -50.8493
v  134.2905 0.7955 -50.4858
v  133.7939 0.5879 -49.9892
v  133.2973 0.7955 -49.4926
v  132.9338 1.3625 -49.1291
v  132.1199 2.9117 -50.1898
v  131.9569 2.1371 -50.0957
v  132.5651 3.4788 -50.4469
v  133.1733 3.6863 -50.7980
v  133.7815 3.4788 -51.1491
v  134.2267 2.9117 -51.4062
v  134.3896 2.1371 -51.5002
v  134.2267 1.3625 -51.4062
v  133.7815 0.7955 -51.1491
v  133.1733 0.5879 -50.7980
v  132.5651 0.7955 -50.4469
v  132.1199 1.3625 -50.1898
v  131.6083 2.9117 -51.4250
v  131.4265 2.1371 -51.3763
v  132.1048 3.4788 -51.5581
v  132.7832 3.6863 -51.7398
v  133.4615 3.4788 -51.9216
v  133.9581 2.9117 -52.0547
v  134.1398 2.1371 -52.1034
v  133.9581 1.3625 -52.0547
v  133.4615 0.7955 -51.9216
v  132.7832 0.5879 -51.7398
v  132.1048 0.7955 -51.5581
v  131.6083 1.3625 -51.4250
v  131.4337 2.9117 -52.7506
v  131.2456 2.1371 -52.7506
v  131.9478 3.4788 -52.7506
v  132.6501 3.6863 -52.7506
v  133.3524 3.4788 -52.7506
v  133.8665 2.9117 -52.7506
v  134.0546 2.1371 -52.7506
v  133.8665 1.3625 -52.7506
v  133.3524 0.7955 -52.7506
v  132.6501 0.5879 -52.7506
v  131.9478 0.7955 -52.7506
v  131.4337 1.3625 -52.7506
v  131.6083 2.9117 -54.0761
v  131.4265 2.1371 -54.1248
v  132.1048 3.4788 -53.9431
v  132.7832 3.6863 -53.7613
v  133.4615 3.4788 -53.5796
v  133.9581 2.9117 -53.4465
v  134.1398 2.1371 -53.3978
v  133.9581 1.3625 -53.4465
v  133.4615 0.7955 -53.5796
v  132.7832 0.5879 -53.7613
v  132.1048 0.7955 -53.9431
v  131.6083 1.3625 -54.0761
v  132.1199 2.9117 -55.3114
v  131.9570 2.1371 -55.4054
v  132.5651 3.4788 -55.0543
v  133.1733 3.6863 -54.7032
v  133.7815 3.4788 -54.3520
v  134.2267 2.9117 -54.0950
v  134.3896 2.1371 -54.0009
v  134.2267 1.3625 -54.0950
v  133.7815 0.7955 -54.3520
v  133.1733 0.5879 -54.7032
v  132.5651 0.7955 -55.0543
v  132.1199 1.3625 -55.3114
v  132.9338 2.9117 -56.3721
v  132.8008 2.1371 -56.5051
v  133.2973 3.4788 -56.0085
v  133.7939 3.6863 -55.5120
v  134.2905 3.4788 -55.0154
v  134.6540 2.9117 -54.6519
v  134.7870 2.1371 -54.5188
v  134.6540 1.3625 -54.6519
v  134.2905 0.7955 -55.0154
v  133.7939 0.5879 -55.5120
v  133.2973 0.7955 -56.0085
v  132.9338 1.3625 -56.3721
v  133.9945 2.9117 -57.1860
v  133.9004 2.1371 -57.3489
v  134.2516 3.4788 -56.7408
v  134.6027 3.6863 -56.1326
v  134.9538 3.4788 -55.5244
v  135.2109 2.9117 -55.0792
v  135.3050 2.1371 -54.9162
v  135.2109 1.3625 -55.0792
v  134.9538 0.7955 -55.5244
v  134.6027 0.5879 -56.1326
v  134.2516 0.7955 -56.7408
v  133.9945 1.3625 -57.1860
v  135.2297 2.9117 -57.6976
v  135.1810 2.1371 -57.8794
v  135.3628 3.4788 -57.2010
v  135.5446 3.6863 -56.5227
v  135.7263 3.4788 -55.8444
v  135.8594 2.9117 -55.3478
v  135.9081 2.1371 -55.1661
v  135.8594 1.3625 -55.3478
v  135.7263 0.7955 -55.8444
v  135.5446 0.5879 -56.5227
v  135.3628 0.7955 -57.2010
v  135.2297 1.3625 -57.6976
v  136.3769 1.0337 36.7278
v  136.3769 1.0337 34.6049
v  143.0975 1.0337 34.6049
v  143.0975 1.0337 36.7278
v  143.9941 1.0337 34.6049
v  143.9941 1.0337 36.7278
v  136.3769 1.0337 32.4820
v  143.0975 1.0337 32.4820
v  143.9941 1.0337 32.4820
v  136.3769 1.0337 30.3591
v  143.0975 1.0337 30.3591
v  143.9941 1.0337 30.3591
v  136.3769 1.0337 28.2361
v  143.0975 1.0337 28.2361
v  143.9941 1.0337 28.2361
v  136.3769 1.0337 26.1132
v  143.0975 1.0337 26.1132
v  143.9941 1.0337 26.1132
v  136.3769 1.0337 23.9903
v  143.0975 1.0337 23.9903
v  143.9941 1.0337 23.9903
v  136.3769 2.5755 36.7278
v  143.0975 2.5755 36.7278
v  143.0975 2.5755 34.6049
v  136.3769 2.5755 34.6049
v  143.9941 2.5755 36.7278
v  143.9941 2.5755 34.6049
v  143.0975 2.5755 32.4820
v  136.3769 2.5755 32.4820
v  143.9941 2.5755 32.4820
v  143.0975 2.5755 30.3591
v  136.3769 2.5755 30.3591
v  143.9941 2.5755 30.3591
v  143.0975 2.5755 28.2361
v  136.3769 2.5755 28.2361
v  143.9941 2.5755 28.2361
v  143.0975 2.5755 26.1132
v  136.3769 2.5755 26.1132
v  143.9941 2.5755 26.1132
v  143.0975 2.5755 23.9903
v  136.3769 2.5755 23.9903
v  143.9941 2.5755 23.9903
v  136.3769 1.0337 39.8735
v  143.0975 1.0337 39.8735
v  143.0975 2.5755 39.8735
v  136.3769 2.5755 39.8735
v  143.9941 1.0337 39.8735
v  143.9941 2.5755 39.8735
v  146.8797 1.0337 36.7278
v  146.8797 1.0337 34.6049
v  146.8797 2.5755 34.6049
v  146.8797 2.5755 36.7278
v  152.6511 1.0337 34.6049
v  152.6511 1.0337 32.4820
v  152.6511 2.5755 32.4820
v  152.6511 2.5755 34.6049
v  152.6511 1.0337 30.3591
v  152.6511 1.0337 28.2361
v  152.6511 2.5755 28.2361
v  152.6511 2.5755 30.3591
v  146.1583 1.0337 28.2361
v  146.1583 1.0337 26.1132
v  146.1583 2.5755 26.1132
v  146.1583 2.5755 28.2361
v  152.4106 1.0337 26.1132
v  152.4106 1.0337 23.9903
v  152.4106 2.5755 23.9903
v  152.4106 2.5755 26.1132
v  143.9941 1.0337 22.9313
v  143.0975 1.0337 22.9313
v  143.0975 2.5755 22.9313
v  143.9941 2.5755 22.9313
v  136.3769 1.0337 22.9313
v  136.3769 2.5755 22.9313
v  152.4106 2.5755 22.9313
v  152.4106 1.0337 22.9313
v  146.1583 1.0337 30.3591
v  146.1583 2.5755 30.3591
v  143.0975 1.0337 38.6516
v  136.3769 1.0337 38.6516
v  143.9941 1.0337 38.6516
v  152.6511 1.0337 36.7278
v  152.6511 2.5755 36.7278
v  152.6511 2.5755 38.6516
v  152.6511 1.0337 38.6516
v  143.0975 2.5755 38.6516
v  143.9941 2.5755 38.6516
v  136.3769 2.5755 38.6516
v  146.8797 2.5755 38.6516
v  146.8797 1.0337 39.8735
v  146.8797 2.5755 39.8735
v  146.8797 1.0337 38.6516
v  152.6511 1.0337 39.8735
v  152.6511 2.5755 39.8735
v  136.3769 0.6017 38.6516
v  143.0975 0.6017 38.6516
v  143.0975 0.6017 39.8735
v  136.3769 0.6017 39.8735
v  143.9941 0.6017 38.6516
v  143.9941 0.6017 39.8735
v  146.8797 0.6017 38.6516
v  146.8797 0.6017 39.8735
v  152.6511 0.6017 38.6516
v  152.6511 0.6017 39.8735
v  152.6511 2.9176 38.6516
v  146.8797 2.9176 38.6516
v  146.8797 2.9176 39.8735
v  152.6511 2.9176 39.8735
v  143.9941 2.9176 38.6516
v  143.9941 2.9176 39.8735
v  143.0975 2.9176 38.6516
v  143.0975 2.9176 39.8735
v  136.3769 2.9176 38.6516
v  136.3769 2.9176 39.8735
v  143.0975 0.7165 23.9903
v  136.3769 0.7165 23.9903
v  136.3769 0.7165 22.9313
v  143.0975 0.7165 22.9313
v  136.3769 2.8937 23.9903
v  143.0975 2.8937 23.9903
v  143.0975 2.8937 22.9313
v  136.3769 2.8937 22.9313
v  143.9941 2.8937 23.9903
v  143.9941 2.8937 22.9313
v  152.4106 2.8937 23.9903
v  152.4106 2.8937 22.9313
v  152.4106 0.7165 23.9903
v  143.9941 0.7165 23.9903
v  143.9941 0.7165 22.9313
v  152.4106 0.7165 22.9313
v  136.2336 -0.1151 -29.9081
v  136.2335 -0.1151 -29.9061
v  136.2336 -0.1151 -29.9101
v  136.2335 -0.1151 -29.9121
v  136.2332 -0.1151 -29.9142
v  136.2328 -0.1151 -29.9164
v  136.2321 -0.1151 -29.9187
v  136.2311 -0.1151 -29.9211
v  136.2299 -0.1151 -29.9233
v  136.2285 -0.1151 -29.9251
v  136.2271 -0.1151 -29.9267
v  136.2256 -0.1151 -29.9279
v  136.2241 -0.1151 -29.9290
v  136.2225 -0.1151 -29.9300
v  136.2209 -0.1151 -29.9308
v  136.2649 -0.1151 -29.9061
v  136.2963 -0.1151 -29.9061
v  136.2963 -0.1151 -29.9081
v  136.2963 -0.1151 -29.9101
v  136.2964 -0.1151 -29.9121
v  136.2966 -0.1151 -29.9142
v  136.2970 -0.1151 -29.9164
v  136.2977 -0.1151 -29.9187
v  136.2988 -0.1151 -29.9211
v  136.3000 -0.1151 -29.9233
v  136.3013 -0.1151 -29.9251
v  136.3027 -0.1151 -29.9267
v  136.3042 -0.1151 -29.9279
v  136.3058 -0.1151 -29.9290
v  136.3074 -0.1151 -29.9300
v  136.3089 -0.1151 -29.9308
v  136.3090 -0.1151 -29.9729
v  136.2208 -0.1151 -29.9729
v  136.2335 -0.1151 -30.0398
v  136.2336 -0.1151 -30.0378
v  136.2336 -0.1151 -30.0358
v  136.2335 -0.1151 -30.0337
v  136.2332 -0.1151 -30.0317
v  136.2328 -0.1151 -30.0295
v  136.2321 -0.1151 -30.0272
v  136.2311 -0.1151 -30.0248
v  136.2299 -0.1151 -30.0226
v  136.2285 -0.1151 -30.0207
v  136.2271 -0.1151 -30.0192
v  136.2256 -0.1151 -30.0179
v  136.2241 -0.1151 -30.0169
v  136.2225 -0.1151 -30.0159
v  136.2209 -0.1151 -30.0150
v  136.2649 -0.1151 -30.0398
v  136.2963 -0.1151 -30.0378
v  136.2963 -0.1151 -30.0398
v  136.2963 -0.1151 -30.0358
v  136.2964 -0.1151 -30.0337
v  136.2966 -0.1151 -30.0317
v  136.2970 -0.1151 -30.0295
v  136.2977 -0.1151 -30.0272
v  136.2988 -0.1151 -30.0248
v  136.3000 -0.1151 -30.0226
v  136.3013 -0.1151 -30.0207
v  136.3027 -0.1151 -30.0192
v  136.3042 -0.1151 -30.0179
v  136.3058 -0.1151 -30.0169
v  136.3074 -0.1151 -30.0159
v  136.3089 -0.1151 -30.0150
# 1655 vertices

vn 0.9067 0.0000 -0.4218
vn 0.8585 0.3136 -0.4057
vn 0.9248 0.3210 -0.2041
vn 0.9775 -0.0000 -0.2110
vn 0.7422 0.5600 -0.3680
vn 0.7971 0.5741 -0.1869
vn 0.6059 0.7254 -0.3267
vn 0.6474 0.7437 -0.1667
vn 0.4768 0.8294 -0.2913
vn 0.5066 0.8493 -0.1484
vn 0.3620 0.8940 -0.2642
vn 0.3828 0.9141 -0.1341
vn 0.2603 0.9340 -0.2447
vn 0.2743 0.9537 -0.1237
vn 0.1684 0.9581 -0.2318
vn 0.1770 0.9773 -0.1167
vn 0.0827 0.9710 -0.2244
vn 0.0868 0.9898 -0.1127
vn -0.0000 0.9750 -0.2221
vn -0.0000 0.9938 -0.1114
vn -0.0827 0.9710 -0.2244
vn -0.0868 0.9898 -0.1127
vn -0.1684 0.9581 -0.2318
vn -0.1770 0.9773 -0.1167
vn -0.2603 0.9340 -0.2447
vn -0.2743 0.9537 -0.1237
vn -0.3620 0.8940 -0.2642
vn -0.3828 0.9141 -0.1341
vn -0.4768 0.8294 -0.2913
vn -0.5066 0.8493 -0.1484
vn -0.6059 0.7254 -0.3267
vn -0.6474 0.7437 -0.1667
vn -0.7422 0.5600 -0.3680
vn -0.7971 0.5741 -0.1869
vn -0.8585 0.3136 -0.4057
vn -0.9248 0.3210 -0.2041
vn -0.9067 -0.0000 -0.4218
vn -0.9775 0.0000 -0.2110
vn -0.8585 -0.3136 -0.4057
vn -0.9248 -0.3210 -0.2041
vn -0.7422 -0.5600 -0.3680
vn -0.7971 -0.5741 -0.1869
vn -0.6059 -0.7254 -0.3267
vn -0.6474 -0.7437 -0.1667
vn -0.4768 -0.8294 -0.2913
vn -0.5066 -0.8493 -0.1484
vn -0.3620 -0.8940 -0.2642
vn -0.3828 -0.9141 -0.1341
vn -0.2603 -0.9340 -0.2447
vn -0.2743 -0.9537 -0.1237
vn -0.1684 -0.9581 -0.2318
vn -0.1770 -0.9773 -0.1167
vn -0.0827 -0.9710 -0.2244
vn -0.0868 -0.9898 -0.1127
vn -0.0000 -0.9750 -0.2221
vn -0.0000 -0.9938 -0.1114
vn 0.0827 -0.9710 -0.2244
vn 0.0868 -0.9898 -0.1127
vn 0.1684 -0.9581 -0.2318
vn 0.1769 -0.9773 -0.1167
vn 0.2603 -0.9340 -0.2447
vn 0.2743 -0.9537 -0.1237
vn 0.3620 -0.8940 -0.2642
vn 0.3828 -0.9141 -0.1341
vn 0.4768 -0.8294 -0.2913
vn 0.5066 -0.8493 -0.1484
vn 0.6059 -0.7254 -0.3267
vn 0.6474 -0.7437 -0.1667
vn 0.7422 -0.5600 -0.3680
vn 0.7971 -0.5741 -0.1869
vn 0.8585 -0.3136 -0.4057
vn 0.9248 -0.3210 -0.2041
vn 0.9266 0.3218 0.1948
vn 0.9795 -0.0000 0.2015
vn 0.7983 0.5753 0.1781
vn 0.6481 0.7449 0.1585
vn 0.5070 0.8503 0.1411
vn 0.3830 0.9149 0.1274
vn 0.2743 0.9544 0.1174
vn 0.1770 0.9780 0.1107
vn 0.0868 0.9905 0.1069
vn -0.0000 0.9944 0.1057
vn -0.0868 0.9905 0.1069
vn -0.1770 0.9780 0.1107
vn -0.2743 0.9544 0.1174
vn -0.3830 0.9149 0.1274
vn -0.5070 0.8503 0.1411
vn -0.6481 0.7449 0.1585
vn -0.7983 0.5753 0.1781
vn -0.9266 0.3218 0.1948
vn -0.9795 0.0000 0.2015
vn -0.9266 -0.3218 0.1948
vn -0.7983 -0.5753 0.1781
vn -0.6481 -0.7449 0.1585
vn -0.5070 -0.8503 0.1411
vn -0.3830 -0.9149 0.1274
vn -0.2743 -0.9544 0.1174
vn -0.1770 -0.9780 0.1107
vn -0.0868 -0.9905 0.1069
vn -0.0000 -0.9944 0.1057
vn 0.0868 -0.9905 0.1069
vn 0.1770 -0.9780 0.1107
vn 0.2743 -0.9544 0.1174
vn 0.3830 -0.9149 0.1274
vn 0.5070 -0.8503 0.1411
vn 0.6481 -0.7449 0.1585
vn 0.7983 -0.5753 0.1781
vn 0.9266 -0.3218 0.1948
vn 0.8661 0.3158 0.3875
vn 0.9151 0.0000 0.4031
vn 0.7479 0.5634 0.3511
vn 0.6097 0.7289 0.3112
vn 0.4793 0.8327 0.2772
vn 0.3636 0.8970 0.2512
vn 0.2614 0.9368 0.2325
vn 0.1690 0.9607 0.2202
vn 0.0830 0.9735 0.2131
vn -0.0000 0.9775 0.2108
vn -0.0830 0.9735 0.2131
vn -0.1690 0.9607 0.2202
vn -0.2614 0.9368 0.2325
vn -0.3636 0.8970 0.2512
vn -0.4793 0.8327 0.2772
vn -0.6097 0.7289 0.3112
vn -0.7479 0.5634 0.3511
vn -0.8661 0.3158 0.3875
vn -0.9151 0.0000 0.4031
vn -0.8661 -0.3158 0.3875
vn -0.7479 -0.5634 0.3511
vn -0.6097 -0.7289 0.3112
vn -0.4793 -0.8327 0.2772
vn -0.3636 -0.8970 0.2512
vn -0.2614 -0.9368 0.2325
vn -0.1690 -0.9607 0.2202
vn -0.0830 -0.9735 0.2131
vn -0.0000 -0.9775 0.2108
vn 0.0830 -0.9735 0.2131
vn 0.1690 -0.9607 0.2202
vn 0.2614 -0.9368 0.2325
vn 0.3636 -0.8970 0.2512
vn 0.4793 -0.8327 0.2772
vn 0.6097 -0.7289 0.3112
vn 0.7479 -0.5634 0.3511
vn 0.8661 -0.3158 0.3875
vn 0.0000 0.0000 1.0000
vn 0.9844 0.1759 -0.0000
vn 0.8772 0.4801 -0.0000
vn 0.7241 0.6897 -0.0000
vn 0.5730 0.8195 -0.0000
vn 0.4397 0.8981 -0.0000
vn 0.3243 0.9460 -0.0000
vn 0.2226 0.9749 0.0000
vn 0.1301 0.9915 0.0000
vn 0.0428 0.9991 0.0000
vn -0.0428 0.9991 0.0000
vn -0.1301 0.9915 0.0000
vn -0.2226 0.9749 0.0000
vn -0.3243 0.9460 -0.0000
vn -0.4397 0.8981 -0.0000
vn -0.5730 0.8195 -0.0000
vn -0.7241 0.6897 -0.0000
vn -0.8772 0.4801 -0.0000
vn -0.9844 0.1759 -0.0000
vn -0.9844 -0.1759 0.0000
vn -0.8772 -0.4801 0.0000
vn -0.7241 -0.6897 0.0000
vn -0.5730 -0.8195 0.0000
vn -0.4397 -0.8981 -0.0000
vn -0.3243 -0.9460 -0.0000
vn -0.2226 -0.9749 -0.0000
vn -0.1301 -0.9915 -0.0000
vn -0.0428 -0.9991 -0.0000
vn 0.0428 -0.9991 -0.0000
vn 0.1301 -0.9915 -0.0000
vn 0.2226 -0.9749 -0.0000
vn 0.3243 -0.9460 -0.0000
vn 0.4397 -0.8981 -0.0000
vn 0.5730 -0.8195 -0.0000
vn 0.7241 -0.6897 0.0000
vn 0.8772 -0.4801 0.0000
vn 0.9844 -0.1759 0.0000
vn 0.2226 0.9749 -0.0000
vn 0.1301 0.9915 -0.0000
vn 0.0428 0.9991 -0.0000
vn -0.0428 0.9991 -0.0000
vn -0.1301 0.9915 -0.0000
vn -0.2226 0.9749 -0.0000
vn -0.4397 -0.8981 0.0000
vn -0.3243 -0.9460 0.0000
vn -0.2226 -0.9749 0.0000
vn -0.1301 -0.9915 0.0000
vn -0.0428 -0.9991 0.0000
vn 0.0428 -0.9991 0.0000
vn 0.1301 -0.9915 0.0000
vn 0.2226 -0.9749 0.0000
vn 0.3243 -0.9460 0.0000
vn 0.4397 -0.8981 0.0000
vn 0.5730 -0.8195 0.0000
vn 0.9449 0.1688 -0.2805
vn 0.8472 0.4637 -0.2594
vn 0.7047 0.6712 -0.2300
vn 0.5611 0.8025 -0.2026
vn 0.4325 0.8833 -0.1809
vn 0.3199 0.9330 -0.1649
vn 0.2199 0.9633 -0.1539
vn 0.1287 0.9807 -0.1470
vn 0.0424 0.9887 -0.1437
vn -0.0424 0.9887 -0.1437
vn -0.1287 0.9807 -0.1470
vn -0.2199 0.9633 -0.1539
vn -0.3199 0.9330 -0.1649
vn -0.4325 0.8833 -0.1809
vn -0.5611 0.8025 -0.2026
vn -0.7047 0.6712 -0.2300
vn -0.8472 0.4637 -0.2594
vn -0.9449 0.1688 -0.2805
vn -0.9449 -0.1688 -0.2805
vn -0.8472 -0.4637 -0.2594
vn -0.7047 -0.6712 -0.2300
vn -0.5611 -0.8025 -0.2026
vn -0.4325 -0.8833 -0.1809
vn -0.3199 -0.9330 -0.1649
vn -0.2199 -0.9633 -0.1539
vn -0.1287 -0.9807 -0.1470
vn -0.0424 -0.9887 -0.1437
vn 0.0424 -0.9887 -0.1437
vn 0.1287 -0.9807 -0.1470
vn 0.2199 -0.9633 -0.1539
vn 0.3199 -0.9330 -0.1649
vn 0.4325 -0.8833 -0.1809
vn 0.5611 -0.8025 -0.2026
vn 0.7047 -0.6712 -0.2300
vn 0.8472 -0.4637 -0.2594
vn 0.9449 -0.1688 -0.2805
vn 0.9844 0.1759 0.0000
vn 0.7241 0.6897 0.0000
vn 0.5730 0.8195 0.0000
vn 0.4397 0.8981 0.0000
vn -0.4397 0.8981 0.0000
vn -0.5730 0.8195 0.0000
vn -0.7241 0.6897 0.0000
vn -0.8772 0.4801 0.0000
vn -0.9844 0.1759 0.0000
vn -0.9844 -0.1759 -0.0000
vn -0.8772 -0.4801 -0.0000
vn -0.7241 -0.6897 -0.0000
vn -0.5730 -0.8195 -0.0000
vn 0.7241 -0.6897 -0.0000
vn 0.8772 -0.4801 -0.0000
vn 0.9844 -0.1759 -0.0000
vn 0.8046 0.1438 0.5761
vn 0.7363 0.4029 0.5437
vn 0.6291 0.5992 0.4951
vn 0.5128 0.7333 0.4465
vn 0.4020 0.8210 0.4054
vn 0.3008 0.8773 0.3740
vn 0.2084 0.9127 0.3516
vn 0.1224 0.9334 0.3374
vn 0.0404 0.9429 0.3305
vn -0.0404 0.9429 0.3305
vn -0.1224 0.9334 0.3374
vn -0.2084 0.9127 0.3516
vn -0.3008 0.8773 0.3740
vn -0.4020 0.8210 0.4054
vn -0.5128 0.7333 0.4465
vn -0.6291 0.5992 0.4951
vn -0.7363 0.4029 0.5437
vn -0.8046 0.1438 0.5761
vn -0.8046 -0.1438 0.5761
vn -0.7363 -0.4029 0.5437
vn -0.6291 -0.5992 0.4951
vn -0.5128 -0.7333 0.4465
vn -0.4020 -0.8210 0.4054
vn -0.3008 -0.8773 0.3740
vn -0.2084 -0.9127 0.3516
vn -0.1224 -0.9334 0.3374
vn -0.0404 -0.9429 0.3305
vn 0.0404 -0.9429 0.3305
vn 0.1224 -0.9334 0.3374
vn 0.2084 -0.9127 0.3516
vn 0.3008 -0.8773 0.3740
vn 0.4020 -0.8210 0.4054
vn 0.5128 -0.7333 0.4465
vn 0.6291 -0.5992 0.4951
vn 0.7363 -0.4029 0.5437
vn 0.8046 -0.1438 0.5761
vn -0.9998 0.0000 -0.0196
vn -1.0000 0.0000 -0.0034
vn -0.9996 0.0000 0.0282
vn -0.9973 0.0000 0.0733
vn -0.9916 0.0000 0.1291
vn -0.9814 0.0000 0.1920
vn -0.9661 0.0000 0.2583
vn -0.9437 0.0000 0.3307
vn -0.9084 0.0000 0.4182
vn -0.8595 0.0000 0.5111
vn -0.7995 0.0000 0.6007
vn -0.7366 0.0000 0.6763
vn -0.6837 0.0000 0.7298
vn -0.6534 0.0000 0.7570
vn -1.0000 0.0000 0.0012
vn 0.0383 0.9984 -0.0422
vn 0.0393 0.9983 -0.0419
vn 0.0503 0.9982 -0.0339
vn 0.0491 0.9982 -0.0347
vn 0.0437 0.9982 -0.0401
vn 0.0495 0.9981 -0.0372
vn 0.0560 0.9979 -0.0333
vn 0.0620 0.9977 -0.0286
vn 0.0670 0.9975 -0.0235
vn 0.0705 0.9973 -0.0189
vn 0.0731 0.9972 -0.0143
vn 0.0749 0.9971 -0.0097
vn 0.0759 0.9971 -0.0056
vn 0.0764 0.9971 0.0015
vn -0.0001 0.9988 -0.0488
vn 0.0206 0.9956 -0.0911
vn 0.0764 0.9971 -0.0022
vn 0.0751 0.9972 -0.0012
vn 0.0751 0.9972 0.0003
vn 0.0303 0.9968 -0.0744
vn 0.0369 0.9984 -0.0428
vn 0.0000 1.0000 -0.0000
vn 0.7366 0.0000 -0.6763
vn 0.7995 0.0000 -0.6007
vn 0.8595 0.0000 -0.5111
vn 0.9084 0.0000 -0.4182
vn 0.9437 0.0000 -0.3307
vn 0.9661 0.0000 -0.2583
vn 0.9814 0.0000 -0.1920
vn 0.9916 0.0000 -0.1291
vn 0.9973 0.0000 -0.0733
vn 0.1014 0.0000 -0.9948
vn -0.0014 0.0000 -1.0000
vn 0.8426 0.0000 -0.5385
vn 0.0671 0.9940 -0.0865
vn 0.0710 0.9950 -0.0705
vn 0.0825 0.9947 -0.0620
vn 0.0932 0.9941 -0.0554
vn 0.1033 0.9935 -0.0475
vn 0.1116 0.9930 -0.0391
vn 0.1173 0.9926 -0.0314
vn 0.1216 0.9923 -0.0238
vn 0.1246 0.9921 -0.0162
vn 0.1263 0.9919 -0.0093
vn -0.0087 0.9958 -0.0907
vn -0.0001 0.9967 -0.0816
vn -0.4445 -0.0096 0.8957
vn -0.5865 0.0000 0.8100
vn -0.9974 0.0000 0.0727
vn 0.1164 0.0000 0.9932
vn 0.0018 0.0000 1.0000
vn 0.0388 0.9969 -0.0681
vn 0.1132 0.9931 -0.0308
vn 0.0829 0.9948 -0.0594
vn 0.1376 0.9904 -0.0100
vn -0.0021 0.9969 -0.0788
vn 0.0014 0.0000 1.0000
vn 0.9998 0.0000 -0.0196
vn 1.0000 0.0000 -0.0034
vn 0.9996 0.0000 0.0282
vn 0.9973 0.0000 0.0733
vn 0.9916 0.0000 0.1291
vn 0.9814 0.0000 0.1920
vn 0.9661 0.0000 0.2583
vn 0.9437 0.0000 0.3307
vn 0.9084 0.0000 0.4182
vn 0.8595 0.0000 0.5111
vn 0.7995 0.0000 0.6007
vn 0.7366 0.0000 0.6763
vn 0.6837 0.0000 0.7298
vn 0.6535 0.0000 0.7570
vn 1.0000 0.0000 0.0012
vn -0.0383 0.9984 -0.0422
vn -0.0491 0.9982 -0.0347
vn -0.0503 0.9982 -0.0339
vn -0.0393 0.9983 -0.0419
vn -0.0437 0.9982 -0.0401
vn -0.0495 0.9981 -0.0372
vn -0.0560 0.9979 -0.0333
vn -0.0620 0.9977 -0.0286
vn -0.0670 0.9975 -0.0235
vn -0.0705 0.9973 -0.0189
vn -0.0731 0.9972 -0.0143
vn -0.0749 0.9971 -0.0097
vn -0.0759 0.9971 -0.0056
vn -0.0764 0.9971 0.0015
vn 0.0001 0.9988 -0.0488
vn -0.0206 0.9956 -0.0911
vn -0.0303 0.9968 -0.0744
vn -0.0751 0.9972 0.0003
vn -0.0751 0.9972 -0.0012
vn -0.0764 0.9971 -0.0022
vn -0.0369 0.9984 -0.0428
vn -0.7366 0.0000 -0.6763
vn -0.7995 0.0000 -0.6007
vn -0.8595 0.0000 -0.5111
vn -0.9084 0.0000 -0.4182
vn -0.9437 0.0000 -0.3307
vn -0.9661 0.0000 -0.2583
vn -0.9814 0.0000 -0.1920
vn -0.9916 0.0000 -0.1291
vn -0.9973 0.0000 -0.0733
vn -0.1014 0.0000 -0.9948
vn 0.0014 0.0000 -1.0000
vn -0.8426 0.0000 -0.5385
vn -0.0671 0.9940 -0.0865
vn -0.0710 0.9950 -0.0705
vn -0.0825 0.9947 -0.0620
vn -0.0932 0.9941 -0.0554
vn -0.1033 0.9935 -0.0475
vn -0.1116 0.9930 -0.0391
vn -0.1173 0.9926 -0.0314
vn -0.1216 0.9923 -0.0238
vn -0.1246 0.9921 -0.0162
vn -0.1263 0.9919 -0.0093
vn 0.0087 0.9958 -0.0907
vn 0.0001 0.9967 -0.0816
vn 0.4445 -0.0096 0.8957
vn 0.5865 0.0000 0.8100
vn -0.1164 0.0000 0.9932
vn -0.0018 0.0000 1.0000
vn -0.0388 0.9969 -0.0681
vn -0.1132 0.9931 -0.0308
vn -0.0829 0.9948 -0.0594
vn -0.1374 0.9905 -0.0101
vn 0.0021 0.9969 -0.0788
vn -0.0014 0.0000 1.0000
vn 0.0764 0.9971 -0.0001
vn 1.0000 0.0000 -0.0012
vn 0.1270 0.9919 -0.0001
vn -1.0000 0.0000 0.0011
vn -0.0764 0.9971 -0.0001
vn -1.0000 0.0000 -0.0012
vn -0.1270 0.9919 -0.0001
vn 1.0000 0.0000 0.0011
vn -0.9998 0.0000 0.0196
vn -1.0000 0.0000 0.0034
vn -0.9996 0.0000 -0.0282
vn -0.6837 0.0000 -0.7298
vn -0.6534 0.0000 -0.7570
vn 0.0383 0.9984 0.0422
vn 0.0491 0.9982 0.0347
vn 0.0503 0.9982 0.0340
vn 0.0393 0.9983 0.0419
vn 0.0437 0.9982 0.0401
vn 0.0495 0.9981 0.0372
vn 0.0560 0.9979 0.0333
vn 0.0620 0.9977 0.0286
vn 0.0670 0.9975 0.0235
vn 0.0705 0.9973 0.0189
vn 0.0731 0.9972 0.0143
vn 0.0749 0.9971 0.0097
vn 0.0759 0.9971 0.0056
vn 0.0764 0.9971 -0.0015
vn -0.0001 0.9988 0.0488
vn 0.0206 0.9956 0.0911
vn 0.0303 0.9968 0.0744
vn 0.0751 0.9972 -0.0003
vn 0.0751 0.9972 0.0012
vn 0.0764 0.9971 0.0022
vn 0.0369 0.9984 0.0428
vn 0.1013 0.0000 0.9949
vn 0.8426 0.0000 0.5385
vn 0.0671 0.9940 0.0865
vn 0.0710 0.9950 0.0705
vn 0.0825 0.9947 0.0620
vn 0.0932 0.9941 0.0554
vn 0.1033 0.9935 0.0475
vn 0.1116 0.9930 0.0391
vn 0.1173 0.9926 0.0314
vn 0.1216 0.9923 0.0238
vn 0.1246 0.9921 0.0162
vn 0.1263 0.9919 0.0093
vn -0.0087 0.9958 0.0907
vn -0.0001 0.9967 0.0816
vn -0.4446 -0.0096 -0.8957
vn -0.5865 0.0000 -0.8099
vn -0.9973 0.0000 -0.0731
vn 0.1164 0.0000 -0.9932
vn 0.0018 0.0000 -1.0000
vn 0.0388 0.9969 0.0681
vn 0.1132 0.9931 0.0308
vn 0.0829 0.9948 0.0594
vn 0.1374 0.9905 0.0101
vn -0.0021 0.9969 0.0788
vn 0.9998 0.0000 0.0196
vn 1.0000 0.0000 0.0034
vn 0.9996 0.0000 -0.0282
vn 0.6837 0.0000 -0.7298
vn 0.6535 0.0000 -0.7570
vn -0.0383 0.9984 0.0422
vn -0.0393 0.9983 0.0419
vn -0.0503 0.9982 0.0339
vn -0.0491 0.9982 0.0347
vn -0.0437 0.9982 0.0401
vn -0.0495 0.9981 0.0372
vn -0.0560 0.9979 0.0333
vn -0.0620 0.9977 0.0286
vn -0.0670 0.9975 0.0235
vn -0.0705 0.9973 0.0189
vn -0.0731 0.9972 0.0143
vn -0.0749 0.9971 0.0097
vn -0.0759 0.9971 0.0056
vn -0.0764 0.9971 -0.0015
vn 0.0001 0.9988 0.0488
vn -0.0206 0.9956 0.0911
vn -0.0764 0.9971 0.0022
vn -0.0751 0.9972 0.0012
vn -0.0751 0.9972 -0.0003
vn -0.0303 0.9968 0.0744
vn -0.0369 0.9984 0.0428
vn -0.1013 0.0000 0.9949
vn -0.8426 0.0000 0.5385
vn -0.0671 0.9940 0.0865
vn -0.0710 0.9950 0.0705
vn -0.0825 0.9947 0.0620
vn -0.0932 0.9941 0.0554
vn -0.1033 0.9935 0.0475
vn -0.1116 0.9930 0.0391
vn -0.1173 0.9926 0.0314
vn -0.1216 0.9923 0.0238
vn -0.1246 0.9921 0.0162
vn -0.1263 0.9919 0.0093
vn 0.0087 0.9958 0.0907
vn 0.0001 0.9967 0.0816
vn 0.4446 -0.0096 -0.8957
vn 0.5865 0.0000 -0.8099
vn 0.9973 0.0000 -0.0737
vn -0.1164 0.0000 -0.9932
vn -0.0018 0.0000 -1.0000
vn -0.0388 0.9969 0.0681
vn -0.1132 0.9931 0.0308
vn -0.0829 0.9948 0.0594
vn -0.1373 0.9905 0.0102
vn 0.0021 0.9969 0.0788
vn 0.0764 0.9971 0.0001
vn 0.1270 0.9919 0.0001
vn -1.0000 0.0000 -0.0011
vn -0.0764 0.9971 0.0001
vn -0.1270 0.9919 0.0001
vn 1.0000 0.0000 -0.0011
vn 0.9650 0.0000 -0.2622
vn 0.8290 0.0000 -0.5592
vn 0.9918 0.0000 -0.1278
vn 0.3134 0.0000 -0.9496
vn -0.0016 0.0000 -1.0000
vn 0.0016 0.0000 -1.0000
vn -0.3134 0.0000 -0.9496
vn -0.9918 0.0000 -0.1278
vn -0.9083 0.0000 -0.4182
vn -0.8290 0.0000 -0.5592
vn -0.9650 0.0000 -0.2622
vn -1.0000 0.0000 -0.0010
vn -1.0000 0.0000 0.0010
vn -0.9650 0.0000 0.2622
vn -0.8290 0.0000 0.5592
vn -0.9918 0.0000 0.1278
vn -0.3136 0.0000 0.9496
vn 0.0016 0.0000 1.0000
vn -0.0016 0.0000 1.0000
vn 0.3136 0.0000 0.9496
vn 0.9918 0.0000 0.1278
vn 0.8290 0.0000 0.5592
vn 0.9650 0.0000 0.2622
vn 1.0000 0.0000 0.0010
vn 1.0000 0.0000 -0.0010
vn -0.7567 0.0000 0.6538
vn 0.9853 0.0000 0.1709
vn 0.9804 0.0000 0.1970
vn 0.9676 0.0000 0.2526
vn 0.9389 0.0000 0.3442
vn 0.8776 0.0000 0.4795
vn 0.7540 0.0000 0.6569
vn 0.5390 0.0000 0.8423
vn 0.3762 0.0000 0.9266
vn 0.3109 0.0000 0.9504
vn 0.2256 0.0000 0.9742
vn 0.1202 0.0000 0.9928
vn 0.1115 0.0000 0.9938
vn 0.0451 0.0000 0.9990
vn 0.0117 0.0000 0.9999
vn 0.2222 0.0000 -0.9750
vn 0.2745 0.0000 -0.9616
vn 0.3492 0.0000 -0.9371
vn 0.4402 0.0000 -0.8979
vn 0.5389 0.0000 -0.8424
vn 0.6353 0.0000 -0.7722
vn 0.6944 0.0000 -0.7196
vn 0.7242 0.0000 -0.6896
vn 0.7523 0.0000 -0.6589
vn 0.7770 0.0000 -0.6295
vn 0.7963 0.0000 -0.6049
vn 0.8069 0.0000 -0.5907
vn 0.8033 0.0000 -0.5956
vn 0.8063 0.0000 -0.5915
vn 0.8250 0.0000 -0.5652
vn 0.8378 0.0000 -0.5460
vn 0.8466 0.0000 -0.5322
vn 0.8526 0.0000 -0.5226
vn 0.8563 0.0000 -0.5165
vn 0.8580 0.0000 -0.5136
vn -0.4979 0.0000 -0.8672
vn -0.5143 0.0000 -0.8576
vn -0.5458 0.0000 -0.8379
vn -0.5896 0.0000 -0.8077
vn -0.6423 0.0000 -0.7664
vn -0.6991 0.0000 -0.7150
vn -0.7554 0.0000 -0.6553
vn -0.8245 0.0000 -0.5658
vn -0.8881 0.0000 -0.4597
vn -0.9280 0.0000 -0.3725
vn -0.9522 0.0000 -0.3054
vn -0.9663 0.0000 -0.2573
vn -0.9741 0.0000 -0.2263
vn -0.9774 0.0000 -0.2112
vn 0.1954 0.0000 -0.9807
vn 0.7567 0.0000 0.6538
vn -0.9853 0.0000 0.1709
vn -0.9804 0.0000 0.1970
vn -0.9676 0.0000 0.2526
vn -0.9389 0.0000 0.3442
vn -0.8775 0.0000 0.4795
vn -0.7540 0.0000 0.6569
vn -0.5390 0.0000 0.8423
vn -0.3762 0.0000 0.9266
vn -0.3109 0.0000 0.9504
vn -0.2256 0.0000 0.9742
vn -0.1202 0.0000 0.9928
vn -0.1115 0.0000 0.9938
vn -0.0451 0.0000 0.9990
vn -0.0117 0.0000 0.9999
vn -0.2222 0.0000 -0.9750
vn -0.2745 0.0000 -0.9616
vn -0.3492 0.0000 -0.9371
vn -0.4402 0.0000 -0.8979
vn -0.5389 0.0000 -0.8424
vn -0.6353 0.0000 -0.7722
vn -0.6944 0.0000 -0.7196
vn -0.7242 0.0000 -0.6896
vn -0.7523 0.0000 -0.6589
vn -0.7770 0.0000 -0.6295
vn -0.7963 0.0000 -0.6049
vn -0.8069 0.0000 -0.5907
vn -0.8033 0.0000 -0.5956
vn -0.8063 0.0000 -0.5915
vn -0.8250 0.0000 -0.5652
vn -0.8378 0.0000 -0.5460
vn -0.8466 0.0000 -0.5322
vn -0.8526 0.0000 -0.5226
vn -0.8563 0.0000 -0.5165
vn -0.8580 0.0000 -0.5136
vn 0.4979 0.0000 -0.8672
vn 0.5143 0.0000 -0.8576
vn 0.5458 0.0000 -0.8379
vn 0.5896 0.0000 -0.8077
vn 0.6423 0.0000 -0.7664
vn 0.6991 0.0000 -0.7150
vn 0.7554 0.0000 -0.6553
vn 0.8245 0.0000 -0.5658
vn 0.8881 0.0000 -0.4597
vn 0.9280 0.0000 -0.3725
vn 0.9522 0.0000 -0.3054
vn 0.9663 0.0000 -0.2573
vn 0.9741 0.0000 -0.2263
vn 0.9774 0.0000 -0.2112
vn -0.1954 0.0000 -0.9807
vn -0.3048 0.0000 0.9524
vn 0.0868 0.0000 -0.9962
vn 0.2048 0.0000 -0.9788
vn 0.3282 0.0000 -0.9446
vn 0.4317 0.0000 -0.9020
vn 0.5097 0.0000 -0.8604
vn 0.5659 0.0000 -0.8245
vn 0.6240 0.0000 -0.7814
vn 0.6945 0.0000 -0.7195
vn 0.7565 0.0000 -0.6540
vn 0.8068 0.0000 -0.5909
vn 0.8437 0.0000 -0.5368
vn 0.8675 0.0000 -0.4974
vn 0.8791 0.0000 -0.4767
vn -0.6783 0.0000 -0.7348
vn -0.9942 0.0000 0.1074
vn -0.9950 0.0000 0.0995
vn -0.9965 0.0000 0.0840
vn -0.9981 0.0000 0.0617
vn -0.9994 0.0000 0.0336
vn -0.9994 0.0000 -0.0345
vn -0.9976 0.0000 -0.0689
vn -0.9950 0.0000 -0.0999
vn -0.9918 0.0000 -0.1280
vn -0.9884 0.0000 -0.1521
vn -0.9852 0.0000 -0.1712
vn -0.9829 0.0000 -0.1844
vn -0.9816 0.0000 -0.1911
vn -0.9765 0.0000 0.2157
vn -0.9782 0.0000 0.2077
vn -0.9814 0.0000 0.1919
vn -0.9856 0.0000 0.1690
vn -0.9902 0.0000 0.1397
vn -0.9945 0.0000 0.1050
vn -0.9978 0.0000 0.0662
vn -0.9992 0.0000 0.0389
vn -0.9997 0.0000 0.0247
vn -0.9999 0.0000 0.0107
vn -1.0000 0.0000 -0.0022
vn -0.9999 0.0000 -0.0130
vn -0.9998 0.0000 -0.0209
vn -0.9997 0.0000 -0.0251
vn -0.8173 0.0000 0.5762
vn -0.8122 0.0000 0.5834
vn -0.8012 0.0000 0.5983
vn -0.7831 0.0000 0.6219
vn -0.7553 0.0000 0.6554
vn -0.7132 0.0000 0.7010
vn -0.6495 0.0000 0.7604
vn -0.5652 0.0000 0.8249
vn -0.4897 0.0000 0.8719
vn -0.4267 0.0000 0.9044
vn -0.3770 0.0000 0.9262
vn -0.3405 0.0000 0.9402
vn -0.3166 0.0000 0.9485
vn 0.0133 0.0000 -0.9999
vn 0.3049 0.0000 0.9524
vn -0.0868 0.0000 -0.9962
vn -0.2048 0.0000 -0.9788
vn -0.3282 0.0000 -0.9446
vn -0.4317 0.0000 -0.9020
vn -0.5097 0.0000 -0.8604
vn -0.5659 0.0000 -0.8245
vn -0.6240 0.0000 -0.7814
vn -0.6945 0.0000 -0.7195
vn -0.7565 0.0000 -0.6540
vn -0.8068 0.0000 -0.5909
vn -0.8437 0.0000 -0.5368
vn -0.8675 0.0000 -0.4974
vn -0.8791 0.0000 -0.4767
vn 0.6783 0.0000 -0.7347
vn 0.9942 0.0000 0.1074
vn 0.9950 0.0000 0.0995
vn 0.9965 0.0000 0.0840
vn 0.9981 0.0000 0.0617
vn 0.9994 0.0000 0.0336
vn 0.9994 0.0000 -0.0345
vn 0.9976 0.0000 -0.0689
vn 0.9950 0.0000 -0.0999
vn 0.9918 0.0000 -0.1280
vn 0.9884 0.0000 -0.1521
vn 0.9852 0.0000 -0.1711
vn 0.9829 0.0000 -0.1844
vn 0.9816 0.0000 -0.1911
vn 0.9765 0.0000 0.2157
vn 0.9782 0.0000 0.2077
vn 0.9814 0.0000 0.1919
vn 0.9856 0.0000 0.1690
vn 0.9902 0.0000 0.1397
vn 0.9945 0.0000 0.1050
vn 0.9978 0.0000 0.0662
vn 0.9992 0.0000 0.0389
vn 0.9997 0.0000 0.0247
vn 0.9999 0.0000 0.0107
vn 1.0000 0.0000 -0.0022
vn 0.9999 0.0000 -0.0130
vn 0.9998 0.0000 -0.0209
vn 0.9997 0.0000 -0.0251
vn 0.8173 0.0000 0.5762
vn 0.8122 0.0000 0.5834
vn 0.8012 0.0000 0.5983
vn 0.7831 0.0000 0.6219
vn 0.7553 0.0000 0.6554
vn 0.7132 0.0000 0.7010
vn 0.6495 0.0000 0.7604
vn 0.5652 0.0000 0.8249
vn 0.4897 0.0000 0.8719
vn 0.4267 0.0000 0.9044
vn 0.3770 0.0000 0.9262
vn 0.3405 0.0000 0.9402
vn 0.3166 0.0000 0.9485
vn -0.0133 0.0000 -0.9999
vn -0.0000 0.0000 -1.0000
vn -0.0000 0.7962 -0.6051
vn 0.2388 0.7866 -0.5694
vn 0.3667 -0.0000 -0.9303
vn -0.0000 0.9743 -0.2251
vn 0.0932 0.9722 -0.2148
vn -0.0000 0.9999 -0.0119
vn 0.0070 0.9999 -0.0101
vn 0.0000 0.9807 0.1955
vn -0.0764 0.9788 0.1900
vn -0.0000 0.8310 0.5563
vn -0.2182 0.8192 0.5305
vn -0.3959 -0.0000 0.9183
vn 0.0000 -0.8310 0.5563
vn -0.2182 -0.8192 0.5305
vn 0.0000 -0.9807 0.1955
vn -0.0764 -0.9788 0.1900
vn 0.0000 -0.9999 -0.0119
vn 0.0070 -0.9999 -0.0101
vn 0.0000 -0.9743 -0.2251
vn 0.0932 -0.9722 -0.2148
vn 0.0000 -0.7962 -0.6051
vn 0.2388 -0.7866 -0.5694
vn 0.4333 0.7627 -0.4801
vn 0.6499 0.0000 -0.7600
vn 0.1750 0.9666 -0.1873
vn 0.0108 0.9999 -0.0062
vn -0.1499 0.9735 0.1725
vn -0.4077 0.7899 0.4581
vn -0.6807 -0.0000 0.7326
vn -0.4077 -0.7899 0.4581
vn -0.1499 -0.9735 0.1725
vn 0.0108 -0.9999 -0.0062
vn 0.1750 -0.9666 -0.1873
vn 0.4333 -0.7627 -0.4801
vn 0.5716 0.7343 -0.3661
vn 0.8305 -0.0000 -0.5571
vn 0.2397 0.9595 -0.1482
vn 0.0113 0.9999 -0.0026
vn -0.2144 0.9664 0.1421
vn -0.5500 0.7558 0.3552
vn -0.8493 0.0000 0.5279
vn -0.5500 -0.7558 0.3552
vn -0.2144 -0.9664 0.1421
vn 0.0113 -0.9999 -0.0026
vn 0.2397 -0.9595 -0.1482
vn 0.5716 -0.7343 -0.3661
vn 0.6610 0.7093 -0.2448
vn 0.9330 0.0000 -0.3598
vn 0.2859 0.9528 -0.1020
vn 0.0100 0.9999 -0.0003
vn -0.2640 0.9592 0.1009
vn -0.6434 0.7272 0.2390
vn -0.9412 0.0000 0.3379
vn -0.6434 -0.7272 0.2390
vn -0.2640 -0.9592 0.1009
vn 0.0100 -0.9999 -0.0003
vn 0.2859 -0.9528 -0.1020
vn 0.6610 -0.7093 -0.2448
vn 0.7108 0.6926 -0.1224
vn 0.9844 0.0000 -0.1757
vn 0.3133 0.9482 -0.0519
vn 0.0084 1.0000 0.0004
vn -0.2950 0.9541 0.0523
vn -0.6949 0.7091 0.1195
vn -0.9864 -0.0000 0.1644
vn -0.6949 -0.7091 0.1195
vn -0.2950 -0.9541 0.0523
vn 0.0084 -1.0000 0.0004
vn 0.3133 -0.9482 -0.0519
vn 0.7108 -0.6926 -0.1224
vn 0.7268 0.6868 -0.0000
vn 1.0000 0.0000 -0.0000
vn 0.3224 0.9466 -0.0000
vn 0.0076 1.0000 0.0000
vn -0.3056 0.9522 0.0000
vn -0.7112 0.7029 0.0000
vn -1.0000 0.0000 0.0000
vn -0.7113 -0.7029 -0.0000
vn -0.3056 -0.9522 -0.0000
vn 0.0076 -1.0000 -0.0000
vn 0.3224 -0.9466 -0.0000
vn 0.7268 -0.6868 -0.0000
vn 0.7108 0.6926 0.1224
vn 0.9844 0.0000 0.1757
vn 0.3133 0.9482 0.0519
vn 0.0084 1.0000 -0.0004
vn -0.2950 0.9541 -0.0523
vn -0.6949 0.7091 -0.1195
vn -0.9864 0.0000 -0.1644
vn -0.6949 -0.7091 -0.1195
vn -0.2950 -0.9541 -0.0523
vn 0.0084 -1.0000 -0.0004
vn 0.3133 -0.9482 0.0519
vn 0.7108 -0.6926 0.1224
vn 0.6610 0.7093 0.2448
vn 0.9330 0.0000 0.3598
vn 0.2859 0.9528 0.1020
vn 0.0100 0.9999 0.0003
vn -0.2640 0.9592 -0.1009
vn -0.6434 0.7272 -0.2390
vn -0.9412 -0.0000 -0.3379
vn -0.6434 -0.7272 -0.2390
vn -0.2640 -0.9592 -0.1009
vn 0.0100 -0.9999 0.0003
vn 0.2859 -0.9528 0.1020
vn 0.6610 -0.7093 0.2448
vn 0.5716 0.7343 0.3661
vn 0.8305 -0.0000 0.5571
vn 0.2397 0.9595 0.1482
vn 0.0113 0.9999 0.0026
vn -0.2144 0.9664 -0.1421
vn -0.5500 0.7558 -0.3552
vn -0.8493 -0.0000 -0.5279
vn -0.5500 -0.7558 -0.3552
vn -0.2144 -0.9664 -0.1421
vn 0.0113 -0.9999 0.0026
vn 0.2397 -0.9595 0.1482
vn 0.5716 -0.7343 0.3661
vn 0.4333 0.7627 0.4801
vn 0.6499 0.0000 0.7600
vn 0.1750 0.9666 0.1873
vn 0.0108 0.9999 0.0062
vn -0.1499 0.9735 -0.1725
vn -0.4077 0.7899 -0.4581
vn -0.6807 0.0000 -0.7326
vn -0.4077 -0.7899 -0.4581
vn -0.1499 -0.9735 -0.1725
vn 0.0108 -0.9999 0.0062
vn 0.1750 -0.9666 0.1873
vn 0.4333 -0.7627 0.4801
vn 0.2388 0.7866 0.5694
vn 0.3667 0.0000 0.9303
vn 0.0932 0.9722 0.2148
vn 0.0070 0.9999 0.0101
vn -0.0764 0.9788 -0.1900
vn -0.2182 0.8192 -0.5304
vn -0.3960 -0.0000 -0.9183
vn -0.2182 -0.8192 -0.5304
vn -0.0765 -0.9788 -0.1900
vn 0.0070 -0.9999 0.0101
vn 0.0932 -0.9722 0.2148
vn 0.2388 -0.7866 0.5694
vn -0.0000 0.7962 0.6051
vn -0.0000 0.0000 1.0000
vn 0.0000 0.9743 0.2251
vn 0.0000 0.9999 0.0119
vn -0.0000 0.9807 -0.1955
vn -0.0000 0.8310 -0.5563
vn 0.0000 -0.0000 -1.0000
vn 0.0000 -0.8310 -0.5563
vn 0.0000 -0.9807 -0.1955
vn -0.0000 -0.9999 0.0119
vn -0.0000 -0.9743 0.2251
vn -0.0000 -0.7962 0.6051
vn -0.2388 0.7866 0.5694
vn -0.3667 -0.0000 0.9303
vn -0.0932 0.9722 0.2148
vn -0.0070 0.9999 0.0101
vn 0.0765 0.9788 -0.1900
vn 0.2182 0.8192 -0.5304
vn 0.3960 0.0000 -0.9183
vn 0.2182 -0.8192 -0.5304
vn 0.0764 -0.9788 -0.1900
vn -0.0070 -0.9999 0.0101
vn -0.0932 -0.9722 0.2148
vn -0.2388 -0.7866 0.5694
vn -0.4333 0.7627 0.4801
vn -0.6499 -0.0000 0.7600
vn -0.1750 0.9666 0.1873
vn -0.0108 0.9999 0.0062
vn 0.1499 0.9735 -0.1725
vn 0.4077 0.7899 -0.4581
vn 0.6807 -0.0000 -0.7326
vn 0.4077 -0.7899 -0.4581
vn 0.1499 -0.9735 -0.1725
vn -0.0108 -0.9999 0.0062
vn -0.1750 -0.9666 0.1873
vn -0.4333 -0.7627 0.4801
vn -0.5716 0.7343 0.3661
vn -0.8305 0.0000 0.5571
vn -0.2397 0.9595 0.1482
vn -0.0113 0.9999 0.0026
vn 0.2144 0.9664 -0.1421
vn 0.5500 0.7558 -0.3552
vn 0.8493 0.0000 -0.5279
vn 0.5500 -0.7558 -0.3552
vn 0.2144 -0.9664 -0.1421
vn -0.0113 -0.9999 0.0026
vn -0.2397 -0.9595 0.1482
vn -0.5716 -0.7343 0.3661
vn -0.6610 0.7093 0.2448
vn -0.9330 -0.0000 0.3598
vn -0.2859 0.9528 0.1020
vn -0.0100 0.9999 0.0003
vn 0.2640 0.9592 -0.1009
vn 0.6434 0.7272 -0.2390
vn 0.9412 0.0000 -0.3378
vn 0.6434 -0.7272 -0.2390
vn 0.2640 -0.9592 -0.1009
vn -0.0100 -0.9999 0.0003
vn -0.2859 -0.9528 0.1020
vn -0.6610 -0.7093 0.2448
vn -0.7108 0.6926 0.1224
vn -0.9844 -0.0000 0.1757
vn -0.3133 0.9482 0.0519
vn -0.0084 1.0000 -0.0004
vn 0.2950 0.9541 -0.0523
vn 0.6949 0.7091 -0.1195
vn 0.9864 -0.0000 -0.1644
vn 0.6949 -0.7091 -0.1195
vn 0.2950 -0.9541 -0.0523
vn -0.0084 -1.0000 -0.0004
vn -0.3133 -0.9482 0.0519
vn -0.7108 -0.6926 0.1224
vn -0.7268 0.6868 -0.0000
vn -1.0000 -0.0000 -0.0000
vn -0.3224 0.9466 -0.0000
vn -0.0076 1.0000 0.0000
vn 0.3056 0.9522 0.0000
vn 0.7113 0.7029 0.0000
vn 0.7113 -0.7029 -0.0000
vn 0.3056 -0.9522 -0.0000
vn -0.0076 -1.0000 -0.0000
vn -0.3224 -0.9466 -0.0000
vn -0.7268 -0.6868 -0.0000
vn -0.7108 0.6926 -0.1224
vn -0.9844 0.0000 -0.1757
vn -0.3133 0.9482 -0.0519
vn -0.0084 1.0000 0.0004
vn 0.2950 0.9541 0.0523
vn 0.6949 0.7091 0.1195
vn 0.9864 -0.0000 0.1644
vn 0.6949 -0.7091 0.1195
vn 0.2950 -0.9541 0.0523
vn -0.0084 -1.0000 0.0004
vn -0.3133 -0.9482 -0.0519
vn -0.7108 -0.6926 -0.1224
vn -0.6610 0.7093 -0.2448
vn -0.9330 0.0000 -0.3598
vn -0.2859 0.9528 -0.1020
vn -0.0100 0.9999 -0.0003
vn 0.2640 0.9592 0.1009
vn 0.6434 0.7273 0.2390
vn 0.9412 -0.0000 0.3379
vn 0.6434 -0.7273 0.2390
vn 0.2640 -0.9592 0.1009
vn -0.0100 -0.9999 -0.0003
vn -0.2859 -0.9528 -0.1020
vn -0.6610 -0.7093 -0.2448
vn -0.5716 0.7343 -0.3661
vn -0.8305 0.0000 -0.5571
vn -0.2397 0.9595 -0.1482
vn -0.0113 0.9999 -0.0026
vn 0.2144 0.9664 0.1421
vn 0.5500 0.7558 0.3552
vn 0.8493 0.0000 0.5279
vn 0.5500 -0.7558 0.3552
vn 0.2144 -0.9664 0.1421
vn -0.0113 -0.9999 -0.0026
vn -0.2397 -0.9595 -0.1482
vn -0.5716 -0.7343 -0.3661
vn -0.4333 0.7627 -0.4801
vn -0.6499 -0.0000 -0.7600
vn -0.1750 0.9666 -0.1873
vn -0.0108 0.9999 -0.0062
vn 0.1499 0.9735 0.1725
vn 0.4077 0.7899 0.4581
vn 0.6807 0.0000 0.7326
vn 0.4077 -0.7899 0.4581
vn 0.1499 -0.9735 0.1725
vn -0.0108 -0.9999 -0.0062
vn -0.1750 -0.9666 -0.1873
vn -0.4333 -0.7627 -0.4801
vn -0.2388 0.7866 -0.5694
vn -0.3667 0.0000 -0.9303
vn -0.0932 0.9722 -0.2148
vn -0.0070 0.9999 -0.0101
vn 0.0764 0.9788 0.1900
vn 0.2182 0.8192 0.5305
vn 0.3959 0.0000 0.9183
vn 0.2182 -0.8192 0.5305
vn 0.0764 -0.9788 0.1900
vn -0.0070 -0.9999 -0.0101
vn -0.0932 -0.9722 -0.2148
vn -0.2388 -0.7866 -0.5694
vn 0.0000 -1.0000 -0.0000
vn 0.0000 0.0000 -1.0000
vn -1.0000 0.0000 -0.0000
vn 0.0000 -0.0000 1.0000
# 1069 vertex normals

vt 11.2478 0.0000 1.0000
vt 11.6643 0.0000 1.0000
vt 11.6643 1.7395 1.0000
vt 11.2478 1.7395 1.0000
vt 12.0809 0.0000 1.0000
vt 12.0809 1.7395 1.0000
vt 12.4975 0.0000 1.0000
vt 12.4975 1.7395 1.0000
vt 12.9141 0.0000 1.0000
vt 12.9141 1.7395 1.0000
vt 13.3307 0.0000 1.0000
vt 13.3307 1.7395 1.0000
vt 13.7473 0.0000 1.0000
vt 13.7473 1.7395 1.0000
vt 14.1638 0.0000 1.0000
vt 14.1638 1.7395 1.0000
vt 14.5804 0.0000 1.0000
vt 14.5804 1.7395 1.0000
vt 14.9970 0.0000 1.0000
vt 14.9970 1.7395 1.0000
vt 15.4136 0.0000 1.0000
vt 15.4136 1.7395 1.0000
vt 0.4166 0.0000 1.0000
vt 0.8332 0.0000 1.0000
vt 0.8332 1.7395 1.0000
vt 0.4166 1.7395 1.0000
vt 1.2498 0.0000 1.0000
vt 1.2498 1.7395 1.0000
vt 1.6663 0.0000 1.0000
vt 1.6663 1.7395 1.0000
vt 2.0829 0.0000 1.0000
vt 2.0829 1.7395 1.0000
vt 2.4995 0.0000 1.0000
vt 2.4995 1.7395 1.0000
vt 2.9161 0.0000 1.0000
vt 2.9161 1.7395 1.0000
vt 3.3327 0.0000 1.0000
vt 3.3327 1.7395 1.0000
vt 3.7493 0.0000 1.0000
vt 3.7493 1.7395 1.0000
vt 4.1658 0.0000 1.0000
vt 4.1658 1.7395 1.0000
vt 4.5824 0.0000 1.0000
vt 4.5824 1.7395 1.0000
vt 4.9990 0.0000 1.0000
vt 4.9990 1.7395 1.0000
vt 5.4156 0.0000 1.0000
vt 5.4156 1.7395 1.0000
vt 5.8322 0.0000 1.0000
vt 5.8322 1.7395 1.0000
vt 6.2488 0.0000 1.0000
vt 6.2488 1.7395 1.0000
vt 6.6653 0.0000 1.0000
vt 6.6653 1.7395 1.0000
vt 7.0819 0.0000 1.0000
vt 7.0819 1.7395 1.0000
vt 7.4985 0.0000 1.0000
vt 7.4985 1.7395 1.0000
vt 7.9151 0.0000 1.0000
vt 7.9151 1.7395 1.0000
vt 8.3317 0.0000 1.0000
vt 8.3317 1.7395 1.0000
vt 8.7483 0.0000 1.0000
vt 8.7483 1.7395 1.0000
vt 9.1648 0.0000 1.0000
vt 9.1648 1.7395 1.0000
vt 9.5814 0.0000 1.0000
vt 9.5814 1.7395 1.0000
vt 9.9980 0.0000 1.0000
vt 9.9980 1.7395 1.0000
vt 10.4146 0.0000 1.0000
vt 10.4146 1.7395 1.0000
vt 10.8312 0.0000 1.0000
vt 10.8312 1.7395 1.0000
vt 11.6643 3.4790 1.0000
vt 11.2478 3.4790 1.0000
vt 12.0809 3.4790 1.0000
vt 12.4975 3.4790 1.0000
vt 12.9141 3.4790 1.0000
vt 13.3307 3.4790 1.0000
vt 13.7473 3.4790 1.0000
vt 14.1638 3.4790 1.0000
vt 14.5804 3.4790 1.0000
vt 14.9970 3.4790 1.0000
vt 15.4136 3.4790 1.0000
vt 0.8332 3.4790 1.0000
vt 0.4166 3.4790 1.0000
vt 1.2498 3.4790 1.0000
vt 1.6663 3.4790 1.0000
vt 2.0829 3.4790 1.0000
vt 2.4995 3.4790 1.0000
vt 2.9161 3.4790 1.0000
vt 3.3327 3.4790 1.0000
vt 3.7493 3.4790 1.0000
vt 4.1658 3.4790 1.0000
vt 4.5824 3.4790 1.0000
vt 4.9990 3.4790 1.0000
vt 5.4156 3.4790 1.0000
vt 5.8322 3.4790 1.0000
vt 6.2488 3.4790 1.0000
vt 6.6653 3.4790 1.0000
vt 7.0819 3.4790 1.0000
vt 7.4985 3.4790 1.0000
vt 7.9151 3.4790 1.0000
vt 8.3317 3.4790 1.0000
vt 8.7483 3.4790 1.0000
vt 9.1648 3.4790 1.0000
vt 9.5814 3.4790 1.0000
vt 9.9980 3.4790 1.0000
vt 10.4146 3.4790 1.0000
vt 10.8312 3.4790 1.0000
vt 11.6643 5.2185 1.0000
vt 11.2478 5.2185 1.0000
vt 12.0809 5.2185 1.0000
vt 12.4975 5.2185 1.0000
vt 12.9141 5.2185 1.0000
vt 13.3307 5.2185 1.0000
vt 13.7473 5.2185 1.0000
vt 14.1638 5.2185 1.0000
vt 14.5804 5.2185 1.0000
vt 14.9970 5.2185 1.0000
vt 15.4136 5.2185 1.0000
vt 0.8332 5.2185 1.0000
vt 0.4166 5.2185 1.0000
vt 1.2498 5.2185 1.0000
vt 1.6663 5.2185 1.0000
vt 2.0829 5.2185 1.0000
vt 2.4995 5.2185 1.0000
vt 2.9161 5.2185 1.0000
vt 3.3327 5.2185 1.0000
vt 3.7493 5.2185 1.0000
vt 4.1658 5.2185 1.0000
vt 4.5824 5.2185 1.0000
vt 4.9990 5.2185 1.0000
vt 5.4156 5.2185 1.0000
vt 5.8322 5.2185 1.0000
vt 6.2488 5.2185 1.0000
vt 6.6653 5.2185 1.0000
vt 7.0819 5.2185 1.0000
vt 7.4985 5.2185 1.0000
vt 7.9151 5.2185 1.0000
vt 8.3317 5.2185 1.0000
vt 8.7483 5.2185 1.0000
vt 9.1648 5.2185 1.0000
vt 9.5814 5.2185 1.0000
vt 9.9980 5.2185 1.0000
vt 10.4146 5.2185 1.0000
vt 10.8312 5.2185 1.0000
vt 26.2448 5.2185 1.0000
vt 15.8302 5.2185 1.0000
vt 16.2468 5.2185 1.0000
vt 16.6634 5.2185 1.0000
vt 17.0799 5.2185 1.0000
vt 17.4965 5.2185 1.0000
vt 17.9131 5.2185 1.0000
vt 18.3297 5.2185 1.0000
vt 18.7463 5.2185 1.0000
vt 19.1629 5.2185 1.0000
vt 19.5794 5.2185 1.0000
vt 19.9960 5.2185 1.0000
vt 20.4126 5.2185 1.0000
vt 20.8292 5.2185 1.0000
vt 21.2458 5.2185 1.0000
vt 21.6624 5.2185 1.0000
vt 22.0789 5.2185 1.0000
vt 22.4955 5.2185 1.0000
vt 22.9121 5.2185 1.0000
vt 23.3287 5.2185 1.0000
vt 23.7453 5.2185 1.0000
vt 24.1619 5.2185 1.0000
vt 24.5784 5.2185 1.0000
vt 24.9950 5.2185 1.0000
vt 25.4116 5.2185 1.0000
vt 25.8282 5.2185 1.0000
vt -1.9236 -44.1312 0.0000
vt -1.9236 -44.1312 5.0499
vt -1.8985 -43.3152 5.0499
vt -1.8985 -43.3152 0.0000
vt -1.8942 -42.4914 5.0499
vt -1.8942 -42.4914 0.0000
vt -1.9314 -41.6520 5.0499
vt -1.9314 -41.6520 0.0000
vt -2.0308 -40.7892 5.0499
vt -2.0308 -40.7892 0.0000
vt -2.2132 -39.8951 5.0499
vt -2.2132 -39.8951 0.0000
vt -2.4993 -38.9621 5.0499
vt -2.4993 -38.9621 0.0000
vt -2.9099 -37.9822 5.0499
vt -2.9099 -37.9822 0.0000
vt -3.4139 -37.0645 5.0499
vt -3.4139 -37.0645 0.0000
vt -3.9614 -36.3058 5.0499
vt -3.9614 -36.3058 0.0000
vt -4.5452 -35.6795 5.0499
vt -4.5452 -35.6795 0.0000
vt -5.1580 -35.1591 5.0499
vt -5.1580 -35.1591 0.0000
vt -5.7926 -34.7181 5.0499
vt -5.7926 -34.7181 0.0000
vt -6.4416 -34.3302 5.0499
vt -6.4416 -34.3302 0.0000
vt -7.0979 -33.9687 5.0499
vt -7.0979 -33.9687 0.0000
vt -7.1304 -16.6921 5.0499
vt -7.1304 -16.6921 0.0000
vt -4.3368 -32.4620 4.7098
vt -4.4175 -32.3815 4.7098
vt -3.5200 -33.0295 4.7098
vt -2.6889 -33.7353 4.7098
vt -1.8838 -34.5992 4.7098
vt -1.1413 -35.6281 4.7098
vt -0.4897 -36.8145 4.7098
vt 0.0271 -38.0479 4.7098
vt 0.3903 -39.2320 4.7098
vt 0.6218 -40.3666 4.7098
vt 0.7453 -41.4388 4.7098
vt 0.8437 -41.4452 4.7098
vt 10.9717 -44.1195 5.0499
vt 10.9717 -41.4361 4.7098
vt 3.2874 -38.7276 1.1514
vt 10.9717 -38.7199 1.1514
vt 10.9717 -16.6921 1.1514
vt -1.7245 -16.6921 1.1514
vt -1.7030 -30.6834 1.1514
vt -1.5337 -31.0810 1.1514
vt -0.8090 -31.7664 1.1514
vt 0.2204 -32.8708 1.1514
vt 1.1603 -34.1734 1.1514
vt 1.9614 -35.6319 1.1514
vt 2.5858 -37.1220 1.1514
vt 3.0269 -38.5604 1.1514
vt 3.0506 -38.6777 1.1514
vt -3.5200 -33.0295 0.7383
vt -4.3368 -32.4620 0.7383
vt -2.6889 -33.7353 0.7383
vt -1.8838 -34.5992 0.7383
vt -1.1413 -35.6281 0.7383
vt -0.4897 -36.8145 0.7383
vt 0.0271 -38.0479 0.7383
vt 0.3903 -39.2320 0.7383
vt 0.6218 -40.3666 0.7383
vt 0.7453 -41.4388 0.7383
vt 0.8437 -41.4452 0.7383
vt 10.9717 -41.4361 0.7383
vt -4.4175 -32.3815 0.7383
vt -2.9299 -31.8406 0.4503
vt -3.0597 -31.8169 0.4503
vt -2.6906 -31.9512 0.4503
vt -1.7489 -32.7509 0.4503
vt -0.8317 -33.7350 0.4503
vt 0.0095 -34.9007 0.4503
vt 0.7358 -36.2232 0.4503
vt 1.3065 -37.5849 0.4503
vt 1.7086 -38.8962 0.4503
vt 1.9649 -40.1526 0.4503
vt 1.9654 -40.1564 0.4503
vt 2.9023 -40.0863 0.4503
vt 10.9717 -40.0773 0.4503
vt -2.6906 -31.9512 4.6387
vt -3.0597 -31.8169 4.6387
vt -1.7489 -32.7509 4.6387
vt -0.8317 -33.7350 4.6387
vt 0.0095 -34.9007 4.6387
vt 0.7358 -36.2232 4.6387
vt 1.3065 -37.5849 4.6387
vt 1.7086 -38.8962 4.6387
vt 1.9649 -40.1526 4.6387
vt 1.9654 -40.1564 4.6387
vt 2.9023 -40.0863 4.6387
vt 10.9717 -40.0773 4.6387
vt -1.7030 -30.6834 4.3507
vt -1.5337 -31.0810 4.3507
vt -0.8090 -31.7664 4.3507
vt 0.2204 -32.8708 4.3507
vt 1.1603 -34.1734 4.3507
vt 1.9614 -35.6319 4.3507
vt 2.5858 -37.1220 4.3507
vt 3.0269 -38.5604 4.3507
vt 3.0506 -38.6777 4.3507
vt 3.2874 -38.7276 4.3507
vt 10.9717 -38.7199 4.3507
vt 10.9717 -44.1195 0.0000
vt 23.8670 -44.1312 0.0000
vt 23.8419 -43.3152 0.0000
vt 23.8419 -43.3152 5.0499
vt 23.8670 -44.1312 5.0499
vt 23.8376 -42.4914 0.0000
vt 23.8376 -42.4914 5.0499
vt 23.8747 -41.6520 0.0000
vt 23.8747 -41.6520 5.0499
vt 23.9741 -40.7892 0.0000
vt 23.9741 -40.7892 5.0499
vt 24.1566 -39.8951 0.0000
vt 24.1566 -39.8951 5.0499
vt 24.4427 -38.9621 0.0000
vt 24.4427 -38.9621 5.0499
vt 24.8533 -37.9822 0.0000
vt 24.8533 -37.9822 5.0499
vt 25.3573 -37.0645 0.0000
vt 25.3573 -37.0645 5.0499
vt 25.9048 -36.3058 0.0000
vt 25.9048 -36.3058 5.0499
vt 26.4886 -35.6795 0.0000
vt 26.4886 -35.6795 5.0499
vt 27.1014 -35.1591 0.0000
vt 27.1014 -35.1591 5.0499
vt 27.7359 -34.7181 0.0000
vt 27.7359 -34.7181 5.0499
vt 28.3850 -34.3302 0.0000
vt 28.3850 -34.3302 5.0499
vt 29.0413 -33.9687 0.0000
vt 29.0413 -33.9687 5.0499
vt 29.0738 -16.6921 0.0000
vt 29.0738 -16.6921 5.0499
vt 26.3609 -32.3815 4.7098
vt 26.2802 -32.4620 4.7098
vt 25.4634 -33.0295 4.7098
vt 24.6323 -33.7353 4.7098
vt 23.8271 -34.5992 4.7098
vt 23.0847 -35.6281 4.7098
vt 22.4331 -36.8145 4.7098
vt 21.9162 -38.0479 4.7098
vt 21.5531 -39.2320 4.7098
vt 21.3216 -40.3666 4.7098
vt 21.1981 -41.4388 4.7098
vt 21.0997 -41.4452 4.7098
vt 18.6560 -38.7276 1.1514
vt 18.8928 -38.6777 1.1514
vt 18.9165 -38.5604 1.1514
vt 19.3576 -37.1220 1.1514
vt 19.9820 -35.6319 1.1514
vt 20.7831 -34.1734 1.1514
vt 21.7230 -32.8708 1.1514
vt 22.7524 -31.7664 1.1514
vt 23.4771 -31.0810 1.1514
vt 23.6464 -30.6834 1.1514
vt 23.6679 -16.6921 1.1514
vt 26.2802 -32.4620 0.7383
vt 25.4634 -33.0295 0.7383
vt 24.6323 -33.7353 0.7383
vt 23.8271 -34.5992 0.7383
vt 23.0847 -35.6281 0.7383
vt 22.4331 -36.8145 0.7383
vt 21.9162 -38.0479 0.7383
vt 21.5531 -39.2320 0.7383
vt 21.3216 -40.3666 0.7383
vt 21.1981 -41.4388 0.7383
vt 21.0997 -41.4452 0.7383
vt 26.3609 -32.3815 0.7383
vt 25.0031 -31.8169 0.4503
vt 24.8733 -31.8406 0.4503
vt 24.6340 -31.9512 0.4503
vt 23.6923 -32.7509 0.4503
vt 22.7751 -33.7350 0.4503
vt 21.9339 -34.9007 0.4503
vt 21.2076 -36.2232 0.4503
vt 20.6369 -37.5849 0.4503
vt 20.2348 -38.8962 0.4503
vt 19.9785 -40.1526 0.4503
vt 19.9780 -40.1564 0.4503
vt 19.0411 -40.0863 0.4503
vt 25.0031 -31.8169 4.6387
vt 24.6340 -31.9512 4.6387
vt 23.6923 -32.7509 4.6387
vt 22.7751 -33.7350 4.6387
vt 21.9339 -34.9007 4.6387
vt 21.2076 -36.2232 4.6387
vt 20.6369 -37.5849 4.6387
vt 20.2348 -38.8962 4.6387
vt 19.9785 -40.1526 4.6387
vt 19.9780 -40.1564 4.6387
vt 19.0411 -40.0863 4.6387
vt 23.6464 -30.6834 4.3507
vt 23.4771 -31.0810 4.3507
vt 22.7524 -31.7664 4.3507
vt 21.7230 -32.8708 4.3507
vt 20.7831 -34.1734 4.3507
vt 19.9820 -35.6319 4.3507
vt 19.3576 -37.1220 4.3507
vt 18.9165 -38.5604 4.3507
vt 18.8928 -38.6777 4.3507
vt 18.6560 -38.7276 4.3507
vt -4.4470 -16.6921 4.7098
vt -4.4470 -16.6921 0.7383
vt -3.0857 -16.6921 0.4503
vt -3.0857 -16.6921 4.6387
vt -1.7245 -16.6921 4.3507
vt 26.3903 -16.6921 4.7098
vt 26.3903 -16.6921 0.7383
vt 25.0291 -16.6921 0.4503
vt 25.0291 -16.6921 4.6387
vt 23.6679 -16.6921 4.3507
vt -1.9236 10.7469 0.0000
vt -1.8985 9.9309 0.0000
vt -1.8985 9.9309 5.0499
vt -1.9236 10.7469 5.0499
vt -1.8942 9.1071 0.0000
vt -1.8942 9.1071 5.0499
vt -1.9314 8.2677 0.0000
vt -1.9314 8.2677 5.0499
vt -2.0308 7.4049 0.0000
vt -2.0308 7.4049 5.0499
vt -2.2132 6.5109 0.0000
vt -2.2132 6.5109 5.0499
vt -2.4993 5.5778 0.0000
vt -2.4993 5.5778 5.0499
vt -2.9099 4.5979 0.0000
vt -2.9099 4.5979 5.0499
vt -3.4139 3.6802 0.0000
vt -3.4139 3.6802 5.0499
vt -3.9614 2.9215 0.0000
vt -3.9614 2.9215 5.0499
vt -4.5452 2.2952 0.0000
vt -4.5452 2.2952 5.0499
vt -5.1580 1.7748 0.0000
vt -5.1580 1.7748 5.0499
vt -5.7926 1.3338 0.0000
vt -5.7926 1.3338 5.0499
vt -6.4416 0.9459 0.0000
vt -6.4416 0.9459 5.0499
vt -7.0979 0.5844 0.0000
vt -7.0979 0.5844 5.0499
vt -4.4175 -1.0028 4.7098
vt -4.3368 -0.9223 4.7098
vt -3.5200 -0.3548 4.7098
vt -2.6889 0.3510 4.7098
vt -1.8838 1.2149 4.7098
vt -1.1413 2.2438 4.7098
vt -0.4897 3.4302 4.7098
vt 0.0271 4.6636 4.7098
vt 0.3903 5.8477 4.7098
vt 0.6218 6.9823 4.7098
vt 0.7453 8.0545 4.7098
vt 0.8437 8.0609 4.7098
vt 10.9717 8.0518 4.7098
vt 10.9717 10.7352 5.0499
vt 3.2874 5.3433 1.1514
vt 3.0506 5.2934 1.1514
vt 3.0269 5.1761 1.1514
vt 2.5858 3.7377 1.1514
vt 1.9614 2.2476 1.1514
vt 1.1603 0.7891 1.1514
vt 0.2204 -0.5135 1.1514
vt -0.8090 -1.6179 1.1514
vt -1.5337 -2.3033 1.1514
vt -1.7030 -2.7009 1.1514
vt 10.9717 5.3356 1.1514
vt -4.3368 -0.9223 0.7383
vt -3.5200 -0.3548 0.7383
vt -2.6889 0.3510 0.7383
vt -1.8838 1.2149 0.7383
vt -1.1413 2.2438 0.7383
vt -0.4897 3.4302 0.7383
vt 0.0271 4.6636 0.7383
vt 0.3903 5.8477 0.7383
vt 0.6218 6.9823 0.7383
vt 0.7453 8.0545 0.7383
vt 0.8437 8.0609 0.7383
vt 10.9717 8.0518 0.7383
vt -4.4175 -1.0028 0.7383
vt -3.0597 -1.5674 0.4503
vt -2.9299 -1.5437 0.4503
vt -2.6906 -1.4331 0.4503
vt -1.7489 -0.6334 0.4503
vt -0.8317 0.3507 0.4503
vt 0.0095 1.5165 0.4503
vt 0.7358 2.8389 0.4503
vt 1.3065 4.2007 0.4503
vt 1.7086 5.5119 0.4503
vt 1.9649 6.7683 0.4503
vt 1.9654 6.7721 0.4503
vt 2.9023 6.7021 0.4503
vt 10.9717 6.6930 0.4503
vt -3.0597 -1.5674 4.6387
vt -2.6906 -1.4331 4.6387
vt -1.7489 -0.6334 4.6387
vt -0.8317 0.3507 4.6387
vt 0.0095 1.5165 4.6387
vt 0.7358 2.8389 4.6387
vt 1.3065 4.2007 4.6387
vt 1.7086 5.5119 4.6387
vt 1.9649 6.7683 4.6387
vt 1.9654 6.7721 4.6387
vt 2.9023 6.7021 4.6387
vt 10.9717 6.6930 4.6387
vt -1.7030 -2.7009 4.3507
vt -1.5337 -2.3033 4.3507
vt -0.8090 -1.6179 4.3507
vt 0.2204 -0.5135 4.3507
vt 1.1603 0.7891 4.3507
vt 1.9614 2.2476 4.3507
vt 2.5858 3.7377 4.3507
vt 3.0269 5.1761 4.3507
vt 3.0506 5.2934 4.3507
vt 3.2874 5.3433 4.3507
vt 10.9717 5.3356 4.3507
vt 10.9717 10.7352 0.0000
vt 23.8670 10.7469 0.0000
vt 23.8670 10.7469 5.0499
vt 23.8419 9.9309 5.0499
vt 23.8419 9.9309 0.0000
vt 23.8376 9.1071 5.0499
vt 23.8376 9.1071 0.0000
vt 23.8747 8.2677 5.0499
vt 23.8747 8.2677 0.0000
vt 23.9741 7.4049 5.0499
vt 23.9741 7.4049 0.0000
vt 24.1566 6.5109 5.0499
vt 24.1566 6.5109 0.0000
vt 24.4427 5.5778 5.0499
vt 24.4427 5.5778 0.0000
vt 24.8533 4.5979 5.0499
vt 24.8533 4.5979 0.0000
vt 25.3573 3.6802 5.0499
vt 25.3573 3.6802 0.0000
vt 25.9048 2.9215 5.0499
vt 25.9048 2.9215 0.0000
vt 26.4886 2.2952 5.0499
vt 26.4886 2.2952 0.0000
vt 27.1014 1.7748 5.0499
vt 27.1014 1.7748 0.0000
vt 27.7359 1.3338 5.0499
vt 27.7359 1.3338 0.0000
vt 28.3850 0.9459 5.0499
vt 28.3850 0.9459 0.0000
vt 29.0413 0.5844 5.0499
vt 29.0413 0.5844 0.0000
vt 26.2802 -0.9223 4.7098
vt 26.3609 -1.0028 4.7098
vt 25.4634 -0.3548 4.7098
vt 24.6323 0.3510 4.7098
vt 23.8271 1.2149 4.7098
vt 23.0847 2.2438 4.7098
vt 22.4331 3.4302 4.7098
vt 21.9162 4.6636 4.7098
vt 21.5531 5.8477 4.7098
vt 21.3216 6.9823 4.7098
vt 21.1981 8.0545 4.7098
vt 21.0997 8.0609 4.7098
vt 18.6560 5.3433 1.1514
vt 23.6464 -2.7009 1.1514
vt 23.4771 -2.3033 1.1514
vt 22.7524 -1.6179 1.1514
vt 21.7230 -0.5135 1.1514
vt 20.7831 0.7891 1.1514
vt 19.9820 2.2476 1.1514
vt 19.3576 3.7377 1.1514
vt 18.9165 5.1761 1.1514
vt 18.8928 5.2934 1.1514
vt 25.4634 -0.3548 0.7383
vt 26.2802 -0.9223 0.7383
vt 24.6323 0.3510 0.7383
vt 23.8271 1.2149 0.7383
vt 23.0847 2.2438 0.7383
vt 22.4331 3.4302 0.7383
vt 21.9162 4.6636 0.7383
vt 21.5531 5.8477 0.7383
vt 21.3216 6.9823 0.7383
vt 21.1981 8.0545 0.7383
vt 21.0997 8.0609 0.7383
vt 26.3609 -1.0028 0.7383
vt 24.8733 -1.5437 0.4503
vt 25.0031 -1.5674 0.4503
vt 24.6340 -1.4331 0.4503
vt 23.6923 -0.6334 0.4503
vt 22.7751 0.3507 0.4503
vt 21.9339 1.5165 0.4503
vt 21.2076 2.8389 0.4503
vt 20.6369 4.2007 0.4503
vt 20.2348 5.5119 0.4503
vt 19.9785 6.7683 0.4503
vt 19.9780 6.7721 0.4503
vt 19.0411 6.7021 0.4503
vt 24.6340 -1.4331 4.6387
vt 25.0031 -1.5674 4.6387
vt 23.6923 -0.6334 4.6387
vt 22.7751 0.3507 4.6387
vt 21.9339 1.5165 4.6387
vt 21.2076 2.8389 4.6387
vt 20.6369 4.2007 4.6387
vt 20.2348 5.5119 4.6387
vt 19.9785 6.7683 4.6387
vt 19.9780 6.7721 4.6387
vt 19.0411 6.7021 4.6387
vt 23.6464 -2.7009 4.3507
vt 23.4771 -2.3033 4.3507
vt 22.7524 -1.6179 4.3507
vt 21.7230 -0.5135 4.3507
vt 20.7831 0.7891 4.3507
vt 19.9820 2.2476 4.3507
vt 19.3576 3.7377 4.3507
vt 18.9165 5.1761 4.3507
vt 18.8928 5.2934 4.3507
vt 18.6560 5.3433 4.3507
vt -8.5649 0.3699 3.4936
vt 4.6874 -9.4156 3.4936
vt 4.8436 -8.8410 3.4936
vt 5.0194 -8.2827 3.4936
vt 5.2345 -7.7571 3.4936
vt 5.5084 -7.2804 3.4936
vt 5.8607 -6.8690 3.4936
vt 6.3111 -6.5392 3.4936
vt 6.8792 -6.3072 3.4936
vt 7.4579 -6.1573 3.4936
vt 7.9382 -6.0571 3.4936
vt 8.3364 -5.9983 3.4936
vt 8.6689 -5.9726 3.4936
vt 8.9522 -5.9523 3.4936
vt 9.2027 -5.9451 3.4936
vt 9.4113 -5.9435 3.4936
vt 9.4113 -1.4595 3.4936
vt 8.5297 -1.3474 3.4936
vt 7.5111 -1.1993 3.4936
vt 6.4960 -1.0144 3.4936
vt 5.4864 -0.7744 3.4936
vt 4.4841 -0.4609 3.4936
vt 3.4908 -0.0554 3.4936
vt 2.5084 0.4603 3.4936
vt 1.6121 1.0121 3.4936
vt 0.8637 1.5136 3.4936
vt 0.2446 1.9646 3.4936
vt -0.2638 2.3650 3.4936
vt -0.6800 2.7145 3.4936
vt -1.0226 3.0131 3.4936
vt -1.3102 3.2606 3.4936
vt -1.5827 3.4976 3.4936
vt -1.8664 3.7618 3.4936
vt -2.1594 4.0486 3.4936
vt -2.4598 4.3536 3.4936
vt -2.7658 4.6721 3.4936
vt -3.0755 4.9997 3.4936
vt -3.3870 5.3318 3.4936
vt -3.8749 5.1530 3.4936
vt -4.3610 4.9670 3.4936
vt -4.8435 4.7666 3.4936
vt -5.3205 4.5444 3.4936
vt -5.7903 4.2932 3.4936
vt -6.2510 4.0058 3.4936
vt -6.7009 3.6749 3.4936
vt -7.1084 3.2959 3.4936
vt -7.4508 2.8740 3.4936
vt -7.7388 2.4162 3.4936
vt -7.9834 1.9297 3.4936
vt -8.1953 1.4217 3.4936
vt -8.3855 0.8994 3.4936
vt -8.5649 0.3699 0.0000
vt 4.6874 -9.4156 0.0000
vt 4.8436 -8.8410 0.0000
vt 5.0194 -8.2827 0.0000
vt 5.2345 -7.7571 0.0000
vt 5.5084 -7.2804 0.0000
vt 5.8607 -6.8690 0.0000
vt 6.3111 -6.5392 0.0000
vt 6.8792 -6.3072 0.0000
vt 7.4579 -6.1573 0.0000
vt 7.9382 -6.0571 0.0000
vt 8.3364 -5.9983 0.0000
vt 8.6689 -5.9726 0.0000
vt 8.9522 -5.9523 0.0000
vt 9.2027 -5.9451 0.0000
vt 9.4113 -5.9435 0.0000
vt 8.5297 -1.3474 0.0000
vt 7.5111 -1.1993 0.0000
vt 6.4960 -1.0144 0.0000
vt 5.4864 -0.7744 0.0000
vt 4.4841 -0.4609 0.0000
vt 3.4908 -0.0554 0.0000
vt 2.5084 0.4603 0.0000
vt 1.6121 1.0121 0.0000
vt 0.8637 1.5136 0.0000
vt 0.2446 1.9646 0.0000
vt -0.2638 2.3650 0.0000
vt -0.6800 2.7145 0.0000
vt -1.0226 3.0131 0.0000
vt -1.3102 3.2606 0.0000
vt -1.5827 3.4976 0.0000
vt -1.8664 3.7618 0.0000
vt -2.1594 4.0486 0.0000
vt -2.4598 4.3536 0.0000
vt -2.7658 4.6721 0.0000
vt -3.0755 4.9997 0.0000
vt -3.3870 5.3318 0.0000
vt -3.8749 5.1530 0.0000
vt -4.3610 4.9670 0.0000
vt -4.8435 4.7666 0.0000
vt -5.3205 4.5444 0.0000
vt -5.7903 4.2932 0.0000
vt -6.2510 4.0058 0.0000
vt -6.7009 3.6749 0.0000
vt -7.1084 3.2959 0.0000
vt -7.4508 2.8740 0.0000
vt -7.7388 2.4162 0.0000
vt -7.9834 1.9297 0.0000
vt -8.1953 1.4217 0.0000
vt -8.3855 0.8994 0.0000
vt 9.4113 -1.4595 0.0000
vt 27.3874 0.3699 3.4936
vt 27.2081 0.8994 3.4936
vt 27.0179 1.4217 3.4936
vt 26.8059 1.9297 3.4936
vt 26.5614 2.4162 3.4936
vt 26.2733 2.8740 3.4936
vt 25.9310 3.2959 3.4936
vt 25.5234 3.6749 3.4936
vt 25.0735 4.0058 3.4936
vt 24.6128 4.2932 3.4936
vt 24.1430 4.5444 3.4936
vt 23.6660 4.7666 3.4936
vt 23.1835 4.9670 3.4936
vt 22.6975 5.1530 3.4936
vt 22.2096 5.3318 3.4936
vt 21.8980 4.9997 3.4936
vt 21.5883 4.6721 3.4936
vt 21.2823 4.3536 3.4936
vt 20.9819 4.0486 3.4936
vt 20.6889 3.7618 3.4936
vt 20.4053 3.4976 3.4936
vt 20.1328 3.2606 3.4936
vt 19.8452 3.0131 3.4936
vt 19.5025 2.7145 3.4936
vt 19.0863 2.3650 3.4936
vt 18.5779 1.9646 3.4936
vt 17.9588 1.5136 3.4936
vt 17.2104 1.0121 3.4936
vt 16.3142 0.4603 3.4936
vt 15.3317 -0.0554 3.4936
vt 14.3384 -0.4609 3.4936
vt 13.3361 -0.7744 3.4936
vt 12.3265 -1.0144 3.4936
vt 11.3114 -1.1993 3.4936
vt 10.2928 -1.3474 3.4936
vt 9.6199 -5.9451 3.4936
vt 9.8703 -5.9523 3.4936
vt 10.1536 -5.9726 3.4936
vt 10.4861 -5.9983 3.4936
vt 10.8843 -6.0571 3.4936
vt 11.3646 -6.1573 3.4936
vt 11.9433 -6.3072 3.4936
vt 12.5114 -6.5392 3.4936
vt 12.9618 -6.8690 3.4936
vt 13.3141 -7.2804 3.4936
vt 13.5880 -7.7571 3.4936
vt 13.8031 -8.2827 3.4936
vt 13.9789 -8.8410 3.4936
vt 14.1351 -9.4156 3.4936
vt 27.3874 0.3699 0.0000
vt 14.1351 -9.4156 0.0000
vt 13.9789 -8.8410 0.0000
vt 13.8031 -8.2827 0.0000
vt 13.5880 -7.7571 0.0000
vt 13.3141 -7.2804 0.0000
vt 12.9618 -6.8690 0.0000
vt 12.5114 -6.5392 0.0000
vt 11.9433 -6.3072 0.0000
vt 11.3646 -6.1573 0.0000
vt 10.8843 -6.0571 0.0000
vt 10.4861 -5.9983 0.0000
vt 10.1536 -5.9726 0.0000
vt 9.8703 -5.9523 0.0000
vt 9.6199 -5.9451 0.0000
vt 10.2928 -1.3474 0.0000
vt 11.3114 -1.1993 0.0000
vt 12.3265 -1.0144 0.0000
vt 13.3361 -0.7744 0.0000
vt 14.3384 -0.4609 0.0000
vt 15.3317 -0.0554 0.0000
vt 16.3142 0.4603 0.0000
vt 17.2104 1.0121 0.0000
vt 17.9588 1.5136 0.0000
vt 18.5779 1.9646 0.0000
vt 19.0863 2.3650 0.0000
vt 19.5025 2.7145 0.0000
vt 19.8452 3.0131 0.0000
vt 20.1328 3.2606 0.0000
vt 20.4053 3.4976 0.0000
vt 20.6889 3.7618 0.0000
vt 20.9819 4.0486 0.0000
vt 21.2823 4.3536 0.0000
vt 21.5883 4.6721 0.0000
vt 21.8980 4.9997 0.0000
vt 22.2096 5.3318 0.0000
vt 22.6975 5.1530 0.0000
vt 23.1835 4.9670 0.0000
vt 23.6660 4.7666 0.0000
vt 24.1430 4.5444 0.0000
vt 24.6128 4.2932 0.0000
vt 25.0735 4.0058 0.0000
vt 25.5234 3.6749 0.0000
vt 25.9310 3.2959 0.0000
vt 26.2733 2.8740 0.0000
vt 26.5614 2.4162 0.0000
vt 26.8059 1.9297 0.0000
vt 27.0179 1.4217 0.0000
vt 27.2081 0.8994 0.0000
vt 8.5715 0.2670 3.6071
vt 9.4825 0.0810 3.6071
vt 9.4825 33.5976 3.6071
vt 9.2351 33.5997 3.6071
vt 8.7512 33.6266 3.6071
vt 8.2043 33.6996 3.6071
vt 7.5628 33.8418 3.6071
vt 6.7952 34.0762 3.6071
vt 5.8700 34.4259 3.6071
vt 4.7557 34.9139 3.6071
vt 3.6303 35.4874 3.6071
vt 2.6742 36.0762 3.6071
vt 1.8591 36.6778 3.6071
vt 1.1568 37.2896 3.6071
vt 0.5390 37.9092 3.6071
vt -0.0223 38.5338 3.6071
vt -0.5553 39.1610 3.6071
vt -4.0361 37.1107 3.6071
vt -3.9014 36.3152 3.6071
vt -3.7756 35.5121 3.6071
vt -3.6675 34.6939 3.6071
vt -3.5860 33.8530 3.6071
vt -3.5401 32.9818 3.6071
vt -3.5385 32.0727 3.6071
vt -3.5902 31.1183 3.6071
vt -3.6935 30.1644 3.6071
vt -3.8363 29.2569 3.6071
vt -4.0120 28.3880 3.6071
vt -4.2140 27.5501 3.6071
vt -4.4358 26.7354 3.6071
vt -4.6708 25.9361 3.6071
vt -4.9124 25.1445 3.6071
vt -4.4444 23.7926 3.6071
vt -3.9909 22.4294 3.6071
vt -3.5662 21.0438 3.6071
vt -3.1848 19.6245 3.6071
vt -2.8610 18.1602 3.6071
vt -2.6094 16.6397 3.6071
vt -2.4443 15.0519 3.6071
vt -2.3494 13.4962 3.6071
vt -2.2941 12.0659 3.6071
vt -2.2718 10.7400 3.6071
vt -2.2761 9.4976 3.6071
vt -2.3001 8.3180 3.6071
vt -2.3374 7.1800 3.6071
vt -2.3813 6.0630 3.6071
vt -1.6017 5.3575 3.6071
vt -0.8229 4.6657 3.6071
vt -0.0453 4.0014 3.6071
vt 0.7302 3.3783 3.6071
vt 1.5031 2.8100 3.6071
vt 2.2727 2.3104 3.6071
vt 3.0383 1.8932 3.6071
vt 3.8369 1.5440 3.6071
vt 4.6991 1.2350 3.6071
vt 5.6143 0.9596 3.6071
vt 6.5718 0.7109 3.6071
vt 7.5611 0.4822 3.6071
vt 8.5715 0.2670 0.0000
vt 9.4825 0.0810 0.0000
vt 9.2351 33.5997 0.0000
vt 8.7512 33.6266 0.0000
vt 8.2043 33.6996 0.0000
vt 7.5628 33.8418 0.0000
vt 6.7952 34.0762 0.0000
vt 5.8700 34.4259 0.0000
vt 4.7557 34.9139 0.0000
vt 3.6303 35.4874 0.0000
vt 2.6742 36.0762 0.0000
vt 1.8591 36.6778 0.0000
vt 1.1568 37.2896 0.0000
vt 0.5390 37.9092 0.0000
vt -0.0223 38.5338 0.0000
vt -0.5553 39.1610 0.0000
vt -4.0361 37.1107 0.0000
vt -3.9014 36.3152 0.0000
vt -3.7756 35.5121 0.0000
vt -3.6675 34.6939 0.0000
vt -3.5860 33.8530 0.0000
vt -3.5401 32.9818 0.0000
vt -3.5385 32.0727 0.0000
vt -3.5902 31.1183 0.0000
vt -3.6935 30.1644 0.0000
vt -3.8363 29.2569 0.0000
vt -4.0120 28.3880 0.0000
vt -4.2140 27.5501 0.0000
vt -4.4358 26.7354 0.0000
vt -4.6708 25.9361 0.0000
vt -4.9124 25.1445 0.0000
vt -4.4444 23.7926 0.0000
vt -3.9909 22.4294 0.0000
vt -3.5662 21.0438 0.0000
vt -3.1848 19.6245 0.0000
vt -2.8610 18.1602 0.0000
vt -2.6094 16.6397 0.0000
vt -2.4443 15.0519 0.0000
vt -2.3494 13.4962 0.0000
vt -2.2941 12.0659 0.0000
vt -2.2718 10.7400 0.0000
vt -2.2761 9.4976 0.0000
vt -2.3001 8.3180 0.0000
vt -2.3374 7.1800 0.0000
vt -2.3813 6.0630 0.0000
vt -1.6017 5.3575 0.0000
vt -0.8229 4.6657 0.0000
vt -0.0453 4.0014 0.0000
vt 0.7302 3.3783 0.0000
vt 1.5031 2.8100 0.0000
vt 2.2727 2.3104 0.0000
vt 3.0383 1.8932 0.0000
vt 3.8369 1.5440 0.0000
vt 4.6991 1.2350 0.0000
vt 5.6143 0.9596 0.0000
vt 6.5718 0.7109 0.0000
vt 7.5611 0.4822 0.0000
vt 9.4825 33.5976 0.0000
vt 10.3935 0.2670 3.6071
vt 11.4039 0.4822 3.6071
vt 12.3932 0.7109 3.6071
vt 13.3507 0.9596 3.6071
vt 14.2659 1.2350 3.6071
vt 15.1281 1.5440 3.6071
vt 15.9267 1.8932 3.6071
vt 16.6923 2.3104 3.6071
vt 17.4619 2.8100 3.6071
vt 18.2348 3.3783 3.6071
vt 19.0104 4.0014 3.6071
vt 19.7879 4.6657 3.6071
vt 20.5668 5.3575 3.6071
vt 21.3463 6.0630 3.6071
vt 21.3024 7.1800 3.6071
vt 21.2651 8.3180 3.6071
vt 21.2411 9.4976 3.6071
vt 21.2369 10.7400 3.6071
vt 21.2591 12.0659 3.6071
vt 21.3144 13.4962 3.6071
vt 21.4093 15.0519 3.6071
vt 21.5744 16.6397 3.6071
vt 21.8260 18.1602 3.6071
vt 22.1498 19.6245 3.6071
vt 22.5312 21.0438 3.6071
vt 22.9559 22.4294 3.6071
vt 23.4095 23.7926 3.6071
vt 23.8774 25.1445 3.6071
vt 23.6358 25.9361 3.6071
vt 23.4009 26.7354 3.6071
vt 23.1790 27.5501 3.6071
vt 22.9770 28.3880 3.6071
vt 22.8013 29.2569 3.6071
vt 22.6585 30.1644 3.6071
vt 22.5553 31.1183 3.6071
vt 22.5035 32.0727 3.6071
vt 22.5051 32.9818 3.6071
vt 22.5510 33.8530 3.6071
vt 22.6325 34.6939 3.6071
vt 22.7406 35.5121 3.6071
vt 22.8664 36.3152 3.6071
vt 23.0011 37.1107 3.6071
vt 19.5204 39.1610 3.6071
vt 18.9873 38.5338 3.6071
vt 18.4260 37.9092 3.6071
vt 17.8083 37.2896 3.6071
vt 17.1059 36.6778 3.6071
vt 16.2908 36.0762 3.6071
vt 15.3347 35.4874 3.6071
vt 14.2093 34.9139 3.6071
vt 13.0950 34.4259 3.6071
vt 12.1698 34.0762 3.6071
vt 11.4022 33.8418 3.6071
vt 10.7608 33.6996 3.6071
vt 10.2138 33.6266 3.6071
vt 9.7300 33.5997 3.6071
vt 10.3935 0.2670 0.0000
vt 9.7300 33.5997 0.0000
vt 10.2138 33.6266 0.0000
vt 10.7608 33.6996 0.0000
vt 11.4022 33.8418 0.0000
vt 12.1698 34.0762 0.0000
vt 13.0950 34.4259 0.0000
vt 14.2093 34.9139 0.0000
vt 15.3347 35.4874 0.0000
vt 16.2908 36.0762 0.0000
vt 17.1059 36.6778 0.0000
vt 17.8083 37.2896 0.0000
vt 18.4260 37.9092 0.0000
vt 18.9873 38.5338 0.0000
vt 19.5204 39.1610 0.0000
vt 23.0011 37.1107 0.0000
vt 22.8664 36.3152 0.0000
vt 22.7406 35.5121 0.0000
vt 22.6325 34.6939 0.0000
vt 22.5510 33.8530 0.0000
vt 22.5051 32.9818 0.0000
vt 22.5035 32.0727 0.0000
vt 22.5553 31.1183 0.0000
vt 22.6585 30.1644 0.0000
vt 22.8013 29.2569 0.0000
vt 22.9770 28.3880 0.0000
vt 23.1790 27.5501 0.0000
vt 23.4009 26.7354 0.0000
vt 23.6358 25.9361 0.0000
vt 23.8774 25.1445 0.0000
vt 23.4095 23.7926 0.0000
vt 22.9559 22.4294 0.0000
vt 22.5312 21.0438 0.0000
vt 22.1498 19.6245 0.0000
vt 21.8260 18.1602 0.0000
vt 21.5744 16.6397 0.0000
vt 21.4093 15.0519 0.0000
vt 21.3144 13.4962 0.0000
vt 21.2591 12.0659 0.0000
vt 21.2369 10.7400 0.0000
vt 21.2411 9.4976 0.0000
vt 21.2651 8.3180 0.0000
vt 21.3024 7.1800 0.0000
vt 21.3463 6.0630 0.0000
vt 20.5668 5.3575 0.0000
vt 19.7879 4.6657 0.0000
vt 19.0104 4.0014 0.0000
vt 18.2348 3.3783 0.0000
vt 17.4619 2.8100 0.0000
vt 16.6923 2.3104 0.0000
vt 15.9267 1.8932 0.0000
vt 15.1281 1.5440 0.0000
vt 14.2659 1.2350 0.0000
vt 13.3507 0.9596 0.0000
vt 12.3932 0.7109 0.0000
vt 11.4039 0.4822 0.0000
vt 24.5370 0.0000 0.0000
vt 24.5370 0.7354 0.0000
vt 23.5147 0.7354 0.0000
vt 23.5147 0.0000 0.0000
vt 24.5370 1.4708 0.0000
vt 23.5147 1.4708 0.0000
vt 24.5370 2.2062 0.0000
vt 23.5147 2.2062 0.0000
vt 24.5370 2.9416 0.0000
vt 23.5147 2.9416 0.0000
vt 24.5370 3.6770 0.0000
vt 23.5147 3.6770 0.0000
vt 24.5370 4.4124 0.0000
vt 23.5147 4.4124 0.0000
vt 24.5370 5.1478 0.0000
vt 23.5147 5.1478 0.0000
vt 24.5370 5.8832 0.0000
vt 23.5147 5.8832 0.0000
vt 24.5370 6.6186 0.0000
vt 23.5147 6.6186 0.0000
vt 24.5370 7.3540 0.0000
vt 23.5147 7.3540 0.0000
vt 24.5370 8.0894 0.0000
vt 23.5147 8.0894 0.0000
vt 24.5370 8.8248 0.0000
vt 23.5147 8.8248 0.0000
vt 22.4923 0.7354 0.0000
vt 22.4923 0.0000 0.0000
vt 22.4923 1.4708 0.0000
vt 22.4923 2.2062 0.0000
vt 22.4923 2.9416 0.0000
vt 22.4923 3.6770 0.0000
vt 22.4923 4.4124 0.0000
vt 22.4923 5.1478 0.0000
vt 22.4923 5.8832 0.0000
vt 22.4923 6.6186 0.0000
vt 22.4923 7.3540 0.0000
vt 22.4923 8.0894 0.0000
vt 22.4923 8.8248 0.0000
vt 21.4699 0.7354 0.0000
vt 21.4699 0.0000 0.0000
vt 21.4699 1.4708 0.0000
vt 21.4699 2.2062 0.0000
vt 21.4699 2.9416 0.0000
vt 21.4699 3.6770 0.0000
vt 21.4699 4.4124 0.0000
vt 21.4699 5.1478 0.0000
vt 21.4699 5.8832 0.0000
vt 21.4699 6.6186 0.0000
vt 21.4699 7.3540 0.0000
vt 21.4699 8.0894 0.0000
vt 21.4699 8.8248 0.0000
vt 20.4475 0.7354 0.0000
vt 20.4475 0.0000 0.0000
vt 20.4475 1.4708 0.0000
vt 20.4475 2.2062 0.0000
vt 20.4475 2.9416 0.0000
vt 20.4475 3.6770 0.0000
vt 20.4475 4.4124 0.0000
vt 20.4475 5.1478 0.0000
vt 20.4475 5.8832 0.0000
vt 20.4475 6.6186 0.0000
vt 20.4475 7.3540 0.0000
vt 20.4475 8.0894 0.0000
vt 20.4475 8.8248 0.0000
vt 19.4252 0.7354 0.0000
vt 19.4252 0.0000 0.0000
vt 19.4252 1.4708 0.0000
vt 19.4252 2.2062 0.0000
vt 19.4252 2.9416 0.0000
vt 19.4252 3.6770 0.0000
vt 19.4252 4.4124 0.0000
vt 19.4252 5.1478 0.0000
vt 19.4252 5.8832 0.0000
vt 19.4252 6.6186 0.0000
vt 19.4252 7.3540 0.0000
vt 19.4252 8.0894 0.0000
vt 19.4252 8.8248 0.0000
vt 18.4028 0.7354 0.0000
vt 18.4028 0.0000 0.0000
vt 18.4028 1.4708 0.0000
vt 18.4028 2.2062 0.0000
vt 18.4028 2.9416 0.0000
vt 18.4028 3.6770 0.0000
vt 18.4028 4.4124 0.0000
vt 18.4028 5.1478 0.0000
vt 18.4028 5.8832 0.0000
vt 18.4028 6.6186 0.0000
vt 18.4028 7.3540 0.0000
vt 18.4028 8.0894 0.0000
vt 18.4028 8.8248 0.0000
vt 17.3804 0.7354 0.0000
vt 17.3804 0.0000 0.0000
vt 17.3804 1.4708 0.0000
vt 17.3804 2.2062 0.0000
vt 17.3804 2.9416 0.0000
vt 17.3804 3.6770 0.0000
vt 17.3804 4.4124 0.0000
vt 17.3804 5.1478 0.0000
vt 17.3804 5.8832 0.0000
vt 17.3804 6.6186 0.0000
vt 17.3804 7.3540 0.0000
vt 17.3804 8.0894 0.0000
vt 17.3804 8.8248 0.0000
vt 16.3580 0.7354 0.0000
vt 16.3580 0.0000 0.0000
vt 16.3580 1.4708 0.0000
vt 16.3580 2.2062 0.0000
vt 16.3580 2.9416 0.0000
vt 16.3580 3.6770 0.0000
vt 16.3580 4.4124 0.0000
vt 16.3580 5.1478 0.0000
vt 16.3580 5.8832 0.0000
vt 16.3580 6.6186 0.0000
vt 16.3580 7.3540 0.0000
vt 16.3580 8.0894 0.0000
vt 16.3580 8.8248 0.0000
vt 15.3357 0.7354 0.0000
vt 15.3357 0.0000 0.0000
vt 15.3357 1.4708 0.0000
vt 15.3357 2.2062 0.0000
vt 15.3357 2.9416 0.0000
vt 15.3357 3.6770 0.0000
vt 15.3357 4.4124 0.0000
vt 15.3357 5.1478 0.0000
vt 15.3357 5.8832 0.0000
vt 15.3357 6.6186 0.0000
vt 15.3357 7.3540 0.0000
vt 15.3357 8.0894 0.0000
vt 15.3357 8.8248 0.0000
vt 14.3133 0.7354 0.0000
vt 14.3133 0.0000 0.0000
vt 14.3133 1.4708 0.0000
vt 14.3133 2.2062 0.0000
vt 14.3133 2.9416 0.0000
vt 14.3133 3.6770 0.0000
vt 14.3133 4.4124 0.0000
vt 14.3133 5.1478 0.0000
vt 14.3133 5.8832 0.0000
vt 14.3133 6.6186 0.0000
vt 14.3133 7.3540 0.0000
vt 14.3133 8.0894 0.0000
vt 14.3133 8.8248 0.0000
vt 13.2909 0.7354 0.0000
vt 13.2909 0.0000 0.0000
vt 13.2909 1.4708 0.0000
vt 13.2909 2.2062 0.0000
vt 13.2909 2.9416 0.0000
vt 13.2909 3.6770 0.0000
vt 13.2909 4.4124 0.0000
vt 13.2909 5.1478 0.0000
vt 13.2909 5.8832 0.0000
vt 13.2909 6.6186 0.0000
vt 13.2909 7.3540 0.0000
vt 13.2909 8.0894 0.0000
vt 13.2909 8.8248 0.0000
vt 12.2685 0.7354 0.0000
vt 12.2685 0.0000 0.0000
vt 12.2685 1.4708 0.0000
vt 12.2685 2.2062 0.0000
vt 12.2685 2.9416 0.0000
vt 12.2685 3.6770 0.0000
vt 12.2685 4.4124 0.0000
vt 12.2685 5.1478 0.0000
vt 12.2685 5.8832 0.0000
vt 12.2685 6.6186 0.0000
vt 12.2685 7.3540 0.0000
vt 12.2685 8.0894 0.0000
vt 12.2685 8.8248 0.0000
vt 11.2461 0.7354 0.0000
vt 11.2461 0.0000 0.0000
vt 11.2461 1.4708 0.0000
vt 11.2461 2.2062 0.0000
vt 11.2461 2.9416 0.0000
vt 11.2461 3.6770 0.0000
vt 11.2461 4.4124 0.0000
vt 11.2461 5.1478 0.0000
vt 11.2461 5.8832 0.0000
vt 11.2461 6.6186 0.0000
vt 11.2461 7.3540 0.0000
vt 11.2461 8.0894 0.0000
vt 11.2461 8.8248 0.0000
vt 10.2238 0.7354 0.0000
vt 10.2238 0.0000 0.0000
vt 10.2238 1.4708 0.0000
vt 10.2238 2.2062 0.0000
vt 10.2238 2.9416 0.0000
vt 10.2238 3.6770 0.0000
vt 10.2238 4.4124 0.0000
vt 10.2238 5.1478 0.0000
vt 10.2238 5.8832 0.0000
vt 10.2238 6.6186 0.0000
vt 10.2238 7.3540 0.0000
vt 10.2238 8.0894 0.0000
vt 10.2238 8.8248 0.0000
vt 9.2014 0.7354 0.0000
vt 9.2014 0.0000 0.0000
vt 9.2014 1.4708 0.0000
vt 9.2014 2.2062 0.0000
vt 9.2014 2.9416 0.0000
vt 9.2014 3.6770 0.0000
vt 9.2014 4.4124 0.0000
vt 9.2014 5.1478 0.0000
vt 9.2014 5.8832 0.0000
vt 9.2014 6.6186 0.0000
vt 9.2014 7.3540 0.0000
vt 9.2014 8.0894 0.0000
vt 9.2014 8.8248 0.0000
vt 8.1790 0.7354 0.0000
vt 8.1790 0.0000 0.0000
vt 8.1790 1.4708 0.0000
vt 8.1790 2.2062 0.0000
vt 8.1790 2.9416 0.0000
vt 8.1790 3.6770 0.0000
vt 8.1790 4.4124 0.0000
vt 8.1790 5.1478 0.0000
vt 8.1790 5.8832 0.0000
vt 8.1790 6.6186 0.0000
vt 8.1790 7.3540 0.0000
vt 8.1790 8.0894 0.0000
vt 8.1790 8.8248 0.0000
vt 7.1566 0.7354 0.0000
vt 7.1566 0.0000 0.0000
vt 7.1566 1.4708 0.0000
vt 7.1566 2.2062 0.0000
vt 7.1566 2.9416 0.0000
vt 7.1566 3.6770 0.0000
vt 7.1566 4.4124 0.0000
vt 7.1566 5.1478 0.0000
vt 7.1566 5.8832 0.0000
vt 7.1566 6.6186 0.0000
vt 7.1566 7.3540 0.0000
vt 7.1566 8.0894 0.0000
vt 7.1566 8.8248 0.0000
vt 6.1343 0.7354 0.0000
vt 6.1343 0.0000 0.0000
vt 6.1343 1.4708 0.0000
vt 6.1343 2.2062 0.0000
vt 6.1343 2.9416 0.0000
vt 6.1343 3.6770 0.0000
vt 6.1343 4.4124 0.0000
vt 6.1343 5.1478 0.0000
vt 6.1343 5.8832 0.0000
vt 6.1343 6.6186 0.0000
vt 6.1343 7.3540 0.0000
vt 6.1343 8.0894 0.0000
vt 6.1343 8.8248 0.0000
vt 5.1119 0.7354 0.0000
vt 5.1119 0.0000 0.0000
vt 5.1119 1.4708 0.0000
vt 5.1119 2.2062 0.0000
vt 5.1119 2.9416 0.0000
vt 5.1119 3.6770 0.0000
vt 5.1119 4.4124 0.0000
vt 5.1119 5.1478 0.0000
vt 5.1119 5.8832 0.0000
vt 5.1119 6.6186 0.0000
vt 5.1119 7.3540 0.0000
vt 5.1119 8.0894 0.0000
vt 5.1119 8.8248 0.0000
vt 4.0895 0.7354 0.0000
vt 4.0895 0.0000 0.0000
vt 4.0895 1.4708 0.0000
vt 4.0895 2.2062 0.0000
vt 4.0895 2.9416 0.0000
vt 4.0895 3.6770 0.0000
vt 4.0895 4.4124 0.0000
vt 4.0895 5.1478 0.0000
vt 4.0895 5.8832 0.0000
vt 4.0895 6.6186 0.0000
vt 4.0895 7.3540 0.0000
vt 4.0895 8.0894 0.0000
vt 4.0895 8.8248 0.0000
vt 3.0671 0.7354 0.0000
vt 3.0671 0.0000 0.0000
vt 3.0671 1.4708 0.0000
vt 3.0671 2.2062 0.0000
vt 3.0671 2.9416 0.0000
vt 3.0671 3.6770 0.0000
vt 3.0671 4.4124 0.0000
vt 3.0671 5.1478 0.0000
vt 3.0671 5.8832 0.0000
vt 3.0671 6.6186 0.0000
vt 3.0671 7.3540 0.0000
vt 3.0671 8.0894 0.0000
vt 3.0671 8.8248 0.0000
vt 2.0448 0.7354 0.0000
vt 2.0448 0.0000 0.0000
vt 2.0448 1.4708 0.0000
vt 2.0448 2.2062 0.0000
vt 2.0448 2.9416 0.0000
vt 2.0448 3.6770 0.0000
vt 2.0448 4.4124 0.0000
vt 2.0448 5.1478 0.0000
vt 2.0448 5.8832 0.0000
vt 2.0448 6.6186 0.0000
vt 2.0448 7.3540 0.0000
vt 2.0448 8.0894 0.0000
vt 2.0448 8.8248 0.0000
vt 1.0224 0.7354 0.0000
vt 1.0224 0.0000 0.0000
vt 1.0224 1.4708 0.0000
vt 1.0224 2.2062 0.0000
vt 1.0224 2.9416 0.0000
vt 1.0224 3.6770 0.0000
vt 1.0224 4.4124 0.0000
vt 1.0224 5.1478 0.0000
vt 1.0224 5.8832 0.0000
vt 1.0224 6.6186 0.0000
vt 1.0224 7.3540 0.0000
vt 1.0224 8.0894 0.0000
vt 1.0224 8.8248 0.0000
vt 0.0000 0.7354 0.0000
vt 0.0000 0.0000 0.0000
vt 0.0000 1.4708 0.0000
vt 0.0000 2.2062 0.0000
vt 0.0000 2.9416 0.0000
vt 0.0000 3.6770 0.0000
vt 0.0000 4.4124 0.0000
vt 0.0000 5.1478 0.0000
vt 0.0000 5.8832 0.0000
vt 0.0000 6.6186 0.0000
vt 0.0000 7.3540 0.0000
vt 0.0000 8.0894 0.0000
vt 0.0000 8.8248 0.0000
vt 1.0000 0.0000 0.0000
vt 1.0000 2.1229 0.0000
vt -7.6470 2.1229 0.0000
vt -7.6470 0.0000 0.0000
vt -16.2940 2.1229 0.0000
vt -16.2940 0.0000 0.0000
vt 1.0000 4.2458 0.0000
vt -7.6470 4.2458 0.0000
vt -16.2940 4.2458 0.0000
vt 1.0000 6.3687 0.0000
vt -7.6470 6.3687 0.0000
vt -16.2940 6.3687 0.0000
vt 1.0000 8.4917 0.0000
vt -7.6470 8.4917 0.0000
vt -16.2940 8.4917 0.0000
vt 1.0000 10.6146 0.0000
vt -7.6470 10.6146 0.0000
vt -16.2940 10.6146 0.0000
vt 1.0000 12.7375 0.0000
vt -7.6470 12.7375 0.0000
vt -16.2940 12.7375 0.0000
vt 8.6470 0.0000 0.0000
vt 8.6470 2.1229 0.0000
vt 0.0000 2.1229 0.0000
vt 17.2940 0.0000 0.0000
vt 17.2940 2.1229 0.0000
vt 8.6470 4.2458 0.0000
vt 0.0000 4.2458 0.0000
vt 17.2940 4.2458 0.0000
vt 8.6470 6.3687 0.0000
vt 0.0000 6.3687 0.0000
vt 17.2940 6.3687 0.0000
vt 8.6470 8.4917 0.0000
vt 0.0000 8.4917 0.0000
vt 17.2940 8.4917 0.0000
vt 8.6470 10.6146 0.0000
vt 0.0000 10.6146 0.0000
vt 17.2940 10.6146 0.0000
vt 8.6470 12.7375 0.0000
vt 0.0000 12.7375 0.0000
vt 17.2940 12.7375 0.0000
vt 8.6470 1.5534 0.0000
vt 0.0000 1.5534 0.0000
vt 17.2940 1.5534 0.0000
vt 2.1229 0.0000 0.0000
vt 2.1229 1.5534 0.0000
vt 4.2458 0.0000 0.0000
vt 4.2458 1.5534 0.0000
vt 6.3687 0.0000 0.0000
vt 6.3687 1.5534 0.0000
vt 8.4917 0.0000 0.0000
vt 8.4917 1.5534 0.0000
vt 10.6146 0.0000 0.0000
vt 10.6146 1.5534 0.0000
vt 12.7375 0.0000 0.0000
vt 12.7375 1.5534 0.0000
# 1404 texture coords

g ArmorKey
s 8
f 1/1/1 2/2/2 3/3/3 4/4/4 
f 2/2/2 5/5/5 6/6/6 3/3/3 
f 5/5/5 7/7/7 8/8/8 6/6/6 
f 7/7/7 9/9/9 10/10/10 8/8/8 
f 9/9/9 11/11/11 12/12/12 10/10/10 
f 11/11/11 13/13/13 14/14/14 12/12/12 
f 13/13/13 15/15/15 16/16/16 14/14/14 
f 15/15/15 17/17/17 18/18/18 16/16/16 
f 17/17/17 19/19/19 20/20/20 18/18/18 
f 19/19/19 21/21/21 22/22/22 20/20/20 
f 21/23/21 23/24/23 24/25/24 22/26/22 
f 23/24/23 25/27/25 26/28/26 24/25/24 
f 25/27/25 27/29/27 28/30/28 26/28/26 
f 27/29/27 29/31/29 30/32/30 28/30/28 
f 29/31/29 31/33/31 32/34/32 30/32/30 
f 31/33/31 33/35/33 34/36/34 32/34/32 
f 33/35/33 35/37/35 36/38/36 34/36/34 
f 35/37/35 37/39/37 38/40/38 36/38/36 
f 37/39/37 39/41/39 40/42/40 38/40/38 
f 39/41/39 41/43/41 42/44/42 40/42/40 
f 41/43/41 43/45/43 44/46/44 42/44/42 
f 43/45/43 45/47/45 46/48/46 44/46/44 
f 45/47/45 47/49/47 48/50/48 46/48/46 
f 47/49/47 49/51/49 50/52/50 48/50/48 
f 49/51/49 51/53/51 52/54/52 50/52/50 
f 51/53/51 53/55/53 54/56/54 52/54/52 
f 53/55/53 55/57/55 56/58/56 54/56/54 
f 55/57/55 57/59/57 58/60/58 56/58/56 
f 57/59/57 59/61/59 60/62/60 58/60/58 
f 59/61/59 61/63/61 62/64/62 60/62/60 
f 61/63/61 63/65/63 64/66/64 62/64/62 
f 63/65/63 65/67/65 66/68/66 64/66/64 
f 65/67/65 67/69/67 68/70/68 66/68/66 
f 67/69/67 69/71/69 70/72/70 68/70/68 
f 69/71/69 71/73/71 72/74/72 70/72/70 
f 71/73/71 1/1/1 4/4/4 72/74/72 
f 4/4/4 3/3/3 73/75/73 74/76/74 
f 3/3/3 6/6/6 75/77/75 73/75/73 
f 6/6/6 8/8/8 76/78/76 75/77/75 
f 8/8/8 10/10/10 77/79/77 76/78/76 
f 10/10/10 12/12/12 78/80/78 77/79/77 
f 12/12/12 14/14/14 79/81/79 78/80/78 
f 14/14/14 16/16/16 80/82/80 79/81/79 
f 16/16/16 18/18/18 81/83/81 80/82/80 
f 18/18/18 20/20/20 82/84/82 81/83/81 
f 20/20/20 22/22/22 83/85/83 82/84/82 
f 22/26/22 24/25/24 84/86/84 83/87/83 
f 24/25/24 26/28/26 85/88/85 84/86/84 
f 26/28/26 28/30/28 86/89/86 85/88/85 
f 28/30/28 30/32/30 87/90/87 86/89/86 
f 30/32/30 32/34/32 88/91/88 87/90/87 
f 32/34/32 34/36/34 89/92/89 88/91/88 
f 34/36/34 36/38/36 90/93/90 89/92/89 
f 36/38/36 38/40/38 91/94/91 90/93/90 
f 38/40/38 40/42/40 92/95/92 91/94/91 
f 40/42/40 42/44/42 93/96/93 92/95/92 
f 42/44/42 44/46/44 94/97/94 93/96/93 
f 44/46/44 46/48/46 95/98/95 94/97/94 
f 46/48/46 48/50/48 96/99/96 95/98/95 
f 48/50/48 50/52/50 97/100/97 96/99/96 
f 50/52/50 52/54/52 98/101/98 97/100/97 
f 52/54/52 54/56/54 99/102/99 98/101/98 
f 54/56/54 56/58/56 100/103/100 99/102/99 
f 56/58/56 58/60/58 101/104/101 100/103/100 
f 58/60/58 60/62/60 102/105/102 101/104/101 
f 60/62/60 62/64/62 103/106/103 102/105/102 
f 62/64/62 64/66/64 104/107/104 103/106/103 
f 64/66/64 66/68/66 105/108/105 104/107/104 
f 66/68/66 68/70/68 106/109/106 105/108/105 
f 68/70/68 70/72/70 107/110/107 106/109/106 
f 70/72/70 72/74/72 108/111/108 107/110/107 
f 72/74/72 4/4/4 74/76/74 108/111/108 
f 74/76/74 73/75/73 109/112/109 110/113/110 
f 73/75/73 75/77/75 111/114/111 109/112/109 
f 75/77/75 76/78/76 112/115/112 111/114/111 
f 76/78/76 77/79/77 113/116/113 112/115/112 
f 77/79/77 78/80/78 114/117/114 113/116/113 
f 78/80/78 79/81/79 115/118/115 114/117/114 
f 79/81/79 80/82/80 116/119/116 115/118/115 
f 80/82/80 81/83/81 117/120/117 116/119/116 
f 81/83/81 82/84/82 118/121/118 117/120/117 
f 82/84/82 83/85/83 119/122/119 118/121/118 
f 83/87/83 84/86/84 120/123/120 119/124/119 
f 84/86/84 85/88/85 121/125/121 120/123/120 
f 85/88/85 86/89/86 122/126/122 121/125/121 
f 86/89/86 87/90/87 123/127/123 122/126/122 
f 87/90/87 88/91/88 124/128/124 123/127/123 
f 88/91/88 89/92/89 125/129/125 124/128/124 
f 89/92/89 90/93/90 126/130/126 125/129/125 
f 90/93/90 91/94/91 127/131/127 126/130/126 
f 91/94/91 92/95/92 128/132/128 127/131/127 
f 92/95/92 93/96/93 129/133/129 128/132/128 
f 93/96/93 94/97/94 130/134/130 129/133/129 
f 94/97/94 95/98/95 131/135/131 130/134/130 
f 95/98/95 96/99/96 132/136/132 131/135/131 
f 96/99/96 97/100/97 133/137/133 132/136/132 
f 97/100/97 98/101/98 134/138/134 133/137/133 
f 98/101/98 99/102/99 135/139/135 134/138/134 
f 99/102/99 100/103/100 136/140/136 135/139/135 
f 100/103/100 101/104/101 137/141/137 136/140/136 
f 101/104/101 102/105/102 138/142/138 137/141/137 
f 102/105/102 103/106/103 139/143/139 138/142/138 
f 103/106/103 104/107/104 140/144/140 139/143/139 
f 104/107/104 105/108/105 141/145/141 140/144/140 
f 105/108/105 106/109/106 142/146/142 141/145/141 
f 106/109/106 107/110/107 143/147/143 142/146/142 
f 107/110/107 108/111/108 144/148/144 143/147/143 
f 108/111/108 74/76/74 110/113/110 144/148/144 
s 1
f 145/149/145 146/112/145 147/114/145 148/115/145 149/116/145 150/117/145 151/118/145 152/119/145 153/120/145 154/121/145 155/122/145 156/150/145 157/151/145 158/152/145 159/153/145 160/154/145 161/155/145 162/156/145 163/157/145 164/158/145 165/159/145 166/160/145 167/161/145 168/162/145 169/163/145 170/164/145 171/165/145 172/166/145 173/167/145 174/168/145 175/169/145 176/170/145 177/171/145 178/172/145 179/173/145 180/174/145 
s off
f 110/149/146 109/112/146 181/112/146 182/149/146 
f 109/112/147 111/114/147 183/114/147 181/112/147 
f 111/114/148 112/115/148 184/115/148 183/114/148 
f 112/115/149 113/116/149 185/116/149 184/115/149 
f 113/116/150 114/117/150 186/117/150 185/116/150 
f 114/117/151 115/118/151 187/118/151 186/117/151 
f 115/118/152 116/119/152 188/119/152 187/118/152 
f 116/119/153 117/120/153 189/120/153 188/119/153 
f 117/120/154 118/121/154 190/121/154 189/120/154 
f 118/121/155 119/122/155 191/122/155 190/121/155 
f 119/122/156 120/150/156 192/150/156 191/122/156 
f 120/150/157 121/151/157 193/151/157 192/150/157 
f 121/151/158 122/152/158 194/152/158 193/151/158 
f 122/152/159 123/153/159 195/153/159 194/152/159 
f 123/153/160 124/154/160 196/154/160 195/153/160 
f 124/154/161 125/155/161 197/155/161 196/154/161 
f 125/155/162 126/156/162 198/156/162 197/155/162 
f 126/156/163 127/157/163 199/157/163 198/156/163 
f 127/157/164 128/158/164 200/158/164 199/157/164 
f 128/158/165 129/159/165 201/159/165 200/158/165 
f 129/159/166 130/160/166 202/160/166 201/159/166 
f 130/160/167 131/161/167 203/161/167 202/160/167 
f 131/161/168 132/162/168 204/162/168 203/161/168 
f 132/162/169 133/163/169 205/163/169 204/162/169 
f 133/163/170 134/164/170 206/164/170 205/163/170 
f 134/164/171 135/165/171 207/165/171 206/164/171 
f 135/165/172 136/166/172 208/166/172 207/165/172 
f 136/166/173 137/167/173 209/167/173 208/166/173 
f 137/167/174 138/168/174 210/168/174 209/167/174 
f 138/168/175 139/169/175 211/169/175 210/168/175 
f 139/169/176 140/170/176 212/170/176 211/169/176 
f 140/170/177 141/171/177 213/171/177 212/170/177 
f 141/171/178 142/172/178 214/172/178 213/171/178 
f 142/172/179 143/173/179 215/173/179 214/172/179 
f 143/173/180 144/174/180 216/174/180 215/173/180 
f 144/174/181 110/149/181 182/149/181 216/174/181 
f 182/149/146 181/112/146 217/112/146 218/149/146 
f 181/112/147 183/114/147 219/114/147 217/112/147 
f 183/114/148 184/115/148 220/115/148 219/114/148 
f 184/115/149 185/116/149 221/116/149 220/115/149 
f 185/116/150 186/117/150 222/117/150 221/116/150 
f 186/117/151 187/118/151 223/118/151 222/117/151 
f 187/118/182 188/119/182 224/119/182 223/118/182 
f 188/119/183 189/120/183 225/120/183 224/119/183 
f 189/120/184 190/121/184 226/121/184 225/120/184 
f 190/121/185 191/122/185 227/122/185 226/121/185 
f 191/122/186 192/150/186 228/150/186 227/122/186 
f 192/150/187 193/151/187 229/151/187 228/150/187 
f 193/151/158 194/152/158 230/152/158 229/151/158 
f 194/152/159 195/153/159 231/153/159 230/152/159 
f 195/153/160 196/154/160 232/154/160 231/153/160 
f 196/154/161 197/155/161 233/155/161 232/154/161 
f 197/155/162 198/156/162 234/156/162 233/155/162 
f 198/156/163 199/157/163 235/157/163 234/156/163 
f 199/157/164 200/158/164 236/158/164 235/157/164 
f 200/158/165 201/159/165 237/159/165 236/158/165 
f 201/159/166 202/160/166 238/160/166 237/159/166 
f 202/160/167 203/161/167 239/161/167 238/160/167 
f 203/161/188 204/162/188 240/162/188 239/161/188 
f 204/162/189 205/163/189 241/163/189 240/162/189 
f 205/163/190 206/164/190 242/164/190 241/163/190 
f 206/164/191 207/165/191 243/165/191 242/164/191 
f 207/165/192 208/166/192 244/166/192 243/165/192 
f 208/166/193 209/167/193 245/167/193 244/166/193 
f 209/167/194 210/168/194 246/168/194 245/167/194 
f 210/168/195 211/169/195 247/169/195 246/168/195 
f 211/169/196 212/170/196 248/170/196 247/169/196 
f 212/170/197 213/171/197 249/171/197 248/170/197 
f 213/171/198 214/172/198 250/172/198 249/171/198 
f 214/172/179 215/173/179 251/173/179 250/172/179 
f 215/173/180 216/174/180 252/174/180 251/173/180 
f 216/174/181 182/149/181 218/149/181 252/174/181 
f 218/149/199 217/112/199 253/112/199 254/149/199 
f 217/112/200 219/114/200 255/114/200 253/112/200 
f 219/114/201 220/115/201 256/115/201 255/114/201 
f 220/115/202 221/116/202 257/116/202 256/115/202 
f 221/116/203 222/117/203 258/117/203 257/116/203 
f 222/117/204 223/118/204 259/118/204 258/117/204 
f 223/118/205 224/119/205 260/119/205 259/118/205 
f 224/119/206 225/120/206 261/120/206 260/119/206 
f 225/120/207 226/121/207 262/121/207 261/120/207 
f 226/121/208 227/122/208 263/122/208 262/121/208 
f 227/122/209 228/150/209 264/150/209 263/122/209 
f 228/150/210 229/151/210 265/151/210 264/150/210 
f 229/151/211 230/152/211 266/152/211 265/151/211 
f 230/152/212 231/153/212 267/153/212 266/152/212 
f 231/153/213 232/154/213 268/154/213 267/153/213 
f 232/154/214 233/155/214 269/155/214 268/154/214 
f 233/155/215 234/156/215 270/156/215 269/155/215 
f 234/156/216 235/157/216 271/157/216 270/156/216 
f 235/157/217 236/158/217 272/158/217 271/157/217 
f 236/158/218 237/159/218 273/159/218 272/158/218 
f 237/159/219 238/160/219 274/160/219 273/159/219 
f 238/160/220 239/161/220 275/161/220 274/160/220 
f 239/161/221 240/162/221 276/162/221 275/161/221 
f 240/162/222 241/163/222 277/163/222 276/162/222 
f 241/163/223 242/164/223 278/164/223 277/163/223 
f 242/164/224 243/165/224 279/165/224 278/164/224 
f 243/165/225 244/166/225 280/166/225 279/165/225 
f 244/166/226 245/167/226 281/167/226 280/166/226 
f 245/167/227 246/168/227 282/168/227 281/167/227 
f 246/168/228 247/169/228 283/169/228 282/168/228 
f 247/169/229 248/170/229 284/170/229 283/169/229 
f 248/170/230 249/171/230 285/171/230 284/170/230 
f 249/171/231 250/172/231 286/172/231 285/171/231 
f 250/172/232 251/173/232 287/173/232 286/172/232 
f 251/173/233 252/174/233 288/174/233 287/173/233 
f 252/174/234 218/149/234 254/149/234 288/174/234 
f 254/149/235 253/112/235 289/112/235 290/149/235 
f 253/112/147 255/114/147 291/114/147 289/112/147 
f 255/114/236 256/115/236 292/115/236 291/114/236 
f 256/115/237 257/116/237 293/116/237 292/115/237 
f 257/116/238 258/117/238 294/117/238 293/116/238 
f 258/117/151 259/118/151 295/118/151 294/117/151 
f 259/118/182 260/119/182 296/119/182 295/118/182 
f 260/119/183 261/120/183 297/120/183 296/119/183 
f 261/120/184 262/121/184 298/121/184 297/120/184 
f 262/121/185 263/122/185 299/122/185 298/121/185 
f 263/122/186 264/150/186 300/150/186 299/122/186 
f 264/150/187 265/151/187 301/151/187 300/150/187 
f 265/151/158 266/152/158 302/152/158 301/151/158 
f 266/152/239 267/153/239 303/153/239 302/152/239 
f 267/153/240 268/154/240 304/154/240 303/153/240 
f 268/154/241 269/155/241 305/155/241 304/154/241 
f 269/155/242 270/156/242 306/156/242 305/155/242 
f 270/156/243 271/157/243 307/157/243 306/156/243 
f 271/157/244 272/158/244 308/158/244 307/157/244 
f 272/158/245 273/159/245 309/159/245 308/158/245 
f 273/159/246 274/160/246 310/160/246 309/159/246 
f 274/160/247 275/161/247 311/161/247 310/160/247 
f 275/161/188 276/162/188 312/162/188 311/161/188 
f 276/162/189 277/163/189 313/163/189 312/162/189 
f 277/163/190 278/164/190 314/164/190 313/163/190 
f 278/164/171 279/165/171 315/165/171 314/164/171 
f 279/165/192 280/166/192 316/166/192 315/165/192 
f 280/166/193 281/167/193 317/167/193 316/166/193 
f 281/167/194 282/168/194 318/168/194 317/167/194 
f 282/168/195 283/169/195 319/169/195 318/168/195 
f 283/169/196 284/170/196 320/170/196 319/169/196 
f 284/170/197 285/171/197 321/171/197 320/170/197 
f 285/171/178 286/172/178 322/172/178 321/171/178 
f 286/172/248 287/173/248 323/173/248 322/172/248 
f 287/173/249 288/174/249 324/174/249 323/173/249 
f 288/174/250 254/149/250 290/149/250 324/174/250 
f 290/149/251 289/112/251 146/112/251 145/149/251 
f 289/112/252 291/114/252 147/114/252 146/112/252 
f 291/114/253 292/115/253 148/115/253 147/114/253 
f 292/115/254 293/116/254 149/116/254 148/115/254 
f 293/116/255 294/117/255 150/117/255 149/116/255 
f 294/117/256 295/118/256 151/118/256 150/117/256 
f 295/118/257 296/119/257 152/119/257 151/118/257 
f 296/119/258 297/120/258 153/120/258 152/119/258 
f 297/120/259 298/121/259 154/121/259 153/120/259 
f 298/121/260 299/122/260 155/122/260 154/121/260 
f 299/122/261 300/150/261 156/150/261 155/122/261 
f 300/150/262 301/151/262 157/151/262 156/150/262 
f 301/151/263 302/152/263 158/152/263 157/151/263 
f 302/152/264 303/153/264 159/153/264 158/152/264 
f 303/153/265 304/154/265 160/154/265 159/153/265 
f 304/154/266 305/155/266 161/155/266 160/154/266 
f 305/155/267 306/156/267 162/156/267 161/155/267 
f 306/156/268 307/157/268 163/157/268 162/156/268 
f 307/157/269 308/158/269 164/158/269 163/157/269 
f 308/158/270 309/159/270 165/159/270 164/158/270 
f 309/159/271 310/160/271 166/160/271 165/159/271 
f 310/160/272 311/161/272 167/161/272 166/160/272 
f 311/161/273 312/162/273 168/162/273 167/161/273 
f 312/162/274 313/163/274 169/163/274 168/162/274 
f 313/163/275 314/164/275 170/164/275 169/163/275 
f 314/164/276 315/165/276 171/165/276 170/164/276 
f 315/165/277 316/166/277 172/166/277 171/165/277 
f 316/166/278 317/167/278 173/167/278 172/166/278 
f 317/167/279 318/168/279 174/168/279 173/167/279 
f 318/168/280 319/169/280 175/169/280 174/168/280 
f 319/169/281 320/170/281 176/170/281 175/169/281 
f 320/170/282 321/171/282 177/171/282 176/170/282 
f 321/171/283 322/172/283 178/172/283 177/171/283 
f 322/172/284 323/173/284 179/173/284 178/172/284 
f 323/173/285 324/174/285 180/174/285 179/173/285 
f 324/174/286 290/149/286 145/149/286 180/174/286 
f 325/175/287 326/176/287 327/177/287 328/178/287 
f 328/178/288 327/177/288 329/179/288 330/180/288 
f 330/180/289 329/179/289 331/181/289 332/182/289 
f 332/182/290 331/181/290 333/183/290 334/184/290 
f 334/184/291 333/183/291 335/185/291 336/186/291 
f 336/186/292 335/185/292 337/187/292 338/188/292 
f 338/188/293 337/187/293 339/189/293 340/190/293 
f 340/190/294 339/189/294 341/191/294 342/192/294 
f 342/192/295 341/191/295 343/193/295 344/194/295 
f 344/194/296 343/193/296 345/195/296 346/196/296 
f 346/196/297 345/195/297 347/197/297 348/198/297 
f 348/198/298 347/197/298 349/199/298 350/200/298 
f 350/200/299 349/199/299 351/201/299 352/202/299 
f 352/202/300 351/201/300 353/203/300 354/204/300 
f 354/204/301 353/203/301 355/205/301 356/206/301 
s 1
f 351/201/302 349/199/303 357/207/304 358/208/305 
s off
f 349/199/306 347/197/306 359/209/306 357/207/306 
f 347/197/307 345/195/307 360/210/307 359/209/307 
f 345/195/308 343/193/308 361/211/308 360/210/308 
f 343/193/309 341/191/309 362/212/309 361/211/309 
f 341/191/310 339/189/310 363/213/310 362/212/310 
f 339/189/311 337/187/311 364/214/311 363/213/311 
f 337/187/312 335/185/312 365/215/312 364/214/312 
f 335/185/313 333/183/313 366/216/313 365/215/313 
f 333/183/314 331/181/314 367/217/314 366/216/314 
f 327/177/315 326/176/315 368/218/315 
f 326/176/316 369/219/316 370/220/316 368/218/316 
s 1
f 367/217/317 331/181/318 329/179/319 327/177/320 368/218/321 
f 358/208/305 353/203/322 351/201/302 
f 371/221/323 372/222/323 373/223/323 374/224/323 375/225/323 376/226/323 377/227/323 378/228/323 379/229/323 380/230/323 381/231/323 382/232/323 383/233/323 
s off
f 357/207/324 359/209/324 384/234/324 385/235/324 
f 359/209/325 360/210/325 386/236/325 384/234/325 
f 360/210/326 361/211/326 387/237/326 386/236/326 
f 361/211/327 362/212/327 388/238/327 387/237/327 
f 362/212/328 363/213/328 389/239/328 388/238/328 
f 363/213/329 364/214/329 390/240/329 389/239/329 
f 364/214/330 365/215/330 391/241/330 390/240/330 
f 365/215/331 366/216/331 392/242/331 391/241/331 
f 366/216/332 367/217/332 393/243/332 392/242/332 
f 367/217/333 368/218/333 394/244/333 393/243/333 
f 368/218/334 370/220/334 395/245/334 394/244/334 
f 358/208/335 357/207/335 385/235/335 396/246/335 
f 396/246/336 385/235/336 397/247/336 398/248/336 
f 385/235/337 384/234/337 399/249/337 397/247/337 
f 384/234/338 386/236/338 400/250/338 399/249/338 
f 386/236/339 387/237/339 401/251/339 400/250/339 
f 387/237/340 388/238/340 402/252/340 401/251/340 
f 388/238/341 389/239/341 403/253/341 402/252/341 
f 389/239/342 390/240/342 404/254/342 403/253/342 
f 390/240/343 391/241/343 405/255/343 404/254/343 
f 391/241/344 392/242/344 406/256/344 405/255/344 
f 392/242/345 393/243/345 407/257/345 406/256/345 
f 393/243/346 394/244/346 408/258/346 407/257/346 
f 394/244/347 395/245/347 409/259/347 408/258/347 
f 398/248/348 397/247/348 410/260/348 411/261/348 
f 397/247/349 399/249/349 410/260/349 
f 399/249/297 400/250/297 412/262/297 410/260/297 
f 400/250/296 401/251/296 413/263/296 412/262/296 
f 401/251/295 402/252/295 414/264/295 413/263/295 
f 402/252/294 403/253/294 415/265/294 414/264/294 
f 403/253/293 404/254/293 416/266/293 415/265/293 
f 404/254/292 405/255/292 417/267/292 416/266/292 
f 405/255/291 406/256/291 418/268/291 417/267/291 
f 406/256/350 407/257/350 419/269/350 418/268/350 
f 407/257/351 408/258/351 420/270/351 419/269/351 
f 408/258/352 409/259/352 421/271/352 420/270/352 
f 411/261/353 410/260/353 422/272/353 
f 410/260/354 423/273/354 422/272/354 
f 410/260/355 412/262/355 424/274/355 423/273/355 
f 412/262/339 413/263/339 425/275/339 424/274/339 
f 413/263/340 414/264/340 426/276/340 425/275/340 
f 414/264/341 415/265/341 427/277/341 426/276/341 
f 415/265/342 416/266/342 428/278/342 427/277/342 
f 416/266/343 417/267/343 429/279/343 428/278/343 
f 417/267/344 418/268/344 430/280/344 429/279/344 
f 418/268/356 419/269/356 430/280/356 
f 419/269/357 420/270/357 431/281/357 430/280/357 
f 420/270/347 421/271/347 432/282/347 431/281/347 
f 369/219/358 326/176/358 325/175/358 433/283/358 
f 434/284/359 435/285/359 436/286/359 437/287/359 
f 435/285/360 438/288/360 439/289/360 436/286/360 
f 438/288/361 440/290/361 441/291/361 439/289/361 
f 440/290/362 442/292/362 443/293/362 441/291/362 
f 442/292/363 444/294/363 445/295/363 443/293/363 
f 444/294/364 446/296/364 447/297/364 445/295/364 
f 446/296/365 448/298/365 449/299/365 447/297/365 
f 448/298/366 450/300/366 451/301/366 449/299/366 
f 450/300/367 452/302/367 453/303/367 451/301/367 
f 452/302/368 454/304/368 455/305/368 453/303/368 
f 454/304/369 456/306/369 457/307/369 455/305/369 
f 456/306/370 458/308/370 459/309/370 457/307/370 
f 458/308/371 460/310/371 461/311/371 459/309/371 
f 460/310/372 462/312/372 463/313/372 461/311/372 
f 462/312/373 464/314/373 465/315/373 463/313/373 
s 1
f 461/311/374 466/316/375 467/317/376 459/309/377 
s off
f 459/309/378 467/317/378 468/318/378 457/307/378 
f 457/307/379 468/318/379 469/319/379 455/305/379 
f 455/305/380 469/319/380 470/320/380 453/303/380 
f 453/303/381 470/320/381 471/321/381 451/301/381 
f 451/301/382 471/321/382 472/322/382 449/299/382 
f 449/299/383 472/322/383 473/323/383 447/297/383 
f 447/297/384 473/323/384 474/324/384 445/295/384 
f 445/295/385 474/324/385 475/325/385 443/293/385 
f 443/293/386 475/325/386 476/326/386 441/291/386 
f 436/286/387 477/327/387 437/287/387 
f 437/287/388 477/327/388 370/220/388 369/219/388 
s 1
f 476/326/389 477/327/390 436/286/391 439/289/392 441/291/393 
f 466/316/375 461/311/374 463/313/394 
f 478/328/323 479/329/323 480/330/323 481/331/323 482/332/323 483/333/323 484/334/323 485/335/323 486/336/323 487/337/323 488/338/323 373/223/323 372/222/323 
s off
f 467/317/395 489/339/395 490/340/395 468/318/395 
f 468/318/396 490/340/396 491/341/396 469/319/396 
f 469/319/397 491/341/397 492/342/397 470/320/397 
f 470/320/398 492/342/398 493/343/398 471/321/398 
f 471/321/399 493/343/399 494/344/399 472/322/399 
f 472/322/400 494/344/400 495/345/400 473/323/400 
f 473/323/401 495/345/401 496/346/401 474/324/401 
f 474/324/402 496/346/402 497/347/402 475/325/402 
f 475/325/403 497/347/403 498/348/403 476/326/403 
f 476/326/404 498/348/404 499/349/404 477/327/404 
f 477/327/405 499/349/405 395/245/405 370/220/405 
f 466/316/406 500/350/406 489/339/406 467/317/406 
f 500/350/407 501/351/407 502/352/407 489/339/407 
f 489/339/408 502/352/408 503/353/408 490/340/408 
f 490/340/409 503/353/409 504/354/409 491/341/409 
f 491/341/410 504/354/410 505/355/410 492/342/410 
f 492/342/411 505/355/411 506/356/411 493/343/411 
f 493/343/412 506/356/412 507/357/412 494/344/412 
f 494/344/413 507/357/413 508/358/413 495/345/413 
f 495/345/414 508/358/414 509/359/414 496/346/414 
f 496/346/415 509/359/415 510/360/415 497/347/415 
f 497/347/416 510/360/416 511/361/416 498/348/416 
f 498/348/417 511/361/417 512/362/417 499/349/417 
f 499/349/418 512/362/418 409/259/418 395/245/418 
f 501/351/419 513/363/419 514/364/419 502/352/419 
f 502/352/420 514/364/420 503/353/420 
f 503/353/369 514/364/369 515/365/369 504/354/369 
f 504/354/368 515/365/368 516/366/368 505/355/368 
f 505/355/367 516/366/367 517/367/367 506/356/367 
f 506/356/366 517/367/366 518/368/366 507/357/366 
f 507/357/365 518/368/365 519/369/365 508/358/365 
f 508/358/364 519/369/364 520/370/364 509/359/364 
f 509/359/363 520/370/363 521/371/363 510/360/363 
f 510/360/362 521/371/362 522/372/362 511/361/362 
f 511/361/421 522/372/421 523/373/421 512/362/421 
f 512/362/422 523/373/422 421/271/422 409/259/422 
f 513/363/423 524/374/423 514/364/423 
f 514/364/424 524/374/424 525/375/424 
f 514/364/425 525/375/425 526/376/425 515/365/425 
f 515/365/410 526/376/410 527/377/410 516/366/410 
f 516/366/411 527/377/411 528/378/411 517/367/411 
f 517/367/412 528/378/412 529/379/412 518/368/412 
f 518/368/413 529/379/413 530/380/413 519/369/413 
f 519/369/414 530/380/414 531/381/414 520/370/414 
f 520/370/415 531/381/415 532/382/415 521/371/415 
f 521/371/426 532/382/426 522/372/426 
f 522/372/427 532/382/427 533/383/427 523/373/427 
f 523/373/418 533/383/418 432/282/418 421/271/418 
f 369/219/428 433/283/428 434/284/428 437/287/428 
f 355/205/429 353/203/429 358/208/429 534/384/429 
f 534/384/430 358/208/430 396/246/430 535/385/430 
f 535/385/431 396/246/431 398/248/431 536/386/431 
f 536/386/432 398/248/432 411/261/432 537/387/432 
f 537/387/431 411/261/431 422/272/431 538/388/431 
f 539/389/433 466/316/433 463/313/433 465/315/433 
f 540/390/434 500/350/434 466/316/434 539/389/434 
f 541/391/435 501/351/435 500/350/435 540/390/435 
f 542/392/436 513/363/436 501/351/436 541/391/436 
f 543/393/435 524/374/435 513/363/435 542/392/435 
f 544/394/437 545/395/437 546/396/437 547/397/437 
f 545/395/438 548/398/438 549/399/438 546/396/438 
f 548/398/439 550/400/439 551/401/439 549/399/439 
f 550/400/403 552/402/403 553/403/403 551/401/403 
f 552/402/402 554/404/402 555/405/402 553/403/402 
f 554/404/401 556/406/401 557/407/401 555/405/401 
f 556/406/400 558/408/400 559/409/400 557/407/400 
f 558/408/399 560/410/399 561/411/399 559/409/399 
f 560/410/398 562/412/398 563/413/398 561/411/398 
f 562/412/397 564/414/397 565/415/397 563/413/397 
f 564/414/396 566/416/396 567/417/396 565/415/396 
f 566/416/395 568/418/395 569/419/395 567/417/395 
f 568/418/440 570/420/440 571/421/440 569/419/440 
f 570/420/441 572/422/441 573/423/441 571/421/441 
f 572/422/434 356/206/434 355/205/434 573/423/434 
s 1
f 571/421/442 574/424/443 575/425/444 569/419/445 
s off
f 569/419/446 575/425/446 576/426/446 567/417/446 
f 567/417/447 576/426/447 577/427/447 565/415/447 
f 565/415/448 577/427/448 578/428/448 563/413/448 
f 563/413/449 578/428/449 579/429/449 561/411/449 
f 561/411/450 579/429/450 580/430/450 559/409/450 
f 559/409/451 580/430/451 581/431/451 557/407/451 
f 557/407/452 581/431/452 582/432/452 555/405/452 
f 555/405/453 582/432/453 583/433/453 553/403/453 
f 553/403/454 583/433/454 584/434/454 551/401/454 
f 546/396/455 585/435/455 547/397/455 
f 547/397/456 585/435/456 586/436/456 587/437/456 
s 1
f 584/434/457 585/435/458 546/396/459 549/399/460 551/401/461 
f 574/424/443 571/421/442 573/423/462 
f 588/438/323 589/439/323 590/440/323 591/441/323 592/442/323 593/443/323 594/444/323 595/445/323 596/446/323 597/447/323 374/224/323 373/223/323 598/448/323 
s off
f 575/425/370 599/449/370 600/450/370 576/426/370 
f 576/426/369 600/450/369 601/451/369 577/427/369 
f 577/427/368 601/451/368 602/452/368 578/428/368 
f 578/428/367 602/452/367 603/453/367 579/429/367 
f 579/429/366 603/453/366 604/454/366 580/430/366 
f 580/430/365 604/454/365 605/455/365 581/431/365 
f 581/431/364 605/455/364 606/456/364 582/432/364 
f 582/432/363 606/456/363 607/457/363 583/433/363 
f 583/433/362 607/457/362 608/458/362 584/434/362 
f 584/434/463 608/458/463 609/459/463 585/435/463 
f 585/435/428 609/459/428 610/460/428 586/436/428 
f 574/424/464 611/461/464 599/449/464 575/425/464 
f 611/461/465 612/462/465 613/463/465 599/449/465 
f 599/449/466 613/463/466 614/464/466 600/450/466 
f 600/450/467 614/464/467 615/465/467 601/451/467 
f 601/451/468 615/465/468 616/466/468 602/452/468 
f 602/452/469 616/466/469 617/467/469 603/453/469 
f 603/453/470 617/467/470 618/468/470 604/454/470 
f 604/454/471 618/468/471 619/469/471 605/455/471 
f 605/455/472 619/469/472 620/470/472 606/456/472 
f 606/456/473 620/470/473 621/471/473 607/457/473 
f 607/457/474 621/471/474 622/472/474 608/458/474 
f 608/458/475 622/472/475 623/473/475 609/459/475 
f 609/459/476 623/473/476 624/474/476 610/460/476 
f 612/462/477 625/475/477 626/476/477 613/463/477 
f 613/463/478 626/476/478 614/464/478 
f 614/464/396 626/476/396 627/477/396 615/465/396 
f 615/465/397 627/477/397 628/478/397 616/466/397 
f 616/466/398 628/478/398 629/479/398 617/467/398 
f 617/467/399 629/479/399 630/480/399 618/468/399 
f 618/468/400 630/480/400 631/481/400 619/469/400 
f 619/469/401 631/481/401 632/482/401 620/470/401 
f 620/470/402 632/482/402 633/483/402 621/471/402 
f 621/471/479 633/483/479 634/484/479 622/472/479 
f 622/472/480 634/484/480 635/485/480 623/473/480 
f 623/473/481 635/485/481 636/486/481 624/474/481 
f 625/475/482 637/487/482 626/476/482 
f 626/476/483 637/487/483 638/488/483 
f 626/476/484 638/488/484 639/489/484 627/477/484 
f 627/477/468 639/489/468 640/490/468 628/478/468 
f 628/478/469 640/490/469 641/491/469 629/479/469 
f 629/479/470 641/491/470 642/492/470 630/480/470 
f 630/480/471 642/492/471 643/493/471 631/481/471 
f 631/481/472 643/493/472 644/494/472 632/482/472 
f 632/482/473 644/494/473 645/495/473 633/483/473 
f 633/483/485 645/495/485 634/484/485 
f 634/484/486 645/495/486 646/496/486 635/485/486 
f 635/485/476 646/496/476 647/497/476 636/486/476 
f 587/437/405 648/498/405 544/394/405 547/397/405 
f 649/499/487 650/500/487 651/501/487 652/502/487 
f 652/502/488 651/501/488 653/503/488 654/504/488 
f 654/504/489 653/503/489 655/505/489 656/506/489 
f 656/506/332 655/505/332 657/507/332 658/508/332 
f 658/508/331 657/507/331 659/509/331 660/510/331 
f 660/510/330 659/509/330 661/511/330 662/512/330 
f 662/512/329 661/511/329 663/513/329 664/514/329 
f 664/514/328 663/513/328 665/515/328 666/516/328 
f 666/516/327 665/515/327 667/517/327 668/518/327 
f 668/518/326 667/517/326 669/519/326 670/520/326 
f 670/520/325 669/519/325 671/521/325 672/522/325 
f 672/522/324 671/521/324 673/523/324 674/524/324 
f 674/524/490 673/523/490 675/525/490 676/526/490 
f 676/526/491 675/525/491 677/527/491 678/528/491 
f 678/528/430 677/527/430 465/315/430 464/314/430 
s 1
f 675/525/492 673/523/493 679/529/494 680/530/495 
s off
f 673/523/496 671/521/496 681/531/496 679/529/496 
f 671/521/497 669/519/497 682/532/497 681/531/497 
f 669/519/498 667/517/498 683/533/498 682/532/498 
f 667/517/499 665/515/499 684/534/499 683/533/499 
f 665/515/500 663/513/500 685/535/500 684/534/500 
f 663/513/501 661/511/501 686/536/501 685/535/501 
f 661/511/502 659/509/502 687/537/502 686/536/502 
f 659/509/503 657/507/503 688/538/503 687/537/503 
f 657/507/504 655/505/504 689/539/504 688/538/504 
f 651/501/505 650/500/505 690/540/505 
f 650/500/506 587/437/506 586/436/506 690/540/506 
s 1
f 689/539/507 655/505/508 653/503/509 651/501/510 690/540/511 
f 680/530/495 677/527/512 675/525/492 
f 691/541/323 598/448/323 373/223/323 488/338/323 692/542/323 693/543/323 694/544/323 695/545/323 696/546/323 697/547/323 698/548/323 699/549/323 700/550/323 
s off
f 679/529/298 681/531/298 701/551/298 702/552/298 
f 681/531/297 682/532/297 703/553/297 701/551/297 
f 682/532/296 683/533/296 704/554/296 703/553/296 
f 683/533/295 684/534/295 705/555/295 704/554/295 
f 684/534/294 685/535/294 706/556/294 705/555/294 
f 685/535/293 686/536/293 707/557/293 706/556/293 
f 686/536/292 687/537/292 708/558/292 707/557/292 
f 687/537/291 688/538/291 709/559/291 708/558/291 
f 688/538/290 689/539/290 710/560/290 709/559/290 
f 689/539/513 690/540/513 711/561/513 710/560/513 
f 690/540/358 586/436/358 610/460/358 711/561/358 
f 680/530/514 679/529/514 702/552/514 712/562/514 
f 712/562/515 702/552/515 713/563/515 714/564/515 
f 702/552/516 701/551/516 715/565/516 713/563/516 
f 701/551/517 703/553/517 716/566/517 715/565/517 
f 703/553/518 704/554/518 717/567/518 716/566/518 
f 704/554/519 705/555/519 718/568/519 717/567/519 
f 705/555/520 706/556/520 719/569/520 718/568/520 
f 706/556/521 707/557/521 720/570/521 719/569/521 
f 707/557/522 708/558/522 721/571/522 720/570/522 
f 708/558/523 709/559/523 722/572/523 721/571/523 
f 709/559/524 710/560/524 723/573/524 722/572/524 
f 710/560/525 711/561/525 724/574/525 723/573/525 
f 711/561/526 610/460/526 624/474/526 724/574/526 
f 714/564/527 713/563/527 725/575/527 726/576/527 
f 713/563/528 715/565/528 725/575/528 
f 715/565/325 716/566/325 727/577/325 725/575/325 
f 716/566/326 717/567/326 728/578/326 727/577/326 
f 717/567/327 718/568/327 729/579/327 728/578/327 
f 718/568/328 719/569/328 730/580/328 729/579/328 
f 719/569/329 720/570/329 731/581/329 730/580/329 
f 720/570/330 721/571/330 732/582/330 731/581/330 
f 721/571/331 722/572/331 733/583/331 732/582/331 
f 722/572/529 723/573/529 734/584/529 733/583/529 
f 723/573/530 724/574/530 735/585/530 734/584/530 
f 724/574/531 624/474/531 636/486/531 735/585/531 
f 726/576/532 725/575/532 736/586/532 
f 725/575/533 737/587/533 736/586/533 
f 725/575/534 727/577/534 738/588/534 737/587/534 
f 727/577/518 728/578/518 739/589/518 738/588/518 
f 728/578/519 729/579/519 740/590/519 739/589/519 
f 729/579/520 730/580/520 741/591/520 740/590/520 
f 730/580/521 731/581/521 742/592/521 741/591/521 
f 731/581/522 732/582/522 743/593/522 742/592/522 
f 732/582/523 733/583/523 744/594/523 743/593/523 
f 733/583/535 734/584/535 744/594/535 
f 734/584/536 735/585/536 745/595/536 744/594/536 
f 735/585/526 636/486/526 647/497/526 745/595/526 
f 587/437/334 650/500/334 649/499/334 648/498/334 
f 355/205/537 534/384/537 574/424/537 573/423/537 
f 534/384/373 535/385/373 611/461/373 574/424/373 
f 535/385/538 536/386/538 612/462/538 611/461/538 
f 536/386/539 537/387/539 625/475/539 612/462/539 
f 537/387/538 538/388/538 637/487/538 625/475/538 
f 539/389/540 465/315/540 677/527/540 680/530/540 
f 540/390/301 539/389/301 680/530/301 712/562/301 
f 541/391/541 540/390/541 712/562/541 714/564/541 
f 542/392/542 541/391/542 714/564/542 726/576/542 
f 543/393/541 542/392/541 726/576/541 736/586/541 
f 422/272/543 423/273/543 376/226/543 375/225/543 
f 423/273/544 424/274/544 377/227/544 376/226/544 
f 424/274/326 425/275/326 378/228/326 377/227/326 
f 425/275/327 426/276/327 379/229/327 378/228/327 
f 426/276/328 427/277/328 380/230/328 379/229/328 
f 427/277/329 428/278/329 381/231/329 380/230/329 
f 428/278/330 429/279/330 382/232/330 381/231/330 
f 429/279/545 430/280/545 383/233/545 382/232/545 
f 430/280/546 431/281/546 371/221/546 383/233/546 
f 431/281/547 432/282/547 372/222/547 371/221/547 
f 432/282/548 533/383/548 478/328/548 372/222/548 
f 533/383/549 532/382/549 479/329/549 478/328/549 
f 532/382/550 531/381/550 480/330/550 479/329/550 
f 531/381/401 530/380/401 481/331/401 480/330/401 
f 530/380/400 529/379/400 482/332/400 481/331/400 
f 529/379/399 528/378/399 483/333/399 482/332/399 
f 528/378/551 527/377/551 484/334/551 483/333/551 
f 527/377/397 526/376/397 485/335/397 484/334/397 
f 526/376/552 525/375/552 486/336/552 485/335/552 
f 525/375/553 524/374/553 487/337/553 486/336/553 
f 524/374/554 543/393/554 488/338/554 487/337/554 
f 543/393/555 736/586/555 692/542/555 488/338/555 
f 736/586/556 737/587/556 693/543/556 692/542/556 
f 737/587/557 738/588/557 694/544/557 693/543/557 
f 738/588/296 739/589/296 695/545/296 694/544/296 
f 739/589/295 740/590/295 696/546/295 695/545/295 
f 740/590/294 741/591/294 697/547/294 696/546/294 
f 741/591/293 742/592/293 698/548/293 697/547/293 
f 742/592/292 743/593/292 699/549/292 698/548/292 
f 743/593/558 744/594/558 700/550/558 699/549/558 
f 744/594/559 745/595/559 691/541/559 700/550/559 
f 745/595/560 647/497/560 598/448/560 691/541/560 
f 647/497/561 646/496/561 588/438/561 598/448/561 
f 646/496/562 645/495/562 589/439/562 588/438/562 
f 645/495/563 644/494/563 590/440/563 589/439/563 
f 644/494/364 643/493/364 591/441/364 590/440/364 
f 643/493/365 642/492/365 592/442/365 591/441/365 
f 642/492/366 641/491/366 593/443/366 592/442/366 
f 641/491/367 640/490/367 594/444/367 593/443/367 
f 640/490/368 639/489/368 595/445/368 594/444/368 
f 639/489/564 638/488/564 596/446/564 595/445/564 
f 638/488/565 637/487/565 597/447/565 596/446/565 
f 637/487/566 538/388/566 374/224/566 597/447/566 
f 538/388/567 422/272/567 375/225/567 374/224/567 
s 1
f 746/596/323 747/597/323 748/598/323 749/599/323 750/600/323 751/601/323 752/602/323 753/603/323 754/604/323 755/605/323 756/606/323 757/607/323 758/608/323 759/609/323 760/610/323 761/611/323 762/612/323 763/613/323 764/614/323 765/615/323 766/616/323 767/617/323 768/618/323 769/619/323 770/620/323 771/621/323 772/622/323 773/623/323 774/624/323 775/625/323 776/626/323 777/627/323 778/628/323 779/629/323 780/630/323 781/631/323 782/632/323 783/633/323 784/634/323 785/635/323 786/636/323 787/637/323 788/638/323 789/639/323 790/640/323 791/641/323 792/642/323 793/643/323 794/644/323 795/645/323 796/646/323 
s off
f 797/647/568 798/648/568 747/597/568 746/596/568 
f 798/648/569 799/649/569 748/598/569 747/597/569 
f 799/649/570 800/650/570 749/599/570 748/598/570 
f 800/650/571 801/651/571 750/600/571 749/599/571 
f 801/651/572 802/652/572 751/601/572 750/600/572 
f 802/652/573 803/653/573 752/602/573 751/601/573 
f 803/653/574 804/654/574 753/603/574 752/602/574 
f 804/654/575 805/655/575 754/604/575 753/603/575 
f 805/655/576 806/656/576 755/605/576 754/604/576 
f 806/656/577 807/657/577 756/606/577 755/605/577 
f 807/657/578 808/658/578 757/607/578 756/606/578 
f 808/658/579 809/659/579 758/608/579 757/607/579 
f 809/659/580 810/660/580 759/609/580 758/608/580 
f 810/660/581 811/661/581 760/610/581 759/609/581 
f 811/661/582 812/662/582 761/611/582 760/610/582 
f 813/663/583 814/664/583 764/614/583 763/613/583 
f 814/664/584 815/665/584 765/615/584 764/614/584 
f 815/665/585 816/666/585 766/616/585 765/615/585 
f 816/666/586 817/667/586 767/617/586 766/616/586 
f 817/667/587 818/668/587 768/618/587 767/617/587 
f 818/668/588 819/669/588 769/619/588 768/618/588 
f 819/669/589 820/670/589 770/620/589 769/619/589 
f 820/670/590 821/671/590 771/621/590 770/620/590 
f 821/671/591 822/672/591 772/622/591 771/621/591 
f 822/672/592 823/673/592 773/623/592 772/622/592 
f 823/673/593 824/674/593 774/624/593 773/623/593 
f 824/674/594 825/675/594 775/625/594 774/624/594 
f 825/675/595 826/676/595 776/626/595 775/625/595 
f 826/676/596 827/677/596 777/627/596 776/626/596 
f 827/677/597 828/678/597 778/628/597 777/627/597 
f 828/678/598 829/679/598 779/629/598 778/628/598 
f 829/679/599 830/680/599 780/630/599 779/629/599 
f 830/680/600 831/681/600 781/631/600 780/630/600 
f 831/681/601 832/682/601 782/632/601 781/631/601 
f 832/682/602 833/683/602 783/633/602 782/632/602 
f 833/683/603 834/684/603 784/634/603 783/633/603 
f 834/684/604 835/685/604 785/635/604 784/634/604 
f 835/685/605 836/686/605 786/636/605 785/635/605 
f 836/686/606 837/687/606 787/637/606 786/636/606 
f 837/687/607 838/688/607 788/638/607 787/637/607 
f 838/688/608 839/689/608 789/639/608 788/638/608 
f 839/689/609 840/690/609 790/640/609 789/639/609 
f 840/690/610 841/691/610 791/641/610 790/640/610 
f 841/691/611 842/692/611 792/642/611 791/641/611 
f 842/692/612 843/693/612 793/643/612 792/642/612 
f 843/693/613 844/694/613 794/644/613 793/643/613 
f 844/694/614 845/695/614 795/645/614 794/644/614 
f 845/695/615 846/696/615 796/646/615 795/645/615 
f 846/696/616 797/647/616 746/596/616 796/646/616 
f 847/697/617 813/663/617 763/613/617 762/612/617 
s 1
f 848/698/323 849/699/323 850/700/323 851/701/323 852/702/323 853/703/323 854/704/323 855/705/323 856/706/323 857/707/323 858/708/323 859/709/323 860/710/323 861/711/323 862/712/323 863/713/323 864/714/323 865/715/323 866/716/323 867/717/323 868/718/323 869/719/323 870/720/323 871/721/323 872/722/323 873/723/323 874/724/323 875/725/323 876/726/323 877/727/323 878/728/323 879/729/323 880/730/323 881/731/323 882/732/323 762/612/323 761/611/323 883/733/323 884/734/323 885/735/323 886/736/323 887/737/323 888/738/323 889/739/323 890/740/323 891/741/323 892/742/323 893/743/323 894/744/323 895/745/323 896/746/323 
s off
f 897/747/618 848/698/618 896/746/618 898/748/618 
f 898/748/619 896/746/619 895/745/619 899/749/619 
f 899/749/620 895/745/620 894/744/620 900/750/620 
f 900/750/621 894/744/621 893/743/621 901/751/621 
f 901/751/622 893/743/622 892/742/622 902/752/622 
f 902/752/623 892/742/623 891/741/623 903/753/623 
f 903/753/624 891/741/624 890/740/624 904/754/624 
f 904/754/625 890/740/625 889/739/625 905/755/625 
f 905/755/626 889/739/626 888/738/626 906/756/626 
f 906/756/627 888/738/627 887/737/627 907/757/627 
f 907/757/628 887/737/628 886/736/628 908/758/628 
f 908/758/629 886/736/629 885/735/629 909/759/629 
f 909/759/630 885/735/630 884/734/630 910/760/630 
f 910/760/631 884/734/631 883/733/631 911/761/631 
f 911/761/632 883/733/632 761/611/632 812/662/632 
f 912/762/633 882/732/633 881/731/633 913/763/633 
f 913/763/634 881/731/634 880/730/634 914/764/634 
f 914/764/635 880/730/635 879/729/635 915/765/635 
f 915/765/636 879/729/636 878/728/636 916/766/636 
f 916/766/637 878/728/637 877/727/637 917/767/637 
f 917/767/638 877/727/638 876/726/638 918/768/638 
f 918/768/639 876/726/639 875/725/639 919/769/639 
f 919/769/640 875/725/640 874/724/640 920/770/640 
f 920/770/641 874/724/641 873/723/641 921/771/641 
f 921/771/642 873/723/642 872/722/642 922/772/642 
f 922/772/643 872/722/643 871/721/643 923/773/643 
f 923/773/644 871/721/644 870/720/644 924/774/644 
f 924/774/645 870/720/645 869/719/645 925/775/645 
f 925/775/646 869/719/646 868/718/646 926/776/646 
f 926/776/647 868/718/647 867/717/647 927/777/647 
f 927/777/648 867/717/648 866/716/648 928/778/648 
f 928/778/649 866/716/649 865/715/649 929/779/649 
f 929/779/650 865/715/650 864/714/650 930/780/650 
f 930/780/651 864/714/651 863/713/651 931/781/651 
f 931/781/652 863/713/652 862/712/652 932/782/652 
f 932/782/653 862/712/653 861/711/653 933/783/653 
f 933/783/654 861/711/654 860/710/654 934/784/654 
f 934/784/655 860/710/655 859/709/655 935/785/655 
f 935/785/656 859/709/656 858/708/656 936/786/656 
f 936/786/657 858/708/657 857/707/657 937/787/657 
f 937/787/658 857/707/658 856/706/658 938/788/658 
f 938/788/659 856/706/659 855/705/659 939/789/659 
f 939/789/660 855/705/660 854/704/660 940/790/660 
f 940/790/661 854/704/661 853/703/661 941/791/661 
f 941/791/662 853/703/662 852/702/662 942/792/662 
f 942/792/663 852/702/663 851/701/663 943/793/663 
f 943/793/664 851/701/664 850/700/664 944/794/664 
f 944/794/665 850/700/665 849/699/665 945/795/665 
f 945/795/666 849/699/666 848/698/666 897/747/666 
f 847/697/667 762/612/667 882/732/667 912/762/667 
s 1
f 946/796/323 947/797/323 948/798/323 949/799/323 950/800/323 951/801/323 952/802/323 953/803/323 954/804/323 955/805/323 956/806/323 957/807/323 958/808/323 959/809/323 960/810/323 961/811/323 962/812/323 963/813/323 964/814/323 965/815/323 966/816/323 967/817/323 968/818/323 969/819/323 970/820/323 971/821/323 972/822/323 973/823/323 974/824/323 975/825/323 976/826/323 977/827/323 978/828/323 979/829/323 980/830/323 981/831/323 982/832/323 983/833/323 984/834/323 985/835/323 986/836/323 987/837/323 988/838/323 989/839/323 990/840/323 991/841/323 992/842/323 993/843/323 994/844/323 995/845/323 996/846/323 997/847/323 998/848/323 999/849/323 1000/850/323 1001/851/323 1002/852/323 1003/853/323 
s off
f 1004/854/668 1005/855/668 947/797/668 946/796/668 
f 1006/856/669 1007/857/669 950/800/669 949/799/669 
f 1007/857/670 1008/858/670 951/801/670 950/800/670 
f 1008/858/671 1009/859/671 952/802/671 951/801/671 
f 1009/859/672 1010/860/672 953/803/672 952/802/672 
f 1010/860/673 1011/861/673 954/804/673 953/803/673 
f 1011/861/674 1012/862/674 955/805/674 954/804/674 
f 1012/862/675 1013/863/675 956/806/675 955/805/675 
f 1013/863/676 1014/864/676 957/807/676 956/806/676 
f 1014/864/677 1015/865/677 958/808/677 957/807/677 
f 1015/865/678 1016/866/678 959/809/678 958/808/678 
f 1016/866/679 1017/867/679 960/810/679 959/809/679 
f 1017/867/680 1018/868/680 961/811/680 960/810/680 
f 1018/868/681 1019/869/681 962/812/681 961/811/681 
f 1019/869/682 1020/870/682 963/813/682 962/812/682 
f 1020/870/683 1021/871/683 964/814/683 963/813/683 
f 1021/871/684 1022/872/684 965/815/684 964/814/684 
f 1022/872/685 1023/873/685 966/816/685 965/815/685 
f 1023/873/686 1024/874/686 967/817/686 966/816/686 
f 1024/874/687 1025/875/687 968/818/687 967/817/687 
f 1025/875/432 1026/876/432 969/819/432 968/818/432 
f 1026/876/688 1027/877/688 970/820/688 969/819/688 
f 1027/877/689 1028/878/689 971/821/689 970/820/689 
f 1028/878/690 1029/879/690 972/822/690 971/821/690 
f 1029/879/691 1030/880/691 973/823/691 972/822/691 
f 1030/880/692 1031/881/692 974/824/692 973/823/692 
f 1031/881/693 1032/882/693 975/825/693 974/824/693 
f 1032/882/694 1033/883/694 976/826/694 975/825/694 
f 1033/883/695 1034/884/695 977/827/695 976/826/695 
f 1034/884/696 1035/885/696 978/828/696 977/827/696 
f 1035/885/697 1036/886/697 979/829/697 978/828/697 
f 1036/886/698 1037/887/698 980/830/698 979/829/698 
f 1037/887/699 1038/888/699 981/831/699 980/830/699 
f 1038/888/700 1039/889/700 982/832/700 981/831/700 
f 1039/889/701 1040/890/701 983/833/701 982/832/701 
f 1040/890/702 1041/891/702 984/834/702 983/833/702 
f 1041/891/703 1042/892/703 985/835/703 984/834/703 
f 1042/892/704 1043/893/704 986/836/704 985/835/704 
f 1043/893/705 1044/894/705 987/837/705 986/836/705 
f 1044/894/706 1045/895/706 988/838/706 987/837/706 
f 1045/895/707 1046/896/707 989/839/707 988/838/707 
f 1046/896/708 1047/897/708 990/840/708 989/839/708 
f 1047/897/709 1048/898/709 991/841/709 990/840/709 
f 1048/898/710 1049/899/710 992/842/710 991/841/710 
f 1049/899/711 1050/900/711 993/843/711 992/842/711 
f 1050/900/712 1051/901/712 994/844/712 993/843/712 
f 1051/901/713 1052/902/713 995/845/713 994/844/713 
f 1052/902/714 1053/903/714 996/846/714 995/845/714 
f 1053/903/715 1054/904/715 997/847/715 996/846/715 
f 1054/904/716 1055/905/716 998/848/716 997/847/716 
f 1055/905/717 1056/906/717 999/849/717 998/848/717 
f 1056/906/718 1057/907/718 1000/850/718 999/849/718 
f 1057/907/719 1058/908/719 1001/851/719 1000/850/719 
f 1058/908/720 1059/909/720 1002/852/720 1001/851/720 
f 1059/909/721 1060/910/721 1003/853/721 1002/852/721 
f 1060/910/722 1004/854/722 946/796/722 1003/853/722 
f 1061/911/723 1006/856/723 949/799/723 948/798/723 
s 1
f 1062/912/323 1063/913/323 1064/914/323 1065/915/323 1066/916/323 1067/917/323 1068/918/323 1069/919/323 1070/920/323 1071/921/323 1072/922/323 1073/923/323 1074/924/323 1075/925/323 1076/926/323 1077/927/323 1078/928/323 1079/929/323 1080/930/323 1081/931/323 1082/932/323 1083/933/323 1084/934/323 1085/935/323 1086/936/323 1087/937/323 1088/938/323 1089/939/323 1090/940/323 1091/941/323 1092/942/323 1093/943/323 1094/944/323 1095/945/323 1096/946/323 1097/947/323 1098/948/323 1099/949/323 1100/950/323 1101/951/323 1102/952/323 1103/953/323 1104/954/323 1105/955/323 1106/956/323 1107/957/323 1108/958/323 1109/959/323 1110/960/323 1111/961/323 1112/962/323 1113/963/323 1114/964/323 1115/965/323 1116/966/323 1117/967/323 948/798/323 947/797/323 
s off
f 1118/968/724 1062/912/724 947/797/724 1005/855/724 
f 1119/969/725 1117/967/725 1116/966/725 1120/970/725 
f 1120/970/726 1116/966/726 1115/965/726 1121/971/726 
f 1121/971/727 1115/965/727 1114/964/727 1122/972/727 
f 1122/972/728 1114/964/728 1113/963/728 1123/973/728 
f 1123/973/729 1113/963/729 1112/962/729 1124/974/729 
f 1124/974/730 1112/962/730 1111/961/730 1125/975/730 
f 1125/975/731 1111/961/731 1110/960/731 1126/976/731 
f 1126/976/732 1110/960/732 1109/959/732 1127/977/732 
f 1127/977/733 1109/959/733 1108/958/733 1128/978/733 
f 1128/978/734 1108/958/734 1107/957/734 1129/979/734 
f 1129/979/735 1107/957/735 1106/956/735 1130/980/735 
f 1130/980/736 1106/956/736 1105/955/736 1131/981/736 
f 1131/981/737 1105/955/737 1104/954/737 1132/982/737 
f 1132/982/738 1104/954/738 1103/953/738 1133/983/738 
f 1133/983/739 1103/953/739 1102/952/739 1134/984/739 
f 1134/984/740 1102/952/740 1101/951/740 1135/985/740 
f 1135/985/741 1101/951/741 1100/950/741 1136/986/741 
f 1136/986/742 1100/950/742 1099/949/742 1137/987/742 
f 1137/987/743 1099/949/743 1098/948/743 1138/988/743 
f 1138/988/436 1098/948/436 1097/947/436 1139/989/436 
f 1139/989/744 1097/947/744 1096/946/744 1140/990/744 
f 1140/990/745 1096/946/745 1095/945/745 1141/991/745 
f 1141/991/746 1095/945/746 1094/944/746 1142/992/746 
f 1142/992/747 1094/944/747 1093/943/747 1143/993/747 
f 1143/993/748 1093/943/748 1092/942/748 1144/994/748 
f 1144/994/749 1092/942/749 1091/941/749 1145/995/749 
f 1145/995/750 1091/941/750 1090/940/750 1146/996/750 
f 1146/996/751 1090/940/751 1089/939/751 1147/997/751 
f 1147/997/752 1089/939/752 1088/938/752 1148/998/752 
f 1148/998/753 1088/938/753 1087/937/753 1149/999/753 
f 1149/999/754 1087/937/754 1086/936/754 1150/1000/754 
f 1150/1000/755 1086/936/755 1085/935/755 1151/1001/755 
f 1151/1001/756 1085/935/756 1084/934/756 1152/1002/756 
f 1152/1002/757 1084/934/757 1083/933/757 1153/1003/757 
f 1153/1003/758 1083/933/758 1082/932/758 1154/1004/758 
f 1154/1004/759 1082/932/759 1081/931/759 1155/1005/759 
f 1155/1005/760 1081/931/760 1080/930/760 1156/1006/760 
f 1156/1006/761 1080/930/761 1079/929/761 1157/1007/761 
f 1157/1007/762 1079/929/762 1078/928/762 1158/1008/762 
f 1158/1008/763 1078/928/763 1077/927/763 1159/1009/763 
f 1159/1009/764 1077/927/764 1076/926/764 1160/1010/764 
f 1160/1010/765 1076/926/765 1075/925/765 1161/1011/765 
f 1161/1011/766 1075/925/766 1074/924/766 1162/1012/766 
f 1162/1012/767 1074/924/767 1073/923/767 1163/1013/767 
f 1163/1013/768 1073/923/768 1072/922/768 1164/1014/768 
f 1164/1014/769 1072/922/769 1071/921/769 1165/1015/769 
f 1165/1015/770 1071/921/770 1070/920/770 1166/1016/770 
f 1166/1016/771 1070/920/771 1069/919/771 1167/1017/771 
f 1167/1017/772 1069/919/772 1068/918/772 1168/1018/772 
f 1168/1018/773 1068/918/773 1067/917/773 1169/1019/773 
f 1169/1019/774 1067/917/774 1066/916/774 1170/1020/774 
f 1170/1020/775 1066/916/775 1065/915/775 1171/1021/775 
f 1171/1021/776 1065/915/776 1064/914/776 1172/1022/776 
f 1172/1022/777 1064/914/777 1063/913/777 1173/1023/777 
f 1173/1023/778 1063/913/778 1062/912/778 1118/968/778 
f 1061/911/779 948/798/779 1117/967/779 1119/969/779 
s 1
f 1174/1024/780 1175/1025/781 1176/1026/782 1177/1027/783 
f 1175/1025/781 1178/1028/784 1179/1029/785 1176/1026/782 
f 1178/1028/784 1180/1030/786 1181/1031/787 1179/1029/785 
f 1180/1030/786 1182/1032/788 1183/1033/789 1181/1031/787 
f 1182/1032/788 1184/1034/790 1185/1035/791 1183/1033/789 
f 1184/1034/790 1186/1036/145 1187/1037/792 1185/1035/791 
f 1186/1036/145 1188/1038/793 1189/1039/794 1187/1037/792 
f 1188/1038/793 1190/1040/795 1191/1041/796 1189/1039/794 
f 1190/1040/795 1192/1042/797 1193/1043/798 1191/1041/796 
f 1192/1042/797 1194/1044/799 1195/1045/800 1193/1043/798 
f 1194/1044/799 1196/1046/801 1197/1047/802 1195/1045/800 
f 1196/1046/801 1174/1048/780 1177/1049/783 1197/1047/802 
f 1177/1027/783 1176/1026/782 1198/1050/803 1199/1051/804 
f 1176/1026/782 1179/1029/785 1200/1052/805 1198/1050/803 
f 1179/1029/785 1181/1031/787 1201/1053/806 1200/1052/805 
f 1181/1031/787 1183/1033/789 1202/1054/807 1201/1053/806 
f 1183/1033/789 1185/1035/791 1203/1055/808 1202/1054/807 
f 1185/1035/791 1187/1037/792 1204/1056/809 1203/1055/808 
f 1187/1037/792 1189/1039/794 1205/1057/810 1204/1056/809 
f 1189/1039/794 1191/1041/796 1206/1058/811 1205/1057/810 
f 1191/1041/796 1193/1043/798 1207/1059/812 1206/1058/811 
f 1193/1043/798 1195/1045/800 1208/1060/813 1207/1059/812 
f 1195/1045/800 1197/1047/802 1209/1061/814 1208/1060/813 
f 1197/1047/802 1177/1049/783 1199/1062/804 1209/1061/814 
f 1199/1051/804 1198/1050/803 1210/1063/815 1211/1064/816 
f 1198/1050/803 1200/1052/805 1212/1065/817 1210/1063/815 
f 1200/1052/805 1201/1053/806 1213/1066/818 1212/1065/817 
f 1201/1053/806 1202/1054/807 1214/1067/819 1213/1066/818 
f 1202/1054/807 1203/1055/808 1215/1068/820 1214/1067/819 
f 1203/1055/808 1204/1056/809 1216/1069/821 1215/1068/820 
f 1204/1056/809 1205/1057/810 1217/1070/822 1216/1069/821 
f 1205/1057/810 1206/1058/811 1218/1071/823 1217/1070/822 
f 1206/1058/811 1207/1059/812 1219/1072/824 1218/1071/823 
f 1207/1059/812 1208/1060/813 1220/1073/825 1219/1072/824 
f 1208/1060/813 1209/1061/814 1221/1074/826 1220/1073/825 
f 1209/1061/814 1199/1062/804 1211/1075/816 1221/1074/826 
f 1211/1064/816 1210/1063/815 1222/1076/827 1223/1077/828 
f 1210/1063/815 1212/1065/817 1224/1078/829 1222/1076/827 
f 1212/1065/817 1213/1066/818 1225/1079/830 1224/1078/829 
f 1213/1066/818 1214/1067/819 1226/1080/831 1225/1079/830 
f 1214/1067/819 1215/1068/820 1227/1081/832 1226/1080/831 
f 1215/1068/820 1216/1069/821 1228/1082/833 1227/1081/832 
f 1216/1069/821 1217/1070/822 1229/1083/834 1228/1082/833 
f 1217/1070/822 1218/1071/823 1230/1084/835 1229/1083/834 
f 1218/1071/823 1219/1072/824 1231/1085/836 1230/1084/835 
f 1219/1072/824 1220/1073/825 1232/1086/837 1231/1085/836 
f 1220/1073/825 1221/1074/826 1233/1087/838 1232/1086/837 
f 1221/1074/826 1211/1075/816 1223/1088/828 1233/1087/838 
f 1223/1077/828 1222/1076/827 1234/1089/839 1235/1090/840 
f 1222/1076/827 1224/1078/829 1236/1091/841 1234/1089/839 
f 1224/1078/829 1225/1079/830 1237/1092/842 1236/1091/841 
f 1225/1079/830 1226/1080/831 1238/1093/843 1237/1092/842 
f 1226/1080/831 1227/1081/832 1239/1094/844 1238/1093/843 
f 1227/1081/832 1228/1082/833 1240/1095/845 1239/1094/844 
f 1228/1082/833 1229/1083/834 1241/1096/846 1240/1095/845 
f 1229/1083/834 1230/1084/835 1242/1097/847 1241/1096/846 
f 1230/1084/835 1231/1085/836 1243/1098/848 1242/1097/847 
f 1231/1085/836 1232/1086/837 1244/1099/849 1243/1098/848 
f 1232/1086/837 1233/1087/838 1245/1100/850 1244/1099/849 
f 1233/1087/838 1223/1088/828 1235/1101/840 1245/1100/850 
f 1235/1090/840 1234/1089/839 1246/1102/851 1247/1103/852 
f 1234/1089/839 1236/1091/841 1248/1104/853 1246/1102/851 
f 1236/1091/841 1237/1092/842 1249/1105/854 1248/1104/853 
f 1237/1092/842 1238/1093/843 1250/1106/855 1249/1105/854 
f 1238/1093/843 1239/1094/844 1251/1107/856 1250/1106/855 
f 1239/1094/844 1240/1095/845 1252/1108/857 1251/1107/856 
f 1240/1095/845 1241/1096/846 1253/1109/858 1252/1108/857 
f 1241/1096/846 1242/1097/847 1254/1110/859 1253/1109/858 
f 1242/1097/847 1243/1098/848 1255/1111/860 1254/1110/859 
f 1243/1098/848 1244/1099/849 1256/1112/861 1255/1111/860 
f 1244/1099/849 1245/1100/850 1257/1113/862 1256/1112/861 
f 1245/1100/850 1235/1101/840 1247/1114/852 1257/1113/862 
f 1247/1103/852 1246/1102/851 1258/1115/863 1259/1116/864 
f 1246/1102/851 1248/1104/853 1260/1117/865 1258/1115/863 
f 1248/1104/853 1249/1105/854 1261/1118/866 1260/1117/865 
f 1249/1105/854 1250/1106/855 1262/1119/867 1261/1118/866 
f 1250/1106/855 1251/1107/856 1263/1120/868 1262/1119/867 
f 1251/1107/856 1252/1108/857 1264/1121/869 1263/1120/868 
f 1252/1108/857 1253/1109/858 1265/1122/870 1264/1121/869 
f 1253/1109/858 1254/1110/859 1266/1123/871 1265/1122/870 
f 1254/1110/859 1255/1111/860 1267/1124/872 1266/1123/871 
f 1255/1111/860 1256/1112/861 1268/1125/873 1267/1124/872 
f 1256/1112/861 1257/1113/862 1269/1126/874 1268/1125/873 
f 1257/1113/862 1247/1114/852 1259/1127/864 1269/1126/874 
f 1259/1116/864 1258/1115/863 1270/1128/875 1271/1129/876 
f 1258/1115/863 1260/1117/865 1272/1130/877 1270/1128/875 
f 1260/1117/865 1261/1118/866 1273/1131/878 1272/1130/877 
f 1261/1118/866 1262/1119/867 1274/1132/879 1273/1131/878 
f 1262/1119/867 1263/1120/868 1275/1133/880 1274/1132/879 
f 1263/1120/868 1264/1121/869 1276/1134/881 1275/1133/880 
f 1264/1121/869 1265/1122/870 1277/1135/882 1276/1134/881 
f 1265/1122/870 1266/1123/871 1278/1136/883 1277/1135/882 
f 1266/1123/871 1267/1124/872 1279/1137/884 1278/1136/883 
f 1267/1124/872 1268/1125/873 1280/1138/885 1279/1137/884 
f 1268/1125/873 1269/1126/874 1281/1139/886 1280/1138/885 
f 1269/1126/874 1259/1127/864 1271/1140/876 1281/1139/886 
f 1271/1129/876 1270/1128/875 1282/1141/887 1283/1142/888 
f 1270/1128/875 1272/1130/877 1284/1143/889 1282/1141/887 
f 1272/1130/877 1273/1131/878 1285/1144/890 1284/1143/889 
f 1273/1131/878 1274/1132/879 1286/1145/891 1285/1144/890 
f 1274/1132/879 1275/1133/880 1287/1146/892 1286/1145/891 
f 1275/1133/880 1276/1134/881 1288/1147/893 1287/1146/892 
f 1276/1134/881 1277/1135/882 1289/1148/894 1288/1147/893 
f 1277/1135/882 1278/1136/883 1290/1149/895 1289/1148/894 
f 1278/1136/883 1279/1137/884 1291/1150/896 1290/1149/895 
f 1279/1137/884 1280/1138/885 1292/1151/897 1291/1150/896 
f 1280/1138/885 1281/1139/886 1293/1152/898 1292/1151/897 
f 1281/1139/886 1271/1140/876 1283/1153/888 1293/1152/898 
f 1283/1142/888 1282/1141/887 1294/1154/899 1295/1155/900 
f 1282/1141/887 1284/1143/889 1296/1156/901 1294/1154/899 
f 1284/1143/889 1285/1144/890 1297/1157/902 1296/1156/901 
f 1285/1144/890 1286/1145/891 1298/1158/903 1297/1157/902 
f 1286/1145/891 1287/1146/892 1299/1159/904 1298/1158/903 
f 1287/1146/892 1288/1147/893 1300/1160/905 1299/1159/904 
f 1288/1147/893 1289/1148/894 1301/1161/906 1300/1160/905 
f 1289/1148/894 1290/1149/895 1302/1162/907 1301/1161/906 
f 1290/1149/895 1291/1150/896 1303/1163/908 1302/1162/907 
f 1291/1150/896 1292/1151/897 1304/1164/909 1303/1163/908 
f 1292/1151/897 1293/1152/898 1305/1165/910 1304/1164/909 
f 1293/1152/898 1283/1153/888 1295/1166/900 1305/1165/910 
f 1295/1155/900 1294/1154/899 1306/1167/911 1307/1168/912 
f 1294/1154/899 1296/1156/901 1308/1169/913 1306/1167/911 
f 1296/1156/901 1297/1157/902 1309/1170/914 1308/1169/913 
f 1297/1157/902 1298/1158/903 1310/1171/915 1309/1170/914 
f 1298/1158/903 1299/1159/904 1311/1172/916 1310/1171/915 
f 1299/1159/904 1300/1160/905 1312/1173/917 1311/1172/916 
f 1300/1160/905 1301/1161/906 1313/1174/918 1312/1173/917 
f 1301/1161/906 1302/1162/907 1314/1175/919 1313/1174/918 
f 1302/1162/907 1303/1163/908 1315/1176/920 1314/1175/919 
f 1303/1163/908 1304/1164/909 1316/1177/921 1315/1176/920 
f 1304/1164/909 1305/1165/910 1317/1178/922 1316/1177/921 
f 1305/1165/910 1295/1166/900 1307/1179/912 1317/1178/922 
f 1307/1168/912 1306/1167/911 1318/1180/923 1319/1181/924 
f 1306/1167/911 1308/1169/913 1320/1182/925 1318/1180/923 
f 1308/1169/913 1309/1170/914 1321/1183/926 1320/1182/925 
f 1309/1170/914 1310/1171/915 1322/1184/927 1321/1183/926 
f 1310/1171/915 1311/1172/916 1323/1185/928 1322/1184/927 
f 1311/1172/916 1312/1173/917 1324/1186/929 1323/1185/928 
f 1312/1173/917 1313/1174/918 1325/1187/930 1324/1186/929 
f 1313/1174/918 1314/1175/919 1326/1188/931 1325/1187/930 
f 1314/1175/919 1315/1176/920 1327/1189/932 1326/1188/931 
f 1315/1176/920 1316/1177/921 1328/1190/933 1327/1189/932 
f 1316/1177/921 1317/1178/922 1329/1191/934 1328/1190/933 
f 1317/1178/922 1307/1179/912 1319/1192/924 1329/1191/934 
f 1319/1181/924 1318/1180/923 1330/1193/935 1331/1194/936 
f 1318/1180/923 1320/1182/925 1332/1195/937 1330/1193/935 
f 1320/1182/925 1321/1183/926 1333/1196/938 1332/1195/937 
f 1321/1183/926 1322/1184/927 1334/1197/939 1333/1196/938 
f 1322/1184/927 1323/1185/928 1335/1198/940 1334/1197/939 
f 1323/1185/928 1324/1186/929 1336/1199/941 1335/1198/940 
f 1324/1186/929 1325/1187/930 1337/1200/942 1336/1199/941 
f 1325/1187/930 1326/1188/931 1338/1201/943 1337/1200/942 
f 1326/1188/931 1327/1189/932 1339/1202/944 1338/1201/943 
f 1327/1189/932 1328/1190/933 1340/1203/945 1339/1202/944 
f 1328/1190/933 1329/1191/934 1341/1204/946 1340/1203/945 
f 1329/1191/934 1319/1192/924 1331/1205/936 1341/1204/946 
f 1331/1194/936 1330/1193/935 1342/1206/947 1343/1207/948 
f 1330/1193/935 1332/1195/937 1344/1208/949 1342/1206/947 
f 1332/1195/937 1333/1196/938 1345/1209/950 1344/1208/949 
f 1333/1196/938 1334/1197/939 1346/1210/951 1345/1209/950 
f 1334/1197/939 1335/1198/940 1347/1211/952 1346/1210/951 
f 1335/1198/940 1336/1199/941 1348/1212/953 1347/1211/952 
f 1336/1199/941 1337/1200/942 1349/1213/954 1348/1212/953 
f 1337/1200/942 1338/1201/943 1350/1214/955 1349/1213/954 
f 1338/1201/943 1339/1202/944 1351/1215/956 1350/1214/955 
f 1339/1202/944 1340/1203/945 1352/1216/957 1351/1215/956 
f 1340/1203/945 1341/1204/946 1353/1217/958 1352/1216/957 
f 1341/1204/946 1331/1205/936 1343/1218/948 1353/1217/958 
f 1343/1207/948 1342/1206/947 1354/1219/959 1355/1220/960 
f 1342/1206/947 1344/1208/949 1356/1221/961 1354/1219/959 
f 1344/1208/949 1345/1209/950 1357/1222/962 1356/1221/961 
f 1345/1209/950 1346/1210/951 1358/1223/963 1357/1222/962 
f 1346/1210/951 1347/1211/952 1359/1224/964 1358/1223/963 
f 1347/1211/952 1348/1212/953 1360/1225/965 1359/1224/964 
f 1348/1212/953 1349/1213/954 1361/1226/966 1360/1225/965 
f 1349/1213/954 1350/1214/955 1362/1227/967 1361/1226/966 
f 1350/1214/955 1351/1215/956 1363/1228/968 1362/1227/967 
f 1351/1215/956 1352/1216/957 1364/1229/969 1363/1228/968 
f 1352/1216/957 1353/1217/958 1365/1230/970 1364/1229/969 
f 1353/1217/958 1343/1218/948 1355/1231/960 1365/1230/970 
f 1355/1220/960 1354/1219/959 1366/1232/971 1367/1233/972 
f 1354/1219/959 1356/1221/961 1368/1234/973 1366/1232/971 
f 1356/1221/961 1357/1222/962 1369/1235/974 1368/1234/973 
f 1357/1222/962 1358/1223/963 1370/1236/975 1369/1235/974 
f 1358/1223/963 1359/1224/964 1371/1237/976 1370/1236/975 
f 1359/1224/964 1360/1225/965 1372/1238/977 1371/1237/976 
f 1360/1225/965 1361/1226/966 1373/1239/978 1372/1238/977 
f 1361/1226/966 1362/1227/967 1374/1240/979 1373/1239/978 
f 1362/1227/967 1363/1228/968 1375/1241/980 1374/1240/979 
f 1363/1228/968 1364/1229/969 1376/1242/981 1375/1241/980 
f 1364/1229/969 1365/1230/970 1377/1243/982 1376/1242/981 
f 1365/1230/970 1355/1231/960 1367/1244/972 1377/1243/982 
f 1367/1233/972 1366/1232/971 1378/1245/983 1379/1246/984 
f 1366/1232/971 1368/1234/973 1380/1247/985 1378/1245/983 
f 1368/1234/973 1369/1235/974 1381/1248/986 1380/1247/985 
f 1369/1235/974 1370/1236/975 1382/1249/987 1381/1248/986 
f 1370/1236/975 1371/1237/976 1383/1250/988 1382/1249/987 
f 1371/1237/976 1372/1238/977 1384/1251/989 1383/1250/988 
f 1372/1238/977 1373/1239/978 1385/1252/990 1384/1251/989 
f 1373/1239/978 1374/1240/979 1386/1253/991 1385/1252/990 
f 1374/1240/979 1375/1241/980 1387/1254/992 1386/1253/991 
f 1375/1241/980 1376/1242/981 1388/1255/993 1387/1254/992 
f 1376/1242/981 1377/1243/982 1389/1256/994 1388/1255/993 
f 1377/1243/982 1367/1244/972 1379/1257/984 1389/1256/994 
f 1379/1246/984 1378/1245/983 1390/1258/995 1391/1259/996 
f 1378/1245/983 1380/1247/985 1392/1260/997 1390/1258/995 
f 1380/1247/985 1381/1248/986 1393/1261/998 1392/1260/997 
f 1381/1248/986 1382/1249/987 1394/1262/999 1393/1261/998 
f 1382/1249/987 1383/1250/988 1395/1263/1000 1394/1262/999 
f 1383/1250/988 1384/1251/989 1396/1264/852 1395/1263/1000 
f 1384/1251/989 1385/1252/990 1397/1265/1001 1396/1264/852 
f 1385/1252/990 1386/1253/991 1398/1266/1002 1397/1265/1001 
f 1386/1253/991 1387/1254/992 1399/1267/1003 1398/1266/1002 
f 1387/1254/992 1388/1255/993 1400/1268/1004 1399/1267/1003 
f 1388/1255/993 1389/1256/994 1401/1269/1005 1400/1268/1004 
f 1389/1256/994 1379/1257/984 1391/1270/996 1401/1269/1005 
f 1391/1259/996 1390/1258/995 1402/1271/1006 1403/1272/1007 
f 1390/1258/995 1392/1260/997 1404/1273/1008 1402/1271/1006 
f 1392/1260/997 1393/1261/998 1405/1274/1009 1404/1273/1008 
f 1393/1261/998 1394/1262/999 1406/1275/1010 1405/1274/1009 
f 1394/1262/999 1395/1263/1000 1407/1276/1011 1406/1275/1010 
f 1395/1263/1000 1396/1264/852 1408/1277/1012 1407/1276/1011 
f 1396/1264/852 1397/1265/1001 1409/1278/1013 1408/1277/1012 
f 1397/1265/1001 1398/1266/1002 1410/1279/1014 1409/1278/1013 
f 1398/1266/1002 1399/1267/1003 1411/1280/1015 1410/1279/1014 
f 1399/1267/1003 1400/1268/1004 1412/1281/1016 1411/1280/1015 
f 1400/1268/1004 1401/1269/1005 1413/1282/1017 1412/1281/1016 
f 1401/1269/1005 1391/1270/996 1403/1283/1007 1413/1282/1017 
f 1403/1272/1007 1402/1271/1006 1414/1284/1018 1415/1285/1019 
f 1402/1271/1006 1404/1273/1008 1416/1286/1020 1414/1284/1018 
f 1404/1273/1008 1405/1274/1009 1417/1287/1021 1416/1286/1020 
f 1405/1274/1009 1406/1275/1010 1418/1288/1022 1417/1287/1021 
f 1406/1275/1010 1407/1276/1011 1419/1289/1023 1418/1288/1022 
f 1407/1276/1011 1408/1277/1012 1420/1290/1024 1419/1289/1023 
f 1408/1277/1012 1409/1278/1013 1421/1291/1025 1420/1290/1024 
f 1409/1278/1013 1410/1279/1014 1422/1292/1026 1421/1291/1025 
f 1410/1279/1014 1411/1280/1015 1423/1293/1027 1422/1292/1026 
f 1411/1280/1015 1412/1281/1016 1424/1294/1028 1423/1293/1027 
f 1412/1281/1016 1413/1282/1017 1425/1295/1029 1424/1294/1028 
f 1413/1282/1017 1403/1283/1007 1415/1296/1019 1425/1295/1029 
f 1415/1285/1019 1414/1284/1018 1426/1297/1030 1427/1298/1031 
f 1414/1284/1018 1416/1286/1020 1428/1299/1032 1426/1297/1030 
f 1416/1286/1020 1417/1287/1021 1429/1300/1033 1428/1299/1032 
f 1417/1287/1021 1418/1288/1022 1430/1301/1034 1429/1300/1033 
f 1418/1288/1022 1419/1289/1023 1431/1302/1035 1430/1301/1034 
f 1419/1289/1023 1420/1290/1024 1432/1303/1036 1431/1302/1035 
f 1420/1290/1024 1421/1291/1025 1433/1304/1037 1432/1303/1036 
f 1421/1291/1025 1422/1292/1026 1434/1305/1038 1433/1304/1037 
f 1422/1292/1026 1423/1293/1027 1435/1306/1039 1434/1305/1038 
f 1423/1293/1027 1424/1294/1028 1436/1307/1040 1435/1306/1039 
f 1424/1294/1028 1425/1295/1029 1437/1308/1041 1436/1307/1040 
f 1425/1295/1029 1415/1296/1019 1427/1309/1031 1437/1308/1041 
f 1427/1298/1031 1426/1297/1030 1438/1310/1042 1439/1311/1043 
f 1426/1297/1030 1428/1299/1032 1440/1312/1044 1438/1310/1042 
f 1428/1299/1032 1429/1300/1033 1441/1313/1045 1440/1312/1044 
f 1429/1300/1033 1430/1301/1034 1442/1314/1046 1441/1313/1045 
f 1430/1301/1034 1431/1302/1035 1443/1315/1047 1442/1314/1046 
f 1431/1302/1035 1432/1303/1036 1444/1316/1048 1443/1315/1047 
f 1432/1303/1036 1433/1304/1037 1445/1317/1049 1444/1316/1048 
f 1433/1304/1037 1434/1305/1038 1446/1318/1050 1445/1317/1049 
f 1434/1305/1038 1435/1306/1039 1447/1319/1051 1446/1318/1050 
f 1435/1306/1039 1436/1307/1040 1448/1320/1052 1447/1319/1051 
f 1436/1307/1040 1437/1308/1041 1449/1321/1053 1448/1320/1052 
f 1437/1308/1041 1427/1309/1031 1439/1322/1043 1449/1321/1053 
f 1439/1311/1043 1438/1310/1042 1450/1323/1054 1451/1324/1055 
f 1438/1310/1042 1440/1312/1044 1452/1325/1056 1450/1323/1054 
f 1440/1312/1044 1441/1313/1045 1453/1326/1057 1452/1325/1056 
f 1441/1313/1045 1442/1314/1046 1454/1327/1058 1453/1326/1057 
f 1442/1314/1046 1443/1315/1047 1455/1328/1059 1454/1327/1058 
f 1443/1315/1047 1444/1316/1048 1456/1329/1060 1455/1328/1059 
f 1444/1316/1048 1445/1317/1049 1457/1330/1061 1456/1329/1060 
f 1445/1317/1049 1446/1318/1050 1458/1331/1062 1457/1330/1061 
f 1446/1318/1050 1447/1319/1051 1459/1332/1063 1458/1331/1062 
f 1447/1319/1051 1448/1320/1052 1460/1333/1064 1459/1332/1063 
f 1448/1320/1052 1449/1321/1053 1461/1334/1065 1460/1333/1064 
f 1449/1321/1053 1439/1322/1043 1451/1335/1055 1461/1334/1065 
f 1451/1324/1055 1450/1323/1054 1175/1336/781 1174/1337/780 
f 1450/1323/1054 1452/1325/1056 1178/1338/784 1175/1336/781 
f 1452/1325/1056 1453/1326/1057 1180/1339/786 1178/1338/784 
f 1453/1326/1057 1454/1327/1058 1182/1340/788 1180/1339/786 
f 1454/1327/1058 1455/1328/1059 1184/1341/790 1182/1340/788 
f 1455/1328/1059 1456/1329/1060 1186/1342/145 1184/1341/790 
f 1456/1329/1060 1457/1330/1061 1188/1343/793 1186/1342/145 
f 1457/1330/1061 1458/1331/1062 1190/1344/795 1188/1343/793 
f 1458/1331/1062 1459/1332/1063 1192/1345/797 1190/1344/795 
f 1459/1332/1063 1460/1333/1064 1194/1346/799 1192/1345/797 
f 1460/1333/1064 1461/1334/1065 1196/1347/801 1194/1346/799 
f 1461/1334/1065 1451/1335/1055 1174/1348/780 1196/1347/801 
s 2
f 1462/1349/1066 1463/1350/1066 1464/1351/1066 1465/1352/1066 
f 1465/1352/1066 1464/1351/1066 1466/1353/1066 1467/1354/1066 
f 1463/1350/1066 1468/1355/1066 1469/1356/1066 1464/1351/1066 
f 1464/1351/1066 1469/1356/1066 1470/1357/1066 1466/1353/1066 
f 1468/1355/1066 1471/1358/1066 1472/1359/1066 1469/1356/1066 
f 1469/1356/1066 1472/1359/1066 1473/1360/1066 1470/1357/1066 
f 1471/1358/1066 1474/1361/1066 1475/1362/1066 1472/1359/1066 
f 1472/1359/1066 1475/1362/1066 1476/1363/1066 1473/1360/1066 
f 1474/1361/1066 1477/1364/1066 1478/1365/1066 1475/1362/1066 
f 1475/1362/1066 1478/1365/1066 1479/1366/1066 1476/1363/1066 
f 1477/1364/1066 1480/1367/1066 1481/1368/1066 1478/1365/1066 
f 1478/1365/1066 1481/1368/1066 1482/1369/1066 1479/1366/1066 
s 4
f 1483/1337/323 1484/1370/323 1485/1371/323 1486/1372/323 
f 1484/1370/323 1487/1373/323 1488/1374/323 1485/1371/323 
f 1486/1372/323 1485/1371/323 1489/1375/323 1490/1376/323 
f 1485/1371/323 1488/1374/323 1491/1377/323 1489/1375/323 
f 1490/1376/323 1489/1375/323 1492/1378/323 1493/1379/323 
f 1489/1375/323 1491/1377/323 1494/1380/323 1492/1378/323 
f 1493/1379/323 1492/1378/323 1495/1381/323 1496/1382/323 
f 1492/1378/323 1494/1380/323 1497/1383/323 1495/1381/323 
f 1496/1382/323 1495/1381/323 1498/1384/323 1499/1385/323 
f 1495/1381/323 1497/1383/323 1500/1386/323 1498/1384/323 
f 1499/1385/323 1498/1384/323 1501/1387/323 1502/1388/323 
f 1498/1384/323 1500/1386/323 1503/1389/323 1501/1387/323 
s 8
f 1504/1337/145 1505/1370/145 1506/1390/145 1507/1391/145 
f 1505/1370/145 1508/1373/145 1509/1392/145 1506/1390/145 
s 16
f 1510/1337/852 1511/1393/852 1512/1394/852 1513/1391/852 
f 1514/1393/852 1515/1395/852 1516/1396/852 1517/1394/852 
f 1470/1395/852 1473/1397/852 1494/1398/852 1491/1396/852 
f 1518/1397/852 1519/1399/852 1520/1400/852 1521/1398/852 
f 1522/1399/852 1523/1401/852 1524/1402/852 1525/1400/852 
f 1526/1401/852 1527/1403/852 1528/1404/852 1529/1402/852 
s 32
f 1530/1337/1067 1531/1370/1067 1532/1390/1067 1533/1391/1067 
f 1531/1370/1067 1534/1373/1067 1535/1392/1067 1532/1390/1067 
s off
f 1479/1401/1066 1482/1403/1066 1527/1403/1066 1526/1401/1066 
f 1530/1403/1067 1533/1404/1067 1536/1404/1067 1537/1403/1067 
f 1503/1404/323 1500/1402/323 1529/1402/323 1528/1404/323 
f 1500/1402/145 1479/1401/145 1526/1401/145 1529/1402/145 
f 1473/1397/1066 1476/1399/1066 1522/1399/1066 1538/1397/1066 
f 1476/1399/1066 1479/1401/1066 1523/1401/1066 1522/1399/1066 
f 1479/1401/1067 1500/1402/1067 1524/1402/1067 1523/1401/1067 
f 1500/1402/323 1497/1400/323 1525/1400/323 1524/1402/323 
f 1497/1400/323 1494/1398/323 1539/1398/323 1525/1400/323 
f 1494/1398/145 1473/1397/145 1538/1397/145 1539/1398/145 
f 1522/1399/1067 1525/1400/1067 1520/1400/1067 1519/1399/1067 
f 1525/1400/323 1539/1398/323 1521/1398/323 1520/1400/323 
f 1539/1398/145 1538/1397/145 1518/1397/145 1521/1398/145 
f 1538/1397/1066 1522/1399/1066 1519/1399/1066 1518/1397/1066 
f 1466/1393/1066 1470/1395/1066 1515/1395/1066 1514/1393/1066 
f 1470/1395/1067 1491/1396/1067 1516/1396/1067 1515/1395/1067 
f 1491/1396/323 1488/1394/323 1517/1394/323 1516/1396/323 
f 1488/1394/145 1466/1393/145 1514/1393/145 1517/1394/145 
f 1462/1337/1066 1465/1370/1066 1540/1370/1066 1541/1337/1066 
f 1465/1370/1066 1467/1373/1066 1542/1373/1066 1540/1370/1066 
f 1543/1373/852 1544/1392/852 1545/1392/852 1546/1373/852 
f 1487/1392/323 1484/1390/323 1547/1390/323 1548/1392/323 
f 1484/1390/323 1483/1391/323 1549/1391/323 1547/1390/323 
f 1467/1337/1066 1466/1393/1066 1511/1393/1066 1510/1337/1066 
f 1466/1393/1067 1488/1394/1067 1512/1394/1067 1511/1393/1067 
f 1488/1394/323 1487/1391/323 1513/1391/323 1512/1394/323 
f 1487/1392/323 1548/1392/323 1550/1392/323 1513/1392/323 
f 1509/1392/145 1508/1373/145 1551/1373/145 1552/1392/145 
f 1542/1373/1066 1467/1373/1066 1510/1373/1066 1553/1373/1066 
f 1510/1373/1067 1513/1392/1067 1544/1392/1067 1543/1373/1067 
f 1513/1392/323 1550/1392/323 1545/1392/323 1544/1392/323 
f 1552/1392/145 1551/1373/145 1554/1373/145 1555/1392/145 
f 1553/1373/1066 1510/1373/1066 1543/1373/1066 1546/1373/1066 
f 1549/1391/1068 1483/1337/1068 1462/1349/1068 1541/1337/1068 
f 1483/1337/1068 1486/1372/1068 1463/1350/1068 1462/1349/1068 
f 1486/1372/1068 1490/1376/1068 1468/1355/1068 1463/1350/1068 
f 1490/1376/1068 1493/1379/1068 1471/1358/1068 1468/1355/1068 
f 1493/1379/1068 1496/1382/1068 1474/1361/1068 1471/1358/1068 
f 1496/1382/1068 1499/1385/1068 1477/1364/1068 1474/1361/1068 
f 1499/1385/1068 1502/1388/1068 1480/1367/1068 1477/1364/1068 
f 1556/1337/1066 1557/1370/1066 1558/1370/1066 1559/1337/1066 
f 1557/1370/1066 1560/1373/1066 1561/1373/1066 1558/1370/1066 
f 1560/1373/1066 1562/1373/1066 1563/1373/1066 1561/1373/1066 
f 1562/1373/1066 1564/1373/1066 1565/1373/1066 1563/1373/1066 
f 1546/1373/852 1545/1392/852 1555/1392/852 1554/1373/852 
f 1566/1392/323 1567/1392/323 1568/1392/323 1569/1392/323 
f 1567/1392/323 1570/1392/323 1571/1392/323 1568/1392/323 
f 1570/1392/323 1572/1390/323 1573/1390/323 1571/1392/323 
f 1572/1390/323 1574/1391/323 1575/1391/323 1573/1390/323 
f 1549/1391/1068 1541/1337/1068 1504/1337/1068 1507/1391/1068 
f 1547/1390/1067 1549/1391/1067 1574/1391/1067 1572/1390/1067 
f 1549/1391/1068 1507/1391/1068 1575/1391/1068 1574/1391/1068 
f 1507/1391/145 1506/1390/145 1573/1390/145 1575/1391/145 
f 1506/1390/145 1509/1392/145 1571/1392/145 1573/1390/145 
f 1509/1392/145 1552/1392/145 1568/1392/145 1571/1392/145 
f 1552/1392/145 1555/1392/145 1569/1392/145 1568/1392/145 
f 1555/1392/852 1545/1392/852 1566/1392/852 1569/1392/852 
f 1545/1392/1067 1550/1392/1067 1567/1392/1067 1566/1392/1067 
f 1550/1392/1067 1548/1392/1067 1570/1392/1067 1567/1392/1067 
f 1548/1392/1067 1547/1390/1067 1572/1390/1067 1570/1392/1067 
f 1541/1337/1067 1540/1370/1067 1557/1370/1067 1556/1337/1067 
f 1540/1370/1067 1542/1373/1067 1560/1373/1067 1557/1370/1067 
f 1542/1373/1067 1553/1373/1067 1562/1373/1067 1560/1373/1067 
f 1553/1373/1067 1546/1373/1067 1564/1373/1067 1562/1373/1067 
f 1546/1373/852 1554/1373/852 1565/1373/852 1564/1373/852 
f 1554/1373/145 1551/1373/145 1563/1373/145 1565/1373/145 
f 1551/1373/145 1508/1373/145 1561/1373/145 1563/1373/145 
f 1508/1373/145 1505/1370/145 1558/1370/145 1561/1373/145 
f 1505/1370/145 1504/1337/145 1559/1337/145 1558/1370/145 
f 1504/1337/996 1541/1337/996 1556/1337/996 1559/1337/996 
f 1576/1370/1066 1577/1373/1066 1578/1373/1066 1579/1370/1066 
f 1480/1373/1068 1502/1392/1068 1535/1392/1068 1534/1373/1068 
f 1580/1392/323 1581/1390/323 1582/1390/323 1583/1392/323 
f 1581/1390/323 1584/1391/323 1585/1391/323 1582/1390/323 
f 1584/1404/323 1586/1404/323 1587/1404/323 1585/1404/323 
f 1528/1404/852 1527/1403/852 1537/1403/852 1536/1404/852 
f 1588/1403/1066 1589/1403/1066 1590/1403/1066 1591/1403/1066 
f 1589/1337/1066 1576/1370/1066 1579/1370/1066 1590/1337/1066 
f 1502/1392/145 1501/1390/145 1581/1390/145 1580/1392/145 
f 1501/1390/145 1503/1391/145 1584/1391/145 1581/1390/145 
f 1503/1404/145 1528/1404/145 1586/1404/145 1584/1404/145 
f 1528/1404/852 1536/1404/852 1587/1404/852 1586/1404/852 
f 1536/1404/1067 1533/1404/1067 1585/1404/1067 1587/1404/1067 
f 1533/1391/1067 1532/1390/1067 1582/1390/1067 1585/1391/1067 
f 1532/1390/1067 1535/1392/1067 1583/1392/1067 1582/1390/1067 
f 1535/1392/1068 1502/1392/1068 1580/1392/1068 1583/1392/1068 
f 1481/1370/1069 1480/1373/1069 1577/1373/1069 1576/1370/1069 
f 1480/1373/1068 1534/1373/1068 1578/1373/1068 1577/1373/1068 
f 1534/1373/1067 1531/1370/1067 1579/1370/1067 1578/1373/1067 
f 1531/1370/1067 1530/1337/1067 1590/1337/1067 1579/1370/1067 
f 1530/1403/1067 1537/1403/1067 1591/1403/1067 1590/1403/1067 
f 1537/1403/852 1527/1403/852 1588/1403/852 1591/1403/852 
f 1527/1403/1069 1482/1403/1069 1589/1403/1069 1588/1403/1069 
f 1482/1337/1069 1481/1370/1069 1576/1370/1069 1589/1337/1069 
f 325/175/1066 328/178/1066 1592/178/1066 1593/175/1066 
f 328/178/1066 330/180/1066 1594/180/1066 1592/178/1066 
f 330/180/1066 332/182/1066 1595/182/1066 1594/180/1066 
f 332/182/1066 334/184/1066 1596/184/1066 1595/182/1066 
f 334/184/1066 336/186/1066 1597/186/1066 1596/184/1066 
f 336/186/1066 338/188/1066 1598/188/1066 1597/186/1066 
f 338/188/1066 340/190/1066 1599/190/1066 1598/188/1066 
f 340/190/1066 342/192/1066 1600/192/1066 1599/190/1066 
f 342/192/1066 344/194/1066 1601/194/1066 1600/192/1066 
f 344/194/1066 346/196/1066 1602/196/1066 1601/194/1066 
f 346/196/1066 348/198/1066 1603/198/1066 1602/196/1066 
f 348/198/1066 350/200/1066 1604/200/1066 1603/198/1066 
f 350/200/1066 352/202/1066 1605/202/1066 1604/200/1066 
f 352/202/1066 354/204/1066 1606/204/1066 1605/202/1066 
f 433/283/1066 325/175/1066 1593/175/1066 1607/283/1066 
f 435/285/1066 434/284/1066 1608/284/1066 1609/285/1066 
f 438/288/1066 435/285/1066 1609/285/1066 1610/288/1066 
f 440/290/1066 438/288/1066 1610/288/1066 1611/290/1066 
f 442/292/1066 440/290/1066 1611/290/1066 1612/292/1066 
f 444/294/1066 442/292/1066 1612/292/1066 1613/294/1066 
f 446/296/1066 444/294/1066 1613/294/1066 1614/296/1066 
f 448/298/1066 446/296/1066 1614/296/1066 1615/298/1066 
f 450/300/1066 448/298/1066 1615/298/1066 1616/300/1066 
f 452/302/1066 450/300/1066 1616/300/1066 1617/302/1066 
f 454/304/1066 452/302/1066 1617/302/1066 1618/304/1066 
f 456/306/1066 454/304/1066 1618/304/1066 1619/306/1066 
f 458/308/1066 456/306/1066 1619/306/1066 1620/308/1066 
f 460/310/1066 458/308/1066 1620/308/1066 1621/310/1066 
f 462/312/1066 460/310/1066 1621/310/1066 1622/312/1066 
f 464/314/1066 462/312/1066 1622/312/1066 1623/314/1066 
f 434/284/1066 433/283/1066 1607/283/1066 1608/284/1066 
f 354/204/1066 356/206/1066 1624/206/1066 1606/204/1066 
f 545/395/1066 544/394/1066 1625/394/1066 1626/395/1066 
f 548/398/1066 545/395/1066 1626/395/1066 1627/398/1066 
f 550/400/1066 548/398/1066 1627/398/1066 1628/400/1066 
f 552/402/1066 550/400/1066 1628/400/1066 1629/402/1066 
f 554/404/1066 552/402/1066 1629/402/1066 1630/404/1066 
f 556/406/1066 554/404/1066 1630/404/1066 1631/406/1066 
f 558/408/1066 556/406/1066 1631/406/1066 1632/408/1066 
f 560/410/1066 558/408/1066 1632/408/1066 1633/410/1066 
f 562/412/1066 560/410/1066 1633/410/1066 1634/412/1066 
f 564/414/1066 562/412/1066 1634/412/1066 1635/414/1066 
f 566/416/1066 564/414/1066 1635/414/1066 1636/416/1066 
f 568/418/1066 566/416/1066 1636/416/1066 1637/418/1066 
f 570/420/1066 568/418/1066 1637/418/1066 1638/420/1066 
f 572/422/1066 570/420/1066 1638/420/1066 1639/422/1066 
f 356/206/1066 572/422/1066 1639/422/1066 1624/206/1066 
f 544/394/1066 648/498/1066 1640/498/1066 1625/394/1066 
f 649/499/1066 652/502/1066 1641/502/1066 1642/499/1066 
f 652/502/1066 654/504/1066 1643/504/1066 1641/502/1066 
f 654/504/1066 656/506/1066 1644/506/1066 1643/504/1066 
f 656/506/1066 658/508/1066 1645/508/1066 1644/506/1066 
f 658/508/1066 660/510/1066 1646/510/1066 1645/508/1066 
f 660/510/1066 662/512/1066 1647/512/1066 1646/510/1066 
f 662/512/1066 664/514/1066 1648/514/1066 1647/512/1066 
f 664/514/1066 666/516/1066 1649/516/1066 1648/514/1066 
f 666/516/1066 668/518/1066 1650/518/1066 1649/516/1066 
f 668/518/1066 670/520/1066 1651/520/1066 1650/518/1066 
f 670/520/1066 672/522/1066 1652/522/1066 1651/520/1066 
f 672/522/1066 674/524/1066 1653/524/1066 1652/522/1066 
f 674/524/1066 676/526/1066 1654/526/1066 1653/524/1066 
f 676/526/1066 678/528/1066 1655/528/1066 1654/526/1066 
f 678/528/1066 464/314/1066 1623/314/1066 1655/528/1066 
f 648/498/1066 649/499/1066 1642/499/1066 1640/498/1066 
# 1343 polygons - 24 triangles

