# 3ds Max Wavefront OBJ Exporter v0.97b - (c)2007 guruware
# File Created: 04.02.2018 23:13:54

#
# object HelmKey
#

v  187.2048 1.5544 -19.8759
v  187.1736 1.9118 -19.8759
v  188.4828 2.1426 -17.5382
v  188.5343 1.5544 -17.5382
v  187.0807 2.2583 -19.8759
v  188.3300 2.7130 -17.5382
v  186.9292 2.5834 -19.8759
v  188.0805 3.2481 -17.5382
v  186.7234 2.8772 -19.8759
v  187.7418 3.7317 -17.5382
v  186.4698 3.1308 -19.8759
v  187.3243 4.1492 -17.5382
v  186.1759 3.3366 -19.8759
v  186.8406 4.4879 -17.5382
v  185.8508 3.4882 -19.8759
v  186.3055 4.7374 -17.5382
v  185.5043 3.5810 -19.8759
v  185.7352 4.8902 -17.5382
v  185.1470 3.6123 -19.8759
v  185.1470 4.9417 -17.5382
v  184.7897 3.5810 -19.8759
v  184.5588 4.8902 -17.5382
v  184.4432 3.4882 -19.8759
v  183.9885 4.7374 -17.5382
v  184.1181 3.3366 -19.8759
v  183.4534 4.4879 -17.5382
v  183.8242 3.1308 -19.8759
v  182.9697 4.1492 -17.5382
v  183.5706 2.8772 -19.8759
v  182.5522 3.7317 -17.5382
v  183.3649 2.5834 -19.8759
v  182.2136 3.2481 -17.5382
v  183.2133 2.2583 -19.8759
v  181.9640 2.7130 -17.5382
v  183.1204 1.9118 -19.8759
v  181.8112 2.1426 -17.5382
v  183.0892 1.5544 -19.8759
v  181.7598 1.5544 -17.5382
v  183.1204 1.1971 -19.8759
v  181.8112 0.9663 -17.5382
v  183.2133 0.8506 -19.8759
v  181.9640 0.3959 -17.5382
v  183.3649 0.5255 -19.8759
v  182.2135 -0.1392 -17.5382
v  183.5706 0.2317 -19.8759
v  182.5522 -0.6228 -17.5382
v  183.8242 -0.0220 -19.8759
v  182.9697 -1.0403 -17.5382
v  184.1181 -0.2277 -19.8759
v  183.4534 -1.3790 -17.5382
v  184.4432 -0.3793 -19.8759
v  183.9885 -1.6285 -17.5382
v  184.7897 -0.4721 -19.8759
v  184.5588 -1.7814 -17.5382
v  185.1470 -0.5034 -19.8759
v  185.1470 -1.8328 -17.5382
v  185.5043 -0.4721 -19.8759
v  185.7352 -1.7814 -17.5382
v  185.8508 -0.3793 -19.8759
v  186.3055 -1.6285 -17.5382
v  186.1759 -0.2277 -19.8759
v  186.8406 -1.3790 -17.5382
v  186.4698 -0.0220 -19.8759
v  187.3243 -1.0403 -17.5382
v  186.7234 0.2317 -19.8759
v  187.7418 -0.6228 -17.5382
v  186.9292 0.5255 -19.8759
v  188.0805 -0.1392 -17.5382
v  187.0807 0.8506 -19.8759
v  188.3300 0.3959 -17.5382
v  187.1736 1.1971 -19.8759
v  188.4828 0.9662 -17.5382
v  188.4828 2.1426 -16.2183
v  188.5343 1.5544 -16.2183
v  188.3300 2.7130 -16.2183
v  188.0805 3.2481 -16.2183
v  187.7418 3.7317 -16.2183
v  187.3243 4.1492 -16.2183
v  186.8406 4.4879 -16.2183
v  186.3055 4.7374 -16.2183
v  185.7352 4.8902 -16.2183
v  185.1470 4.9417 -16.2183
v  184.5588 4.8902 -16.2183
v  183.9885 4.7374 -16.2183
v  183.4534 4.4879 -16.2183
v  182.9697 4.1492 -16.2183
v  182.5522 3.7317 -16.2183
v  182.2136 3.2481 -16.2183
v  181.9640 2.7130 -16.2183
v  181.8112 2.1426 -16.2183
v  181.7598 1.5544 -16.2183
v  181.8112 0.9663 -16.2183
v  181.9640 0.3959 -16.2183
v  182.2135 -0.1392 -16.2183
v  182.5522 -0.6228 -16.2183
v  182.9697 -1.0403 -16.2183
v  183.4534 -1.3790 -16.2183
v  183.9885 -1.6285 -16.2183
v  184.5588 -1.7814 -16.2183
v  185.1470 -1.8328 -16.2183
v  185.7352 -1.7814 -16.2183
v  186.3055 -1.6285 -16.2183
v  186.8406 -1.3790 -16.2183
v  187.3243 -1.0404 -16.2183
v  187.7418 -0.6228 -16.2183
v  188.0805 -0.1392 -16.2183
v  188.3300 0.3959 -16.2183
v  188.4828 0.9662 -16.2183
v  187.5461 1.9775 -14.4886
v  187.5831 1.5544 -14.4886
v  187.4362 2.3876 -14.4886
v  187.2567 2.7725 -14.4886
v  187.0132 3.1204 -14.4886
v  186.7129 3.4206 -14.4886
v  186.3651 3.6642 -14.4886
v  185.9802 3.8436 -14.4886
v  185.5700 3.9536 -14.4886
v  185.1470 3.9906 -14.4886
v  184.7240 3.9536 -14.4886
v  184.3138 3.8436 -14.4886
v  183.9289 3.6642 -14.4886
v  183.5811 3.4206 -14.4886
v  183.2808 3.1204 -14.4886
v  183.0373 2.7725 -14.4886
v  182.8578 2.3876 -14.4886
v  182.7479 1.9775 -14.4886
v  182.7109 1.5544 -14.4886
v  182.7479 1.1314 -14.4886
v  182.8578 0.7212 -14.4886
v  183.0373 0.3364 -14.4886
v  183.2808 -0.0115 -14.4886
v  183.5811 -0.3117 -14.4886
v  183.9289 -0.5553 -14.4886
v  184.3138 -0.7348 -14.4886
v  184.7240 -0.8447 -14.4886
v  185.1470 -0.8817 -14.4886
v  185.5700 -0.8447 -14.4886
v  185.9802 -0.7348 -14.4886
v  186.3651 -0.5553 -14.4886
v  186.7129 -0.3117 -14.4886
v  187.0132 -0.0115 -14.4886
v  187.2567 0.3364 -14.4886
v  187.4362 0.7212 -14.4886
v  187.5461 1.1314 -14.4886
v  185.7319 1.5545 44.1808
v  185.7230 1.6560 44.1808
v  185.6966 1.7545 44.1808
v  185.6535 1.8469 44.1808
v  185.5951 1.9304 44.1808
v  185.5230 2.0025 44.1808
v  185.4395 2.0610 44.1808
v  185.3470 2.1041 44.1808
v  185.2486 2.1305 44.1808
v  185.1470 2.1393 44.1808
v  185.0454 2.1305 44.1808
v  184.9470 2.1041 44.1808
v  184.8546 2.0610 44.1808
v  184.7710 2.0025 44.1808
v  184.6989 1.9304 44.1808
v  184.6405 1.8469 44.1808
v  184.5974 1.7545 44.1808
v  184.5710 1.6560 44.1808
v  184.5621 1.5545 44.1808
v  184.5710 1.4529 44.1808
v  184.5974 1.3544 44.1808
v  184.6405 1.2620 44.1808
v  184.6989 1.1785 44.1808
v  184.7710 1.1064 44.1808
v  184.8546 1.0479 44.1808
v  184.9470 1.0048 44.1808
v  185.0454 0.9784 44.1808
v  185.1470 0.9696 44.1808
v  185.2486 0.9784 44.1808
v  185.3470 1.0048 44.1808
v  185.4395 1.0479 44.1808
v  185.5230 1.1064 44.1808
v  185.5951 1.1785 44.1808
v  185.6535 1.2620 44.1808
v  185.6966 1.3544 44.1808
v  185.7230 1.4529 44.1808
v  188.3121 2.1125 -13.2392
v  188.3609 1.5544 -13.2392
v  188.1671 2.6537 -13.2392
v  187.9303 3.1614 -13.2392
v  187.6090 3.6203 -13.2392
v  187.2129 4.0164 -13.2392
v  186.7540 4.3378 -13.2392
v  186.2462 4.5745 -13.2392
v  185.7051 4.7195 -13.2392
v  185.1470 4.7684 -13.2392
v  184.5889 4.7195 -13.2392
v  184.0478 4.5745 -13.2392
v  183.5401 4.3378 -13.2392
v  183.0811 4.0164 -13.2392
v  182.6850 3.6203 -13.2392
v  182.3637 3.1614 -13.2392
v  182.1269 2.6537 -13.2392
v  181.9819 2.1125 -13.2392
v  181.9331 1.5544 -13.2392
v  181.9819 0.9964 -13.2392
v  182.1269 0.4552 -13.2392
v  182.3637 -0.0525 -13.2392
v  182.6850 -0.5114 -13.2392
v  183.0811 -0.9076 -13.2392
v  183.5401 -1.2289 -13.2392
v  184.0478 -1.4657 -13.2392
v  184.5889 -1.6106 -13.2392
v  185.1470 -1.6595 -13.2392
v  185.7051 -1.6106 -13.2392
v  186.2462 -1.4657 -13.2392
v  186.7540 -1.2289 -13.2392
v  187.2129 -0.9076 -13.2392
v  187.6090 -0.5114 -13.2392
v  187.9303 -0.0525 -13.2392
v  188.1671 0.4552 -13.2392
v  188.3121 0.9963 -13.2392
v  188.3121 2.1125 -11.6317
v  188.3609 1.5544 -11.6317
v  188.1671 2.6537 -11.6317
v  187.9303 3.1614 -11.6317
v  187.6090 3.6203 -11.6317
v  187.2129 4.0164 -11.6317
v  186.7540 4.3378 -11.6317
v  186.2462 4.5745 -11.6317
v  185.7051 4.7195 -11.6317
v  185.1470 4.7684 -11.6317
v  184.5889 4.7195 -11.6317
v  184.0478 4.5745 -11.6317
v  183.5401 4.3378 -11.6317
v  183.0811 4.0164 -11.6317
v  182.6850 3.6203 -11.6317
v  182.3637 3.1614 -11.6317
v  182.1269 2.6537 -11.6317
v  181.9819 2.1125 -11.6317
v  181.9331 1.5544 -11.6317
v  181.9819 0.9964 -11.6317
v  182.1269 0.4552 -11.6317
v  182.3637 -0.0525 -11.6317
v  182.6850 -0.5114 -11.6317
v  183.0811 -0.9076 -11.6317
v  183.5401 -1.2289 -11.6317
v  184.0478 -1.4657 -11.6317
v  184.5889 -1.6106 -11.6317
v  185.1470 -1.6595 -11.6317
v  185.7051 -1.6106 -11.6317
v  186.2462 -1.4657 -11.6317
v  186.7540 -1.2289 -11.6317
v  187.2129 -0.9076 -11.6317
v  187.6090 -0.5114 -11.6317
v  187.9303 -0.0525 -11.6317
v  188.1671 0.4552 -11.6317
v  188.3121 0.9963 -11.6317
v  187.5770 1.9829 -10.0948
v  187.6145 1.5544 -10.0948
v  187.4657 2.3984 -10.0948
v  187.2839 2.7882 -10.0948
v  187.0372 3.1405 -10.0948
v  186.7330 3.4446 -10.0948
v  186.3807 3.6913 -10.0948
v  185.9909 3.8731 -10.0948
v  185.5755 3.9844 -10.0948
v  185.1470 4.0219 -10.0948
v  184.7185 3.9844 -10.0948
v  184.3031 3.8731 -10.0948
v  183.9133 3.6913 -10.0948
v  183.5610 3.4446 -10.0948
v  183.2568 3.1405 -10.0948
v  183.0101 2.7882 -10.0948
v  182.8284 2.3984 -10.0948
v  182.7170 1.9829 -10.0948
v  182.6796 1.5544 -10.0948
v  182.7170 1.1260 -10.0948
v  182.8284 0.7105 -10.0948
v  183.0101 0.3207 -10.0948
v  183.2568 -0.0316 -10.0948
v  183.5610 -0.3357 -10.0948
v  183.9133 -0.5824 -10.0948
v  184.3031 -0.7642 -10.0948
v  184.7185 -0.8755 -10.0948
v  185.1470 -0.9130 -10.0948
v  185.5755 -0.8755 -10.0948
v  185.9909 -0.7642 -10.0948
v  186.3807 -0.5824 -10.0948
v  186.7330 -0.3357 -10.0948
v  187.0372 -0.0316 -10.0948
v  187.2839 0.3207 -10.0948
v  187.4657 0.7105 -10.0948
v  187.5770 1.1260 -10.0948
v  187.5770 1.9829 -9.4701
v  187.6145 1.5544 -9.4701
v  187.4657 2.3984 -9.4701
v  187.2839 2.7882 -9.4701
v  187.0372 3.1405 -9.4701
v  186.7330 3.4446 -9.4701
v  186.3807 3.6913 -9.4701
v  185.9909 3.8731 -9.4701
v  185.5755 3.9844 -9.4701
v  185.1470 4.0219 -9.4701
v  184.7185 3.9844 -9.4701
v  184.3031 3.8731 -9.4701
v  183.9133 3.6913 -9.4701
v  183.5610 3.4446 -9.4701
v  183.2568 3.1405 -9.4701
v  183.0101 2.7882 -9.4701
v  182.8284 2.3984 -9.4701
v  182.7170 1.9829 -9.4701
v  182.6796 1.5544 -9.4701
v  182.7170 1.1260 -9.4701
v  182.8284 0.7105 -9.4701
v  183.0101 0.3207 -9.4701
v  183.2568 -0.0316 -9.4701
v  183.5610 -0.3357 -9.4701
v  183.9133 -0.5824 -9.4701
v  184.3031 -0.7642 -9.4701
v  184.7185 -0.8755 -9.4701
v  185.1470 -0.9130 -9.4701
v  185.5755 -0.8755 -9.4701
v  185.9909 -0.7642 -9.4701
v  186.3807 -0.5824 -9.4701
v  186.7330 -0.3357 -9.4701
v  187.0372 -0.0316 -9.4701
v  187.2839 0.3207 -9.4701
v  187.4657 0.7105 -9.4701
v  187.5770 1.1260 -9.4701
v  187.5770 1.9829 16.1311
v  187.6145 1.5544 16.1311
v  187.4657 2.3984 16.1311
v  187.2839 2.7882 16.1311
v  187.0372 3.1405 16.1311
v  186.7330 3.4446 16.1311
v  186.3807 3.6913 16.1311
v  185.9909 3.8731 16.1311
v  185.5755 3.9844 16.1311
v  185.1470 4.0219 16.1311
v  184.7185 3.9844 16.1311
v  184.3031 3.8731 16.1311
v  183.9133 3.6913 16.1311
v  183.5610 3.4446 16.1311
v  183.2568 3.1405 16.1311
v  183.0101 2.7882 16.1311
v  182.8284 2.3984 16.1311
v  182.7170 1.9829 16.1311
v  182.6796 1.5544 16.1311
v  182.7170 1.1260 16.1311
v  182.8284 0.7105 16.1311
v  183.0101 0.3207 16.1311
v  183.2568 -0.0316 16.1311
v  183.5610 -0.3357 16.1311
v  183.9133 -0.5824 16.1311
v  184.3031 -0.7642 16.1311
v  184.7185 -0.8755 16.1311
v  185.1470 -0.9130 16.1311
v  185.5755 -0.8755 16.1311
v  185.9909 -0.7642 16.1311
v  186.3807 -0.5824 16.1311
v  186.7330 -0.3357 16.1311
v  187.0372 -0.0316 16.1311
v  187.2839 0.3207 16.1311
v  187.4657 0.7105 16.1311
v  187.5770 1.1260 16.1311
v  187.5770 1.9829 16.5476
v  187.6145 1.5544 16.5476
v  187.4657 2.3984 16.5476
v  187.2839 2.7882 16.5476
v  187.0372 3.1405 16.5476
v  186.7330 3.4446 16.5476
v  186.3807 3.6913 16.5476
v  185.9909 3.8731 16.5476
v  185.5755 3.9844 16.5476
v  185.1470 4.0219 16.5476
v  184.7185 3.9844 16.5476
v  184.3031 3.8731 16.5476
v  183.9133 3.6913 16.5476
v  183.5610 3.4446 16.5476
v  183.2568 3.1405 16.5476
v  183.0101 2.7882 16.5476
v  182.8284 2.3984 16.5476
v  182.7170 1.9829 16.5476
v  182.6796 1.5544 16.5476
v  182.7170 1.1260 16.5476
v  182.8284 0.7105 16.5476
v  183.0101 0.3207 16.5476
v  183.2568 -0.0316 16.5476
v  183.5610 -0.3357 16.5476
v  183.9133 -0.5824 16.5476
v  184.3031 -0.7642 16.5476
v  184.7185 -0.8755 16.5476
v  185.1470 -0.9130 16.5476
v  185.5755 -0.8755 16.5476
v  185.9909 -0.7642 16.5476
v  186.3807 -0.5824 16.5476
v  186.7330 -0.3357 16.5476
v  187.0372 -0.0316 16.5476
v  187.2839 0.3207 16.5476
v  187.4657 0.7105 16.5476
v  187.5770 1.1260 16.5476
v  188.0237 2.0617 16.5705
v  188.0680 1.5544 16.5705
v  187.8919 2.5535 16.5705
v  187.6767 3.0150 16.5705
v  187.3846 3.4320 16.5705
v  187.0246 3.7921 16.5705
v  186.6075 4.0841 16.5705
v  186.1461 4.2993 16.5705
v  185.6542 4.4311 16.5705
v  185.1470 4.4755 16.5705
v  184.6398 4.4311 16.5705
v  184.1480 4.2993 16.5705
v  183.6865 4.0841 16.5705
v  183.2694 3.7921 16.5705
v  182.9094 3.4320 16.5705
v  182.6173 3.0150 16.5705
v  182.4021 2.5535 16.5705
v  182.2704 2.0617 16.5705
v  182.2260 1.5544 16.5705
v  182.2704 1.0472 16.5705
v  182.4021 0.5554 16.5705
v  182.6173 0.0939 16.5705
v  182.9094 -0.3232 16.5705
v  183.2694 -0.6832 16.5705
v  183.6865 -0.9752 16.5705
v  184.1479 -1.1904 16.5705
v  184.6398 -1.3222 16.5705
v  185.1470 -1.3666 16.5705
v  185.6542 -1.3222 16.5705
v  186.1461 -1.1904 16.5705
v  186.6075 -0.9752 16.5705
v  187.0246 -0.6832 16.5705
v  187.3846 -0.3232 16.5705
v  187.6767 0.0939 16.5705
v  187.8919 0.5554 16.5705
v  188.0237 1.0472 16.5705
v  188.0237 2.0617 42.7774
v  188.0680 1.5545 42.7774
v  187.8919 2.5535 42.7774
v  187.6767 3.0150 42.7774
v  187.3846 3.4321 42.7774
v  187.0246 3.7921 42.7774
v  186.6075 4.0841 42.7774
v  186.1461 4.2993 42.7774
v  185.6542 4.4311 42.7774
v  185.1470 4.4755 42.7774
v  184.6398 4.4311 42.7774
v  184.1480 4.2993 42.7774
v  183.6865 4.0841 42.7774
v  183.2694 3.7921 42.7774
v  182.9094 3.4321 42.7774
v  182.6173 3.0150 42.7774
v  182.4021 2.5535 42.7774
v  182.2704 2.0617 42.7774
v  182.2260 1.5545 42.7774
v  182.2704 1.0472 42.7774
v  182.4021 0.5554 42.7774
v  182.6173 0.0939 42.7774
v  182.9094 -0.3231 42.7774
v  183.2694 -0.6832 42.7774
v  183.6865 -0.9752 42.7774
v  184.1479 -1.1904 42.7774
v  184.6398 -1.3222 42.7774
v  185.1470 -1.3666 42.7774
v  185.6542 -1.3222 42.7774
v  186.1461 -1.1904 42.7774
v  186.6075 -0.9752 42.7774
v  187.0246 -0.6832 42.7774
v  187.3846 -0.3231 42.7774
v  187.6767 0.0939 42.7774
v  187.8919 0.5554 42.7774
v  188.0237 1.0472 42.7774
v  186.6927 1.8270 43.8186
v  186.7165 1.5545 43.8186
v  186.6219 2.0913 43.8186
v  186.5063 2.3392 43.8186
v  186.3493 2.5633 43.8186
v  186.1559 2.7568 43.8186
v  185.9318 2.9137 43.8186
v  185.6838 3.0293 43.8186
v  185.4196 3.1001 43.8186
v  185.1470 3.1240 43.8186
v  184.8745 3.1001 43.8186
v  184.6102 3.0293 43.8186
v  184.3622 2.9137 43.8186
v  184.1381 2.7568 43.8186
v  183.9447 2.5633 43.8186
v  183.7878 2.3392 43.8186
v  183.6721 2.0913 43.8186
v  183.6013 1.8270 43.8186
v  183.5775 1.5545 43.8186
v  183.6013 1.2819 43.8186
v  183.6721 1.0176 43.8186
v  183.7878 0.7697 43.8186
v  183.9447 0.5456 43.8186
v  184.1381 0.3521 43.8186
v  184.3622 0.1952 43.8186
v  184.6102 0.0796 43.8186
v  184.8745 0.0088 43.8186
v  185.1470 -0.0151 43.8186
v  185.4196 0.0088 43.8186
v  185.6838 0.0796 43.8186
v  185.9318 0.1952 43.8186
v  186.1559 0.3521 43.8186
v  186.3493 0.5456 43.8186
v  186.5063 0.7697 43.8186
v  186.6219 1.0176 43.8186
v  186.6927 1.2819 43.8186
v  185.1911 0.0975 -51.3058
v  184.7788 0.0975 -51.0256
v  184.7788 3.8637 -51.0256
v  185.1621 3.8637 -51.3058
v  184.3031 0.0975 -50.7539
v  184.3031 3.8637 -50.7539
v  183.7580 0.0975 -50.4884
v  183.7580 3.8637 -50.4884
v  183.1666 0.0975 -50.2272
v  183.1666 3.8637 -50.2272
v  182.5522 0.0975 -49.9681
v  182.5522 3.8637 -49.9681
v  181.2327 0.0975 -49.5956
v  181.2327 3.8637 -49.5956
v  179.9037 0.0975 -49.1830
v  179.9037 3.8637 -49.1830
v  178.5556 0.0975 -48.6905
v  178.5556 3.8637 -48.6905
v  177.1787 0.0975 -48.0781
v  177.1787 3.8637 -48.0781
v  175.7635 0.0975 -47.3057
v  175.7635 3.8637 -47.3057
v  174.3005 0.0975 -46.3334
v  174.3005 3.8637 -46.3334
v  172.7800 0.0975 -45.1213
v  172.7800 3.8637 -45.1213
v  171.3819 0.0975 -43.6637
v  171.3819 3.8637 -43.6637
v  170.2615 0.0975 -42.0042
v  170.2615 3.8637 -42.0042
v  169.3725 0.0975 -40.1766
v  169.3725 3.8637 -40.1766
v  168.6687 0.0975 -38.2143
v  168.6687 3.8637 -38.2143
v  168.1038 0.0975 -36.1511
v  168.1038 3.8637 -36.1511
v  167.6315 0.0975 -34.0207
v  167.6315 3.8637 -34.0207
v  167.2054 0.0975 -31.8566
v  167.2054 3.8637 -31.8566
v  167.7465 0.0975 -30.1324
v  167.7465 3.8637 -30.1324
v  168.2738 0.0975 -28.4600
v  168.2738 3.8637 -28.4600
v  168.7737 0.0975 -26.8911
v  168.7737 3.8637 -26.8911
v  169.2324 0.0975 -25.4772
v  169.2324 3.8637 -25.4772
v  169.6362 0.0975 -24.2702
v  169.6362 3.8637 -24.2702
v  169.9713 0.0975 -23.3218
v  169.9713 3.8637 -23.3218
v  170.2240 0.0975 -22.6837
v  170.2240 3.8637 -22.6837
v  170.4240 0.0975 -22.2813
v  170.4240 3.8637 -22.2813
v  170.6113 0.0975 -21.9927
v  170.6113 3.8637 -21.9927
v  170.7880 0.0975 -21.7989
v  170.7880 3.8637 -21.7989
v  170.9562 0.0975 -21.6811
v  170.9562 3.8637 -21.6811
v  171.1182 0.0975 -21.6202
v  171.1182 3.8637 -21.6202
v  171.2759 0.0975 -21.5973
v  171.2759 3.8637 -21.5973
v  171.4315 0.0975 -21.5933
v  171.4315 3.8637 -21.5933
v  179.1591 0.0975 -23.0423
v  179.1591 3.8637 -23.0423
v  185.1911 0.0975 -18.0345
v  185.1911 3.8637 -18.0345
v  185.1911 3.7487 -49.1956
v  185.1911 3.8514 -51.1216
v  184.8954 3.7383 -48.8052
v  185.1911 3.7383 -49.0058
v  184.6060 3.7383 -48.6612
v  183.9648 3.7383 -48.3780
v  183.2196 3.7383 -48.0638
v  181.8050 3.7383 -47.6644
v  180.5482 3.7383 -47.2743
v  179.3113 3.7383 -46.8224
v  178.0719 3.7383 -46.2711
v  176.8053 3.7383 -45.5798
v  175.4878 3.7383 -44.7042
v  174.1405 3.7383 -43.6301
v  172.9546 3.7383 -42.3939
v  172.0103 3.7383 -40.9953
v  171.2314 3.7383 -39.3938
v  170.5908 3.7383 -37.6075
v  170.0594 3.7383 -35.6669
v  169.6030 3.7383 -33.6081
v  169.2806 3.7383 -31.9705
v  169.6677 3.7383 -30.7368
v  170.1937 3.7383 -29.0686
v  170.6911 3.7383 -27.5075
v  171.1453 3.7383 -26.1075
v  171.5408 3.7383 -24.9253
v  171.8351 3.7383 -24.0285
v  171.9411 3.7383 -23.7378
v  171.9984 3.7383 -23.5762
v  172.0248 3.7383 -23.5197
v  172.4264 3.7383 -23.6121
v  179.7177 3.7383 -25.1962
v  185.1911 3.7383 -20.9996
v  184.6060 0.7574 -48.6612
v  184.8954 0.7574 -48.8052
v  183.9648 0.7574 -48.3780
v  183.2196 0.7574 -48.0638
v  181.8050 0.7574 -47.6644
v  180.5482 0.7574 -47.2743
v  179.3113 0.7574 -46.8224
v  178.0719 0.7574 -46.2711
v  176.8053 0.7574 -45.5798
v  175.4878 0.7574 -44.7042
v  174.1405 0.7574 -43.6301
v  172.9546 0.7574 -42.3939
v  172.0103 0.7574 -40.9953
v  171.2314 0.7574 -39.3938
v  170.5908 0.7574 -37.6075
v  170.0594 0.7574 -35.6669
v  169.6030 0.7574 -33.6081
v  169.2806 0.7574 -31.9705
v  169.6677 0.7574 -30.7368
v  170.1937 0.7574 -29.0686
v  170.6911 0.7574 -27.5075
v  171.1453 0.7574 -26.1075
v  171.5408 0.7574 -24.9253
v  171.8351 0.7574 -24.0285
v  171.9411 0.7574 -23.7378
v  171.9984 0.7574 -23.5762
v  172.0248 0.7574 -23.5197
v  172.4264 0.7574 -23.6121
v  179.7177 0.7574 -25.1962
v  185.1911 0.7574 -20.9996
v  185.1911 0.7574 -49.0058
v  185.1911 0.0975 -51.3373
v  185.1911 3.8637 -51.3373
v  185.2201 3.8637 -51.3058
v  185.6033 3.8637 -51.0256
v  185.6033 0.0975 -51.0256
v  186.0790 3.8637 -50.7539
v  186.0790 0.0975 -50.7539
v  186.6241 3.8637 -50.4884
v  186.6241 0.0975 -50.4884
v  187.2155 3.8637 -50.2272
v  187.2155 0.0975 -50.2272
v  187.8300 3.8637 -49.9681
v  187.8300 0.0975 -49.9681
v  189.1494 3.8637 -49.5956
v  189.1494 0.0975 -49.5956
v  190.4784 3.8637 -49.1830
v  190.4784 0.0975 -49.1830
v  191.8265 3.8637 -48.6905
v  191.8265 0.0975 -48.6905
v  193.2034 3.8637 -48.0781
v  193.2034 0.0975 -48.0781
v  194.6186 3.8637 -47.3057
v  194.6186 0.0975 -47.3057
v  196.0816 3.8637 -46.3334
v  196.0816 0.0975 -46.3334
v  197.6022 3.8637 -45.1213
v  197.6022 0.0975 -45.1213
v  199.0003 3.8637 -43.6637
v  199.0003 0.0975 -43.6637
v  200.1207 3.8637 -42.0042
v  200.1207 0.0975 -42.0042
v  201.0096 3.8637 -40.1766
v  201.0096 0.0975 -40.1766
v  201.7134 3.8637 -38.2143
v  201.7134 0.0975 -38.2143
v  202.2783 3.8637 -36.1511
v  202.2783 0.0975 -36.1511
v  202.7506 3.8637 -34.0207
v  202.7506 0.0975 -34.0207
v  203.1767 3.8637 -31.8566
v  203.1767 0.0975 -31.8566
v  202.6356 3.8637 -30.1324
v  202.6356 0.0975 -30.1324
v  202.1083 3.8637 -28.4600
v  202.1083 0.0975 -28.4600
v  201.6084 3.8637 -26.8911
v  201.6084 0.0975 -26.8911
v  201.1497 3.8637 -25.4772
v  201.1497 0.0975 -25.4772
v  200.7460 3.8637 -24.2702
v  200.7460 0.0975 -24.2702
v  200.4109 3.8637 -23.3218
v  200.4109 0.0975 -23.3218
v  200.1581 3.8637 -22.6837
v  200.1581 0.0975 -22.6837
v  199.9581 3.8637 -22.2813
v  199.9581 0.0975 -22.2813
v  199.7709 3.8637 -21.9927
v  199.7709 0.0975 -21.9927
v  199.5941 3.8637 -21.7989
v  199.5941 0.0975 -21.7989
v  199.4259 3.8637 -21.6811
v  199.4259 0.0975 -21.6811
v  199.2640 3.8637 -21.6202
v  199.2640 0.0975 -21.6202
v  199.1062 3.8637 -21.5973
v  199.1062 0.0975 -21.5973
v  198.9507 3.8637 -21.5933
v  198.9507 0.0975 -21.5933
v  191.2231 3.8637 -23.0423
v  191.2231 0.0975 -23.0423
v  185.4868 3.7383 -48.8052
v  185.7761 3.7383 -48.6612
v  186.4173 3.7383 -48.3780
v  187.1625 3.7383 -48.0638
v  188.5771 3.7383 -47.6644
v  189.8339 3.7383 -47.2743
v  191.0708 3.7383 -46.8224
v  192.3102 3.7383 -46.2711
v  193.5768 3.7383 -45.5798
v  194.8943 3.7383 -44.7042
v  196.2417 3.7383 -43.6301
v  197.4275 3.7383 -42.3939
v  198.3718 3.7383 -40.9953
v  199.1507 3.7383 -39.3938
v  199.7914 3.7383 -37.6075
v  200.3227 3.7383 -35.6669
v  200.7792 3.7383 -33.6081
v  201.1016 3.7383 -31.9705
v  200.7144 3.7383 -30.7368
v  200.1884 3.7383 -29.0686
v  199.6911 3.7383 -27.5075
v  199.2368 3.7383 -26.1075
v  198.8414 3.7383 -24.9253
v  198.5470 3.7383 -24.0285
v  198.4410 3.7383 -23.7378
v  198.3838 3.7383 -23.5762
v  198.3574 3.7383 -23.5197
v  197.9557 3.7383 -23.6121
v  190.6644 3.7383 -25.1962
v  185.4868 0.7574 -48.8052
v  185.7761 0.7574 -48.6612
v  186.4173 0.7574 -48.3780
v  187.1625 0.7574 -48.0638
v  188.5771 0.7574 -47.6644
v  189.8339 0.7574 -47.2743
v  191.0708 0.7574 -46.8224
v  192.3102 0.7574 -46.2711
v  193.5768 0.7574 -45.5798
v  194.8943 0.7574 -44.7042
v  196.2417 0.7574 -43.6301
v  197.4275 0.7574 -42.3939
v  198.3718 0.7574 -40.9953
v  199.1507 0.7574 -39.3938
v  199.7914 0.7574 -37.6075
v  200.3227 0.7574 -35.6669
v  200.7792 0.7574 -33.6081
v  201.1016 0.7574 -31.9705
v  200.7144 0.7574 -30.7368
v  200.1884 0.7574 -29.0686
v  199.6911 0.7574 -27.5075
v  199.2368 0.7574 -26.1075
v  198.8414 0.7574 -24.9253
v  198.5470 0.7574 -24.0285
v  198.4410 0.7574 -23.7378
v  198.3838 0.7574 -23.5762
v  198.3574 0.7574 -23.5197
v  197.9557 0.7574 -23.6121
v  190.6644 0.7574 -25.1962
v  177.5999 2.5881 -29.6414
v  177.7829 2.5881 -28.8863
v  178.8354 2.5881 -29.2067
v  179.0497 2.5881 -29.2640
v  179.2434 2.5881 -29.3008
v  179.4202 2.5881 -29.3207
v  179.5834 2.5881 -29.3270
v  179.7363 2.5881 -29.3231
v  179.8825 2.5881 -29.3123
v  180.0253 2.5881 -29.2982
v  189.3549 2.5881 -26.5178
v  190.3978 2.5881 -26.3436
v  190.6167 2.5881 -26.3307
v  190.8282 2.5881 -26.3555
v  191.0338 2.5881 -26.4099
v  191.2381 2.5881 -26.4880
v  191.4396 2.5881 -26.5841
v  191.6391 2.5881 -26.6922
v  191.8375 2.5881 -26.8062
v  192.9934 2.5881 -28.7745
v  192.3298 2.5881 -29.1635
v  192.0891 2.5881 -28.7153
v  191.9451 2.5881 -28.4280
v  191.8009 2.5881 -28.1542
v  191.6547 2.5881 -27.9003
v  191.5072 2.5881 -27.6730
v  191.3624 2.5881 -27.4789
v  191.2327 2.5881 -27.3254
v  191.1279 2.5881 -27.2199
v  191.0112 2.5881 -27.1581
v  190.8502 2.5881 -27.1260
v  190.6569 2.5881 -27.1175
v  190.4429 2.5881 -27.1264
v  190.2206 2.5881 -27.1462
v  190.0023 2.5881 -27.1703
v  189.8010 2.5881 -27.1918
v  189.5418 2.5881 -27.2395
v  189.1561 2.5881 -27.3403
v  188.6677 2.5881 -27.4829
v  188.1056 2.5881 -27.6531
v  187.4967 2.5881 -27.8406
v  186.8486 2.5881 -28.0446
v  186.1803 2.5881 -28.2570
v  185.1056 2.5881 -28.6151
v  184.0555 2.5881 -28.9616
v  183.0541 2.5881 -29.2882
v  182.1260 2.5881 -29.5800
v  181.2955 2.5881 -29.8217
v  180.5871 2.5881 -29.9994
v  180.0253 2.5881 -30.1003
v  179.5721 2.5881 -30.1338
v  179.1682 2.5881 -30.1215
v  178.8053 2.5881 -30.0712
v  178.4752 2.5881 -29.9904
v  178.1698 2.5881 -29.8868
v  177.8807 2.5881 -29.7679
v  177.5999 0.5433 -29.6414
v  177.7829 0.5433 -28.8863
v  178.8354 0.5433 -29.2067
v  179.0497 0.5433 -29.2640
v  179.2434 0.5433 -29.3008
v  179.4202 0.5433 -29.3207
v  179.5834 0.5433 -29.3270
v  179.7363 0.5433 -29.3231
v  179.8825 0.5433 -29.3123
v  180.0253 0.5433 -29.2982
v  189.3549 0.5433 -26.5178
v  190.3978 0.5433 -26.3436
v  190.6167 0.5433 -26.3307
v  190.8282 0.5433 -26.3555
v  191.0338 0.5433 -26.4099
v  191.2381 0.5433 -26.4880
v  191.4396 0.5433 -26.5841
v  191.6391 0.5433 -26.6922
v  191.8375 0.5433 -26.8062
v  192.9934 0.5433 -28.7745
v  192.3298 0.5433 -29.1635
v  192.0891 0.5433 -28.7153
v  191.9451 0.5433 -28.4280
v  191.8009 0.5433 -28.1542
v  191.6547 0.5433 -27.9003
v  191.5072 0.5433 -27.6730
v  191.3624 0.5433 -27.4789
v  191.2327 0.5433 -27.3254
v  191.1279 0.5433 -27.2199
v  191.0112 0.5433 -27.1581
v  190.8502 0.5433 -27.1260
v  190.6569 0.5433 -27.1175
v  190.4429 0.5433 -27.1264
v  190.2206 0.5433 -27.1462
v  190.0023 0.5433 -27.1703
v  189.8010 0.5433 -27.1918
v  189.5418 0.5433 -27.2395
v  189.1561 0.5433 -27.3403
v  188.6677 0.5433 -27.4829
v  188.1056 0.5433 -27.6531
v  187.4967 0.5433 -27.8406
v  186.8486 0.5433 -28.0446
v  186.1803 0.5433 -28.2570
v  185.1056 0.5433 -28.6151
v  184.0555 0.5433 -28.9616
v  183.0541 0.5433 -29.2882
v  182.1260 0.5433 -29.5800
v  181.2955 0.5433 -29.8217
v  180.5871 0.5433 -29.9994
v  180.0253 0.5433 -30.1003
v  179.5721 0.5433 -30.1338
v  179.1682 0.5433 -30.1215
v  178.8053 0.5433 -30.0712
v  178.4752 0.5433 -29.9904
v  178.1698 0.5433 -29.8868
v  177.8807 0.5433 -29.7679
v  191.0646 2.7091 -42.1437
v  191.1445 2.7091 -42.3058
v  191.0599 2.7091 -42.4972
v  190.8578 2.7091 -42.8525
v  190.5536 2.7091 -43.3136
v  190.1624 2.7091 -43.8226
v  189.6997 2.7091 -44.3214
v  189.1806 2.7091 -44.7519
v  188.6205 2.7091 -45.0563
v  188.0221 2.7091 -45.2692
v  187.3855 2.7091 -45.4601
v  186.7220 2.7091 -45.6226
v  186.0430 2.7091 -45.7506
v  185.3597 2.7091 -45.8379
v  184.6834 2.7091 -45.8782
v  184.0256 2.7091 -45.8652
v  183.2924 2.7091 -45.7610
v  182.4332 2.7091 -45.5503
v  181.5243 2.7091 -45.2616
v  180.6416 2.7091 -44.9230
v  179.8615 2.7091 -44.5629
v  179.2598 2.7091 -44.2096
v  178.9129 2.7091 -43.8914
v  177.9584 2.7091 -42.4191
v  177.8764 2.7091 -42.0517
v  177.8018 2.7091 -41.6852
v  177.7419 2.7091 -41.3204
v  177.7040 2.7091 -40.9581
v  177.6956 2.7091 -40.5992
v  177.7240 2.7091 -40.2446
v  177.7966 2.7091 -39.8951
v  177.9333 2.7091 -39.4701
v  178.1413 2.7091 -38.9041
v  178.4087 2.7091 -38.2207
v  178.7237 2.7091 -37.4434
v  179.0744 2.7091 -36.5955
v  179.4488 2.7091 -35.7007
v  179.8352 2.7091 -34.7824
v  177.6699 2.7091 -30.3490
v  178.0665 2.7091 -30.4451
v  178.4713 2.7091 -30.5349
v  178.8926 2.7091 -30.6122
v  179.3384 2.7091 -30.6709
v  179.8171 2.7091 -30.7047
v  180.3368 2.7091 -30.7073
v  180.9058 2.7091 -30.6726
v  181.7454 2.7091 -30.4989
v  182.9592 2.7091 -30.1383
v  184.3784 2.7091 -29.6656
v  185.8345 2.7091 -29.1556
v  187.1586 2.7091 -28.6830
v  188.1822 2.7091 -28.3224
v  188.7366 2.7091 -28.1487
v  189.0301 2.7091 -28.0939
v  189.3652 2.7091 -28.0439
v  189.7142 2.7091 -28.0037
v  190.0493 2.7091 -27.9786
v  190.3428 2.7091 -27.9735
v  190.5670 2.7091 -27.9936
v  190.6941 2.7091 -28.0440
v  190.7865 2.7091 -28.1581
v  190.9206 2.7091 -28.3566
v  191.0894 2.7091 -28.6254
v  191.2858 2.7091 -28.9504
v  191.5031 2.7091 -29.3177
v  191.7343 2.7091 -29.7131
v  191.9724 2.7091 -30.1225
v  191.7875 2.7091 -30.3130
v  191.6029 2.7091 -30.4976
v  191.4188 2.7091 -30.6704
v  191.2357 2.7091 -30.8257
v  191.0538 2.7091 -30.9576
v  190.8735 2.7091 -31.0601
v  190.6949 2.7091 -31.1275
v  190.5097 2.7091 -31.1702
v  190.3107 2.7091 -31.2038
v  190.1003 2.7091 -31.2297
v  189.8806 2.7091 -31.2495
v  189.6541 2.7091 -31.2647
v  189.4230 2.7091 -31.2768
v  189.1896 2.7091 -31.2874
v  189.6103 2.7091 -34.6770
v  189.4219 2.7091 -34.9075
v  189.2268 2.7091 -35.1327
v  189.0180 2.7091 -35.3472
v  188.7889 2.7091 -35.5457
v  188.5327 2.7091 -35.7228
v  188.2424 2.7091 -35.8732
v  187.9114 2.7091 -35.9915
v  187.5321 2.7091 -36.0944
v  187.1094 2.7091 -36.1953
v  186.6557 2.7091 -36.2847
v  186.1829 2.7091 -36.3527
v  185.7034 2.7091 -36.3895
v  185.2292 2.7091 -36.3855
v  184.7726 2.7091 -36.3308
v  184.3616 2.7091 -36.2573
v  184.0123 2.7091 -36.2027
v  183.7190 2.7091 -36.1666
v  183.4760 2.7091 -36.1487
v  183.2778 2.7091 -36.1483
v  183.1187 2.7091 -36.1650
v  182.9929 2.7091 -36.1985
v  182.8615 2.7091 -36.2565
v  182.6995 2.7091 -36.3446
v  182.5228 2.7091 -36.4581
v  182.3471 2.7091 -36.5927
v  182.1882 2.7091 -36.7438
v  182.0619 2.7091 -36.9071
v  181.9840 2.7091 -37.0781
v  181.9416 2.7091 -37.2632
v  181.9114 2.7091 -37.4646
v  181.8929 2.7091 -37.6720
v  181.8854 2.7091 -37.8747
v  181.8886 2.7091 -38.0622
v  181.9020 2.7091 -38.2241
v  181.9251 2.7091 -38.3497
v  181.9575 2.7091 -38.4516
v  181.9982 2.7091 -38.5498
v  182.0458 2.7091 -38.6448
v  182.0991 2.7091 -38.7373
v  182.1565 2.7091 -38.8280
v  182.2167 2.7091 -38.9174
v  182.2782 2.7091 -39.0061
v  182.3895 2.7091 -39.0817
v  182.5028 2.7091 -39.1545
v  182.6200 2.7091 -39.2217
v  182.7432 2.7091 -39.2803
v  182.8742 2.7091 -39.3277
v  183.0152 2.7091 -39.3610
v  183.1681 2.7091 -39.3773
v  183.3259 2.7091 -39.3847
v  183.4814 2.7091 -39.3903
v  183.6364 2.7091 -39.3905
v  183.7924 2.7091 -39.3817
v  183.9514 2.7091 -39.3601
v  184.1148 2.7091 -39.3222
v  184.2845 2.7091 -39.2641
v  184.4694 2.7091 -39.2080
v  184.6751 2.7091 -39.1756
v  184.8981 2.7091 -39.1631
v  185.1350 2.7091 -39.1663
v  185.3822 2.7091 -39.1815
v  185.6365 2.7091 -39.2047
v  185.8941 2.7091 -39.2317
v  186.3593 2.7091 -39.2645
v  186.8177 2.7091 -39.3068
v  187.2623 2.7091 -39.3680
v  187.6863 2.7091 -39.4577
v  188.0829 2.7091 -39.5853
v  188.4451 2.7091 -39.7603
v  188.7661 2.7091 -39.9922
v  189.1195 2.7091 -40.3029
v  189.5504 2.7091 -40.6829
v  190.0096 2.7091 -41.0947
v  190.4479 2.7091 -41.5005
v  190.8159 2.7091 -41.8627
v  179.8352 0.5324 -34.7824
v  177.6699 0.5324 -30.3490
v  178.0665 0.5324 -30.4451
v  178.4713 0.5324 -30.5349
v  178.8926 0.5324 -30.6122
v  179.3384 0.5324 -30.6709
v  179.8171 0.5324 -30.7047
v  180.3368 0.5324 -30.7073
v  180.9058 0.5324 -30.6726
v  181.7454 0.5324 -30.4989
v  182.9592 0.5324 -30.1383
v  184.3784 0.5324 -29.6656
v  185.8345 0.5324 -29.1556
v  187.1586 0.5324 -28.6830
v  188.1822 0.5324 -28.3224
v  188.7366 0.5324 -28.1487
v  189.0301 0.5324 -28.0939
v  189.3652 0.5324 -28.0439
v  189.7142 0.5324 -28.0037
v  190.0493 0.5324 -27.9786
v  190.3428 0.5324 -27.9735
v  190.5670 0.5324 -27.9936
v  190.6941 0.5324 -28.0440
v  190.7865 0.5324 -28.1581
v  190.9206 0.5324 -28.3566
v  191.0894 0.5324 -28.6254
v  191.2858 0.5324 -28.9504
v  191.5031 0.5324 -29.3177
v  191.7343 0.5324 -29.7131
v  191.9724 0.5324 -30.1225
v  191.7875 0.5324 -30.3130
v  191.6029 0.5324 -30.4976
v  191.4188 0.5324 -30.6704
v  191.2357 0.5324 -30.8257
v  191.0538 0.5324 -30.9576
v  190.8735 0.5324 -31.0601
v  190.6949 0.5324 -31.1275
v  190.5097 0.5324 -31.1702
v  190.3107 0.5324 -31.2038
v  190.1003 0.5324 -31.2297
v  189.8806 0.5324 -31.2495
v  189.6541 0.5324 -31.2647
v  189.4230 0.5324 -31.2768
v  189.1896 0.5324 -31.2874
v  189.6103 0.5324 -34.6770
v  189.4219 0.5324 -34.9075
v  189.2268 0.5324 -35.1327
v  189.0180 0.5324 -35.3472
v  188.7889 0.5324 -35.5457
v  188.5327 0.5324 -35.7228
v  188.2424 0.5324 -35.8732
v  187.9114 0.5324 -35.9915
v  187.5321 0.5324 -36.0944
v  187.1094 0.5324 -36.1953
v  186.6557 0.5324 -36.2847
v  186.1829 0.5324 -36.3527
v  185.7034 0.5324 -36.3895
v  185.2292 0.5324 -36.3855
v  184.7726 0.5324 -36.3308
v  184.3616 0.5324 -36.2573
v  184.0123 0.5324 -36.2027
v  183.7190 0.5324 -36.1666
v  183.4760 0.5324 -36.1487
v  183.2778 0.5324 -36.1483
v  183.1187 0.5324 -36.1650
v  182.9929 0.5324 -36.1985
v  182.8615 0.5324 -36.2565
v  182.6995 0.5324 -36.3446
v  182.5228 0.5324 -36.4581
v  182.3471 0.5324 -36.5927
v  182.1882 0.5324 -36.7438
v  182.0619 0.5324 -36.9071
v  181.9840 0.5324 -37.0781
v  181.9416 0.5324 -37.2632
v  181.9114 0.5324 -37.4646
v  181.8929 0.5324 -37.6720
v  181.8854 0.5324 -37.8747
v  181.8886 0.5324 -38.0622
v  181.9020 0.5324 -38.2241
v  181.9251 0.5324 -38.3497
v  181.9575 0.5324 -38.4516
v  181.9982 0.5324 -38.5498
v  182.0458 0.5324 -38.6448
v  182.0991 0.5324 -38.7373
v  182.1565 0.5324 -38.8280
v  182.2167 0.5324 -38.9174
v  182.2782 0.5324 -39.0061
v  182.3895 0.5324 -39.0817
v  182.5028 0.5324 -39.1545
v  182.6200 0.5324 -39.2217
v  182.7432 0.5324 -39.2803
v  182.8742 0.5324 -39.3277
v  183.0152 0.5324 -39.3610
v  183.1681 0.5324 -39.3773
v  183.3259 0.5324 -39.3847
v  183.4814 0.5324 -39.3903
v  183.6364 0.5324 -39.3905
v  183.7924 0.5324 -39.3817
v  183.9514 0.5324 -39.3601
v  184.1148 0.5324 -39.3222
v  184.2845 0.5324 -39.2641
v  184.4694 0.5324 -39.2080
v  184.6751 0.5324 -39.1756
v  184.8981 0.5324 -39.1631
v  185.1350 0.5324 -39.1663
v  185.3822 0.5324 -39.1815
v  185.6365 0.5324 -39.2047
v  185.8941 0.5324 -39.2317
v  186.3593 0.5324 -39.2645
v  186.8177 0.5324 -39.3068
v  187.2623 0.5324 -39.3680
v  187.6863 0.5324 -39.4577
v  188.0829 0.5324 -39.5853
v  188.4451 0.5324 -39.7603
v  188.7661 0.5324 -39.9922
v  189.1195 0.5324 -40.3029
v  189.5504 0.5324 -40.6829
v  190.0096 0.5324 -41.0947
v  190.4479 0.5324 -41.5005
v  190.8159 0.5324 -41.8627
v  191.0646 0.5324 -42.1437
v  191.1445 0.5324 -42.3058
v  191.0599 0.5324 -42.4972
v  190.8578 0.5324 -42.8525
v  190.5536 0.5324 -43.3136
v  190.1624 0.5324 -43.8226
v  189.6997 0.5324 -44.3214
v  189.1806 0.5324 -44.7519
v  188.6205 0.5324 -45.0563
v  188.0221 0.5324 -45.2692
v  187.3855 0.5324 -45.4601
v  186.7220 0.5324 -45.6226
v  186.0430 0.5324 -45.7506
v  185.3597 0.5324 -45.8379
v  184.6834 0.5324 -45.8782
v  184.0256 0.5324 -45.8652
v  183.2924 0.5324 -45.7610
v  182.4332 0.5324 -45.5503
v  181.5243 0.5324 -45.2616
v  180.6416 0.5324 -44.9230
v  179.8615 0.5324 -44.5629
v  179.2598 0.5324 -44.2096
v  178.9129 0.5324 -43.8914
v  177.9584 0.5324 -42.4191
v  177.8764 0.5324 -42.0517
v  177.8018 0.5324 -41.6852
v  177.7419 0.5324 -41.3204
v  177.7040 0.5324 -40.9581
v  177.6956 0.5324 -40.5992
v  177.7240 0.5324 -40.2446
v  177.7966 0.5324 -39.8951
v  177.9333 0.5324 -39.4701
v  178.1413 0.5324 -38.9041
v  178.4087 0.5324 -38.2207
v  178.7237 0.5324 -37.4434
v  179.0744 0.5324 -36.5955
v  179.4488 0.5324 -35.7007
v  184.5464 0.6120 -37.7753
v  184.5296 0.6120 -37.9676
v  184.5296 1.2979 -37.9676
v  184.5464 1.2979 -37.7753
v  184.4796 0.6120 -38.1541
v  184.4796 1.2979 -38.1541
v  184.3980 0.6120 -38.3290
v  184.3980 1.2979 -38.3290
v  184.2873 0.6120 -38.4872
v  184.2873 1.2979 -38.4872
v  184.1508 0.6120 -38.6237
v  184.1508 1.2979 -38.6237
v  183.9926 0.6120 -38.7344
v  183.9926 1.2979 -38.7344
v  183.8177 0.6120 -38.8160
v  183.8177 1.2979 -38.8160
v  183.6312 0.6120 -38.8659
v  183.6312 1.2979 -38.8659
v  183.4389 0.6120 -38.8828
v  183.4389 1.2979 -38.8828
v  183.2466 0.6120 -38.8659
v  183.2466 1.2979 -38.8659
v  183.0601 0.6120 -38.8160
v  183.0601 1.2979 -38.8160
v  182.8851 0.6120 -38.7344
v  182.8851 1.2979 -38.7344
v  182.7270 0.6120 -38.6237
v  182.7270 1.2979 -38.6237
v  182.5905 0.6120 -38.4872
v  182.5905 1.2979 -38.4872
v  182.4797 0.6120 -38.3290
v  182.4797 1.2979 -38.3290
v  182.3981 0.6120 -38.1541
v  182.3981 1.2979 -38.1541
v  182.3482 0.6120 -37.9676
v  182.3482 1.2979 -37.9676
v  182.3314 0.6120 -37.7753
v  182.3314 1.2979 -37.7753
v  182.3482 0.6120 -37.5829
v  182.3482 1.2979 -37.5829
v  182.3981 0.6120 -37.3965
v  182.3981 1.2979 -37.3965
v  182.4797 0.6120 -37.2215
v  182.4797 1.2979 -37.2215
v  182.5905 0.6120 -37.0634
v  182.5905 1.2979 -37.0634
v  182.7270 0.6120 -36.9269
v  182.7270 1.2979 -36.9269
v  182.8851 0.6120 -36.8161
v  182.8851 1.2979 -36.8161
v  183.0601 0.6120 -36.7345
v  183.0601 1.2979 -36.7345
v  183.2466 0.6120 -36.6846
v  183.2466 1.2979 -36.6846
v  183.4389 0.6120 -36.6678
v  183.4389 1.2979 -36.6678
v  183.6312 0.6120 -36.6846
v  183.6312 1.2979 -36.6846
v  183.8177 0.6120 -36.7345
v  183.8177 1.2979 -36.7345
v  183.9926 0.6120 -36.8161
v  183.9926 1.2979 -36.8161
v  184.1508 0.6120 -36.9269
v  184.1508 1.2979 -36.9269
v  184.2873 0.6120 -37.0634
v  184.2873 1.2979 -37.0634
v  184.3980 0.6120 -37.2215
v  184.3980 1.2979 -37.2215
v  184.4796 0.6120 -37.3965
v  184.4796 1.2979 -37.3965
v  184.5296 0.6120 -37.5829
v  184.5296 1.2979 -37.5829
v  184.5296 1.9837 -37.9676
v  184.5464 1.9837 -37.7753
v  184.4796 1.9837 -38.1541
v  184.3980 1.9837 -38.3290
v  184.2873 1.9837 -38.4872
v  184.1508 1.9837 -38.6237
v  183.9926 1.9837 -38.7344
v  183.8177 1.9837 -38.8160
v  183.6312 1.9837 -38.8659
v  183.4389 1.9837 -38.8828
v  183.2466 1.9837 -38.8659
v  183.0601 1.9837 -38.8160
v  182.8851 1.9837 -38.7344
v  182.7270 1.9837 -38.6237
v  182.5905 1.9837 -38.4872
v  182.4797 1.9837 -38.3290
v  182.3981 1.9837 -38.1541
v  182.3482 1.9837 -37.9676
v  182.3314 1.9837 -37.7753
v  182.3482 1.9837 -37.5829
v  182.3981 1.9837 -37.3965
v  182.4797 1.9837 -37.2215
v  182.5905 1.9837 -37.0634
v  182.7270 1.9837 -36.9269
v  182.8851 1.9837 -36.8161
v  183.0601 1.9837 -36.7345
v  183.2466 1.9837 -36.6846
v  183.4389 1.9837 -36.6678
v  183.6312 1.9837 -36.6846
v  183.8177 1.9837 -36.7345
v  183.9926 1.9837 -36.8161
v  184.1508 1.9837 -36.9269
v  184.2873 1.9837 -37.0634
v  184.3980 1.9837 -37.2215
v  184.4796 1.9837 -37.3965
v  184.5296 1.9837 -37.5829
v  184.5296 2.6696 -37.9676
v  184.5464 2.6696 -37.7753
v  184.4796 2.6696 -38.1541
v  184.3980 2.6696 -38.3290
v  184.2873 2.6696 -38.4872
v  184.1508 2.6696 -38.6237
v  183.9926 2.6696 -38.7344
v  183.8177 2.6696 -38.8160
v  183.6312 2.6696 -38.8659
v  183.4389 2.6696 -38.8828
v  183.2466 2.6696 -38.8659
v  183.0601 2.6696 -38.8160
v  182.8851 2.6696 -38.7344
v  182.7270 2.6696 -38.6237
v  182.5905 2.6696 -38.4872
v  182.4797 2.6696 -38.3290
v  182.3981 2.6696 -38.1541
v  182.3482 2.6696 -37.9676
v  182.3314 2.6696 -37.7753
v  182.3482 2.6696 -37.5829
v  182.3981 2.6696 -37.3965
v  182.4797 2.6696 -37.2215
v  182.5905 2.6696 -37.0634
v  182.7270 2.6696 -36.9269
v  182.8851 2.6696 -36.8161
v  183.0601 2.6696 -36.7345
v  183.2466 2.6696 -36.6846
v  183.4389 2.6696 -36.6678
v  183.6312 2.6696 -36.6846
v  183.8177 2.6696 -36.7345
v  183.9926 2.6696 -36.8161
v  184.1508 2.6696 -36.9269
v  184.2873 2.6696 -37.0634
v  184.3980 2.6696 -37.2215
v  184.4796 2.6696 -37.3965
v  184.5296 2.6696 -37.5829
v  185.0033 2.0233 -59.5624
v  185.0033 2.8796 -59.3742
v  186.3288 2.8796 -59.1997
v  186.3775 2.0233 -59.3814
v  185.0033 3.5064 -58.8601
v  186.1958 3.5064 -58.7031
v  185.0033 3.7359 -58.1578
v  186.0140 3.7359 -58.0248
v  185.0033 3.5064 -57.4556
v  185.8323 3.5064 -57.3464
v  185.0033 2.8796 -56.9415
v  185.6992 2.8796 -56.8499
v  185.0033 2.0233 -56.7533
v  185.6505 2.0233 -56.6681
v  185.0033 1.1670 -56.9415
v  185.6992 1.1670 -56.8499
v  185.0033 0.5401 -57.4556
v  185.8323 0.5401 -57.3464
v  185.0033 0.3107 -58.1578
v  186.0140 0.3107 -58.0248
v  185.0033 0.5401 -58.8601
v  186.1958 0.5401 -58.7031
v  185.0033 1.1670 -59.3742
v  186.3288 1.1670 -59.1997
v  187.5640 2.8796 -58.6880
v  187.6581 2.0233 -58.8510
v  187.3070 3.5064 -58.2428
v  186.9559 3.7359 -57.6346
v  186.6047 3.5064 -57.0265
v  186.3477 2.8796 -56.5812
v  186.2536 2.0233 -56.4183
v  186.3477 1.1670 -56.5812
v  186.6047 0.5401 -57.0265
v  186.9559 0.3107 -57.6346
v  187.3070 0.5401 -58.2428
v  187.5640 1.1670 -58.6880
v  188.6248 2.8796 -57.8741
v  188.7578 2.0233 -58.0072
v  188.2612 3.5064 -57.5106
v  187.7647 3.7359 -57.0140
v  187.2681 3.5064 -56.5175
v  186.9046 2.8796 -56.1539
v  186.7715 2.0233 -56.0209
v  186.9046 1.1670 -56.1539
v  187.2681 0.5401 -56.5175
v  187.7647 0.3107 -57.0140
v  188.2612 0.5401 -57.5106
v  188.6248 1.1670 -57.8741
v  189.4387 2.8796 -56.8134
v  189.6016 2.0233 -56.9075
v  188.9934 3.5064 -56.5564
v  188.3853 3.7359 -56.2052
v  187.7771 3.5064 -55.8541
v  187.3319 2.8796 -55.5971
v  187.1689 2.0233 -55.5030
v  187.3319 1.1670 -55.5971
v  187.7771 0.5401 -55.8541
v  188.3853 0.3107 -56.2052
v  188.9934 0.5401 -56.5564
v  189.4387 1.1670 -56.8134
v  189.9503 2.8796 -55.5782
v  190.1321 2.0233 -55.6269
v  189.4537 3.5064 -55.4451
v  188.7754 3.7359 -55.2634
v  188.0971 3.5064 -55.0816
v  187.6005 2.8796 -54.9486
v  187.4187 2.0233 -54.8999
v  187.6005 1.1670 -54.9486
v  188.0971 0.5401 -55.0816
v  188.7754 0.3107 -55.2634
v  189.4537 0.5401 -55.4451
v  189.9503 1.1670 -55.5782
v  190.1248 2.8796 -54.2527
v  190.3130 2.0233 -54.2527
v  189.6107 3.5064 -54.2527
v  188.9085 3.7359 -54.2527
v  188.2062 3.5064 -54.2527
v  187.6921 2.8796 -54.2527
v  187.5040 2.0233 -54.2527
v  187.6921 1.1670 -54.2527
v  188.2062 0.5401 -54.2527
v  188.9085 0.3107 -54.2527
v  189.6107 0.5401 -54.2527
v  190.1248 1.1670 -54.2527
v  189.9503 2.8796 -52.9271
v  190.1321 2.0233 -52.8784
v  189.4537 3.5064 -53.0601
v  188.7754 3.7359 -53.2419
v  188.0971 3.5064 -53.4237
v  187.6005 2.8796 -53.5567
v  187.4187 2.0233 -53.6054
v  187.6005 1.1670 -53.5567
v  188.0971 0.5401 -53.4237
v  188.7754 0.3107 -53.2419
v  189.4537 0.5401 -53.0601
v  189.9503 1.1670 -52.9271
v  189.4387 2.8796 -51.6919
v  189.6016 2.0233 -51.5978
v  188.9934 3.5064 -51.9489
v  188.3853 3.7359 -52.3001
v  187.7771 3.5064 -52.6512
v  187.3319 2.8796 -52.9082
v  187.1689 2.0233 -53.0023
v  187.3319 1.1670 -52.9082
v  187.7771 0.5401 -52.6512
v  188.3853 0.3107 -52.3001
v  188.9934 0.5401 -51.9489
v  189.4387 1.1670 -51.6919
v  188.6248 2.8796 -50.6312
v  188.7578 2.0233 -50.4981
v  188.2612 3.5064 -50.9947
v  187.7647 3.7359 -51.4913
v  187.2681 3.5064 -51.9878
v  186.9046 2.8796 -52.3513
v  186.7715 2.0233 -52.4844
v  186.9046 1.1670 -52.3513
v  187.2681 0.5401 -51.9878
v  187.7647 0.3107 -51.4913
v  188.2612 0.5401 -50.9947
v  188.6248 1.1670 -50.6312
v  187.5640 2.8796 -49.8173
v  187.6581 2.0233 -49.6543
v  187.3070 3.5064 -50.2625
v  186.9559 3.7359 -50.8706
v  186.6047 3.5064 -51.4788
v  186.3477 2.8796 -51.9240
v  186.2536 2.0233 -52.0870
v  186.3477 1.1670 -51.9240
v  186.6047 0.5401 -51.4788
v  186.9559 0.3107 -50.8706
v  187.3070 0.5401 -50.2625
v  187.5640 1.1670 -49.8173
v  186.3288 2.8796 -49.3056
v  186.3775 2.0233 -49.1239
v  186.1958 3.5064 -49.8022
v  186.0140 3.7359 -50.4805
v  185.8323 3.5064 -51.1589
v  185.6992 2.8796 -51.6554
v  185.6505 2.0233 -51.8372
v  185.6992 1.1670 -51.6554
v  185.8323 0.5401 -51.1589
v  186.0140 0.3107 -50.4805
v  186.1958 0.5401 -49.8022
v  186.3288 1.1670 -49.3056
v  185.0033 2.8796 -49.1311
v  185.0033 2.0233 -48.9429
v  185.0033 3.5064 -49.6452
v  185.0033 3.7359 -50.3475
v  185.0033 3.5064 -51.0497
v  185.0033 2.8796 -51.5638
v  185.0033 2.0233 -51.7520
v  185.0033 1.1670 -51.5638
v  185.0033 0.5401 -51.0497
v  185.0033 0.3107 -50.3475
v  185.0033 0.5401 -49.6452
v  185.0033 1.1670 -49.1311
v  183.6777 2.8796 -49.3056
v  183.6290 2.0233 -49.1239
v  183.8108 3.5064 -49.8022
v  183.9925 3.7359 -50.4805
v  184.1743 3.5064 -51.1589
v  184.3074 2.8796 -51.6554
v  184.3560 2.0233 -51.8372
v  184.3074 1.1670 -51.6554
v  184.1743 0.5401 -51.1589
v  183.9925 0.3107 -50.4805
v  183.8108 0.5401 -49.8022
v  183.6777 1.1670 -49.3056
v  182.4425 2.8796 -49.8173
v  182.3484 2.0233 -49.6543
v  182.6996 3.5064 -50.2625
v  183.0507 3.7359 -50.8706
v  183.4018 3.5064 -51.4788
v  183.6589 2.8796 -51.9240
v  183.7529 2.0233 -52.0870
v  183.6589 1.1670 -51.9240
v  183.4018 0.5401 -51.4788
v  183.0507 0.3107 -50.8706
v  182.6996 0.5401 -50.2625
v  182.4425 1.1670 -49.8173
v  181.3818 2.8796 -50.6312
v  181.2487 2.0233 -50.4981
v  181.7453 3.5064 -50.9947
v  182.2419 3.7359 -51.4913
v  182.7385 3.5064 -51.9878
v  183.1020 2.8796 -52.3513
v  183.2350 2.0233 -52.4844
v  183.1020 1.1670 -52.3513
v  182.7385 0.5401 -51.9878
v  182.2419 0.3107 -51.4913
v  181.7453 0.5401 -50.9947
v  181.3818 1.1670 -50.6312
v  180.5679 2.8796 -51.6919
v  180.4049 2.0233 -51.5978
v  181.0131 3.5064 -51.9489
v  181.6213 3.7359 -52.3001
v  182.2295 3.5064 -52.6512
v  182.6747 2.8796 -52.9082
v  182.8376 2.0233 -53.0023
v  182.6747 1.1670 -52.9082
v  182.2295 0.5401 -52.6512
v  181.6213 0.3107 -52.3001
v  181.0131 0.5401 -51.9489
v  180.5679 1.1670 -51.6919
v  180.0562 2.8796 -52.9271
v  179.8745 2.0233 -52.8784
v  180.5528 3.5064 -53.0601
v  181.2312 3.7359 -53.2419
v  181.9095 3.5064 -53.4237
v  182.4061 2.8796 -53.5567
v  182.5878 2.0233 -53.6054
v  182.4061 1.1670 -53.5567
v  181.9095 0.5401 -53.4237
v  181.2312 0.3107 -53.2419
v  180.5528 0.5401 -53.0601
v  180.0562 1.1670 -52.9271
v  179.8817 2.8796 -54.2527
v  179.6936 2.0233 -54.2527
v  180.3958 3.5064 -54.2527
v  181.0981 3.7359 -54.2527
v  181.8004 3.5064 -54.2527
v  182.3144 2.8796 -54.2527
v  182.5026 2.0233 -54.2527
v  182.3144 1.1670 -54.2527
v  181.8004 0.5401 -54.2527
v  181.0981 0.3107 -54.2527
v  180.3958 0.5401 -54.2527
v  179.8817 1.1670 -54.2527
v  180.0562 2.8796 -55.5782
v  179.8745 2.0233 -55.6269
v  180.5528 3.5064 -55.4451
v  181.2312 3.7359 -55.2634
v  181.9095 3.5064 -55.0816
v  182.4061 2.8796 -54.9486
v  182.5878 2.0233 -54.8999
v  182.4061 1.1670 -54.9486
v  181.9095 0.5401 -55.0816
v  181.2312 0.3107 -55.2634
v  180.5528 0.5401 -55.4451
v  180.0562 1.1670 -55.5782
v  180.5679 2.8796 -56.8134
v  180.4049 2.0233 -56.9075
v  181.0131 3.5064 -56.5564
v  181.6213 3.7359 -56.2052
v  182.2295 3.5064 -55.8541
v  182.6747 2.8796 -55.5971
v  182.8376 2.0233 -55.5030
v  182.6747 1.1670 -55.5971
v  182.2295 0.5401 -55.8541
v  181.6213 0.3107 -56.2052
v  181.0131 0.5401 -56.5564
v  180.5679 1.1670 -56.8134
v  181.3818 2.8796 -57.8741
v  181.2487 2.0233 -58.0072
v  181.7453 3.5064 -57.5106
v  182.2419 3.7359 -57.0140
v  182.7385 3.5064 -56.5175
v  183.1020 2.8796 -56.1539
v  183.2350 2.0233 -56.0209
v  183.1020 1.1670 -56.1539
v  182.7385 0.5401 -56.5175
v  182.2419 0.3107 -57.0140
v  181.7453 0.5401 -57.5106
v  181.3818 1.1670 -57.8741
v  182.4425 2.8796 -58.6880
v  182.3484 2.0233 -58.8510
v  182.6996 3.5064 -58.2428
v  183.0507 3.7359 -57.6346
v  183.4018 3.5064 -57.0265
v  183.6589 2.8796 -56.5812
v  183.7529 2.0233 -56.4183
v  183.6589 1.1670 -56.5812
v  183.4018 0.5401 -57.0265
v  183.0507 0.3107 -57.6346
v  182.6996 0.5401 -58.2428
v  182.4425 1.1670 -58.6880
v  183.6777 2.8796 -59.1997
v  183.6290 2.0233 -59.3814
v  183.8108 3.5064 -58.7031
v  183.9925 3.7359 -58.0248
v  184.1743 3.5064 -57.3464
v  184.3074 2.8796 -56.8499
v  184.3560 2.0233 -56.6681
v  184.3074 1.1670 -56.8499
v  184.1743 0.5401 -57.3464
v  183.9925 0.3107 -58.0248
v  183.8108 0.5401 -58.7031
v  183.6777 1.1670 -59.1997
v  185.1168 -0.0041 -51.3173
v  185.4900 -0.0041 -51.0308
v  185.9988 -0.0041 -50.7458
v  186.5471 -0.0041 -50.4818
v  187.0715 -0.0041 -50.2478
v  187.7312 -0.0041 -49.9755
v  190.3900 -0.0041 -49.1629
v  191.7362 -0.0041 -48.6826
v  193.2030 -0.0041 -48.0233
v  194.5208 -0.0041 -47.3033
v  195.9946 -0.0041 -46.3223
v  197.5063 -0.0041 -45.1202
v  198.9085 -0.0041 -43.6659
v  200.0264 -0.0041 -42.0132
v  200.9064 -0.0041 -40.1944
v  201.6272 -0.0041 -38.1951
v  202.3432 -0.0041 -35.4362
v  202.8617 -0.0041 -33.0975
v  203.0819 -0.0041 -31.8581
v  200.3214 -0.0041 -23.3159
v  200.0646 -0.0041 -22.6885
v  199.8613 -0.0041 -22.2763
v  199.6750 -0.0041 -21.9920
v  199.4994 -0.0041 -21.7991
v  199.3288 -0.0041 -21.6801
v  199.1683 -0.0041 -21.6201
v  199.0097 -0.0041 -21.5993
v  198.8410 -0.0041 -21.5955
v  191.1075 -0.0041 -23.0183
v  185.1168 -0.0041 -18.0000
v  179.1261 -0.0041 -23.0183
v  171.3925 -0.0041 -21.5955
v  171.2238 -0.0041 -21.5993
v  171.0652 -0.0041 -21.6201
v  170.9048 -0.0041 -21.6801
v  170.7342 -0.0041 -21.7991
v  170.5586 -0.0041 -21.9920
v  170.3723 -0.0041 -22.2763
v  170.1689 -0.0041 -22.6885
v  169.9121 -0.0041 -23.3159
v  167.1517 -0.0041 -31.8581
v  167.3719 -0.0041 -33.0975
v  167.8904 -0.0041 -35.4362
v  168.6063 -0.0041 -38.1951
v  169.3272 -0.0041 -40.1944
v  170.2071 -0.0041 -42.0132
v  171.3251 -0.0041 -43.6659
v  172.7273 -0.0041 -45.1202
v  174.2390 -0.0041 -46.3223
v  175.7127 -0.0041 -47.3033
v  177.0305 -0.0041 -48.0233
v  178.4974 -0.0041 -48.6826
v  179.8436 -0.0041 -49.1629
v  182.5024 -0.0041 -49.9755
v  183.1621 -0.0041 -50.2478
v  183.6865 -0.0041 -50.4818
v  184.2347 -0.0041 -50.7458
v  184.7435 -0.0041 -51.0308
v  185.4900 0.8196 -51.0308
v  185.9988 0.8196 -50.7458
v  186.5471 0.8196 -50.4818
v  187.0715 0.8196 -50.2478
v  187.7312 0.8196 -49.9755
v  190.3900 0.8196 -49.1629
v  191.7362 0.8196 -48.6826
v  193.2030 0.8196 -48.0233
v  194.5208 0.8196 -47.3033
v  195.9946 0.8196 -46.3223
v  197.5063 0.8196 -45.1202
v  198.9085 0.8196 -43.6659
v  200.0264 0.8196 -42.0132
v  200.9064 0.8196 -40.1944
v  201.6272 0.8196 -38.1951
v  202.3432 0.8196 -35.4362
v  202.8617 0.8196 -33.0975
v  203.0819 0.8196 -31.8581
v  200.3214 0.8196 -23.3159
v  200.0646 0.8196 -22.6885
v  199.8613 0.8196 -22.2763
v  199.6750 0.8196 -21.9920
v  199.4994 0.8196 -21.7991
v  199.3288 0.8196 -21.6801
v  199.1683 0.8196 -21.6201
v  199.0097 0.8196 -21.5993
v  198.8410 0.8196 -21.5955
v  191.1075 0.8196 -23.0183
v  185.1168 0.8196 -18.0000
v  179.1261 0.8196 -23.0183
v  171.3925 0.8196 -21.5955
v  171.2238 0.8196 -21.5993
v  171.0652 0.8196 -21.6201
v  170.9048 0.8196 -21.6801
v  170.7342 0.8196 -21.7991
v  170.5586 0.8196 -21.9920
v  170.3723 0.8196 -22.2763
v  170.1689 0.8196 -22.6885
v  169.9121 0.8196 -23.3159
v  167.1517 0.8196 -31.8581
v  167.3719 0.8196 -33.0975
v  167.8904 0.8196 -35.4362
v  168.6063 0.8196 -38.1951
v  169.3272 0.8196 -40.1944
v  170.2071 0.8196 -42.0132
v  171.3251 0.8196 -43.6659
v  172.7273 0.8196 -45.1202
v  174.2390 0.8196 -46.3223
v  175.7127 0.8196 -47.3033
v  177.0305 0.8196 -48.0233
v  178.4974 0.8196 -48.6826
v  179.8436 0.8196 -49.1629
v  182.5024 0.8196 -49.9755
v  183.1621 0.8196 -50.2478
v  183.6865 0.8196 -50.4818
v  184.2347 0.8196 -50.7458
v  184.7435 0.8196 -51.0308
v  185.1168 0.8196 -51.3173
v  186.3508 -0.0664 39.0391
v  186.3508 -0.0664 36.7306
v  188.9375 -0.0664 36.7306
v  188.9375 -0.0664 39.0391
v  186.3508 -0.0664 34.4222
v  188.9375 -0.0664 34.4222
v  186.3508 -0.0664 33.0779
v  188.9375 -0.0664 33.0779
v  186.3508 2.8664 39.0391
v  188.9375 2.8664 39.0391
v  188.9375 2.8664 36.7306
v  186.3508 2.8664 36.7306
v  188.9375 2.8664 34.4222
v  186.3508 2.8664 34.4222
v  188.9375 2.8664 33.0779
v  186.3508 2.8664 33.0779
v  202.1095 -0.0664 41.3476
v  202.1095 -0.0664 39.0391
v  202.1095 2.8664 39.0391
v  202.1095 2.8664 41.3476
v  194.0340 -0.0664 39.0391
v  194.0340 -0.0664 36.7306
v  194.0340 2.8664 36.7306
v  194.0340 2.8664 39.0391
v  202.3165 -0.0664 36.7306
v  202.3165 -0.0664 34.4222
v  202.3165 2.8664 34.4222
v  202.3165 2.8664 36.7306
v  190.7210 -0.0664 34.4222
v  190.7210 -0.0664 33.0779
v  190.7210 2.8664 33.0779
v  190.7210 2.8664 34.4222
v  190.7210 -0.0664 41.3476
v  190.7210 -0.0664 39.0391
v  194.0340 -0.0664 41.3476
v  190.7210 -0.0664 36.7306
v  194.0340 -0.0664 34.4222
v  194.0340 2.8664 34.4222
v  190.7210 2.8664 36.7306
v  190.7210 2.8664 39.0391
v  190.7210 2.8664 41.3476
v  194.0340 2.8664 41.3476
v  188.9375 -0.0664 41.3476
v  188.9375 2.8664 41.3476
v  188.9190 -0.0664 41.3652
v  186.3508 -0.0664 27.1167
v  188.9375 -0.0664 27.1167
v  188.9375 -0.0664 29.4252
v  186.3508 -0.0664 29.4252
v  188.9375 -0.0664 31.7337
v  186.3508 -0.0664 31.7337
v  186.3508 2.8664 27.1167
v  186.3508 2.8664 29.4252
v  188.9375 2.8664 29.4252
v  188.9375 2.8664 27.1167
v  186.3508 2.8664 31.7337
v  188.9375 2.8664 31.7337
v  202.1095 -0.0664 24.8082
v  202.1095 2.8664 24.8082
v  202.1095 2.8664 27.1167
v  202.1095 -0.0664 27.1167
v  194.0340 -0.0664 27.1167
v  194.0340 2.8664 27.1167
v  194.0340 2.8664 29.4252
v  194.0340 -0.0664 29.4252
v  202.3165 -0.0664 29.4252
v  202.3165 2.8664 29.4252
v  202.3165 2.8664 31.7337
v  202.3165 -0.0664 31.7337
v  190.7210 -0.0664 31.7337
v  190.7210 2.8664 31.7337
v  190.7210 -0.0664 24.8082
v  194.0340 -0.0664 24.8082
v  190.7210 -0.0664 27.1167
v  190.7210 -0.0664 29.4252
v  194.0340 -0.0664 31.7337
v  194.0340 2.8664 31.7337
v  190.7210 2.8664 29.4252
v  190.7210 2.8664 27.1167
v  194.0340 2.8664 24.8082
v  190.7210 2.8664 24.8082
v  188.9375 -0.0664 24.8082
v  188.9375 2.8664 24.8082
v  188.9190 -0.0664 24.7906
v  195.9645 0.6636 -37.9176
v  195.9046 0.6636 -38.0474
v  195.9046 2.6636 -38.0474
v  195.9645 2.6636 -37.9176
v  196.0122 0.6636 -37.8098
v  196.0122 2.6636 -37.8098
v  186.2084 0.6636 -38.6649
v  186.5105 0.6636 -38.6927
v  186.8068 0.6636 -38.7204
v  187.0914 0.6636 -38.7523
v  187.3585 0.6636 -38.7910
v  187.6022 0.6636 -38.8369
v  187.8166 0.6636 -38.8917
v  187.9960 0.6636 -38.9574
v  188.2023 0.6636 -39.0451
v  188.4860 0.6636 -39.1724
v  188.8237 0.6636 -39.3738
v  189.1920 0.6636 -39.5963
v  189.5675 0.6636 -39.9057
v  189.9251 0.6636 -40.1844
v  190.2322 0.6636 -40.4492
v  190.4845 0.6636 -40.6959
v  190.6820 0.6636 -40.9203
v  190.8918 0.6636 -41.1262
v  191.0650 0.6636 -41.3516
v  191.2495 0.6636 -41.5610
v  191.4473 0.6636 -41.7334
v  191.6062 0.6636 -41.9022
v  191.8957 0.6636 -41.8017
v  192.1846 0.6636 -41.6933
v  192.4565 0.6636 -41.5972
v  192.7405 0.6636 -41.4728
v  193.0408 0.6636 -41.3107
v  193.3612 0.6636 -41.1012
v  193.7060 0.6636 -40.8351
v  194.0590 0.6636 -40.5197
v  194.3963 0.6636 -40.1796
v  194.7099 0.6636 -39.8309
v  194.9921 0.6636 -39.4898
v  195.2348 0.6636 -39.1726
v  195.4304 0.6636 -38.8955
v  195.5708 0.6636 -38.6746
v  195.6731 0.6636 -38.4962
v  195.7613 0.6636 -38.3340
v  195.8377 0.6636 -38.1853
v  185.0878 0.6636 -37.8098
v  185.0877 0.6636 -37.8262
v  185.0857 0.6636 -37.9048
v  185.0820 0.6636 -37.9847
v  185.0716 0.6636 -38.0665
v  185.0591 0.6636 -38.1505
v  185.0459 0.6636 -38.2371
v  185.0258 0.6636 -38.3190
v  184.9970 0.6636 -38.3893
v  184.9597 0.6636 -38.4501
v  184.9121 0.6636 -38.5032
v  184.8627 0.6636 -38.5506
v  184.8150 0.6636 -38.5942
v  184.7680 0.6636 -38.6358
v  195.8377 2.6636 -38.1853
v  186.2084 2.6636 -38.6649
v  184.7680 2.6636 -38.6358
v  184.8150 2.6636 -38.5942
v  184.8627 2.6636 -38.5506
v  184.9121 2.6636 -38.5032
v  184.9597 2.6636 -38.4501
v  184.9970 2.6636 -38.3893
v  185.0258 2.6636 -38.3190
v  185.0459 2.6636 -38.2371
v  185.0591 2.6636 -38.1505
v  185.0716 2.6636 -38.0665
v  185.0820 2.6636 -37.9847
v  185.0857 2.6636 -37.9048
v  185.0877 2.6636 -37.8262
v  185.0878 2.6636 -37.8098
v  195.7613 2.6636 -38.3340
v  195.6731 2.6636 -38.4962
v  195.5708 2.6636 -38.6746
v  195.4304 2.6636 -38.8955
v  195.2348 2.6636 -39.1726
v  194.9921 2.6636 -39.4898
v  194.7099 2.6636 -39.8309
v  194.3963 2.6636 -40.1796
v  194.0590 2.6636 -40.5197
v  193.7060 2.6636 -40.8351
v  193.3612 2.6636 -41.1012
v  193.0408 2.6636 -41.3107
v  192.7405 2.6636 -41.4728
v  192.4565 2.6636 -41.5972
v  192.1846 2.6636 -41.6933
v  191.8957 2.6636 -41.8017
v  191.6062 2.6636 -41.9022
v  191.4473 2.6636 -41.7334
v  191.2495 2.6636 -41.5610
v  191.0650 2.6636 -41.3516
v  190.8918 2.6636 -41.1262
v  190.6820 2.6636 -40.9203
v  190.4845 2.6636 -40.6959
v  190.2322 2.6636 -40.4492
v  189.9251 2.6636 -40.1844
v  189.5675 2.6636 -39.9057
v  189.1920 2.6636 -39.5963
v  188.8237 2.6636 -39.3738
v  188.4860 2.6636 -39.1724
v  188.2023 2.6636 -39.0451
v  187.9960 2.6636 -38.9574
v  188.2026 2.6636 -38.3193
v  189.7587 2.6636 -39.1591
v  189.8990 2.6636 -39.2369
v  190.0096 2.6636 -39.2993
v  190.0954 2.6636 -39.3489
v  190.1613 2.6636 -39.3882
v  190.2123 2.6636 -39.4198
v  190.2534 2.6636 -39.4464
v  190.2895 2.6636 -39.4703
v  190.4347 2.6636 -39.3956
v  190.8119 2.6636 -39.9454
v  191.8273 2.6636 -41.0081
v  192.0906 2.6636 -40.9083
v  192.3570 2.6636 -40.7981
v  192.6294 2.6636 -40.6670
v  192.9110 2.6636 -40.5048
v  193.2048 2.6636 -40.3009
v  193.5137 2.6636 -40.0450
v  193.8410 2.6636 -39.7266
v  194.1351 2.6636 -39.4072
v  194.3514 2.6636 -39.1483
v  194.5029 2.6636 -38.9398
v  194.6025 2.6636 -38.7717
v  194.6631 2.6636 -38.6338
v  194.6979 2.6636 -38.5162
v  194.7197 2.6636 -38.4086
v  192.8890 2.6636 -38.4269
v  192.7249 2.6636 -38.5988
v  192.5629 2.6636 -38.7667
v  192.4054 2.6636 -38.9261
v  192.2545 2.6636 -39.0731
v  192.1125 2.6636 -39.2034
v  191.9815 2.6636 -39.3129
v  191.8639 2.6636 -39.3974
v  191.7454 2.6636 -39.4696
v  191.6123 2.6636 -39.5446
v  191.4669 2.6636 -39.6219
v  191.3118 2.6636 -39.7012
v  191.1492 2.6636 -39.7818
v  190.9818 2.6636 -39.8634
v  190.5796 2.6636 -39.3198
v  190.7242 2.6636 -39.2417
v  190.8684 2.6636 -39.1602
v  191.0119 2.6636 -39.0743
v  191.1546 2.6636 -38.9828
v  191.2964 2.6636 -38.8845
v  191.4259 2.6636 -38.7873
v  191.5342 2.6636 -38.6988
v  191.6249 2.6636 -38.6175
v  191.7016 2.6636 -38.5419
v  191.7677 2.6636 -38.4706
v  191.8267 2.6636 -38.4023
v  191.8822 2.6636 -38.3353
v  187.8166 2.6636 -38.8917
v  187.6022 2.6636 -38.8369
v  187.3585 2.6636 -38.7910
v  187.0914 2.6636 -38.7523
v  186.8068 2.6636 -38.7204
v  186.5105 2.6636 -38.6927
v  195.9645 2.6636 -37.7020
v  195.9645 0.6636 -37.7020
v  186.2084 0.6636 -36.9546
v  184.7680 0.6636 -36.9837
v  184.8150 0.6636 -37.0254
v  184.8627 0.6636 -37.0689
v  184.9121 0.6636 -37.1163
v  184.9597 0.6636 -37.1694
v  184.9970 0.6636 -37.2302
v  185.0258 0.6636 -37.3006
v  185.0459 0.6636 -37.3824
v  185.0591 0.6636 -37.4690
v  185.0716 0.6636 -37.5530
v  185.0820 0.6636 -37.6348
v  185.0857 0.6636 -37.7147
v  185.0877 0.6636 -37.7933
v  195.9046 0.6636 -37.5721
v  195.8377 0.6636 -37.4342
v  195.7613 0.6636 -37.2855
v  195.6731 0.6636 -37.1233
v  195.5708 0.6636 -36.9449
v  195.4304 0.6636 -36.7240
v  195.2348 0.6636 -36.4469
v  194.9921 0.6636 -36.1297
v  194.7099 0.6636 -35.7886
v  194.3963 0.6636 -35.4399
v  194.0590 0.6636 -35.0998
v  193.7060 0.6636 -34.7844
v  193.3612 0.6636 -34.5183
v  193.0408 0.6636 -34.3089
v  192.7405 0.6636 -34.1467
v  192.4565 0.6636 -34.0223
v  192.1846 0.6636 -33.9262
v  191.8957 0.6636 -33.8178
v  191.6062 0.6636 -33.7173
v  191.4473 0.6636 -33.8861
v  191.2495 0.6636 -34.0585
v  191.0650 0.6636 -34.2679
v  190.8918 0.6636 -34.4933
v  190.6820 0.6636 -34.6992
v  190.4845 0.6636 -34.9236
v  190.2322 0.6636 -35.1703
v  189.9251 0.6636 -35.4351
v  189.5675 0.6636 -35.7138
v  189.1920 0.6636 -36.0232
v  188.8237 0.6636 -36.2457
v  188.4860 0.6636 -36.4471
v  188.2023 0.6636 -36.5744
v  187.9960 0.6636 -36.6621
v  187.8166 0.6636 -36.7278
v  187.6022 0.6636 -36.7826
v  187.3585 0.6636 -36.8285
v  187.0914 0.6636 -36.8672
v  186.8068 0.6636 -36.8991
v  186.5105 0.6636 -36.9268
v  186.2084 2.6636 -36.9546
v  186.5105 2.6636 -36.9268
v  186.8068 2.6636 -36.8991
v  187.0914 2.6636 -36.8672
v  187.3585 2.6636 -36.8285
v  187.6022 2.6636 -36.7826
v  187.8166 2.6636 -36.7278
v  187.9960 2.6636 -36.6621
v  188.2026 2.6636 -37.4238
v  191.8822 2.6636 -37.4078
v  191.8267 2.6636 -37.3409
v  191.7677 2.6636 -37.2725
v  191.7016 2.6636 -37.2013
v  191.6249 2.6636 -37.1257
v  191.5342 2.6636 -37.0444
v  191.4259 2.6636 -36.9558
v  191.2964 2.6636 -36.8586
v  191.1546 2.6636 -36.7604
v  191.0119 2.6636 -36.6689
v  190.8684 2.6636 -36.5829
v  190.7242 2.6636 -36.5015
v  190.5796 2.6636 -36.4234
v  190.4347 2.6636 -36.3476
v  190.8119 2.6636 -35.7978
v  190.9818 2.6636 -35.8798
v  191.1492 2.6636 -35.9614
v  191.3118 2.6636 -36.0420
v  191.4669 2.6636 -36.1212
v  191.6123 2.6636 -36.1986
v  191.7454 2.6636 -36.2736
v  191.8639 2.6636 -36.3457
v  191.9815 2.6636 -36.4302
v  192.1125 2.6636 -36.5397
v  192.2545 2.6636 -36.6700
v  192.4054 2.6636 -36.8170
v  192.5629 2.6636 -36.9765
v  192.7249 2.6636 -37.1443
v  192.8890 2.6636 -37.3163
v  194.7197 2.6636 -37.3346
v  194.6979 2.6636 -37.2270
v  194.6631 2.6636 -37.1093
v  194.6025 2.6636 -36.9715
v  194.5029 2.6636 -36.8033
v  194.3514 2.6636 -36.5949
v  194.1351 2.6636 -36.3360
v  193.8410 2.6636 -36.0165
v  193.5137 2.6636 -35.6982
v  193.2048 2.6636 -35.4423
v  192.9110 2.6636 -35.2384
v  192.6294 2.6636 -35.0761
v  192.3570 2.6636 -34.9451
v  192.0906 2.6636 -34.8349
v  191.8273 2.6636 -34.7351
v  190.2895 2.6636 -36.2728
v  190.2534 2.6636 -36.2968
v  190.2123 2.6636 -36.3233
v  190.1613 2.6636 -36.3550
v  190.0954 2.6636 -36.3943
v  190.0096 2.6636 -36.4439
v  189.8990 2.6636 -36.5063
v  189.7587 2.6636 -36.5840
v  188.2023 2.6636 -36.5744
v  188.4860 2.6636 -36.4471
v  188.8237 2.6636 -36.2457
v  189.1920 2.6636 -36.0232
v  189.5675 2.6636 -35.7138
v  189.9251 2.6636 -35.4351
v  190.2322 2.6636 -35.1703
v  190.4845 2.6636 -34.9236
v  190.6820 2.6636 -34.6992
v  190.8918 2.6636 -34.4933
v  191.0650 2.6636 -34.2679
v  191.2495 2.6636 -34.0585
v  191.4473 2.6636 -33.8861
v  191.6062 2.6636 -33.7173
v  191.8957 2.6636 -33.8178
v  192.1846 2.6636 -33.9262
v  192.4565 2.6636 -34.0223
v  192.7405 2.6636 -34.1467
v  193.0408 2.6636 -34.3089
v  193.3612 2.6636 -34.5183
v  193.7060 2.6636 -34.7844
v  194.0590 2.6636 -35.0998
v  194.3963 2.6636 -35.4399
v  194.7099 2.6636 -35.7886
v  194.9921 2.6636 -36.1297
v  195.2348 2.6636 -36.4469
v  195.4304 2.6636 -36.7240
v  195.5708 2.6636 -36.9449
v  195.6731 2.6636 -37.1233
v  195.7613 2.6636 -37.2855
v  195.8377 2.6636 -37.4342
v  195.9046 2.6636 -37.5721
v  185.0877 2.6636 -37.7933
v  185.0857 2.6636 -37.7147
v  185.0820 2.6636 -37.6348
v  185.0716 2.6636 -37.5530
v  185.0591 2.6636 -37.4690
v  185.0459 2.6636 -37.3824
v  185.0258 2.6636 -37.3006
v  184.9970 2.6636 -37.2302
v  184.9597 2.6636 -37.1694
v  184.9121 2.6636 -37.1163
v  184.8627 2.6636 -37.0689
v  184.8150 2.6636 -37.0254
v  184.7680 2.6636 -36.9837
v  190.8119 0.8018 -35.7978
v  190.9818 0.8018 -35.8798
v  191.1492 0.8018 -35.9614
v  194.7197 0.8018 -37.3346
v  192.8890 0.8018 -37.3163
v  192.7249 0.8018 -37.1443
v  192.5629 0.8018 -36.9765
v  192.4054 0.8018 -36.8170
v  192.2545 0.8018 -36.6700
v  192.1125 0.8018 -36.5397
v  191.9815 0.8018 -36.4302
v  191.8639 0.8018 -36.3457
v  191.7454 0.8018 -36.2736
v  191.6123 0.8018 -36.1986
v  191.4669 0.8018 -36.1212
v  191.3118 0.8018 -36.0420
v  191.8273 0.8018 -34.7351
v  192.0906 0.8018 -34.8349
v  192.3570 0.8018 -34.9451
v  192.6294 0.8018 -35.0761
v  192.9110 0.8018 -35.2384
v  193.2048 0.8018 -35.4423
v  193.5137 0.8018 -35.6982
v  193.8410 0.8018 -36.0165
v  194.1351 0.8018 -36.3360
v  194.3514 0.8018 -36.5949
v  194.5029 0.8018 -36.8033
v  194.6025 0.8018 -36.9715
v  194.6631 0.8018 -37.1093
v  194.6979 0.8018 -37.2270
v  191.8822 0.8018 -37.4078
v  191.8267 0.8018 -37.3409
v  191.7677 0.8018 -37.2725
v  188.2026 0.8018 -37.4238
v  189.7587 0.8018 -36.5840
v  189.8990 0.8018 -36.5063
v  190.0096 0.8018 -36.4439
v  190.0954 0.8018 -36.3943
v  190.1613 0.8018 -36.3550
v  190.2123 0.8018 -36.3233
v  190.2534 0.8018 -36.2968
v  190.2895 0.8018 -36.2728
v  190.4347 0.8018 -36.3476
v  190.5796 0.8018 -36.4234
v  190.7242 0.8018 -36.5015
v  190.8684 0.8018 -36.5829
v  191.0119 0.8018 -36.6689
v  191.1546 0.8018 -36.7604
v  191.2964 0.8018 -36.8586
v  191.4259 0.8018 -36.9558
v  191.5342 0.8018 -37.0444
v  191.6249 0.8018 -37.1257
v  191.7016 0.8018 -37.2013
v  191.8267 0.8018 -38.4023
v  191.8822 0.8018 -38.3353
v  188.2026 0.8018 -38.3193
v  189.8990 0.8018 -39.2369
v  189.7587 0.8018 -39.1591
v  191.7677 0.8018 -38.4706
v  191.7016 0.8018 -38.5419
v  191.6249 0.8018 -38.6175
v  191.5342 0.8018 -38.6988
v  191.4259 0.8018 -38.7873
v  191.2964 0.8018 -38.8845
v  191.1546 0.8018 -38.9828
v  191.0119 0.8018 -39.0743
v  190.8684 0.8018 -39.1602
v  190.7242 0.8018 -39.2417
v  190.5796 0.8018 -39.3198
v  190.4347 0.8018 -39.3956
v  190.2895 0.8018 -39.4703
v  190.2534 0.8018 -39.4464
v  190.2123 0.8018 -39.4198
v  190.1613 0.8018 -39.3882
v  190.0954 0.8018 -39.3489
v  190.0096 0.8018 -39.2993
v  190.9818 0.8018 -39.8634
v  190.8119 0.8018 -39.9454
v  191.8273 0.8018 -41.0081
v  192.7249 0.8018 -38.5988
v  192.8890 0.8018 -38.4269
v  194.7197 0.8018 -38.4086
v  194.6979 0.8018 -38.5162
v  194.6631 0.8018 -38.6338
v  194.6025 0.8018 -38.7717
v  194.5029 0.8018 -38.9398
v  194.3514 0.8018 -39.1483
v  194.1351 0.8018 -39.4072
v  193.8410 0.8018 -39.7266
v  193.5137 0.8018 -40.0450
v  193.2048 0.8018 -40.3009
v  192.9110 0.8018 -40.5048
v  192.6294 0.8018 -40.6670
v  192.3570 0.8018 -40.7981
v  192.0906 0.8018 -40.9083
v  191.1492 0.8018 -39.7818
v  191.3118 0.8018 -39.7012
v  191.4669 0.8018 -39.6219
v  191.6123 0.8018 -39.5446
v  191.7454 0.8018 -39.4696
v  191.8639 0.8018 -39.3974
v  191.9815 0.8018 -39.3129
v  192.1125 0.8018 -39.2034
v  192.2545 0.8018 -39.0731
v  192.4054 0.8018 -38.9261
v  192.5629 0.8018 -38.7667
# 2259 vertices

vn 0.8693 -0.0000 -0.4943
vn 0.8561 0.1509 -0.4943
vn 0.9530 0.1680 -0.2522
vn 0.9677 0.0000 -0.2522
vn 0.8168 0.2973 -0.4943
vn 0.9093 0.3310 -0.2522
vn 0.7528 0.4346 -0.4943
vn 0.8380 0.4838 -0.2522
vn 0.6659 0.5588 -0.4943
vn 0.7413 0.6220 -0.2522
vn 0.5588 0.6659 -0.4943
vn 0.6220 0.7413 -0.2522
vn 0.4346 0.7528 -0.4943
vn 0.4838 0.8380 -0.2522
vn 0.2973 0.8168 -0.4943
vn 0.3310 0.9093 -0.2522
vn 0.1509 0.8561 -0.4943
vn 0.1680 0.9530 -0.2522
vn 0.0000 0.8693 -0.4943
vn 0.0000 0.9677 -0.2522
vn -0.1509 0.8561 -0.4943
vn -0.1680 0.9530 -0.2522
vn -0.2973 0.8168 -0.4943
vn -0.3310 0.9093 -0.2522
vn -0.4346 0.7528 -0.4943
vn -0.4838 0.8380 -0.2522
vn -0.5588 0.6659 -0.4943
vn -0.6220 0.7413 -0.2522
vn -0.6659 0.5588 -0.4943
vn -0.7413 0.6220 -0.2522
vn -0.7528 0.4346 -0.4943
vn -0.8380 0.4838 -0.2522
vn -0.8168 0.2973 -0.4943
vn -0.9093 0.3310 -0.2522
vn -0.8561 0.1509 -0.4943
vn -0.9530 0.1680 -0.2522
vn -0.8693 0.0000 -0.4943
vn -0.9677 0.0000 -0.2522
vn -0.8561 -0.1509 -0.4943
vn -0.9530 -0.1680 -0.2522
vn -0.8168 -0.2973 -0.4943
vn -0.9093 -0.3310 -0.2522
vn -0.7528 -0.4346 -0.4943
vn -0.8380 -0.4838 -0.2522
vn -0.6659 -0.5588 -0.4943
vn -0.7413 -0.6220 -0.2522
vn -0.5588 -0.6659 -0.4943
vn -0.6220 -0.7413 -0.2522
vn -0.4346 -0.7528 -0.4943
vn -0.4838 -0.8380 -0.2522
vn -0.2973 -0.8168 -0.4943
vn -0.3310 -0.9093 -0.2522
vn -0.1509 -0.8561 -0.4943
vn -0.1680 -0.9530 -0.2522
vn -0.0000 -0.8693 -0.4943
vn -0.0000 -0.9677 -0.2522
vn 0.1509 -0.8561 -0.4943
vn 0.1680 -0.9530 -0.2522
vn 0.2973 -0.8168 -0.4943
vn 0.3310 -0.9093 -0.2522
vn 0.4346 -0.7528 -0.4943
vn 0.4838 -0.8380 -0.2522
vn 0.5588 -0.6659 -0.4943
vn 0.6220 -0.7413 -0.2522
vn 0.6659 -0.5588 -0.4943
vn 0.7413 -0.6220 -0.2522
vn 0.7528 -0.4346 -0.4943
vn 0.8380 -0.4838 -0.2522
vn 0.8168 -0.2973 -0.4943
vn 0.9093 -0.3310 -0.2522
vn 0.8561 -0.1509 -0.4943
vn 0.9530 -0.1680 -0.2522
vn 0.9547 0.1683 0.2455
vn 0.9694 -0.0000 0.2455
vn 0.9109 0.3316 0.2455
vn 0.8395 0.4847 0.2455
vn 0.7426 0.6231 0.2455
vn 0.6231 0.7426 0.2455
vn 0.4847 0.8395 0.2455
vn 0.3316 0.9109 0.2455
vn 0.1683 0.9547 0.2455
vn 0.0000 0.9694 0.2455
vn -0.1683 0.9547 0.2455
vn -0.3316 0.9109 0.2455
vn -0.4847 0.8395 0.2455
vn -0.6231 0.7426 0.2455
vn -0.7426 0.6231 0.2455
vn -0.8395 0.4847 0.2455
vn -0.9109 0.3316 0.2455
vn -0.9547 0.1683 0.2455
vn -0.9694 0.0000 0.2455
vn -0.9547 -0.1683 0.2455
vn -0.9109 -0.3316 0.2455
vn -0.8395 -0.4847 0.2455
vn -0.7426 -0.6231 0.2455
vn -0.6231 -0.7426 0.2455
vn -0.4847 -0.8395 0.2455
vn -0.3316 -0.9109 0.2455
vn -0.1683 -0.9547 0.2455
vn -0.0000 -0.9694 0.2455
vn 0.1683 -0.9547 0.2455
vn 0.3316 -0.9109 0.2455
vn 0.4847 -0.8395 0.2455
vn 0.6231 -0.7426 0.2455
vn 0.7426 -0.6231 0.2455
vn 0.8395 -0.4847 0.2455
vn 0.9109 -0.3316 0.2455
vn 0.9547 -0.1683 0.2455
vn 0.8629 0.1522 0.4818
vn 0.8763 -0.0000 0.4818
vn 0.8234 0.2997 0.4818
vn 0.7589 0.4381 0.4818
vn 0.6713 0.5632 0.4818
vn 0.5632 0.6713 0.4818
vn 0.4381 0.7589 0.4818
vn 0.2997 0.8234 0.4818
vn 0.1522 0.8629 0.4818
vn 0.0000 0.8763 0.4818
vn -0.1522 0.8629 0.4818
vn -0.2997 0.8234 0.4818
vn -0.4381 0.7589 0.4818
vn -0.5632 0.6713 0.4818
vn -0.6713 0.5632 0.4818
vn -0.7589 0.4381 0.4818
vn -0.8234 0.2997 0.4818
vn -0.8629 0.1522 0.4818
vn -0.8763 0.0000 0.4818
vn -0.8629 -0.1522 0.4818
vn -0.8234 -0.2997 0.4818
vn -0.7589 -0.4381 0.4818
vn -0.6713 -0.5632 0.4818
vn -0.5632 -0.6713 0.4818
vn -0.4381 -0.7589 0.4818
vn -0.2997 -0.8234 0.4818
vn -0.1522 -0.8629 0.4818
vn -0.0000 -0.8763 0.4818
vn 0.1522 -0.8629 0.4818
vn 0.2997 -0.8234 0.4818
vn 0.4381 -0.7589 0.4818
vn 0.5632 -0.6713 0.4818
vn 0.6713 -0.5632 0.4818
vn 0.7589 -0.4381 0.4818
vn 0.8234 -0.2997 0.4818
vn 0.8629 -0.1522 0.4818
vn 0.0000 0.0000 -1.0000
vn 0.0000 0.0000 1.0000
vn 0.8466 0.0741 -0.5270
vn 0.8209 0.2200 -0.5270
vn 0.7702 0.3592 -0.5270
vn 0.6962 0.4875 -0.5270
vn 0.6009 0.6009 -0.5270
vn 0.4875 0.6962 -0.5270
vn 0.3592 0.7702 -0.5270
vn 0.2200 0.8209 -0.5270
vn 0.0741 0.8466 -0.5270
vn -0.0741 0.8466 -0.5270
vn -0.2200 0.8209 -0.5270
vn -0.3592 0.7702 -0.5270
vn -0.4875 0.6962 -0.5270
vn -0.6009 0.6009 -0.5270
vn -0.6962 0.4875 -0.5270
vn -0.7702 0.3592 -0.5270
vn -0.8209 0.2200 -0.5270
vn -0.8466 0.0741 -0.5270
vn -0.8466 -0.0741 -0.5270
vn -0.8209 -0.2200 -0.5270
vn -0.7702 -0.3592 -0.5270
vn -0.6962 -0.4875 -0.5270
vn -0.6009 -0.6009 -0.5270
vn -0.4875 -0.6962 -0.5270
vn -0.3592 -0.7702 -0.5270
vn -0.2200 -0.8209 -0.5270
vn -0.0741 -0.8466 -0.5270
vn 0.0741 -0.8466 -0.5270
vn 0.2200 -0.8209 -0.5270
vn 0.3592 -0.7702 -0.5270
vn 0.4875 -0.6962 -0.5270
vn 0.6009 -0.6009 -0.5270
vn 0.6962 -0.4875 -0.5270
vn 0.7702 -0.3592 -0.5270
vn 0.8209 -0.2200 -0.5270
vn 0.8466 -0.0741 -0.5270
vn 0.9962 0.0872 0.0000
vn 0.9659 0.2588 0.0000
vn 0.9063 0.4226 -0.0000
vn 0.8192 0.5736 0.0000
vn 0.7071 0.7071 0.0000
vn 0.5736 0.8192 0.0000
vn 0.4226 0.9063 0.0000
vn 0.2588 0.9659 0.0000
vn 0.0872 0.9962 0.0000
vn -0.0872 0.9962 -0.0000
vn -0.2588 0.9659 0.0000
vn -0.4226 0.9063 0.0000
vn -0.5736 0.8192 0.0000
vn -0.7071 0.7071 0.0000
vn -0.8192 0.5736 0.0000
vn -0.9063 0.4226 -0.0000
vn -0.9659 0.2588 -0.0000
vn -0.9962 0.0872 0.0000
vn -0.9962 -0.0872 -0.0000
vn -0.9659 -0.2588 -0.0000
vn -0.9063 -0.4226 -0.0000
vn -0.8192 -0.5736 -0.0000
vn -0.7071 -0.7071 -0.0000
vn -0.5736 -0.8192 -0.0000
vn -0.4226 -0.9063 -0.0000
vn -0.2588 -0.9659 -0.0000
vn -0.0872 -0.9962 -0.0000
vn 0.0872 -0.9962 -0.0000
vn 0.2588 -0.9659 -0.0000
vn 0.4226 -0.9063 -0.0000
vn 0.5736 -0.8192 -0.0000
vn 0.7071 -0.7071 -0.0000
vn 0.8192 -0.5736 -0.0000
vn 0.9063 -0.4226 -0.0000
vn 0.9659 -0.2588 -0.0000
vn 0.9962 -0.0872 -0.0000
vn 0.8967 0.0785 0.4356
vn 0.8695 0.2330 0.4356
vn 0.8158 0.3804 0.4356
vn 0.7374 0.5163 0.4356
vn 0.6365 0.6365 0.4356
vn 0.5163 0.7374 0.4356
vn 0.3804 0.8158 0.4356
vn 0.2330 0.8695 0.4356
vn 0.0785 0.8967 0.4356
vn -0.0785 0.8967 0.4356
vn -0.2330 0.8695 0.4356
vn -0.3804 0.8158 0.4356
vn -0.5163 0.7374 0.4356
vn -0.6365 0.6365 0.4356
vn -0.7374 0.5163 0.4356
vn -0.8158 0.3804 0.4356
vn -0.8695 0.2330 0.4356
vn -0.8967 0.0785 0.4356
vn -0.8967 -0.0785 0.4356
vn -0.8695 -0.2330 0.4356
vn -0.8158 -0.3804 0.4356
vn -0.7374 -0.5163 0.4356
vn -0.6365 -0.6365 0.4356
vn -0.5163 -0.7374 0.4356
vn -0.3804 -0.8158 0.4356
vn -0.2330 -0.8695 0.4356
vn -0.0785 -0.8967 0.4356
vn 0.0785 -0.8967 0.4356
vn 0.2330 -0.8695 0.4356
vn 0.3804 -0.8158 0.4356
vn 0.5163 -0.7374 0.4356
vn 0.6365 -0.6365 0.4356
vn 0.7374 -0.5163 0.4356
vn 0.8158 -0.3804 0.4356
vn 0.8695 -0.2330 0.4356
vn 0.8967 -0.0785 0.4356
vn 0.9962 0.0872 -0.0000
vn 0.9659 0.2588 -0.0000
vn 0.8192 0.5736 -0.0000
vn 0.7071 0.7071 -0.0000
vn 0.5736 0.8192 -0.0000
vn 0.4226 0.9063 -0.0000
vn 0.2588 0.9659 -0.0000
vn 0.0872 0.9962 -0.0000
vn -0.2588 0.9659 -0.0000
vn -0.4226 0.9063 -0.0000
vn -0.5736 0.8192 -0.0000
vn -0.7071 0.7071 -0.0000
vn -0.8192 0.5736 -0.0000
vn -0.9962 0.0872 -0.0000
vn -0.9962 -0.0872 0.0000
vn -0.9659 -0.2588 0.0000
vn -0.9063 -0.4226 0.0000
vn -0.8192 -0.5736 0.0000
vn -0.7071 -0.7071 0.0000
vn -0.5736 -0.8192 0.0000
vn -0.4226 -0.9063 0.0000
vn -0.2588 -0.9659 0.0000
vn -0.0872 -0.9962 0.0000
vn 0.0872 -0.9962 0.0000
vn 0.2588 -0.9659 0.0000
vn 0.4226 -0.9063 0.0000
vn 0.5736 -0.8192 0.0000
vn 0.7071 -0.7071 0.0000
vn 0.8192 -0.5736 0.0000
vn 0.9063 -0.4226 0.0000
vn 0.9659 -0.2588 0.0000
vn 0.9962 -0.0872 0.0000
vn 0.0504 0.0044 -0.9987
vn 0.0489 0.0131 -0.9987
vn 0.0459 0.0214 -0.9987
vn 0.0415 0.0290 -0.9987
vn 0.0358 0.0358 -0.9987
vn 0.0290 0.0415 -0.9987
vn 0.0214 0.0459 -0.9987
vn 0.0131 0.0489 -0.9987
vn 0.0044 0.0504 -0.9987
vn -0.0044 0.0504 -0.9987
vn -0.0131 0.0489 -0.9987
vn -0.0214 0.0459 -0.9987
vn -0.0290 0.0415 -0.9987
vn -0.0358 0.0358 -0.9987
vn -0.0415 0.0290 -0.9987
vn -0.0459 0.0214 -0.9987
vn -0.0489 0.0131 -0.9987
vn -0.0504 0.0044 -0.9987
vn -0.0504 -0.0044 -0.9987
vn -0.0489 -0.0131 -0.9987
vn -0.0459 -0.0214 -0.9987
vn -0.0415 -0.0290 -0.9987
vn -0.0358 -0.0358 -0.9987
vn -0.0290 -0.0415 -0.9987
vn -0.0214 -0.0459 -0.9987
vn -0.0131 -0.0489 -0.9987
vn -0.0044 -0.0504 -0.9987
vn 0.0044 -0.0504 -0.9987
vn 0.0131 -0.0489 -0.9987
vn 0.0214 -0.0459 -0.9987
vn 0.0290 -0.0415 -0.9987
vn 0.0358 -0.0358 -0.9987
vn 0.0415 -0.0290 -0.9987
vn 0.0459 -0.0214 -0.9987
vn 0.0489 -0.0131 -0.9987
vn 0.0504 -0.0044 -0.9987
vn 0.6094 0.0533 0.7911
vn 0.5909 0.1583 0.7911
vn 0.5544 0.2585 0.7911
vn 0.5011 0.3509 0.7911
vn 0.4326 0.4326 0.7911
vn 0.3509 0.5011 0.7911
vn 0.2585 0.5544 0.7911
vn 0.1583 0.5909 0.7911
vn 0.0533 0.6094 0.7911
vn -0.0533 0.6094 0.7911
vn -0.1583 0.5909 0.7911
vn -0.2585 0.5544 0.7911
vn -0.3509 0.5011 0.7911
vn -0.4326 0.4326 0.7911
vn -0.5011 0.3509 0.7911
vn -0.5544 0.2585 0.7911
vn -0.5909 0.1583 0.7911
vn -0.6094 0.0533 0.7911
vn -0.6094 -0.0533 0.7911
vn -0.5909 -0.1583 0.7911
vn -0.5544 -0.2585 0.7911
vn -0.5011 -0.3509 0.7911
vn -0.4326 -0.4326 0.7911
vn -0.3509 -0.5011 0.7911
vn -0.2585 -0.5544 0.7911
vn -0.1583 -0.5909 0.7911
vn -0.0533 -0.6094 0.7911
vn 0.0533 -0.6094 0.7911
vn 0.1583 -0.5909 0.7911
vn 0.2585 -0.5544 0.7911
vn 0.3509 -0.5011 0.7911
vn 0.4326 -0.4326 0.7911
vn 0.5011 -0.3509 0.7911
vn 0.5544 -0.2585 0.7911
vn 0.5909 -0.1583 0.7911
vn 0.6094 -0.0533 0.7911
vn 0.3450 0.0302 0.9381
vn 0.3346 0.0896 0.9381
vn 0.3139 0.1464 0.9381
vn 0.2837 0.1987 0.9381
vn 0.2449 0.2449 0.9381
vn 0.1987 0.2837 0.9381
vn 0.1464 0.3139 0.9381
vn 0.0896 0.3346 0.9381
vn 0.0302 0.3450 0.9381
vn -0.0302 0.3450 0.9381
vn -0.0896 0.3346 0.9381
vn -0.1464 0.3139 0.9381
vn -0.1987 0.2837 0.9381
vn -0.2449 0.2449 0.9381
vn -0.2837 0.1987 0.9381
vn -0.3139 0.1464 0.9381
vn -0.3346 0.0896 0.9381
vn -0.3450 0.0302 0.9381
vn -0.3450 -0.0302 0.9381
vn -0.3346 -0.0896 0.9381
vn -0.3139 -0.1464 0.9381
vn -0.2837 -0.1987 0.9381
vn -0.2449 -0.2449 0.9381
vn -0.1987 -0.2837 0.9381
vn -0.1464 -0.3139 0.9381
vn -0.0896 -0.3346 0.9381
vn -0.0302 -0.3450 0.9381
vn 0.0302 -0.3450 0.9381
vn 0.0896 -0.3346 0.9381
vn 0.1464 -0.3139 0.9381
vn 0.1987 -0.2837 0.9381
vn 0.2449 -0.2449 0.9381
vn 0.2837 -0.1987 0.9381
vn 0.3139 -0.1464 0.9381
vn 0.3346 -0.0896 0.9381
vn 0.3450 -0.0302 0.9381
vn -0.5759 -0.0022 -0.8175
vn -0.4960 0.0000 -0.8683
vn -0.4378 0.0000 -0.8991
vn -0.4040 0.0000 -0.9147
vn -0.3885 0.0000 -0.9214
vn -0.2717 0.0000 -0.9624
vn -0.2965 0.0000 -0.9550
vn -0.3431 0.0000 -0.9393
vn -0.4064 0.0000 -0.9137
vn -0.4791 0.0000 -0.8778
vn -0.5535 0.0000 -0.8329
vn -0.6234 0.0000 -0.7819
vn -0.7217 0.0000 -0.6922
vn -0.8288 0.0000 -0.5596
vn -0.8993 0.0000 -0.4374
vn -0.9413 0.0000 -0.3376
vn -0.9645 0.0000 -0.2641
vn -0.9763 0.0000 -0.2165
vn -0.9812 0.0000 -0.1932
vn -0.9541 0.0000 0.2994
vn -0.9537 0.0000 0.3007
vn -0.9528 0.0000 0.3036
vn -0.9512 0.0000 0.3086
vn -0.9483 0.0000 0.3172
vn -0.9429 0.0000 0.3332
vn -0.9297 0.0000 0.3683
vn -0.8956 0.0000 0.4449
vn -0.8389 0.0000 0.5443
vn -0.7388 0.0000 0.6739
vn -0.5736 0.0000 0.8192
vn -0.3519 0.0000 0.9360
vn -0.1439 -0.0000 0.9896
vn -0.0254 -0.0000 0.9997
vn 0.1843 0.0000 0.9829
vn -0.6388 0.0000 0.7694
vn 0.0423 0.9977 0.0538
vn 0.0336 0.9979 0.0546
vn 0.0274 0.9981 0.0558
vn 0.0251 0.9981 0.0568
vn 0.0241 0.9981 0.0572
vn 0.0169 0.9981 0.0598
vn 0.0184 0.9981 0.0593
vn 0.0213 0.9981 0.0584
vn 0.0252 0.9981 0.0568
vn 0.0298 0.9981 0.0545
vn 0.0344 0.9981 0.0517
vn 0.0387 0.9981 0.0486
vn 0.0448 0.9981 0.0430
vn 0.0515 0.9981 0.0348
vn 0.0559 0.9981 0.0272
vn 0.0585 0.9981 0.0210
vn 0.0599 0.9981 0.0164
vn 0.0607 0.9981 0.0134
vn 0.0610 0.9981 0.0120
vn 0.0593 0.9981 -0.0186
vn 0.0593 0.9981 -0.0187
vn 0.0592 0.9981 -0.0189
vn 0.0591 0.9981 -0.0192
vn 0.0589 0.9981 -0.0197
vn 0.0591 0.9980 -0.0202
vn 0.0587 0.9980 -0.0227
vn 0.0558 0.9981 -0.0277
vn 0.0549 0.9980 -0.0298
vn 0.0442 0.9982 -0.0403
vn 0.0396 0.9982 -0.0442
vn 0.0210 0.9982 -0.0559
vn -0.0085 0.9976 -0.0684
vn 0.0016 0.9981 -0.0612
vn -0.0131 0.9978 -0.0648
vn 0.0360 0.9983 -0.0450
vn 0.4455 0.0000 0.8953
vn 0.4040 0.0000 0.9147
vn 0.3885 0.0000 0.9214
vn 0.2717 0.0000 0.9624
vn 0.2965 0.0000 0.9550
vn 0.3431 0.0000 0.9393
vn 0.4064 0.0000 0.9137
vn 0.4791 0.0000 0.8778
vn 0.5535 0.0000 0.8329
vn 0.6234 0.0000 0.7819
vn 0.7217 0.0000 0.6922
vn 0.8288 0.0000 0.5596
vn 0.8993 0.0000 0.4374
vn 0.9413 0.0000 0.3376
vn 0.9645 0.0000 0.2641
vn 0.9763 0.0000 0.2164
vn 0.9812 0.0000 0.1932
vn 0.9541 -0.0000 -0.2994
vn 0.9537 -0.0000 -0.3007
vn 0.9528 -0.0000 -0.3036
vn 0.9512 -0.0000 -0.3086
vn 0.9483 0.0000 -0.3172
vn 0.9501 0.0000 -0.3118
vn 0.9394 -0.0000 -0.3427
vn 0.9426 -0.0000 -0.3338
vn 0.9059 -0.0000 -0.4235
vn -0.2242 -0.0000 -0.9745
vn -0.2123 -0.0000 -0.9772
vn 0.6085 -0.0000 -0.7936
vn 0.0000 1.0000 -0.0000
vn -0.0000 1.0000 -0.0000
vn 0.0000 1.0000 0.0000
vn -0.0000 1.0000 0.0000
vn 0.0001 1.0000 -0.0000
vn -0.9084 -0.0035 -0.4181
vn 0.0617 0.9965 0.0568
vn 0.5614 0.0000 0.8275
vn 0.5759 -0.0022 -0.8175
vn 0.4960 0.0000 -0.8683
vn 0.4378 0.0000 -0.8991
vn 0.4040 0.0000 -0.9147
vn 0.3885 0.0000 -0.9214
vn 0.2717 0.0000 -0.9624
vn 0.2965 0.0000 -0.9550
vn 0.3431 0.0000 -0.9393
vn 0.4064 0.0000 -0.9137
vn 0.4791 0.0000 -0.8778
vn 0.5535 0.0000 -0.8329
vn 0.6234 0.0000 -0.7819
vn 0.7217 0.0000 -0.6922
vn 0.8288 0.0000 -0.5596
vn 0.8993 0.0000 -0.4374
vn 0.9413 0.0000 -0.3376
vn 0.9645 0.0000 -0.2641
vn 0.9763 0.0000 -0.2164
vn 0.9812 0.0000 -0.1932
vn 0.9541 0.0000 0.2994
vn 0.9537 0.0000 0.3007
vn 0.9528 0.0000 0.3036
vn 0.9512 0.0000 0.3086
vn 0.9483 0.0000 0.3173
vn 0.9429 0.0000 0.3332
vn 0.9297 0.0000 0.3683
vn 0.8956 0.0000 0.4449
vn 0.8389 0.0000 0.5443
vn 0.7388 0.0000 0.6739
vn 0.5736 0.0000 0.8192
vn 0.3519 0.0000 0.9360
vn 0.1439 -0.0000 0.9896
vn 0.0254 -0.0000 0.9997
vn -0.1843 0.0000 0.9829
vn 0.6388 0.0000 0.7694
vn -0.0423 0.9977 0.0538
vn -0.0336 0.9979 0.0546
vn -0.0274 0.9981 0.0558
vn -0.0251 0.9981 0.0568
vn -0.0241 0.9981 0.0572
vn -0.0169 0.9981 0.0598
vn -0.0184 0.9981 0.0593
vn -0.0213 0.9981 0.0584
vn -0.0252 0.9981 0.0568
vn -0.0298 0.9981 0.0545
vn -0.0344 0.9981 0.0517
vn -0.0387 0.9981 0.0486
vn -0.0448 0.9981 0.0430
vn -0.0515 0.9981 0.0348
vn -0.0559 0.9981 0.0272
vn -0.0585 0.9981 0.0210
vn -0.0599 0.9981 0.0164
vn -0.0607 0.9981 0.0134
vn -0.0610 0.9981 0.0120
vn -0.0593 0.9981 -0.0186
vn -0.0593 0.9981 -0.0187
vn -0.0592 0.9981 -0.0189
vn -0.0591 0.9981 -0.0192
vn -0.0589 0.9981 -0.0197
vn -0.0591 0.9980 -0.0202
vn -0.0587 0.9980 -0.0227
vn -0.0558 0.9981 -0.0277
vn -0.0549 0.9980 -0.0298
vn -0.0442 0.9982 -0.0403
vn -0.0396 0.9982 -0.0442
vn -0.0210 0.9982 -0.0559
vn 0.0085 0.9976 -0.0684
vn -0.0016 0.9981 -0.0612
vn 0.0131 0.9978 -0.0648
vn -0.0360 0.9983 -0.0450
vn -0.4455 0.0000 0.8953
vn -0.4040 0.0000 0.9147
vn -0.3885 0.0000 0.9214
vn -0.2717 0.0000 0.9624
vn -0.2965 0.0000 0.9550
vn -0.3431 0.0000 0.9393
vn -0.4064 0.0000 0.9137
vn -0.4791 -0.0000 0.8778
vn -0.5535 0.0000 0.8329
vn -0.6234 0.0000 0.7819
vn -0.7217 0.0000 0.6922
vn -0.8288 0.0000 0.5596
vn -0.8993 0.0000 0.4374
vn -0.9413 0.0000 0.3376
vn -0.9645 0.0000 0.2641
vn -0.9763 0.0000 0.2164
vn -0.9812 0.0000 0.1932
vn -0.9541 -0.0000 -0.2994
vn -0.9537 0.0000 -0.3007
vn -0.9528 0.0000 -0.3036
vn -0.9512 -0.0000 -0.3086
vn -0.9483 0.0000 -0.3172
vn -0.9501 0.0000 -0.3118
vn -0.9394 0.0000 -0.3427
vn -0.9426 -0.0000 -0.3338
vn -0.9059 -0.0000 -0.4235
vn 0.2242 -0.0000 -0.9745
vn 0.2123 -0.0000 -0.9772
vn -0.6085 -0.0000 -0.7936
vn -0.0001 1.0000 -0.0000
vn 0.9084 -0.0035 -0.4181
vn -0.0617 0.9965 0.0568
vn -0.5614 0.0000 0.8275
vn -0.9719 0.0000 0.2356
vn 0.2912 0.0000 0.9567
vn 0.2584 0.0000 0.9660
vn 0.1870 0.0000 0.9824
vn 0.1117 0.0000 0.9937
vn 0.0384 0.0000 0.9993
vn -0.0257 0.0000 0.9997
vn -0.0732 0.0000 0.9973
vn -0.0986 0.0000 0.9951
vn -0.2856 0.0000 0.9583
vn -0.1648 0.0000 0.9863
vn -0.0589 0.0000 0.9983
vn 0.1163 0.0000 0.9932
vn 0.2557 0.0000 0.9668
vn 0.3572 0.0000 0.9340
vn 0.4307 0.0000 0.9025
vn 0.4763 0.0000 0.8793
vn 0.4984 0.0000 0.8670
vn 0.8623 0.0000 0.5064
vn 0.5057 0.0000 -0.8627
vn -0.8810 0.0000 -0.4732
vn -0.8939 0.0000 -0.4482
vn -0.8849 0.0000 -0.4659
vn -0.8666 0.0000 -0.4990
vn -0.8389 0.0000 -0.5443
vn -0.8014 0.0000 -0.5981
vn -0.7640 0.0000 -0.6452
vn -0.7093 0.0000 -0.7049
vn -0.4679 0.0000 -0.8838
vn -0.1958 0.0000 -0.9806
vn -0.0440 0.0000 -0.9990
vn 0.0415 0.0000 -0.9991
vn 0.0889 0.0000 -0.9960
vn 0.1098 0.0000 -0.9940
vn 0.1064 0.0000 -0.9943
vn 0.1810 0.0000 -0.9835
vn 0.2526 0.0000 -0.9676
vn 0.2803 0.0000 -0.9599
vn 0.2897 0.0000 -0.9571
vn 0.2944 0.0000 -0.9557
vn 0.3003 0.0000 -0.9538
vn 0.3028 0.0000 -0.9530
vn 0.3162 0.0000 -0.9487
vn 0.3133 0.0000 -0.9497
vn 0.3102 0.0000 -0.9507
vn 0.2999 0.0000 -0.9540
vn 0.2794 0.0000 -0.9602
vn 0.2433 0.0000 -0.9700
vn 0.1769 0.0000 -0.9842
vn 0.0736 0.0000 -0.9973
vn -0.0303 0.0000 -0.9995
vn -0.1374 0.0000 -0.9905
vn -0.2378 0.0000 -0.9713
vn -0.3213 0.0000 -0.9470
vn -0.3804 0.0000 -0.9248
vn -0.4107 0.0000 -0.9118
vn -0.8986 0.0000 -0.4389
vn 0.2354 0.0000 0.9719
vn 0.2166 0.0000 0.9763
vn 0.1806 0.0000 0.9836
vn 0.1305 0.0000 0.9914
vn 0.0704 0.0000 0.9975
vn 0.0051 0.0000 1.0000
vn -0.0609 0.0000 0.9981
vn -0.2027 0.0000 0.9792
vn -0.2848 0.0000 0.9586
vn -0.3160 0.0000 0.9488
vn -0.3306 0.0000 0.9438
vn -0.3362 0.0000 0.9418
vn -0.3322 0.0000 0.9432
vn -0.2991 0.0000 0.9542
vn -0.1835 0.0000 0.9830
vn -0.1476 0.0000 0.9891
vn -0.1142 0.0000 0.9935
vn -0.0748 0.0000 0.9972
vn -0.0173 0.0000 0.9999
vn 0.0893 0.0000 0.9960
vn 0.3684 0.0000 0.9297
vn 0.7769 0.0000 0.6296
vn 0.8286 0.0000 0.5598
vn 0.8469 0.0000 0.5317
vn 0.8558 0.0000 0.5173
vn 0.8606 0.0000 0.5092
vn 0.8633 0.0000 0.5047
vn 0.8645 0.0000 0.5027
vn 0.7174 0.0000 -0.6966
vn 0.7070 0.0000 -0.7072
vn 0.6847 0.0000 -0.7289
vn 0.6468 0.0000 -0.7627
vn 0.5868 0.0000 -0.8097
vn 0.4942 0.0000 -0.8694
vn 0.3530 0.0000 -0.9356
vn 0.2248 0.0000 -0.9744
vn 0.1664 0.0000 -0.9861
vn 0.1222 0.0000 -0.9925
vn 0.0898 0.0000 -0.9960
vn 0.0670 0.0000 -0.9978
vn 0.0525 0.0000 -0.9986
vn 0.0455 0.0000 -0.9990
vn 0.9924 0.0000 0.1232
vn 0.7744 0.0000 -0.6327
vn 0.7557 0.0000 -0.6549
vn 0.7167 0.0000 -0.6974
vn 0.6548 0.0000 -0.7558
vn 0.5685 0.0000 -0.8227
vn 0.4601 0.0000 -0.8879
vn 0.3367 0.0000 -0.9416
vn 0.2617 0.0000 -0.9652
vn 0.2324 0.0000 -0.9726
vn 0.1932 0.0000 -0.9812
vn 0.1424 0.0000 -0.9898
vn 0.0766 0.0000 -0.9971
vn -0.0085 0.0000 -1.0000
vn -0.1189 0.0000 -0.9929
vn -0.1761 0.0000 -0.9844
vn -0.1543 0.0000 -0.9880
vn -0.1220 0.0000 -0.9925
vn -0.0738 0.0000 -0.9973
vn -0.0019 0.0000 -1.0000
vn 0.1046 0.0000 -0.9945
vn 0.2569 0.0000 -0.9664
vn 0.4041 0.0000 -0.9147
vn 0.4776 0.0000 -0.8786
vn 0.5405 0.0000 -0.8414
vn 0.6081 0.0000 -0.7939
vn 0.6893 0.0000 -0.7245
vn 0.7910 0.0000 -0.6119
vn 0.9099 0.0000 -0.4148
vn 0.9748 0.0000 -0.2229
vn 0.9889 0.0000 -0.1483
vn 0.9960 0.0000 -0.0892
vn 0.9993 0.0000 -0.0367
vn 0.9999 0.0000 0.0171
vn 0.9966 0.0000 0.0824
vn 0.9836 0.0000 0.1805
vn 0.9531 0.0000 0.3027
vn 0.9237 0.0000 0.3832
vn 0.8938 0.0000 0.4484
vn 0.8668 0.0000 0.4986
vn 0.8448 0.0000 0.5350
vn 0.8296 0.0000 0.5584
vn 0.8216 0.0000 0.5700
vn 0.5620 0.0000 0.8271
vn 0.5407 0.0000 0.8412
vn 0.4969 0.0000 0.8678
vn 0.4301 0.0000 0.9028
vn 0.3399 0.0000 0.9405
vn 0.2298 0.0000 0.9732
vn 0.1063 0.0000 0.9943
vn 0.0462 0.0000 0.9989
vn 0.0361 0.0000 0.9993
vn 0.0015 0.0000 1.0000
vn -0.0565 0.0000 0.9984
vn -0.1343 0.0000 0.9909
vn -0.2263 0.0000 0.9741
vn -0.3239 0.0000 0.9461
vn -0.2904 0.0000 0.9569
vn -0.1554 0.0000 0.9879
vn -0.0562 0.0000 0.9984
vn 0.0139 0.0000 0.9999
vn 0.0614 0.0000 0.9981
vn 0.0906 0.0000 0.9959
vn 0.1045 0.0000 0.9945
vn 0.0703 0.0000 0.9975
vn 0.0918 0.0000 0.9958
vn 0.1364 0.0000 0.9907
vn 0.2069 0.0000 0.9784
vn 0.3063 0.0000 0.9519
vn 0.4350 0.0000 0.9004
vn 0.5855 0.0000 0.8107
vn 0.6603 0.0000 0.7510
vn 0.6615 0.0000 0.7500
vn 0.6676 0.0000 0.7445
vn 0.6794 0.0000 0.7338
vn 0.7014 0.0000 0.7127
vn 0.7489 0.0000 0.6627
vn 0.8969 0.0000 0.4423
vn 0.9146 0.0000 -0.4044
vn 0.8692 0.0000 -0.4944
vn 0.8347 0.0000 -0.5507
vn 0.7929 0.0000 -0.6093
vn 0.7331 0.0000 -0.6801
vn 0.6385 0.0000 -0.7697
vn 0.4774 0.0000 -0.8787
vn 0.3353 0.0000 -0.9421
vn 0.2872 0.0000 -0.9579
vn 0.2379 0.0000 -0.9713
vn 0.1853 0.0000 -0.9827
vn 0.1266 0.0000 -0.9919
vn 0.0595 0.0000 -0.9982
vn -0.0196 0.0000 -0.9998
vn -0.1408 0.0000 -0.9900
vn -0.2381 0.0000 -0.9712
vn -0.3028 0.0000 -0.9531
vn -0.3582 0.0000 -0.9337
vn -0.4191 0.0000 -0.9080
vn -0.5064 0.0000 -0.8623
vn -0.6760 0.0000 -0.7369
vn -0.8391 0.0000 -0.5440
vn -0.9760 0.0000 -0.2178
vn -0.9799 0.0000 -0.1995
vn -0.9868 0.0000 -0.1621
vn -0.9946 0.0000 -0.1039
vn -0.9997 0.0000 -0.0234
vn -0.9968 0.0000 0.0798
vn -0.9791 0.0000 0.2032
vn -0.9520 0.0000 0.3062
vn -0.9386 0.0000 0.3450
vn -0.9312 0.0000 0.3644
vn -0.9268 0.0000 0.3756
vn -0.9241 0.0000 0.3822
vn -0.9225 0.0000 0.3860
vn -0.9218 0.0000 0.3878
vn 1.0000 0.0000 0.0000
vn 0.9848 0.0000 -0.1736
vn 1.0000 0.0000 -0.0000
vn 0.9397 0.0000 -0.3420
vn 0.8660 0.0000 -0.5000
vn 0.7660 0.0000 -0.6428
vn 0.6428 0.0000 -0.7660
vn 0.5000 0.0000 -0.8660
vn 0.3420 0.0000 -0.9397
vn 0.1736 0.0000 -0.9848
vn -0.1736 0.0000 -0.9848
vn -0.3420 0.0000 -0.9397
vn -0.5000 0.0000 -0.8660
vn -0.6428 0.0000 -0.7660
vn -0.7660 0.0000 -0.6428
vn -0.8660 0.0000 -0.5000
vn -0.9397 0.0000 -0.3420
vn -0.9848 0.0000 -0.1736
vn -1.0000 0.0000 -0.0000
vn -0.9848 0.0000 0.1736
vn -0.9397 0.0000 0.3420
vn -0.8660 0.0000 0.5000
vn -0.7660 0.0000 0.6428
vn -0.6428 0.0000 0.7660
vn -0.5000 0.0000 0.8660
vn -0.3420 0.0000 0.9397
vn -0.1736 0.0000 0.9848
vn -0.0000 0.0000 1.0000
vn 0.1736 0.0000 0.9848
vn 0.3420 0.0000 0.9397
vn 0.5000 0.0000 0.8660
vn 0.6428 0.0000 0.7660
vn 0.7660 0.0000 0.6428
vn 0.8660 0.0000 0.5000
vn 0.9397 0.0000 0.3420
vn 0.9848 0.0000 0.1736
vn 0.0000 -1.0000 -0.0000
vn -0.0000 0.0000 -1.0000
vn -0.0000 0.4290 -0.9033
vn 0.2338 0.4290 -0.8725
vn 0.2588 0.0000 -0.9659
vn -0.0000 0.8146 -0.5800
vn 0.1501 0.8146 -0.5602
vn -0.0000 0.9997 -0.0259
vn 0.0067 0.9997 -0.0250
vn -0.0000 0.8363 0.5482
vn -0.1419 0.8363 0.5295
vn -0.0000 0.4442 0.8959
vn -0.2319 0.4442 0.8654
vn -0.2588 -0.0000 0.9659
vn 0.0000 -0.4442 0.8959
vn -0.2319 -0.4442 0.8654
vn 0.0000 -0.8363 0.5482
vn -0.1419 -0.8363 0.5295
vn 0.0000 -0.9997 -0.0259
vn 0.0067 -0.9997 -0.0250
vn 0.0000 -0.8146 -0.5800
vn 0.1501 -0.8146 -0.5602
vn 0.0000 -0.4290 -0.9033
vn 0.2338 -0.4290 -0.8725
vn 0.4517 0.4290 -0.7823
vn 0.5000 -0.0000 -0.8660
vn 0.2900 0.8146 -0.5023
vn 0.0129 0.9997 -0.0224
vn -0.2741 0.8363 0.4748
vn -0.4480 0.4442 0.7759
vn -0.5000 -0.0000 0.8660
vn -0.4480 -0.4442 0.7759
vn -0.2741 -0.8363 0.4748
vn 0.0129 -0.9997 -0.0224
vn 0.2900 -0.8146 -0.5023
vn 0.4517 -0.4290 -0.7823
vn 0.6387 0.4290 -0.6387
vn 0.7071 -0.0000 -0.7071
vn 0.4101 0.8146 -0.4101
vn 0.0183 0.9997 -0.0183
vn -0.3876 0.8363 0.3876
vn -0.6335 0.4442 0.6335
vn -0.7071 -0.0000 0.7071
vn -0.6335 -0.4442 0.6335
vn -0.3876 -0.8363 0.3876
vn 0.0183 -0.9997 -0.0183
vn 0.4101 -0.8146 -0.4101
vn 0.6387 -0.4290 -0.6387
vn 0.7823 0.4290 -0.4517
vn 0.5023 0.8146 -0.2900
vn 0.0224 0.9997 -0.0129
vn -0.4748 0.8363 0.2741
vn -0.7759 0.4442 0.4480
vn -0.7759 -0.4442 0.4480
vn -0.4748 -0.8363 0.2741
vn 0.0224 -0.9997 -0.0129
vn 0.5023 -0.8146 -0.2900
vn 0.7823 -0.4290 -0.4517
vn 0.8725 0.4290 -0.2338
vn 0.9659 0.0000 -0.2588
vn 0.5602 0.8146 -0.1501
vn 0.0250 0.9997 -0.0067
vn -0.5295 0.8363 0.1419
vn -0.8654 0.4442 0.2319
vn -0.9659 0.0000 0.2588
vn -0.8654 -0.4442 0.2319
vn -0.5295 -0.8363 0.1419
vn 0.0250 -0.9997 -0.0067
vn 0.5602 -0.8146 -0.1501
vn 0.8725 -0.4290 -0.2338
vn 0.9033 0.4290 -0.0000
vn 1.0000 -0.0000 -0.0000
vn 0.5800 0.8146 -0.0000
vn 0.0259 0.9997 0.0000
vn -0.5482 0.8363 0.0000
vn -0.8959 0.4442 0.0000
vn -1.0000 0.0000 0.0000
vn -0.8959 -0.4442 0.0000
vn -0.5482 -0.8363 0.0000
vn 0.0259 -0.9997 -0.0000
vn 0.5800 -0.8146 -0.0000
vn 0.9033 -0.4290 -0.0000
vn 0.8725 0.4290 0.2338
vn 0.9659 0.0000 0.2588
vn 0.5602 0.8146 0.1501
vn 0.0250 0.9997 0.0067
vn -0.5295 0.8363 -0.1419
vn -0.8654 0.4442 -0.2319
vn -0.9659 0.0000 -0.2588
vn -0.8654 -0.4442 -0.2319
vn -0.5295 -0.8363 -0.1419
vn 0.0250 -0.9997 0.0067
vn 0.5602 -0.8146 0.1501
vn 0.8725 -0.4290 0.2338
vn 0.7823 0.4290 0.4517
vn 0.5023 0.8146 0.2900
vn 0.0224 0.9997 0.0129
vn -0.4748 0.8363 -0.2741
vn -0.7759 0.4442 -0.4480
vn -0.8660 -0.0000 -0.5000
vn -0.7759 -0.4442 -0.4480
vn -0.4748 -0.8363 -0.2741
vn 0.0224 -0.9997 0.0129
vn 0.5023 -0.8146 0.2900
vn 0.7823 -0.4290 0.4517
vn 0.6387 0.4290 0.6387
vn 0.7071 -0.0000 0.7071
vn 0.4101 0.8146 0.4101
vn 0.0183 0.9997 0.0183
vn -0.3876 0.8363 -0.3876
vn -0.6335 0.4442 -0.6335
vn -0.7071 -0.0000 -0.7071
vn -0.6335 -0.4442 -0.6335
vn -0.3876 -0.8363 -0.3876
vn 0.0183 -0.9997 0.0183
vn 0.4101 -0.8146 0.4101
vn 0.6387 -0.4290 0.6387
vn 0.4517 0.4290 0.7823
vn 0.5000 -0.0000 0.8660
vn 0.2900 0.8146 0.5023
vn 0.0129 0.9997 0.0224
vn -0.2741 0.8363 -0.4748
vn -0.4480 0.4442 -0.7759
vn -0.5000 -0.0000 -0.8660
vn -0.4480 -0.4442 -0.7759
vn -0.2741 -0.8363 -0.4748
vn 0.0129 -0.9997 0.0224
vn 0.2900 -0.8146 0.5023
vn 0.4517 -0.4290 0.7823
vn 0.2338 0.4290 0.8725
vn 0.2588 -0.0000 0.9659
vn 0.1501 0.8146 0.5602
vn 0.0067 0.9997 0.0250
vn -0.1419 0.8363 -0.5295
vn -0.2319 0.4442 -0.8654
vn -0.2588 -0.0000 -0.9659
vn -0.2319 -0.4442 -0.8654
vn -0.1419 -0.8363 -0.5295
vn 0.0067 -0.9997 0.0250
vn 0.1501 -0.8146 0.5602
vn 0.2338 -0.4290 0.8725
vn -0.0000 0.4290 0.9033
vn 0.0000 0.8146 0.5800
vn 0.0000 0.9997 0.0259
vn -0.0000 0.8363 -0.5482
vn -0.0000 0.4442 -0.8959
vn 0.0000 -0.4442 -0.8959
vn 0.0000 -0.8363 -0.5482
vn -0.0000 -0.9997 0.0259
vn -0.0000 -0.8146 0.5800
vn -0.0000 -0.4290 0.9033
vn -0.2338 0.4290 0.8725
vn -0.2588 0.0000 0.9659
vn -0.1501 0.8146 0.5602
vn -0.0067 0.9997 0.0250
vn 0.1419 0.8363 -0.5295
vn 0.2319 0.4442 -0.8654
vn 0.2319 -0.4442 -0.8654
vn 0.1419 -0.8363 -0.5295
vn -0.0067 -0.9997 0.0250
vn -0.1501 -0.8146 0.5602
vn -0.2338 -0.4290 0.8725
vn -0.4517 0.4290 0.7823
vn -0.2900 0.8146 0.5023
vn -0.0129 0.9997 0.0224
vn 0.2741 0.8363 -0.4748
vn 0.4480 0.4442 -0.7759
vn 0.4480 -0.4442 -0.7759
vn 0.2741 -0.8363 -0.4748
vn -0.0129 -0.9997 0.0224
vn -0.2900 -0.8146 0.5023
vn -0.4517 -0.4290 0.7823
vn -0.6387 0.4290 0.6387
vn -0.7071 0.0000 0.7071
vn -0.4101 0.8146 0.4101
vn -0.0183 0.9997 0.0183
vn 0.3876 0.8363 -0.3876
vn 0.6335 0.4442 -0.6335
vn 0.7071 0.0000 -0.7071
vn 0.6335 -0.4442 -0.6335
vn 0.3876 -0.8363 -0.3876
vn -0.0183 -0.9997 0.0183
vn -0.4101 -0.8146 0.4101
vn -0.6387 -0.4290 0.6387
vn -0.7823 0.4290 0.4517
vn -0.8660 -0.0000 0.5000
vn -0.5023 0.8146 0.2900
vn -0.0224 0.9997 0.0129
vn 0.4748 0.8363 -0.2741
vn 0.7759 0.4442 -0.4480
vn 0.7759 -0.4442 -0.4480
vn 0.4748 -0.8363 -0.2741
vn -0.0224 -0.9997 0.0129
vn -0.5023 -0.8146 0.2900
vn -0.7823 -0.4290 0.4517
vn -0.8725 0.4290 0.2338
vn -0.9659 -0.0000 0.2588
vn -0.5602 0.8146 0.1501
vn -0.0250 0.9997 0.0067
vn 0.5295 0.8363 -0.1419
vn 0.8654 0.4442 -0.2319
vn 0.9659 -0.0000 -0.2588
vn 0.8654 -0.4442 -0.2319
vn 0.5295 -0.8363 -0.1419
vn -0.0250 -0.9997 0.0067
vn -0.5602 -0.8146 0.1501
vn -0.8725 -0.4290 0.2338
vn -0.9033 0.4290 -0.0000
vn -1.0000 -0.0000 -0.0000
vn -0.5800 0.8146 -0.0000
vn -0.0259 0.9997 0.0000
vn 0.5482 0.8363 0.0000
vn 0.8959 0.4442 0.0000
vn 0.8959 -0.4442 -0.0000
vn 0.5482 -0.8363 -0.0000
vn -0.0259 -0.9997 -0.0000
vn -0.5800 -0.8146 -0.0000
vn -0.9033 -0.4290 -0.0000
vn -0.8725 0.4290 -0.2338
vn -0.9659 -0.0000 -0.2588
vn -0.5602 0.8146 -0.1501
vn -0.0250 0.9997 -0.0067
vn 0.5295 0.8363 0.1419
vn 0.8654 0.4442 0.2319
vn 0.9659 -0.0000 0.2588
vn 0.8654 -0.4442 0.2319
vn 0.5295 -0.8363 0.1419
vn -0.0250 -0.9997 -0.0067
vn -0.5602 -0.8146 -0.1501
vn -0.8725 -0.4290 -0.2338
vn -0.7823 0.4290 -0.4517
vn -0.5023 0.8146 -0.2900
vn -0.0224 0.9997 -0.0129
vn 0.4748 0.8363 0.2741
vn 0.7759 0.4442 0.4480
vn 0.8660 -0.0000 0.5000
vn 0.7759 -0.4442 0.4480
vn 0.4748 -0.8363 0.2741
vn -0.0224 -0.9997 -0.0129
vn -0.5023 -0.8146 -0.2900
vn -0.7823 -0.4290 -0.4517
vn -0.6387 0.4290 -0.6387
vn -0.7071 0.0000 -0.7071
vn -0.4101 0.8146 -0.4101
vn -0.0183 0.9997 -0.0183
vn 0.3876 0.8363 0.3876
vn 0.6335 0.4442 0.6335
vn 0.7071 0.0000 0.7071
vn 0.6335 -0.4442 0.6335
vn 0.3876 -0.8363 0.3876
vn -0.0183 -0.9997 -0.0183
vn -0.4101 -0.8146 -0.4101
vn -0.6387 -0.4290 -0.6387
vn -0.4517 0.4290 -0.7823
vn -0.2900 0.8146 -0.5023
vn -0.0129 0.9997 -0.0224
vn 0.2741 0.8363 0.4748
vn 0.4480 0.4442 0.7759
vn 0.4480 -0.4442 0.7759
vn 0.2741 -0.8363 0.4748
vn -0.0129 -0.9997 -0.0224
vn -0.2900 -0.8146 -0.5023
vn -0.4517 -0.4290 -0.7823
vn -0.2338 0.4290 -0.8725
vn -0.2588 0.0000 -0.9659
vn -0.1501 0.8146 -0.5602
vn -0.0067 0.9997 -0.0250
vn 0.1419 0.8363 0.5295
vn 0.2319 0.4442 0.8654
vn 0.2588 0.0000 0.9659
vn 0.2319 -0.4442 0.8654
vn 0.1419 -0.8363 0.5295
vn -0.0067 -0.9997 -0.0250
vn -0.1501 -0.8146 -0.5602
vn -0.2338 -0.4290 -0.8725
vn -0.0000 -1.0000 0.0000
vn 0.0000 -1.0000 0.0000
vn -0.0000 -1.0000 -0.0000
vn 0.4886 0.0000 -0.8725
vn 0.4339 0.0000 -0.9010
vn 0.4074 -0.0000 -0.9133
vn 0.3816 -0.0000 -0.9243
vn 0.2923 -0.0000 -0.9563
vn 0.3361 -0.0000 -0.9418
vn 0.4099 -0.0000 -0.9121
vn 0.4795 -0.0000 -0.8776
vn 0.5541 -0.0000 -0.8324
vn 0.6224 -0.0000 -0.7827
vn 0.7199 -0.0000 -0.6941
vn 0.8283 -0.0000 -0.5603
vn 0.9002 -0.0000 -0.4355
vn 0.9407 -0.0000 -0.3392
vn 0.9679 -0.0000 -0.2512
vn 0.9763 -0.0000 -0.2165
vn 0.9846 -0.0000 -0.1749
vn 0.9515 0.0000 0.3075
vn 0.9255 0.0000 0.3787
vn 0.8968 0.0000 0.4425
vn 0.8364 0.0000 0.5481
vn 0.7394 0.0000 0.6733
vn 0.5720 0.0000 0.8202
vn 0.3504 0.0000 0.9366
vn 0.1298 0.0000 0.9915
vn 0.0226 -0.0000 0.9997
vn -0.1809 0.0000 0.9835
vn 0.6422 -0.0000 0.7666
vn -0.6422 -0.0000 0.7666
vn 0.1809 0.0000 0.9835
vn -0.0226 -0.0000 0.9997
vn -0.1298 0.0000 0.9915
vn -0.3504 0.0000 0.9366
vn -0.5720 0.0000 0.8202
vn -0.7394 0.0000 0.6733
vn -0.8364 0.0000 0.5481
vn -0.8968 0.0000 0.4425
vn -0.9255 0.0000 0.3787
vn -0.9515 0.0000 0.3075
vn -0.9846 -0.0000 -0.1749
vn -0.9763 -0.0000 -0.2165
vn -0.9679 -0.0000 -0.2512
vn -0.9407 -0.0000 -0.3392
vn -0.9002 0.0000 -0.4355
vn -0.8283 -0.0000 -0.5603
vn -0.7199 -0.0000 -0.6941
vn -0.6224 -0.0000 -0.7827
vn -0.5541 -0.0000 -0.8324
vn -0.4795 -0.0000 -0.8776
vn -0.4099 -0.0000 -0.9121
vn -0.3361 0.0000 -0.9418
vn -0.2923 0.0000 -0.9563
vn -0.3816 -0.0000 -0.9243
vn -0.4074 -0.0000 -0.9133
vn -0.4339 0.0000 -0.9010
vn -0.4886 0.0000 -0.8725
vn -0.6089 -0.0000 -0.7932
vn 0.6089 -0.0000 -0.7932
vn -1.0000 0.0031 -0.0040
vn -1.0000 0.0031 0.0040
vn 0.9112 0.0000 -0.4119
vn 0.9039 0.0000 -0.4277
vn 0.8946 0.0000 -0.4468
vn 0.9112 0.0000 0.4119
vn -0.0202 0.0000 -0.9998
vn -0.0924 0.0000 -0.9957
vn -0.0918 0.0000 -0.9958
vn -0.1022 0.0000 -0.9948
vn -0.1274 0.0000 -0.9919
vn -0.1641 0.0000 -0.9864
vn -0.2165 0.0000 -0.9763
vn -0.2962 0.0000 -0.9551
vn -0.3677 0.0000 -0.9299
vn -0.4004 0.0000 -0.9163
vn -0.4615 0.0000 -0.8871
vn -0.5146 0.0000 -0.8574
vn -0.5780 0.0000 -0.8160
vn -0.6254 0.0000 -0.7803
vn -0.6341 0.0000 -0.7732
vn -0.6764 0.0000 -0.7365
vn -0.7254 0.0000 -0.6883
vn -0.7261 0.0000 -0.6876
vn -0.7485 0.0000 -0.6631
vn -0.7721 0.0000 -0.6356
vn -0.7052 0.0000 -0.7090
vn -0.6933 0.0000 -0.7206
vn -0.7279 0.0000 -0.6856
vn 0.3396 0.0000 -0.9406
vn 0.3281 0.0000 -0.9447
vn 0.3421 0.0000 -0.9396
vn 0.3674 0.0000 -0.9301
vn 0.4386 0.0000 -0.8987
vn 0.5116 0.0000 -0.8592
vn 0.5795 0.0000 -0.8150
vn 0.6391 0.0000 -0.7692
vn 0.6885 0.0000 -0.7252
vn 0.7270 0.0000 -0.6866
vn 0.7572 0.0000 -0.6532
vn 0.7824 0.0000 -0.6227
vn 0.8058 0.0000 -0.5923
vn 0.8308 0.0000 -0.5566
vn 0.8559 0.0000 -0.5172
vn 0.8730 0.0000 -0.4877
vn 0.8841 0.0000 -0.4673
vn -0.9999 0.0000 0.0163
vn -0.9994 0.0000 0.0360
vn -0.9963 0.0000 0.0861
vn -0.9906 0.0000 0.1368
vn -0.9888 0.0000 0.1494
vn -0.9809 0.0000 0.1946
vn -0.9509 0.0000 0.3093
vn -0.8916 0.0000 0.4528
vn -0.8017 0.0000 0.5977
vn -0.7193 0.0000 0.6947
vn -0.6834 0.0000 0.7301
vn -0.6687 0.0000 0.7436
vn -0.6634 0.0000 0.7482
vn 0.9039 0.0000 0.4277
vn -0.0924 0.0000 0.9957
vn -0.0918 0.0000 0.9958
vn -0.0202 0.0000 0.9998
vn -0.6634 0.0000 -0.7482
vn -0.6687 0.0000 -0.7436
vn -0.6834 0.0000 -0.7301
vn -0.7193 0.0000 -0.6947
vn -0.8017 0.0000 -0.5977
vn -0.8916 0.0000 -0.4528
vn -0.9509 0.0000 -0.3093
vn -0.9809 0.0000 -0.1946
vn -0.9888 0.0000 -0.1494
vn -0.9906 0.0000 -0.1368
vn -0.9963 0.0000 -0.0861
vn -0.9994 0.0000 -0.0360
vn -0.9999 0.0000 -0.0163
vn 0.8946 0.0000 0.4468
vn 0.8841 0.0000 0.4673
vn 0.8730 0.0000 0.4877
vn 0.8559 0.0000 0.5172
vn 0.8308 0.0000 0.5566
vn 0.8058 0.0000 0.5923
vn 0.7824 0.0000 0.6227
vn 0.7572 0.0000 0.6532
vn 0.7270 0.0000 0.6866
vn 0.6885 0.0000 0.7252
vn 0.6391 0.0000 0.7692
vn 0.5795 0.0000 0.8150
vn 0.5116 0.0000 0.8592
vn 0.4386 0.0000 0.8987
vn 0.3674 0.0000 0.9301
vn 0.3421 0.0000 0.9396
vn 0.3396 0.0000 0.9406
vn 0.3281 0.0000 0.9447
vn -0.7279 0.0000 0.6856
vn -0.6933 0.0000 0.7206
vn -0.7052 0.0000 0.7090
vn -0.7721 0.0000 0.6356
vn -0.7485 0.0000 0.6631
vn -0.7261 0.0000 0.6876
vn -0.7254 0.0000 0.6883
vn -0.6764 0.0000 0.7365
vn -0.6341 0.0000 0.7732
vn -0.6254 0.0000 0.7803
vn -0.5780 0.0000 0.8160
vn -0.5146 0.0000 0.8574
vn -0.4615 0.0000 0.8871
vn -0.4004 0.0000 0.9163
vn -0.3677 0.0000 0.9299
vn -0.2962 0.0000 0.9551
vn -0.2165 0.0000 0.9763
vn -0.1641 0.0000 0.9864
vn -0.1274 0.0000 0.9919
vn -0.1022 0.0000 0.9948
vn 0.4364 0.0000 0.8997
vn 0.9840 0.0000 0.1782
vn 0.4412 0.0000 0.8974
vn 0.7230 0.0000 -0.6908
vn 0.4495 0.0000 0.8933
vn 0.0100 0.0000 0.9999
vn -0.9705 0.0000 -0.2410
vn -0.9801 0.0000 -0.1983
vn -0.9391 0.0000 -0.3437
vn -0.8894 0.0000 -0.4571
vn -0.8356 0.0000 -0.5493
vn -0.7887 0.0000 -0.6148
vn -0.7517 0.0000 -0.6595
vn -0.7168 0.0000 -0.6973
vn -0.6681 0.0000 -0.7440
vn -0.6046 0.0000 -0.7965
vn -0.5352 0.0000 -0.8447
vn -0.4666 0.0000 -0.8844
vn -0.4080 0.0000 -0.9130
vn -0.3684 0.0000 -0.9297
vn -0.3544 0.0000 -0.9351
vn 0.4622 0.0000 0.8868
vn 0.4802 0.0000 0.8771
vn 0.5056 0.0000 0.8627
vn 0.5522 0.0000 0.8337
vn 0.6128 0.0000 0.7902
vn 0.6590 0.0000 0.7522
vn 0.6870 0.0000 0.7266
vn 0.7047 0.0000 0.7095
vn 0.7155 0.0000 0.6986
vn 0.7215 0.0000 0.6925
vn 0.7234 0.0000 0.6905
vn -0.7634 0.0000 -0.6460
vn -0.9060 0.0000 0.4232
vn -0.7452 0.0000 -0.6668
vn -0.0043 0.0000 1.0000
vn -0.7179 0.0000 -0.6962
vn 0.4749 0.0000 -0.8800
vn 0.4798 0.0000 -0.8774
vn -0.6850 0.0000 -0.7285
vn -0.6503 0.0000 -0.7597
vn -0.6167 0.0000 -0.7872
vn -0.5851 0.0000 -0.8110
vn -0.5549 0.0000 -0.8319
vn -0.5268 0.0000 -0.8500
vn -0.5028 0.0000 -0.8644
vn -0.4835 0.0000 -0.8753
vn -0.4693 0.0000 -0.8830
vn -0.4607 0.0000 -0.8876
vn -0.4578 0.0000 -0.8891
vn 0.5475 0.0000 -0.8368
vn 0.5527 0.0000 -0.8334
vn 0.5347 0.0000 -0.8450
vn 0.5198 0.0000 -0.8543
vn 0.5065 0.0000 -0.8622
vn 0.4880 0.0000 -0.8728
vn -0.9060 0.0000 -0.4233
vn -0.7634 0.0000 0.6460
vn -0.0043 0.0000 -1.0000
vn -0.7452 0.0000 0.6668
vn -0.7452 -0.0000 0.6668
vn 0.4798 0.0000 0.8774
vn 0.4749 0.0000 0.8800
vn 0.4880 0.0000 0.8728
vn 0.4960 0.0000 0.8683
vn 0.5065 -0.0000 0.8623
vn 0.5065 0.0000 0.8622
vn 0.5198 -0.0000 0.8543
vn 0.5347 0.0000 0.8450
vn 0.5347 -0.0000 0.8450
vn 0.5475 0.0000 0.8368
vn 0.5527 0.0000 0.8334
vn -0.4607 -0.0000 0.8876
vn -0.4578 0.0000 0.8891
vn -0.4607 0.0000 0.8876
vn -0.4693 -0.0000 0.8830
vn -0.4835 0.0000 0.8753
vn -0.4835 -0.0000 0.8753
vn -0.5028 0.0000 0.8644
vn -0.5268 0.0000 0.8500
vn -0.5549 0.0000 0.8319
vn -0.5851 0.0000 0.8110
vn -0.6167 0.0000 0.7872
vn -0.6503 0.0000 0.7596
vn -0.6850 -0.0000 0.7285
vn -0.6850 0.0000 0.7285
vn -0.7179 -0.0000 0.6962
vn 0.9840 0.0000 -0.1782
vn 0.4364 0.0000 -0.8997
vn 0.7230 0.0000 0.6908
vn 0.4412 0.0000 -0.8974
vn -0.3684 0.0000 0.9297
vn -0.3544 0.0000 0.9351
vn 0.7215 0.0000 -0.6925
vn 0.7234 0.0000 -0.6905
vn 0.7155 0.0000 -0.6986
vn 0.7047 0.0000 -0.7095
vn 0.6870 0.0000 -0.7266
vn 0.6590 0.0000 -0.7522
vn 0.6128 0.0000 -0.7902
vn 0.5522 0.0000 -0.8337
vn 0.5056 0.0000 -0.8627
vn 0.4803 0.0000 -0.8771
vn 0.4622 0.0000 -0.8868
vn 0.4495 0.0000 -0.8933
vn -0.4080 0.0000 0.9130
vn -0.4666 0.0000 0.8844
vn -0.5352 0.0000 0.8447
vn -0.6046 0.0000 0.7965
vn -0.6681 0.0000 0.7440
vn -0.7168 0.0000 0.6973
vn -0.7517 0.0000 0.6595
vn -0.7887 0.0000 0.6148
vn -0.8356 0.0000 0.5493
vn -0.8894 0.0000 0.4571
vn -0.9391 0.0000 0.3437
vn -0.9705 0.0000 0.2410
vn -0.9801 0.0000 0.1983
vn 0.0100 0.0000 -0.9999
# 1422 vertex normals

vt 13.2571 0.0000 1.0000
vt 13.7481 0.0000 1.0000
vt 13.7481 1.8062 1.0000
vt 13.2571 1.8062 1.0000
vt 14.2391 0.0000 1.0000
vt 14.2391 1.8062 1.0000
vt 14.7301 0.0000 1.0000
vt 14.7301 1.8062 1.0000
vt 15.2211 0.0000 1.0000
vt 15.2211 1.8062 1.0000
vt 15.7121 0.0000 1.0000
vt 15.7121 1.8062 1.0000
vt 16.2031 0.0000 1.0000
vt 16.2031 1.8062 1.0000
vt 16.6941 0.0000 1.0000
vt 16.6941 1.8062 1.0000
vt 17.1851 0.0000 1.0000
vt 17.1851 1.8062 1.0000
vt 17.6761 0.0000 1.0000
vt 17.6761 1.8062 1.0000
vt 18.1671 0.0000 1.0000
vt 18.1671 1.8062 1.0000
vt 0.4910 0.0000 1.0000
vt 0.9820 0.0000 1.0000
vt 0.9820 1.8062 1.0000
vt 0.4910 1.8062 1.0000
vt 1.4730 0.0000 1.0000
vt 1.4730 1.8062 1.0000
vt 1.9640 0.0000 1.0000
vt 1.9640 1.8062 1.0000
vt 2.4550 0.0000 1.0000
vt 2.4550 1.8062 1.0000
vt 2.9460 0.0000 1.0000
vt 2.9460 1.8062 1.0000
vt 3.4370 0.0000 1.0000
vt 3.4370 1.8062 1.0000
vt 3.9280 0.0000 1.0000
vt 3.9280 1.8062 1.0000
vt 4.4190 0.0000 1.0000
vt 4.4190 1.8062 1.0000
vt 4.9100 0.0000 1.0000
vt 4.9100 1.8062 1.0000
vt 5.4010 0.0000 1.0000
vt 5.4010 1.8062 1.0000
vt 5.8920 0.0000 1.0000
vt 5.8920 1.8062 1.0000
vt 6.3830 0.0000 1.0000
vt 6.3830 1.8062 1.0000
vt 6.8740 0.0000 1.0000
vt 6.8740 1.8062 1.0000
vt 7.3650 0.0000 1.0000
vt 7.3650 1.8062 1.0000
vt 7.8560 0.0000 1.0000
vt 7.8560 1.8062 1.0000
vt 8.3470 0.0000 1.0000
vt 8.3470 1.8062 1.0000
vt 8.8380 0.0000 1.0000
vt 8.8380 1.8062 1.0000
vt 9.3290 0.0000 1.0000
vt 9.3290 1.8062 1.0000
vt 9.8200 0.0000 1.0000
vt 9.8200 1.8062 1.0000
vt 10.3110 0.0000 1.0000
vt 10.3110 1.8062 1.0000
vt 10.8020 0.0000 1.0000
vt 10.8020 1.8062 1.0000
vt 11.2930 0.0000 1.0000
vt 11.2930 1.8062 1.0000
vt 11.7840 0.0000 1.0000
vt 11.7840 1.8062 1.0000
vt 12.2750 0.0000 1.0000
vt 12.2751 1.8062 1.0000
vt 12.7661 0.0000 1.0000
vt 12.7661 1.8062 1.0000
vt 13.7481 3.6125 1.0000
vt 13.2571 3.6125 1.0000
vt 14.2391 3.6125 1.0000
vt 14.7301 3.6125 1.0000
vt 15.2211 3.6125 1.0000
vt 15.7121 3.6125 1.0000
vt 16.2031 3.6125 1.0000
vt 16.6941 3.6125 1.0000
vt 17.1851 3.6125 1.0000
vt 17.6761 3.6125 1.0000
vt 18.1671 3.6125 1.0000
vt 0.9820 3.6125 1.0000
vt 0.4910 3.6125 1.0000
vt 1.4730 3.6125 1.0000
vt 1.9640 3.6125 1.0000
vt 2.4550 3.6125 1.0000
vt 2.9460 3.6125 1.0000
vt 3.4370 3.6125 1.0000
vt 3.9280 3.6125 1.0000
vt 4.4190 3.6125 1.0000
vt 4.9100 3.6125 1.0000
vt 5.4010 3.6125 1.0000
vt 5.8920 3.6125 1.0000
vt 6.3830 3.6125 1.0000
vt 6.8740 3.6125 1.0000
vt 7.3650 3.6125 1.0000
vt 7.8560 3.6125 1.0000
vt 8.3470 3.6125 1.0000
vt 8.8380 3.6125 1.0000
vt 9.3290 3.6125 1.0000
vt 9.8200 3.6125 1.0000
vt 10.3110 3.6125 1.0000
vt 10.8020 3.6125 1.0000
vt 11.2930 3.6125 1.0000
vt 11.7840 3.6125 1.0000
vt 12.2750 3.6125 1.0000
vt 12.7661 3.6125 1.0000
vt 13.7481 5.4187 1.0000
vt 13.2571 5.4187 1.0000
vt 14.2391 5.4187 1.0000
vt 14.7301 5.4187 1.0000
vt 15.2211 5.4187 1.0000
vt 15.7121 5.4187 1.0000
vt 16.2031 5.4187 1.0000
vt 16.6941 5.4187 1.0000
vt 17.1851 5.4187 1.0000
vt 17.6761 5.4187 1.0000
vt 18.1671 5.4187 1.0000
vt 0.9820 5.4187 1.0000
vt 0.4910 5.4187 1.0000
vt 1.4730 5.4187 1.0000
vt 1.9640 5.4187 1.0000
vt 2.4550 5.4187 1.0000
vt 2.9460 5.4187 1.0000
vt 3.4370 5.4187 1.0000
vt 3.9280 5.4187 1.0000
vt 4.4190 5.4187 1.0000
vt 4.9100 5.4187 1.0000
vt 5.4010 5.4187 1.0000
vt 5.8920 5.4187 1.0000
vt 6.3830 5.4187 1.0000
vt 6.8740 5.4187 1.0000
vt 7.3650 5.4187 1.0000
vt 7.8560 5.4187 1.0000
vt 8.3470 5.4187 1.0000
vt 8.8380 5.4187 1.0000
vt 9.3290 5.4187 1.0000
vt 9.8200 5.4187 1.0000
vt 10.3110 5.4187 1.0000
vt 10.8020 5.4187 1.0000
vt 11.2930 5.4187 1.0000
vt 11.7840 5.4187 1.0000
vt 12.2750 5.4187 1.0000
vt 12.7661 5.4187 1.0000
vt -4.9100 0.0000 1.0000
vt 0.0000 0.0000 1.0000
vt -0.4910 0.0000 1.0000
vt -0.9820 0.0000 1.0000
vt -1.4730 0.0000 1.0000
vt -1.9640 0.0000 1.0000
vt -2.4550 0.0000 1.0000
vt -2.9460 0.0000 1.0000
vt -3.4370 0.0000 1.0000
vt -3.9280 0.0000 1.0000
vt -4.4190 0.0000 1.0000
vt 30.9331 5.4187 1.0000
vt 18.6581 5.4187 1.0000
vt 19.1491 5.4187 1.0000
vt 19.6401 5.4187 1.0000
vt 20.1311 5.4187 1.0000
vt 20.6221 5.4187 1.0000
vt 21.1131 5.4187 1.0000
vt 21.6041 5.4187 1.0000
vt 22.0951 5.4187 1.0000
vt 22.5861 5.4187 1.0000
vt 23.0771 5.4187 1.0000
vt 23.5681 5.4187 1.0000
vt 24.0591 5.4187 1.0000
vt 24.5501 5.4187 1.0000
vt 25.0411 5.4187 1.0000
vt 25.5321 5.4187 1.0000
vt 26.0231 5.4187 1.0000
vt 26.5141 5.4187 1.0000
vt 27.0051 5.4187 1.0000
vt 27.4961 5.4187 1.0000
vt 27.9871 5.4187 1.0000
vt 28.4781 5.4187 1.0000
vt 28.9691 5.4187 1.0000
vt 29.4601 5.4187 1.0000
vt 29.9511 5.4187 1.0000
vt 30.4421 5.4187 1.0000
vt 9.8242 22.4918 0.0000
vt 9.3242 22.1519 0.0000
vt 9.3242 22.1519 4.5680
vt 9.7891 22.4918 4.5680
vt 8.7472 21.8223 0.0000
vt 8.7472 21.8223 4.5680
vt 8.0861 21.5004 0.0000
vt 8.0861 21.5004 4.5680
vt 7.3688 21.1836 0.0000
vt 7.3688 21.1836 4.5680
vt 6.6235 20.8693 0.0000
vt 6.6235 20.8693 4.5680
vt 5.0231 20.4174 0.0000
vt 5.0231 20.4174 4.5680
vt 3.4112 19.9170 0.0000
vt 3.4112 19.9170 4.5680
vt 1.7760 19.3197 0.0000
vt 1.7760 19.3197 4.5680
vt 0.1060 18.5768 0.0000
vt 0.1060 18.5768 4.5680
vt -1.6105 17.6400 0.0000
vt -1.6105 17.6400 4.5680
vt -3.3851 16.4607 0.0000
vt -3.3851 16.4607 4.5680
vt -5.2293 14.9905 0.0000
vt -5.2293 14.9905 4.5680
vt -6.9251 13.2226 0.0000
vt -6.9251 13.2226 4.5680
vt -8.2840 11.2098 0.0000
vt -8.2840 11.2098 4.5680
vt -9.3622 8.9930 0.0000
vt -9.3622 8.9930 4.5680
vt -10.2159 6.6130 0.0000
vt -10.2159 6.6130 4.5680
vt -10.9011 4.1105 0.0000
vt -10.9011 4.1105 4.5680
vt -11.4740 1.5265 0.0000
vt -11.4740 1.5265 4.5680
vt -11.9907 -1.0984 0.0000
vt -11.9907 -1.0984 4.5680
vt -11.3345 -3.1896 0.0000
vt -11.3345 -3.1896 4.5680
vt -10.6949 -5.2181 0.0000
vt -10.6949 -5.2181 4.5680
vt -10.0886 -7.1211 0.0000
vt -10.0886 -7.1211 4.5680
vt -9.5322 -8.8360 0.0000
vt -9.5322 -8.8360 4.5680
vt -9.0425 -10.2999 0.0000
vt -9.0425 -10.2999 4.5680
vt -8.6360 -11.4502 0.0000
vt -8.6360 -11.4502 4.5680
vt -8.3294 -12.2242 0.0000
vt -8.3294 -12.2242 4.5680
vt -8.0869 -12.7124 0.0000
vt -8.0869 -12.7124 4.5680
vt -7.8597 -13.0624 0.0000
vt -7.8597 -13.0624 4.5680
vt -7.6454 -13.2974 0.0000
vt -7.6454 -13.2974 4.5680
vt -7.4413 -13.4403 0.0000
vt -7.4413 -13.4403 4.5680
vt -7.2449 -13.5141 0.0000
vt -7.2449 -13.5141 4.5680
vt -7.0536 -13.5420 0.0000
vt -7.0536 -13.5420 4.5680
vt -6.8649 -13.5467 0.0000
vt -6.8649 -13.5467 4.5680
vt 2.5080 -11.7893 0.0000
vt 2.5080 -11.7893 4.5680
vt 9.8242 -17.8633 0.0000
vt 9.8242 -17.8633 4.5680
vt 9.8242 19.9323 4.4285
vt 9.8242 22.2684 4.5531
vt 9.4656 19.4588 4.4160
vt 9.8242 19.7021 4.4160
vt 9.1146 19.2842 4.4160
vt 8.3369 18.9406 4.4160
vt 7.4330 18.5595 4.4160
vt 5.7173 18.0751 4.4160
vt 4.1929 17.6019 4.4160
vt 2.6926 17.0538 4.4160
vt 1.1893 16.3851 4.4160
vt -0.3469 15.5466 4.4160
vt -1.9449 14.4847 4.4160
vt -3.5791 13.1819 4.4160
vt -5.0175 11.6824 4.4160
vt -6.1628 9.9860 4.4160
vt -7.1075 8.0436 4.4160
vt -7.8846 5.8770 4.4160
vt -8.5291 3.5233 4.4160
vt -9.0827 1.0261 4.4160
vt -9.4738 -0.9602 4.4160
vt -9.0042 -2.4566 4.4160
vt -8.3662 -4.4800 4.4160
vt -7.7629 -6.3734 4.4160
vt -7.2120 -8.0715 4.4160
vt -6.7323 -9.5054 4.4160
vt -6.3753 -10.5932 4.4160
vt -6.2467 -10.9457 4.4160
vt -6.1773 -11.1417 4.4160
vt -6.1453 -11.2102 4.4160
vt -5.6581 -11.0981 4.4160
vt 3.1855 -9.1769 4.4160
vt 9.8242 -14.2669 4.4160
vt 9.1146 19.2842 -0.0103
vt 9.4656 19.4588 -0.0103
vt 8.3369 18.9406 -0.0103
vt 7.4330 18.5595 -0.0103
vt 5.7173 18.0751 -0.0103
vt 4.1929 17.6019 -0.0103
vt 2.6926 17.0538 -0.0103
vt 1.1893 16.3851 -0.0103
vt -0.3469 15.5466 -0.0103
vt -1.9449 14.4847 -0.0103
vt -3.5791 13.1819 -0.0103
vt -5.0175 11.6824 -0.0103
vt -6.1628 9.9860 -0.0103
vt -7.1075 8.0436 -0.0103
vt -7.8846 5.8770 -0.0103
vt -8.5291 3.5233 -0.0103
vt -9.0827 1.0261 -0.0103
vt -9.4738 -0.9602 -0.0103
vt -9.0042 -2.4566 -0.0103
vt -8.3662 -4.4800 -0.0103
vt -7.7629 -6.3734 -0.0103
vt -7.2120 -8.0715 -0.0103
vt -6.7323 -9.5054 -0.0103
vt -6.3753 -10.5932 -0.0103
vt -6.2467 -10.9457 -0.0103
vt -6.1773 -11.1417 -0.0103
vt -6.1453 -11.2102 -0.0103
vt -5.6581 -11.0981 -0.0103
vt 3.1855 -9.1769 -0.0103
vt 9.8242 -14.2669 -0.0103
vt 9.8242 19.7021 -0.0103
vt 9.8242 22.5300 0.0000
vt 9.8242 22.5300 4.5680
vt 9.8594 22.4918 4.5680
vt 10.3242 22.1519 4.5680
vt 10.3242 22.1519 0.0000
vt 10.9012 21.8223 4.5680
vt 10.9012 21.8223 0.0000
vt 11.5624 21.5004 4.5680
vt 11.5624 21.5004 0.0000
vt 12.2797 21.1836 4.5680
vt 12.2797 21.1836 0.0000
vt 13.0250 20.8693 4.5680
vt 13.0250 20.8693 0.0000
vt 14.6253 20.4174 4.5680
vt 14.6253 20.4174 0.0000
vt 16.2373 19.9170 4.5680
vt 16.2373 19.9170 0.0000
vt 17.8725 19.3197 4.5680
vt 17.8725 19.3197 0.0000
vt 19.5425 18.5768 4.5680
vt 19.5425 18.5768 0.0000
vt 21.2590 17.6400 4.5680
vt 21.2590 17.6400 0.0000
vt 23.0335 16.4607 4.5680
vt 23.0335 16.4607 0.0000
vt 24.8778 14.9905 4.5680
vt 24.8778 14.9905 0.0000
vt 26.5736 13.2226 4.5680
vt 26.5736 13.2226 0.0000
vt 27.9325 11.2098 4.5680
vt 27.9325 11.2098 0.0000
vt 29.0107 8.9930 4.5680
vt 29.0107 8.9930 0.0000
vt 29.8643 6.6130 4.5680
vt 29.8643 6.6130 0.0000
vt 30.5495 4.1105 4.5680
vt 30.5495 4.1105 0.0000
vt 31.1224 1.5265 4.5680
vt 31.1224 1.5265 0.0000
vt 31.6392 -1.0984 4.5680
vt 31.6392 -1.0984 0.0000
vt 30.9829 -3.1896 4.5680
vt 30.9829 -3.1896 0.0000
vt 30.3433 -5.2181 4.5680
vt 30.3433 -5.2181 0.0000
vt 29.7370 -7.1211 4.5680
vt 29.7370 -7.1211 0.0000
vt 29.1807 -8.8360 4.5680
vt 29.1807 -8.8360 0.0000
vt 28.6909 -10.2999 4.5680
vt 28.6909 -10.2999 0.0000
vt 28.2845 -11.4502 4.5680
vt 28.2845 -11.4502 0.0000
vt 27.9779 -12.2242 4.5680
vt 27.9779 -12.2242 0.0000
vt 27.7354 -12.7124 4.5680
vt 27.7354 -12.7124 0.0000
vt 27.5082 -13.0624 4.5680
vt 27.5082 -13.0624 0.0000
vt 27.2939 -13.2974 4.5680
vt 27.2939 -13.2974 0.0000
vt 27.0898 -13.4403 4.5680
vt 27.0898 -13.4403 0.0000
vt 26.8934 -13.5141 4.5680
vt 26.8934 -13.5141 0.0000
vt 26.7021 -13.5420 4.5680
vt 26.7021 -13.5420 0.0000
vt 26.5134 -13.5467 4.5680
vt 26.5134 -13.5467 0.0000
vt 17.1405 -11.7893 4.5680
vt 17.1405 -11.7893 0.0000
vt 10.1829 19.4588 4.4160
vt 10.5338 19.2842 4.4160
vt 11.3116 18.9406 4.4160
vt 12.2155 18.5595 4.4160
vt 13.9312 18.0751 4.4160
vt 15.4556 17.6019 4.4160
vt 16.9559 17.0538 4.4160
vt 18.4592 16.3851 4.4160
vt 19.9954 15.5466 4.4160
vt 21.5934 14.4847 4.4160
vt 23.2276 13.1819 4.4160
vt 24.6659 11.6824 4.4160
vt 25.8113 9.9860 4.4160
vt 26.7560 8.0436 4.4160
vt 27.5331 5.8770 4.4160
vt 28.1776 3.5233 4.4160
vt 28.7312 1.0261 4.4160
vt 29.1222 -0.9602 4.4160
vt 28.6527 -2.4566 4.4160
vt 28.0147 -4.4800 4.4160
vt 27.4114 -6.3734 4.4160
vt 26.8605 -8.0715 4.4160
vt 26.3808 -9.5054 4.4160
vt 26.0238 -10.5932 4.4160
vt 25.8952 -10.9457 4.4160
vt 25.8258 -11.1417 4.4160
vt 25.7938 -11.2102 4.4160
vt 25.3066 -11.0981 4.4160
vt 16.4629 -9.1769 4.4160
vt 10.1829 19.4588 -0.0103
vt 10.5338 19.2842 -0.0103
vt 11.3116 18.9406 -0.0103
vt 12.2155 18.5595 -0.0103
vt 13.9312 18.0751 -0.0103
vt 15.4556 17.6019 -0.0103
vt 16.9559 17.0538 -0.0103
vt 18.4592 16.3851 -0.0103
vt 19.9954 15.5466 -0.0103
vt 21.5934 14.4847 -0.0103
vt 23.2276 13.1819 -0.0103
vt 24.6659 11.6824 -0.0103
vt 25.8113 9.9860 -0.0103
vt 26.7560 8.0436 -0.0103
vt 27.5331 5.8770 -0.0103
vt 28.1776 3.5233 -0.0103
vt 28.7312 1.0261 -0.0103
vt 29.1222 -0.9602 -0.0103
vt 28.6527 -2.4566 -0.0103
vt 28.0147 -4.4800 -0.0103
vt 27.4114 -6.3734 -0.0103
vt 26.8605 -8.0715 -0.0103
vt 26.3808 -9.5054 -0.0103
vt 26.0238 -10.5932 -0.0103
vt 25.8952 -10.9457 -0.0103
vt 25.8258 -11.1417 -0.0103
vt 25.7938 -11.2102 -0.0103
vt 25.3066 -11.0981 -0.0103
vt 16.4629 -9.1769 -0.0103
vt -39.4706 5.7279 4.3285
vt -38.6476 2.3327 4.3285
vt -33.9149 3.7731 4.3285
vt -32.9518 4.0307 4.3285
vt -32.0804 4.1966 4.3285
vt -31.2855 4.2860 4.3285
vt -30.5518 4.3142 4.3285
vt -29.8641 4.2965 4.3285
vt -29.2069 4.2482 4.3285
vt -28.5650 4.1846 4.3285
vt 13.3854 -8.3171 4.3285
vt 18.0748 -9.1006 4.3285
vt 19.0592 -9.1587 4.3285
vt 20.0104 -9.0472 4.3285
vt 20.9349 -8.8027 4.3285
vt 21.8533 -8.4515 4.3285
vt 22.7593 -8.0191 4.3285
vt 23.6564 -7.5331 4.3285
vt 24.5483 -7.0204 4.3285
vt 29.7460 1.8299 4.3285
vt 26.7623 3.5789 4.3285
vt 25.6798 1.5636 4.3285
vt 25.0320 0.2717 4.3285
vt 24.3838 -0.9595 4.3285
vt 23.7267 -2.1008 4.3285
vt 23.0635 -3.1230 4.3285
vt 22.4123 -3.9956 4.3285
vt 21.8291 -4.6861 4.3285
vt 21.3580 -5.1601 4.3285
vt 20.8328 -5.4381 4.3285
vt 20.1092 -5.5826 4.3285
vt 19.2397 -5.6209 4.3285
vt 18.2777 -5.5810 4.3285
vt 17.2779 -5.4918 4.3285
vt 16.2967 -5.3834 4.3285
vt 15.3914 -5.2865 4.3285
vt 14.2261 -5.0720 4.3285
vt 12.4914 -4.6191 4.3285
vt 10.2955 -3.9778 4.3285
vt 7.7680 -3.2126 4.3285
vt 5.0304 -2.3695 4.3285
vt 2.1160 -1.4520 4.3285
vt -0.8892 -0.4970 4.3285
vt -5.7212 1.1133 4.3285
vt -10.4433 2.6710 4.3285
vt -14.9459 4.1399 4.3285
vt -19.1191 5.4518 4.3285
vt -22.8533 6.5384 4.3285
vt -26.0385 7.3374 4.3285
vt -28.5650 7.7914 4.3285
vt -30.6026 7.9418 4.3285
vt -32.4188 7.8868 4.3285
vt -34.0505 7.6605 4.3285
vt -35.5347 7.2972 4.3285
vt -36.9082 6.8312 4.3285
vt -38.2078 6.2966 4.3285
vt -39.4706 5.7279 0.0000
vt -38.6476 2.3327 0.0000
vt -33.9149 3.7731 0.0000
vt -32.9518 4.0307 0.0000
vt -32.0804 4.1966 0.0000
vt -31.2855 4.2860 0.0000
vt -30.5518 4.3142 0.0000
vt -29.8641 4.2965 0.0000
vt -29.2069 4.2482 0.0000
vt -28.5650 4.1846 0.0000
vt 13.3854 -8.3171 0.0000
vt 18.0748 -9.1006 0.0000
vt 19.0592 -9.1587 0.0000
vt 20.0104 -9.0472 0.0000
vt 20.9349 -8.8027 0.0000
vt 21.8533 -8.4515 0.0000
vt 22.7593 -8.0191 0.0000
vt 23.6564 -7.5331 0.0000
vt 24.5483 -7.0204 0.0000
vt 29.7460 1.8299 0.0000
vt 26.7623 3.5789 0.0000
vt 25.6798 1.5636 0.0000
vt 25.0320 0.2717 0.0000
vt 24.3838 -0.9595 0.0000
vt 23.7267 -2.1008 0.0000
vt 23.0635 -3.1230 0.0000
vt 22.4123 -3.9956 0.0000
vt 21.8291 -4.6861 0.0000
vt 21.3580 -5.1601 0.0000
vt 20.8328 -5.4381 0.0000
vt 20.1092 -5.5826 0.0000
vt 19.2397 -5.6209 0.0000
vt 18.2777 -5.5810 0.0000
vt 17.2779 -5.4918 0.0000
vt 16.2967 -5.3834 0.0000
vt 15.3914 -5.2865 0.0000
vt 14.2261 -5.0720 0.0000
vt 12.4914 -4.6191 0.0000
vt 10.2955 -3.9778 0.0000
vt 7.7680 -3.2126 0.0000
vt 5.0304 -2.3695 0.0000
vt 2.1160 -1.4520 0.0000
vt -0.8892 -0.4970 0.0000
vt -5.7212 1.1133 0.0000
vt -10.4433 2.6710 0.0000
vt -14.9459 4.1399 0.0000
vt -19.1191 5.4518 0.0000
vt -22.8533 6.5384 0.0000
vt -26.0385 7.3374 0.0000
vt -28.5650 7.7914 0.0000
vt -30.6026 7.9418 0.0000
vt -32.4188 7.8868 0.0000
vt -34.0505 7.6605 0.0000
vt -35.5347 7.2972 0.0000
vt -36.9082 6.8312 0.0000
vt -38.2078 6.2966 0.0000
vt 27.7707 24.0328 3.1261
vt 28.1302 24.7617 3.1261
vt 27.7497 25.6224 3.1261
vt 26.8411 27.2200 3.1261
vt 25.4730 29.2934 3.1261
vt 23.7143 31.5820 3.1261
vt 21.6336 33.8247 3.1261
vt 19.2997 35.7607 3.1261
vt 16.7813 37.1292 3.1261
vt 14.0906 38.0866 3.1261
vt 11.2281 38.9448 3.1261
vt 8.2447 39.6757 3.1261
vt 5.1913 40.2513 3.1261
vt 2.1188 40.6437 3.1261
vt -0.9218 40.8248 3.1261
vt -3.8797 40.7667 3.1261
vt -7.1766 40.2979 3.1261
vt -11.0397 39.3507 3.1261
vt -15.1269 38.0522 3.1261
vt -19.0957 36.5298 3.1261
vt -22.6038 34.9106 3.1261
vt -25.3089 33.3220 3.1261
vt -26.8687 31.8912 3.1261
vt -31.1609 25.2710 3.1261
vt -31.5295 23.6191 3.1261
vt -31.8651 21.9711 3.1261
vt -32.1345 20.3308 3.1261
vt -32.3046 18.7018 3.1261
vt -32.3423 17.0882 3.1261
vt -32.2147 15.4936 3.1261
vt -31.8885 13.9220 3.1261
vt -31.2738 12.0110 3.1261
vt -30.3384 9.4662 3.1261
vt -29.1358 6.3933 3.1261
vt -27.7195 2.8979 3.1261
vt -26.1427 -0.9143 3.1261
vt -24.4591 -4.9378 3.1261
vt -22.7220 -9.0670 3.1261
vt -32.4579 -29.0015 3.1261
vt -30.6746 -28.5697 3.1261
vt -28.8544 -28.1659 3.1261
vt -26.9603 -27.8180 3.1261
vt -24.9556 -27.5542 3.1261
vt -22.8032 -27.4023 3.1261
vt -20.4663 -27.3904 3.1261
vt -17.9080 -27.5465 3.1261
vt -14.1326 -28.3279 3.1261
vt -8.6749 -29.9492 3.1261
vt -2.2932 -32.0744 3.1261
vt 4.2538 -34.3676 3.1261
vt 10.2079 -36.4928 3.1261
vt 14.8104 -38.1141 3.1261
vt 17.3030 -38.8955 3.1261
vt 18.6228 -39.1418 3.1261
vt 20.1297 -39.3667 3.1261
vt 21.6988 -39.5471 3.1261
vt 23.2056 -39.6601 3.1261
vt 24.5253 -39.6829 3.1261
vt 25.5333 -39.5925 3.1261
vt 26.1048 -39.3660 3.1261
vt 26.5206 -38.8530 3.1261
vt 27.1234 -37.9606 3.1261
vt 27.8822 -36.7519 3.1261
vt 28.7657 -35.2903 3.1261
vt 29.7428 -33.6389 3.1261
vt 30.7823 -31.8611 3.1261
vt 31.8529 -30.0200 3.1261
vt 31.0214 -29.1637 3.1261
vt 30.1912 -28.3337 3.1261
vt 29.3638 -27.5564 3.1261
vt 28.5404 -26.8582 3.1261
vt 27.7225 -26.2654 3.1261
vt 26.9114 -25.8043 3.1261
vt 26.1086 -25.5014 3.1261
vt 25.2759 -25.3092 3.1261
vt 24.3812 -25.1583 3.1261
vt 23.4349 -25.0418 3.1261
vt 22.4473 -24.9528 3.1261
vt 21.4287 -24.8844 3.1261
vt 20.3895 -24.8298 3.1261
vt 19.3400 -24.7820 3.1261
vt 21.2315 -9.5410 3.1261
vt 20.3846 -8.5044 3.1261
vt 19.5071 -7.4919 3.1261
vt 18.5686 -6.5275 3.1261
vt 17.5384 -5.6351 3.1261
vt 16.3861 -4.8387 3.1261
vt 15.0810 -4.1625 3.1261
vt 13.5927 -3.6303 3.1261
vt 11.8870 -3.1678 3.1261
vt 9.9866 -2.7138 3.1261
vt 7.9462 -2.3121 3.1261
vt 5.8206 -2.0064 3.1261
vt 3.6644 -1.8408 3.1261
vt 1.5324 -1.8589 3.1261
vt -0.5207 -2.1046 3.1261
vt -2.3689 -2.4353 3.1261
vt -3.9397 -2.6807 3.1261
vt -5.2586 -2.8427 3.1261
vt -6.3509 -2.9236 3.1261
vt -7.2421 -2.9253 3.1261
vt -7.9577 -2.8500 3.1261
vt -8.5232 -2.6997 3.1261
vt -9.1143 -2.4386 3.1261
vt -9.8426 -2.0428 3.1261
vt -10.6371 -1.5323 3.1261
vt -11.4271 -0.9273 3.1261
vt -12.1415 -0.2476 3.1261
vt -12.7094 0.4867 3.1261
vt -13.0600 1.2556 3.1261
vt -13.2503 2.0877 3.1261
vt -13.3861 2.9936 3.1261
vt -13.4696 3.9259 3.1261
vt -13.5030 4.8374 3.1261
vt -13.4886 5.6806 3.1261
vt -13.4284 6.4083 3.1261
vt -13.3247 6.9732 3.1261
vt -13.1791 7.4315 3.1261
vt -12.9961 7.8729 3.1261
vt -12.7817 8.3002 3.1261
vt -12.5423 8.7163 3.1261
vt -12.2842 9.1238 3.1261
vt -12.0136 9.5258 3.1261
vt -11.7367 9.9250 3.1261
vt -11.2364 10.2649 3.1261
vt -10.7271 10.5922 3.1261
vt -10.2000 10.8941 3.1261
vt -9.6462 11.1579 3.1261
vt -9.0568 11.3709 3.1261
vt -8.4229 11.5205 3.1261
vt -7.7354 11.5940 3.1261
vt -7.0260 11.6269 3.1261
vt -6.3267 11.6521 3.1261
vt -5.6300 11.6532 3.1261
vt -4.9281 11.6135 3.1261
vt -4.2136 11.5166 3.1261
vt -3.4786 11.3459 3.1261
vt -2.7157 11.0848 3.1261
vt -1.8843 10.8324 3.1261
vt -0.9594 10.6869 3.1261
vt 0.0434 10.6305 3.1261
vt 1.1085 10.6453 3.1261
vt 2.2204 10.7136 3.1261
vt 3.3634 10.8175 3.1261
vt 4.5220 10.9393 3.1261
vt 6.6138 11.0867 3.1261
vt 8.6747 11.2767 3.1261
vt 10.6739 11.5520 3.1261
vt 12.5805 11.9552 3.1261
vt 14.3636 12.5289 3.1261
vt 15.9924 13.3158 3.1261
vt 17.4360 14.3585 3.1261
vt 19.0248 15.7556 3.1261
vt 20.9623 17.4645 3.1261
vt 23.0271 19.3159 3.1261
vt 24.9977 21.1406 3.1261
vt 26.6527 22.7693 3.1261
vt -22.7220 -9.0670 0.0000
vt -32.4579 -29.0015 0.0000
vt -30.6746 -28.5697 0.0000
vt -28.8544 -28.1659 0.0000
vt -26.9603 -27.8180 0.0000
vt -24.9556 -27.5542 0.0000
vt -22.8032 -27.4023 0.0000
vt -20.4663 -27.3904 0.0000
vt -17.9080 -27.5465 0.0000
vt -14.1326 -28.3279 0.0000
vt -8.6749 -29.9492 0.0000
vt -2.2932 -32.0744 0.0000
vt 4.2538 -34.3676 0.0000
vt 10.2079 -36.4928 0.0000
vt 14.8104 -38.1141 0.0000
vt 17.3030 -38.8955 0.0000
vt 18.6228 -39.1418 0.0000
vt 20.1297 -39.3667 0.0000
vt 21.6988 -39.5471 0.0000
vt 23.2056 -39.6601 0.0000
vt 24.5253 -39.6829 0.0000
vt 25.5333 -39.5925 0.0000
vt 26.1048 -39.3660 0.0000
vt 26.5206 -38.8530 0.0000
vt 27.1234 -37.9606 0.0000
vt 27.8822 -36.7519 0.0000
vt 28.7657 -35.2903 0.0000
vt 29.7428 -33.6389 0.0000
vt 30.7823 -31.8611 0.0000
vt 31.8529 -30.0200 0.0000
vt 31.0214 -29.1637 0.0000
vt 30.1912 -28.3337 0.0000
vt 29.3638 -27.5564 0.0000
vt 28.5404 -26.8582 0.0000
vt 27.7225 -26.2654 0.0000
vt 26.9114 -25.8043 0.0000
vt 26.1086 -25.5014 0.0000
vt 25.2759 -25.3092 0.0000
vt 24.3812 -25.1583 0.0000
vt 23.4349 -25.0418 0.0000
vt 22.4473 -24.9528 0.0000
vt 21.4287 -24.8844 0.0000
vt 20.3895 -24.8298 0.0000
vt 19.3400 -24.7820 0.0000
vt 21.2315 -9.5410 0.0000
vt 20.3846 -8.5044 0.0000
vt 19.5071 -7.4919 0.0000
vt 18.5686 -6.5275 0.0000
vt 17.5384 -5.6351 0.0000
vt 16.3861 -4.8387 0.0000
vt 15.0810 -4.1625 0.0000
vt 13.5927 -3.6303 0.0000
vt 11.8870 -3.1678 0.0000
vt 9.9866 -2.7138 0.0000
vt 7.9462 -2.3121 0.0000
vt 5.8206 -2.0064 0.0000
vt 3.6644 -1.8408 0.0000
vt 1.5324 -1.8589 0.0000
vt -0.5207 -2.1046 0.0000
vt -2.3689 -2.4353 0.0000
vt -3.9397 -2.6807 0.0000
vt -5.2586 -2.8427 0.0000
vt -6.3509 -2.9236 0.0000
vt -7.2421 -2.9253 0.0000
vt -7.9577 -2.8500 0.0000
vt -8.5232 -2.6997 0.0000
vt -9.1143 -2.4386 0.0000
vt -9.8426 -2.0428 0.0000
vt -10.6371 -1.5323 0.0000
vt -11.4271 -0.9273 0.0000
vt -12.1415 -0.2476 0.0000
vt -12.7094 0.4867 0.0000
vt -13.0600 1.2556 0.0000
vt -13.2503 2.0877 0.0000
vt -13.3861 2.9936 0.0000
vt -13.4696 3.9259 0.0000
vt -13.5030 4.8374 0.0000
vt -13.4886 5.6806 0.0000
vt -13.4284 6.4083 0.0000
vt -13.3247 6.9732 0.0000
vt -13.1791 7.4315 0.0000
vt -12.9961 7.8729 0.0000
vt -12.7817 8.3002 0.0000
vt -12.5423 8.7163 0.0000
vt -12.2842 9.1238 0.0000
vt -12.0136 9.5258 0.0000
vt -11.7367 9.9250 0.0000
vt -11.2364 10.2649 0.0000
vt -10.7271 10.5922 0.0000
vt -10.2000 10.8941 0.0000
vt -9.6462 11.1579 0.0000
vt -9.0568 11.3709 0.0000
vt -8.4229 11.5205 0.0000
vt -7.7354 11.5940 0.0000
vt -7.0260 11.6269 0.0000
vt -6.3267 11.6521 0.0000
vt -5.6300 11.6532 0.0000
vt -4.9281 11.6135 0.0000
vt -4.2136 11.5166 0.0000
vt -3.4786 11.3459 0.0000
vt -2.7157 11.0848 0.0000
vt -1.8843 10.8324 0.0000
vt -0.9594 10.6869 0.0000
vt 0.0434 10.6305 0.0000
vt 1.1085 10.6453 0.0000
vt 2.2204 10.7136 0.0000
vt 3.3634 10.8175 0.0000
vt 4.5220 10.9393 0.0000
vt 6.6138 11.0867 0.0000
vt 8.6747 11.2767 0.0000
vt 10.6739 11.5520 0.0000
vt 12.5805 11.9552 0.0000
vt 14.3636 12.5289 0.0000
vt 15.9924 13.3158 0.0000
vt 17.4360 14.3585 0.0000
vt 19.0248 15.7556 0.0000
vt 20.9623 17.4645 0.0000
vt 23.0271 19.3159 0.0000
vt 24.9977 21.1406 0.0000
vt 26.6527 22.7693 0.0000
vt 27.7707 24.0328 0.0000
vt 28.1302 24.7617 0.0000
vt 27.7497 25.6224 0.0000
vt 26.8411 27.2200 0.0000
vt 25.4730 29.2934 0.0000
vt 23.7143 31.5820 0.0000
vt 21.6336 33.8247 0.0000
vt 19.2997 35.7607 0.0000
vt 16.7813 37.1292 0.0000
vt 14.0906 38.0866 0.0000
vt 11.2281 38.9448 0.0000
vt 8.2447 39.6757 0.0000
vt 5.1913 40.2513 0.0000
vt 2.1188 40.6437 0.0000
vt -0.9218 40.8248 0.0000
vt -3.8797 40.7667 0.0000
vt -7.1766 40.2979 0.0000
vt -11.0397 39.3507 0.0000
vt -15.1269 38.0522 0.0000
vt -19.0957 36.5298 0.0000
vt -22.6038 34.9106 0.0000
vt -25.3089 33.3220 0.0000
vt -26.8687 31.8912 0.0000
vt -31.1609 25.2710 0.0000
vt -31.5295 23.6191 0.0000
vt -31.8651 21.9711 0.0000
vt -32.1345 20.3308 0.0000
vt -32.3046 18.7018 0.0000
vt -32.3423 17.0882 0.0000
vt -32.2147 15.4936 0.0000
vt -31.8885 13.9220 0.0000
vt -31.2738 12.0110 0.0000
vt -30.3384 9.4662 0.0000
vt -29.1358 6.3933 0.0000
vt -27.7195 2.8979 0.0000
vt -26.1427 -0.9143 0.0000
vt -24.4591 -4.9378 0.0000
vt 23.4672 0.0000 1.0000
vt 24.3363 0.0000 1.0000
vt 24.3363 0.9275 1.0000
vt 23.4672 0.9275 1.0000
vt 25.2055 0.0000 1.0000
vt 25.2055 0.9275 1.0000
vt 26.0746 0.0000 1.0000
vt 26.0746 0.9275 1.0000
vt 26.9438 0.0000 1.0000
vt 26.9438 0.9275 1.0000
vt 27.8130 0.0000 1.0000
vt 27.8130 0.9275 1.0000
vt 28.6821 0.0000 1.0000
vt 28.6821 0.9275 1.0000
vt 29.5513 0.0000 1.0000
vt 29.5513 0.9275 1.0000
vt 30.4204 0.0000 1.0000
vt 30.4204 0.9275 1.0000
vt 31.2896 0.0000 1.0000
vt 31.2896 0.9275 1.0000
vt 32.1587 0.0000 1.0000
vt 32.1587 0.9275 1.0000
vt 0.8692 0.0000 1.0000
vt 1.7383 0.0000 1.0000
vt 1.7383 0.9275 1.0000
vt 0.8692 0.9275 1.0000
vt 2.6075 0.0000 1.0000
vt 2.6075 0.9275 1.0000
vt 3.4766 0.0000 1.0000
vt 3.4766 0.9275 1.0000
vt 4.3458 0.0000 1.0000
vt 4.3458 0.9275 1.0000
vt 5.2149 0.0000 1.0000
vt 5.2149 0.9275 1.0000
vt 6.0841 0.0000 1.0000
vt 6.0841 0.9275 1.0000
vt 6.9532 0.0000 1.0000
vt 6.9532 0.9275 1.0000
vt 7.8224 0.0000 1.0000
vt 7.8224 0.9275 1.0000
vt 8.6915 0.0000 1.0000
vt 8.6915 0.9275 1.0000
vt 9.5607 0.0000 1.0000
vt 9.5607 0.9275 1.0000
vt 10.4299 0.0000 1.0000
vt 10.4299 0.9275 1.0000
vt 11.2990 0.0000 1.0000
vt 11.2990 0.9275 1.0000
vt 12.1682 0.0000 1.0000
vt 12.1682 0.9275 1.0000
vt 13.0373 0.0000 1.0000
vt 13.0373 0.9275 1.0000
vt 13.9065 0.0000 1.0000
vt 13.9065 0.9275 1.0000
vt 14.7756 0.0000 1.0000
vt 14.7756 0.9275 1.0000
vt 15.6448 0.0000 1.0000
vt 15.6448 0.9275 1.0000
vt 16.5139 0.0000 1.0000
vt 16.5139 0.9275 1.0000
vt 17.3831 0.0000 1.0000
vt 17.3831 0.9275 1.0000
vt 18.2523 0.0000 1.0000
vt 18.2523 0.9275 1.0000
vt 19.1214 0.0000 1.0000
vt 19.1214 0.9275 1.0000
vt 19.9906 0.0000 1.0000
vt 19.9906 0.9275 1.0000
vt 20.8597 0.0000 1.0000
vt 20.8597 0.9275 1.0000
vt 21.7289 0.0000 1.0000
vt 21.7289 0.9275 1.0000
vt 22.5980 0.0000 1.0000
vt 22.5980 0.9275 1.0000
vt 24.3363 1.8550 1.0000
vt 23.4672 1.8550 1.0000
vt 25.2055 1.8550 1.0000
vt 26.0746 1.8550 1.0000
vt 26.9438 1.8550 1.0000
vt 27.8130 1.8550 1.0000
vt 28.6821 1.8550 1.0000
vt 29.5513 1.8550 1.0000
vt 30.4204 1.8550 1.0000
vt 31.2896 1.8550 1.0000
vt 32.1587 1.8550 1.0000
vt 1.7383 1.8550 1.0000
vt 0.8692 1.8550 1.0000
vt 2.6075 1.8550 1.0000
vt 3.4766 1.8550 1.0000
vt 4.3458 1.8550 1.0000
vt 5.2149 1.8550 1.0000
vt 6.0841 1.8550 1.0000
vt 6.9532 1.8550 1.0000
vt 7.8224 1.8550 1.0000
vt 8.6915 1.8550 1.0000
vt 9.5607 1.8550 1.0000
vt 10.4299 1.8550 1.0000
vt 11.2990 1.8550 1.0000
vt 12.1682 1.8550 1.0000
vt 13.0373 1.8550 1.0000
vt 13.9065 1.8550 1.0000
vt 14.7756 1.8550 1.0000
vt 15.6448 1.8550 1.0000
vt 16.5139 1.8550 1.0000
vt 17.3831 1.8550 1.0000
vt 18.2523 1.8550 1.0000
vt 19.1214 1.8550 1.0000
vt 19.9906 1.8550 1.0000
vt 20.8597 1.8550 1.0000
vt 21.7289 1.8550 1.0000
vt 22.5980 1.8550 1.0000
vt 24.3363 2.7826 1.0000
vt 23.4672 2.7826 1.0000
vt 25.2055 2.7826 1.0000
vt 26.0746 2.7826 1.0000
vt 26.9438 2.7826 1.0000
vt 27.8130 2.7826 1.0000
vt 28.6821 2.7826 1.0000
vt 29.5513 2.7826 1.0000
vt 30.4204 2.7826 1.0000
vt 31.2896 2.7826 1.0000
vt 32.1587 2.7826 1.0000
vt 1.7383 2.7826 1.0000
vt 0.8692 2.7826 1.0000
vt 2.6075 2.7826 1.0000
vt 3.4766 2.7826 1.0000
vt 4.3458 2.7826 1.0000
vt 5.2149 2.7826 1.0000
vt 6.0841 2.7826 1.0000
vt 6.9532 2.7826 1.0000
vt 7.8224 2.7826 1.0000
vt 8.6915 2.7826 1.0000
vt 9.5607 2.7826 1.0000
vt 10.4299 2.7826 1.0000
vt 11.2990 2.7826 1.0000
vt 12.1682 2.7826 1.0000
vt 13.0373 2.7826 1.0000
vt 13.9065 2.7826 1.0000
vt 14.7756 2.7826 1.0000
vt 15.6448 2.7826 1.0000
vt 16.5139 2.7826 1.0000
vt 17.3831 2.7826 1.0000
vt 18.2523 2.7826 1.0000
vt 19.1214 2.7826 1.0000
vt 19.9906 2.7826 1.0000
vt 20.8597 2.7826 1.0000
vt 21.7289 2.7826 1.0000
vt 22.5980 2.7826 1.0000
vt -8.6916 0.0000 1.0000
vt -0.8692 0.0000 1.0000
vt -1.7383 0.0000 1.0000
vt -2.6075 0.0000 1.0000
vt -3.4766 0.0000 1.0000
vt -4.3458 0.0000 1.0000
vt -5.2149 0.0000 1.0000
vt -6.0841 0.0000 1.0000
vt -6.9532 0.0000 1.0000
vt -7.8224 0.0000 1.0000
vt 54.7568 2.7826 1.0000
vt 33.0279 2.7826 1.0000
vt 33.8970 2.7826 1.0000
vt 34.7662 2.7826 1.0000
vt 35.6353 2.7826 1.0000
vt 36.5045 2.7826 1.0000
vt 37.3737 2.7826 1.0000
vt 38.2428 2.7826 1.0000
vt 39.1120 2.7826 1.0000
vt 39.9811 2.7826 1.0000
vt 40.8503 2.7826 1.0000
vt 41.7194 2.7826 1.0000
vt 42.5886 2.7826 1.0000
vt 43.4577 2.7826 1.0000
vt 44.3269 2.7826 1.0000
vt 45.1961 2.7826 1.0000
vt 46.0652 2.7826 1.0000
vt 46.9344 2.7826 1.0000
vt 47.8035 2.7826 1.0000
vt 48.6727 2.7826 1.0000
vt 49.5418 2.7826 1.0000
vt 50.4110 2.7826 1.0000
vt 51.2801 2.7826 1.0000
vt 52.1493 2.7826 1.0000
vt 53.0184 2.7826 1.0000
vt 53.8876 2.7826 1.0000
vt 24.5370 0.0000 0.0000
vt 24.5370 0.7354 0.0000
vt 23.5147 0.7354 0.0000
vt 23.5147 0.0000 0.0000
vt 24.5370 1.4708 0.0000
vt 23.5147 1.4708 0.0000
vt 24.5370 2.2062 0.0000
vt 23.5147 2.2062 0.0000
vt 24.5370 2.9416 0.0000
vt 23.5147 2.9416 0.0000
vt 24.5370 3.6770 0.0000
vt 23.5147 3.6770 0.0000
vt 24.5370 4.4124 0.0000
vt 23.5147 4.4124 0.0000
vt 24.5370 5.1478 0.0000
vt 23.5147 5.1478 0.0000
vt 24.5370 5.8832 0.0000
vt 23.5147 5.8832 0.0000
vt 24.5370 6.6186 0.0000
vt 23.5147 6.6186 0.0000
vt 24.5370 7.3540 0.0000
vt 23.5147 7.3540 0.0000
vt 24.5370 8.0894 0.0000
vt 23.5147 8.0894 0.0000
vt 24.5370 8.8248 0.0000
vt 23.5147 8.8248 0.0000
vt 22.4923 0.7354 0.0000
vt 22.4923 0.0000 0.0000
vt 22.4923 1.4708 0.0000
vt 22.4923 2.2062 0.0000
vt 22.4923 2.9416 0.0000
vt 22.4923 3.6770 0.0000
vt 22.4923 4.4124 0.0000
vt 22.4923 5.1478 0.0000
vt 22.4923 5.8832 0.0000
vt 22.4923 6.6186 0.0000
vt 22.4923 7.3540 0.0000
vt 22.4923 8.0894 0.0000
vt 22.4923 8.8248 0.0000
vt 21.4699 0.7354 0.0000
vt 21.4699 0.0000 0.0000
vt 21.4699 1.4708 0.0000
vt 21.4699 2.2062 0.0000
vt 21.4699 2.9416 0.0000
vt 21.4699 3.6770 0.0000
vt 21.4699 4.4124 0.0000
vt 21.4699 5.1478 0.0000
vt 21.4699 5.8832 0.0000
vt 21.4699 6.6186 0.0000
vt 21.4699 7.3540 0.0000
vt 21.4699 8.0894 0.0000
vt 21.4699 8.8248 0.0000
vt 20.4475 0.7354 0.0000
vt 20.4475 0.0000 0.0000
vt 20.4475 1.4708 0.0000
vt 20.4475 2.2062 0.0000
vt 20.4475 2.9416 0.0000
vt 20.4475 3.6770 0.0000
vt 20.4475 4.4124 0.0000
vt 20.4475 5.1478 0.0000
vt 20.4475 5.8832 0.0000
vt 20.4475 6.6186 0.0000
vt 20.4475 7.3540 0.0000
vt 20.4475 8.0894 0.0000
vt 20.4475 8.8248 0.0000
vt 19.4252 0.7354 0.0000
vt 19.4252 0.0000 0.0000
vt 19.4252 1.4708 0.0000
vt 19.4252 2.2062 0.0000
vt 19.4252 2.9416 0.0000
vt 19.4252 3.6770 0.0000
vt 19.4252 4.4124 0.0000
vt 19.4252 5.1478 0.0000
vt 19.4252 5.8832 0.0000
vt 19.4252 6.6186 0.0000
vt 19.4252 7.3540 0.0000
vt 19.4252 8.0894 0.0000
vt 19.4252 8.8248 0.0000
vt 18.4028 0.7354 0.0000
vt 18.4028 0.0000 0.0000
vt 18.4028 1.4708 0.0000
vt 18.4028 2.2062 0.0000
vt 18.4028 2.9416 0.0000
vt 18.4028 3.6770 0.0000
vt 18.4028 4.4124 0.0000
vt 18.4028 5.1478 0.0000
vt 18.4028 5.8832 0.0000
vt 18.4028 6.6186 0.0000
vt 18.4028 7.3540 0.0000
vt 18.4028 8.0894 0.0000
vt 18.4028 8.8248 0.0000
vt 17.3804 0.7354 0.0000
vt 17.3804 0.0000 0.0000
vt 17.3804 1.4708 0.0000
vt 17.3804 2.2062 0.0000
vt 17.3804 2.9416 0.0000
vt 17.3804 3.6770 0.0000
vt 17.3804 4.4124 0.0000
vt 17.3804 5.1478 0.0000
vt 17.3804 5.8832 0.0000
vt 17.3804 6.6186 0.0000
vt 17.3804 7.3540 0.0000
vt 17.3804 8.0894 0.0000
vt 17.3804 8.8248 0.0000
vt 16.3580 0.7354 0.0000
vt 16.3580 0.0000 0.0000
vt 16.3580 1.4708 0.0000
vt 16.3580 2.2062 0.0000
vt 16.3580 2.9416 0.0000
vt 16.3580 3.6770 0.0000
vt 16.3580 4.4124 0.0000
vt 16.3580 5.1478 0.0000
vt 16.3580 5.8832 0.0000
vt 16.3580 6.6186 0.0000
vt 16.3580 7.3540 0.0000
vt 16.3580 8.0894 0.0000
vt 16.3580 8.8248 0.0000
vt 15.3357 0.7354 0.0000
vt 15.3357 0.0000 0.0000
vt 15.3357 1.4708 0.0000
vt 15.3357 2.2062 0.0000
vt 15.3357 2.9416 0.0000
vt 15.3357 3.6770 0.0000
vt 15.3357 4.4124 0.0000
vt 15.3357 5.1478 0.0000
vt 15.3357 5.8832 0.0000
vt 15.3357 6.6186 0.0000
vt 15.3357 7.3540 0.0000
vt 15.3357 8.0894 0.0000
vt 15.3357 8.8248 0.0000
vt 14.3133 0.7354 0.0000
vt 14.3133 0.0000 0.0000
vt 14.3133 1.4708 0.0000
vt 14.3133 2.2062 0.0000
vt 14.3133 2.9416 0.0000
vt 14.3133 3.6770 0.0000
vt 14.3133 4.4124 0.0000
vt 14.3133 5.1478 0.0000
vt 14.3133 5.8832 0.0000
vt 14.3133 6.6186 0.0000
vt 14.3133 7.3540 0.0000
vt 14.3133 8.0894 0.0000
vt 14.3133 8.8248 0.0000
vt 13.2909 0.7354 0.0000
vt 13.2909 0.0000 0.0000
vt 13.2909 1.4708 0.0000
vt 13.2909 2.2062 0.0000
vt 13.2909 2.9416 0.0000
vt 13.2909 3.6770 0.0000
vt 13.2909 4.4124 0.0000
vt 13.2909 5.1478 0.0000
vt 13.2909 5.8832 0.0000
vt 13.2909 6.6186 0.0000
vt 13.2909 7.3540 0.0000
vt 13.2909 8.0894 0.0000
vt 13.2909 8.8248 0.0000
vt 12.2685 0.7354 0.0000
vt 12.2685 0.0000 0.0000
vt 12.2685 1.4708 0.0000
vt 12.2685 2.2062 0.0000
vt 12.2685 2.9416 0.0000
vt 12.2685 3.6770 0.0000
vt 12.2685 4.4124 0.0000
vt 12.2685 5.1478 0.0000
vt 12.2685 5.8832 0.0000
vt 12.2685 6.6186 0.0000
vt 12.2685 7.3540 0.0000
vt 12.2685 8.0894 0.0000
vt 12.2685 8.8248 0.0000
vt 11.2461 0.7354 0.0000
vt 11.2461 0.0000 0.0000
vt 11.2461 1.4708 0.0000
vt 11.2461 2.2062 0.0000
vt 11.2461 2.9416 0.0000
vt 11.2461 3.6770 0.0000
vt 11.2461 4.4124 0.0000
vt 11.2461 5.1478 0.0000
vt 11.2461 5.8832 0.0000
vt 11.2461 6.6186 0.0000
vt 11.2461 7.3540 0.0000
vt 11.2461 8.0894 0.0000
vt 11.2461 8.8248 0.0000
vt 10.2238 0.7354 0.0000
vt 10.2238 0.0000 0.0000
vt 10.2238 1.4708 0.0000
vt 10.2238 2.2062 0.0000
vt 10.2238 2.9416 0.0000
vt 10.2238 3.6770 0.0000
vt 10.2238 4.4124 0.0000
vt 10.2238 5.1478 0.0000
vt 10.2238 5.8832 0.0000
vt 10.2238 6.6186 0.0000
vt 10.2238 7.3540 0.0000
vt 10.2238 8.0894 0.0000
vt 10.2238 8.8248 0.0000
vt 9.2014 0.7354 0.0000
vt 9.2014 0.0000 0.0000
vt 9.2014 1.4708 0.0000
vt 9.2014 2.2062 0.0000
vt 9.2014 2.9416 0.0000
vt 9.2014 3.6770 0.0000
vt 9.2014 4.4124 0.0000
vt 9.2014 5.1478 0.0000
vt 9.2014 5.8832 0.0000
vt 9.2014 6.6186 0.0000
vt 9.2014 7.3540 0.0000
vt 9.2014 8.0894 0.0000
vt 9.2014 8.8248 0.0000
vt 8.1790 0.7354 0.0000
vt 8.1790 0.0000 0.0000
vt 8.1790 1.4708 0.0000
vt 8.1790 2.2062 0.0000
vt 8.1790 2.9416 0.0000
vt 8.1790 3.6770 0.0000
vt 8.1790 4.4124 0.0000
vt 8.1790 5.1478 0.0000
vt 8.1790 5.8832 0.0000
vt 8.1790 6.6186 0.0000
vt 8.1790 7.3540 0.0000
vt 8.1790 8.0894 0.0000
vt 8.1790 8.8248 0.0000
vt 7.1566 0.7354 0.0000
vt 7.1566 0.0000 0.0000
vt 7.1566 1.4708 0.0000
vt 7.1566 2.2062 0.0000
vt 7.1566 2.9416 0.0000
vt 7.1566 3.6770 0.0000
vt 7.1566 4.4124 0.0000
vt 7.1566 5.1478 0.0000
vt 7.1566 5.8832 0.0000
vt 7.1566 6.6186 0.0000
vt 7.1566 7.3540 0.0000
vt 7.1566 8.0894 0.0000
vt 7.1566 8.8248 0.0000
vt 6.1343 0.7354 0.0000
vt 6.1343 0.0000 0.0000
vt 6.1343 1.4708 0.0000
vt 6.1343 2.2062 0.0000
vt 6.1343 2.9416 0.0000
vt 6.1343 3.6770 0.0000
vt 6.1343 4.4124 0.0000
vt 6.1343 5.1478 0.0000
vt 6.1343 5.8832 0.0000
vt 6.1343 6.6186 0.0000
vt 6.1343 7.3540 0.0000
vt 6.1343 8.0894 0.0000
vt 6.1343 8.8248 0.0000
vt 5.1119 0.7354 0.0000
vt 5.1119 0.0000 0.0000
vt 5.1119 1.4708 0.0000
vt 5.1119 2.2062 0.0000
vt 5.1119 2.9416 0.0000
vt 5.1119 3.6770 0.0000
vt 5.1119 4.4124 0.0000
vt 5.1119 5.1478 0.0000
vt 5.1119 5.8832 0.0000
vt 5.1119 6.6186 0.0000
vt 5.1119 7.3540 0.0000
vt 5.1119 8.0894 0.0000
vt 5.1119 8.8248 0.0000
vt 4.0895 0.7354 0.0000
vt 4.0895 0.0000 0.0000
vt 4.0895 1.4708 0.0000
vt 4.0895 2.2062 0.0000
vt 4.0895 2.9416 0.0000
vt 4.0895 3.6770 0.0000
vt 4.0895 4.4124 0.0000
vt 4.0895 5.1478 0.0000
vt 4.0895 5.8832 0.0000
vt 4.0895 6.6186 0.0000
vt 4.0895 7.3540 0.0000
vt 4.0895 8.0894 0.0000
vt 4.0895 8.8248 0.0000
vt 3.0671 0.7354 0.0000
vt 3.0671 0.0000 0.0000
vt 3.0671 1.4708 0.0000
vt 3.0671 2.2062 0.0000
vt 3.0671 2.9416 0.0000
vt 3.0671 3.6770 0.0000
vt 3.0671 4.4124 0.0000
vt 3.0671 5.1478 0.0000
vt 3.0671 5.8832 0.0000
vt 3.0671 6.6186 0.0000
vt 3.0671 7.3540 0.0000
vt 3.0671 8.0894 0.0000
vt 3.0671 8.8248 0.0000
vt 2.0448 0.7354 0.0000
vt 2.0448 0.0000 0.0000
vt 2.0448 1.4708 0.0000
vt 2.0448 2.2062 0.0000
vt 2.0448 2.9416 0.0000
vt 2.0448 3.6770 0.0000
vt 2.0448 4.4124 0.0000
vt 2.0448 5.1478 0.0000
vt 2.0448 5.8832 0.0000
vt 2.0448 6.6186 0.0000
vt 2.0448 7.3540 0.0000
vt 2.0448 8.0894 0.0000
vt 2.0448 8.8248 0.0000
vt 1.0224 0.7354 0.0000
vt 1.0224 0.0000 0.0000
vt 1.0224 1.4708 0.0000
vt 1.0224 2.2062 0.0000
vt 1.0224 2.9416 0.0000
vt 1.0224 3.6770 0.0000
vt 1.0224 4.4124 0.0000
vt 1.0224 5.1478 0.0000
vt 1.0224 5.8832 0.0000
vt 1.0224 6.6186 0.0000
vt 1.0224 7.3540 0.0000
vt 1.0224 8.0894 0.0000
vt 1.0224 8.8248 0.0000
vt 0.0000 0.7354 0.0000
vt 0.0000 0.0000 0.0000
vt 0.0000 1.4708 0.0000
vt 0.0000 2.2062 0.0000
vt 0.0000 2.9416 0.0000
vt 0.0000 3.6770 0.0000
vt 0.0000 4.4124 0.0000
vt 0.0000 5.1478 0.0000
vt 0.0000 5.8832 0.0000
vt 0.0000 6.6186 0.0000
vt 0.0000 7.3540 0.0000
vt 0.0000 8.0894 0.0000
vt 0.0000 8.8248 0.0000
vt 9.8175 19.6976 -0.0103
vt 9.8124 -14.2579 -0.0103
vt 1.0000 2.6810 0.0000
vt 1.0000 5.3619 0.0000
vt -1.0713 5.3619 0.0000
vt -1.0713 2.6810 0.0000
vt 1.0000 8.0429 0.0000
vt -1.0713 8.0429 0.0000
vt 1.0000 10.1098 0.0000
vt -1.0713 10.1098 0.0000
vt 0.0000 2.6810 0.0000
vt 2.0713 2.6810 0.0000
vt 2.0713 5.3619 0.0000
vt 0.0000 5.3619 0.0000
vt 2.0713 8.0429 0.0000
vt 0.0000 8.0429 0.0000
vt 2.0713 10.1098 0.0000
vt 0.0000 10.1098 0.0000
vt 2.6810 0.0000 0.0000
vt 2.6810 2.5889 0.0000
vt 0.0000 2.5889 0.0000
vt 5.3619 0.0000 0.0000
vt 5.3619 2.5889 0.0000
vt 8.0429 0.0000 0.0000
vt 8.0429 2.5889 0.0000
vt 10.1098 0.0000 0.0000
vt 10.1098 2.5889 0.0000
vt -3.1426 2.6810 0.0000
vt -3.1426 0.0000 0.0000
vt -1.0713 0.0000 0.0000
vt -3.1426 5.3619 0.0000
vt -3.1426 8.0429 0.0000
vt 2.0713 0.0000 0.0000
vt 4.1426 0.0000 0.0000
vt 4.1426 2.6810 0.0000
vt 4.1426 5.3619 0.0000
vt 4.1426 8.0429 0.0000
vt 4.1426 10.1098 0.0000
vt 4.1426 2.5889 0.0000
vt 2.0713 2.5889 0.0000
vt 21.4477 0.0000 0.0000
vt 1.0000 1.0000 1.0000
vt -3.1426 10.1098 0.0000
# 1428 texture coords

g HelmKey
s 8
f 1/1/1 2/2/2 3/3/3 4/4/4 
f 2/2/2 5/5/5 6/6/6 3/3/3 
f 5/5/5 7/7/7 8/8/8 6/6/6 
f 7/7/7 9/9/9 10/10/10 8/8/8 
f 9/9/9 11/11/11 12/12/12 10/10/10 
f 11/11/11 13/13/13 14/14/14 12/12/12 
f 13/13/13 15/15/15 16/16/16 14/14/14 
f 15/15/15 17/17/17 18/18/18 16/16/16 
f 17/17/17 19/19/19 20/20/20 18/18/18 
f 19/19/19 21/21/21 22/22/22 20/20/20 
f 21/23/21 23/24/23 24/25/24 22/26/22 
f 23/24/23 25/27/25 26/28/26 24/25/24 
f 25/27/25 27/29/27 28/30/28 26/28/26 
f 27/29/27 29/31/29 30/32/30 28/30/28 
f 29/31/29 31/33/31 32/34/32 30/32/30 
f 31/33/31 33/35/33 34/36/34 32/34/32 
f 33/35/33 35/37/35 36/38/36 34/36/34 
f 35/37/35 37/39/37 38/40/38 36/38/36 
f 37/39/37 39/41/39 40/42/40 38/40/38 
f 39/41/39 41/43/41 42/44/42 40/42/40 
f 41/43/41 43/45/43 44/46/44 42/44/42 
f 43/45/43 45/47/45 46/48/46 44/46/44 
f 45/47/45 47/49/47 48/50/48 46/48/46 
f 47/49/47 49/51/49 50/52/50 48/50/48 
f 49/51/49 51/53/51 52/54/52 50/52/50 
f 51/53/51 53/55/53 54/56/54 52/54/52 
f 53/55/53 55/57/55 56/58/56 54/56/54 
f 55/57/55 57/59/57 58/60/58 56/58/56 
f 57/59/57 59/61/59 60/62/60 58/60/58 
f 59/61/59 61/63/61 62/64/62 60/62/60 
f 61/63/61 63/65/63 64/66/64 62/64/62 
f 63/65/63 65/67/65 66/68/66 64/66/64 
f 65/67/65 67/69/67 68/70/68 66/68/66 
f 67/69/67 69/71/69 70/72/70 68/70/68 
f 69/71/69 71/73/71 72/74/72 70/72/70 
f 71/73/71 1/1/1 4/4/4 72/74/72 
f 4/4/4 3/3/3 73/75/73 74/76/74 
f 3/3/3 6/6/6 75/77/75 73/75/73 
f 6/6/6 8/8/8 76/78/76 75/77/75 
f 8/8/8 10/10/10 77/79/77 76/78/76 
f 10/10/10 12/12/12 78/80/78 77/79/77 
f 12/12/12 14/14/14 79/81/79 78/80/78 
f 14/14/14 16/16/16 80/82/80 79/81/79 
f 16/16/16 18/18/18 81/83/81 80/82/80 
f 18/18/18 20/20/20 82/84/82 81/83/81 
f 20/20/20 22/22/22 83/85/83 82/84/82 
f 22/26/22 24/25/24 84/86/84 83/87/83 
f 24/25/24 26/28/26 85/88/85 84/86/84 
f 26/28/26 28/30/28 86/89/86 85/88/85 
f 28/30/28 30/32/30 87/90/87 86/89/86 
f 30/32/30 32/34/32 88/91/88 87/90/87 
f 32/34/32 34/36/34 89/92/89 88/91/88 
f 34/36/34 36/38/36 90/93/90 89/92/89 
f 36/38/36 38/40/38 91/94/91 90/93/90 
f 38/40/38 40/42/40 92/95/92 91/94/91 
f 40/42/40 42/44/42 93/96/93 92/95/92 
f 42/44/42 44/46/44 94/97/94 93/96/93 
f 44/46/44 46/48/46 95/98/95 94/97/94 
f 46/48/46 48/50/48 96/99/96 95/98/95 
f 48/50/48 50/52/50 97/100/97 96/99/96 
f 50/52/50 52/54/52 98/101/98 97/100/97 
f 52/54/52 54/56/54 99/102/99 98/101/98 
f 54/56/54 56/58/56 100/103/100 99/102/99 
f 56/58/56 58/60/58 101/104/101 100/103/100 
f 58/60/58 60/62/60 102/105/102 101/104/101 
f 60/62/60 62/64/62 103/106/103 102/105/102 
f 62/64/62 64/66/64 104/107/104 103/106/103 
f 64/66/64 66/68/66 105/108/105 104/107/104 
f 66/68/66 68/70/68 106/109/106 105/108/105 
f 68/70/68 70/72/70 107/110/107 106/109/106 
f 70/72/70 72/74/72 108/111/108 107/110/107 
f 72/74/72 4/4/4 74/76/74 108/111/108 
f 74/76/74 73/75/73 109/112/109 110/113/110 
f 73/75/73 75/77/75 111/114/111 109/112/109 
f 75/77/75 76/78/76 112/115/112 111/114/111 
f 76/78/76 77/79/77 113/116/113 112/115/112 
f 77/79/77 78/80/78 114/117/114 113/116/113 
f 78/80/78 79/81/79 115/118/115 114/117/114 
f 79/81/79 80/82/80 116/119/116 115/118/115 
f 80/82/80 81/83/81 117/120/117 116/119/116 
f 81/83/81 82/84/82 118/121/118 117/120/117 
f 82/84/82 83/85/83 119/122/119 118/121/118 
f 83/87/83 84/86/84 120/123/120 119/124/119 
f 84/86/84 85/88/85 121/125/121 120/123/120 
f 85/88/85 86/89/86 122/126/122 121/125/121 
f 86/89/86 87/90/87 123/127/123 122/126/122 
f 87/90/87 88/91/88 124/128/124 123/127/123 
f 88/91/88 89/92/89 125/129/125 124/128/124 
f 89/92/89 90/93/90 126/130/126 125/129/125 
f 90/93/90 91/94/91 127/131/127 126/130/126 
f 91/94/91 92/95/92 128/132/128 127/131/127 
f 92/95/92 93/96/93 129/133/129 128/132/128 
f 93/96/93 94/97/94 130/134/130 129/133/129 
f 94/97/94 95/98/95 131/135/131 130/134/130 
f 95/98/95 96/99/96 132/136/132 131/135/131 
f 96/99/96 97/100/97 133/137/133 132/136/132 
f 97/100/97 98/101/98 134/138/134 133/137/133 
f 98/101/98 99/102/99 135/139/135 134/138/134 
f 99/102/99 100/103/100 136/140/136 135/139/135 
f 100/103/100 101/104/101 137/141/137 136/140/136 
f 101/104/101 102/105/102 138/142/138 137/141/137 
f 102/105/102 103/106/103 139/143/139 138/142/138 
f 103/106/103 104/107/104 140/144/140 139/143/139 
f 104/107/104 105/108/105 141/145/141 140/144/140 
f 105/108/105 106/109/106 142/146/142 141/145/141 
f 106/109/106 107/110/107 143/147/143 142/146/142 
f 107/110/107 108/111/108 144/148/144 143/147/143 
f 108/111/108 74/76/74 110/113/110 144/148/144 
s 1
f 71/149/145 69/71/145 67/69/145 65/67/145 63/65/145 61/63/145 59/61/145 57/59/145 55/57/145 53/55/145 51/53/145 49/51/145 47/49/145 45/47/145 43/45/145 41/43/145 39/41/145 37/39/145 35/37/145 33/35/145 31/33/145 29/31/145 27/29/145 25/27/145 23/24/145 21/23/145 19/150/145 17/151/145 15/152/145 13/153/145 11/154/145 9/155/145 7/156/145 5/157/145 2/158/145 1/159/145 
f 145/160/146 146/112/146 147/114/146 148/115/146 149/116/146 150/117/146 151/118/146 152/119/146 153/120/146 154/121/146 155/122/146 156/161/146 157/162/146 158/163/146 159/164/146 160/165/146 161/166/146 162/167/146 163/168/146 164/169/146 165/170/146 166/171/146 167/172/146 168/173/146 169/174/146 170/175/146 171/176/146 172/177/146 173/178/146 174/179/146 175/180/146 176/181/146 177/182/146 178/183/146 179/184/146 180/185/146 
s off
f 110/160/147 109/112/147 181/112/147 182/160/147 
f 109/112/148 111/114/148 183/114/148 181/112/148 
f 111/114/149 112/115/149 184/115/149 183/114/149 
f 112/115/150 113/116/150 185/116/150 184/115/150 
f 113/116/151 114/117/151 186/117/151 185/116/151 
f 114/117/152 115/118/152 187/118/152 186/117/152 
f 115/118/153 116/119/153 188/119/153 187/118/153 
f 116/119/154 117/120/154 189/120/154 188/119/154 
f 117/120/155 118/121/155 190/121/155 189/120/155 
f 118/121/156 119/122/156 191/122/156 190/121/156 
f 119/122/157 120/161/157 192/161/157 191/122/157 
f 120/161/158 121/162/158 193/162/158 192/161/158 
f 121/162/159 122/163/159 194/163/159 193/162/159 
f 122/163/160 123/164/160 195/164/160 194/163/160 
f 123/164/161 124/165/161 196/165/161 195/164/161 
f 124/165/162 125/166/162 197/166/162 196/165/162 
f 125/166/163 126/167/163 198/167/163 197/166/163 
f 126/167/164 127/168/164 199/168/164 198/167/164 
f 127/168/165 128/169/165 200/169/165 199/168/165 
f 128/169/166 129/170/166 201/170/166 200/169/166 
f 129/170/167 130/171/167 202/171/167 201/170/167 
f 130/171/168 131/172/168 203/172/168 202/171/168 
f 131/172/169 132/173/169 204/173/169 203/172/169 
f 132/173/170 133/174/170 205/174/170 204/173/170 
f 133/174/171 134/175/171 206/175/171 205/174/171 
f 134/175/172 135/176/172 207/176/172 206/175/172 
f 135/176/173 136/177/173 208/177/173 207/176/173 
f 136/177/174 137/178/174 209/178/174 208/177/174 
f 137/178/175 138/179/175 210/179/175 209/178/175 
f 138/179/176 139/180/176 211/180/176 210/179/176 
f 139/180/177 140/181/177 212/181/177 211/180/177 
f 140/181/178 141/182/178 213/182/178 212/181/178 
f 141/182/179 142/183/179 214/183/179 213/182/179 
f 142/183/180 143/184/180 215/184/180 214/183/180 
f 143/184/181 144/185/181 216/185/181 215/184/181 
f 144/185/182 110/160/182 182/160/182 216/185/182 
f 182/160/183 181/112/183 217/112/183 218/160/183 
f 181/112/184 183/114/184 219/114/184 217/112/184 
f 183/114/185 184/115/185 220/115/185 219/114/185 
f 184/115/186 185/116/186 221/116/186 220/115/186 
f 185/116/187 186/117/187 222/117/187 221/116/187 
f 186/117/188 187/118/188 223/118/188 222/117/188 
f 187/118/189 188/119/189 224/119/189 223/118/189 
f 188/119/190 189/120/190 225/120/190 224/119/190 
f 189/120/191 190/121/191 226/121/191 225/120/191 
f 190/121/192 191/122/192 227/122/192 226/121/192 
f 191/122/193 192/161/193 228/161/193 227/122/193 
f 192/161/194 193/162/194 229/162/194 228/161/194 
f 193/162/195 194/163/195 230/163/195 229/162/195 
f 194/163/196 195/164/196 231/164/196 230/163/196 
f 195/164/197 196/165/197 232/165/197 231/164/197 
f 196/165/198 197/166/198 233/166/198 232/165/198 
f 197/166/199 198/167/199 234/167/199 233/166/199 
f 198/167/200 199/168/200 235/168/200 234/167/200 
f 199/168/201 200/169/201 236/169/201 235/168/201 
f 200/169/202 201/170/202 237/170/202 236/169/202 
f 201/170/203 202/171/203 238/171/203 237/170/203 
f 202/171/204 203/172/204 239/172/204 238/171/204 
f 203/172/205 204/173/205 240/173/205 239/172/205 
f 204/173/206 205/174/206 241/174/206 240/173/206 
f 205/174/207 206/175/207 242/175/207 241/174/207 
f 206/175/208 207/176/208 243/176/208 242/175/208 
f 207/176/209 208/177/209 244/177/209 243/176/209 
f 208/177/210 209/178/210 245/178/210 244/177/210 
f 209/178/211 210/179/211 246/179/211 245/178/211 
f 210/179/212 211/180/212 247/180/212 246/179/212 
f 211/180/213 212/181/213 248/181/213 247/180/213 
f 212/181/214 213/182/214 249/182/214 248/181/214 
f 213/182/215 214/183/215 250/183/215 249/182/215 
f 214/183/216 215/184/216 251/184/216 250/183/216 
f 215/184/217 216/185/217 252/185/217 251/184/217 
f 216/185/218 182/160/218 218/160/218 252/185/218 
f 218/160/219 217/112/219 253/112/219 254/160/219 
f 217/112/220 219/114/220 255/114/220 253/112/220 
f 219/114/221 220/115/221 256/115/221 255/114/221 
f 220/115/222 221/116/222 257/116/222 256/115/222 
f 221/116/223 222/117/223 258/117/223 257/116/223 
f 222/117/224 223/118/224 259/118/224 258/117/224 
f 223/118/225 224/119/225 260/119/225 259/118/225 
f 224/119/226 225/120/226 261/120/226 260/119/226 
f 225/120/227 226/121/227 262/121/227 261/120/227 
f 226/121/228 227/122/228 263/122/228 262/121/228 
f 227/122/229 228/161/229 264/161/229 263/122/229 
f 228/161/230 229/162/230 265/162/230 264/161/230 
f 229/162/231 230/163/231 266/163/231 265/162/231 
f 230/163/232 231/164/232 267/164/232 266/163/232 
f 231/164/233 232/165/233 268/165/233 267/164/233 
f 232/165/234 233/166/234 269/166/234 268/165/234 
f 233/166/235 234/167/235 270/167/235 269/166/235 
f 234/167/236 235/168/236 271/168/236 270/167/236 
f 235/168/237 236/169/237 272/169/237 271/168/237 
f 236/169/238 237/170/238 273/170/238 272/169/238 
f 237/170/239 238/171/239 274/171/239 273/170/239 
f 238/171/240 239/172/240 275/172/240 274/171/240 
f 239/172/241 240/173/241 276/173/241 275/172/241 
f 240/173/242 241/174/242 277/174/242 276/173/242 
f 241/174/243 242/175/243 278/175/243 277/174/243 
f 242/175/244 243/176/244 279/176/244 278/175/244 
f 243/176/245 244/177/245 280/177/245 279/176/245 
f 244/177/246 245/178/246 281/178/246 280/177/246 
f 245/178/247 246/179/247 282/179/247 281/178/247 
f 246/179/248 247/180/248 283/180/248 282/179/248 
f 247/180/249 248/181/249 284/181/249 283/180/249 
f 248/181/250 249/182/250 285/182/250 284/181/250 
f 249/182/251 250/183/251 286/183/251 285/182/251 
f 250/183/252 251/184/252 287/184/252 286/183/252 
f 251/184/253 252/185/253 288/185/253 287/184/253 
f 252/185/254 218/160/254 254/160/254 288/185/254 
f 254/160/255 253/112/255 289/112/255 290/160/255 
f 253/112/256 255/114/256 291/114/256 289/112/256 
f 255/114/185 256/115/185 292/115/185 291/114/185 
f 256/115/257 257/116/257 293/116/257 292/115/257 
f 257/116/258 258/117/258 294/117/258 293/116/258 
f 258/117/259 259/118/259 295/118/259 294/117/259 
f 259/118/260 260/119/260 296/119/260 295/118/260 
f 260/119/261 261/120/261 297/120/261 296/119/261 
f 261/120/262 262/121/262 298/121/262 297/120/262 
f 262/121/192 263/122/192 299/122/192 298/121/192 
f 263/122/263 264/161/263 300/161/263 299/122/263 
f 264/161/264 265/162/264 301/162/264 300/161/264 
f 265/162/265 266/163/265 302/163/265 301/162/265 
f 266/163/266 267/164/266 303/164/266 302/163/266 
f 267/164/267 268/165/267 304/165/267 303/164/267 
f 268/165/198 269/166/198 305/166/198 304/165/198 
f 269/166/199 270/167/199 306/167/199 305/166/199 
f 270/167/268 271/168/268 307/168/268 306/167/268 
f 271/168/269 272/169/269 308/169/269 307/168/269 
f 272/169/270 273/170/270 309/170/270 308/169/270 
f 273/170/271 274/171/271 310/171/271 309/170/271 
f 274/171/272 275/172/272 311/172/272 310/171/272 
f 275/172/273 276/173/273 312/173/273 311/172/273 
f 276/173/274 277/174/274 313/174/274 312/173/274 
f 277/174/275 278/175/275 314/175/275 313/174/275 
f 278/175/276 279/176/276 315/176/276 314/175/276 
f 279/176/277 280/177/277 316/177/277 315/176/277 
f 280/177/278 281/178/278 317/178/278 316/177/278 
f 281/178/279 282/179/279 318/179/279 317/178/279 
f 282/179/280 283/180/280 319/180/280 318/179/280 
f 283/180/281 284/181/281 320/181/281 319/180/281 
f 284/181/282 285/182/282 321/182/282 320/181/282 
f 285/182/283 286/183/283 322/183/283 321/182/283 
f 286/183/284 287/184/284 323/184/284 322/183/284 
f 287/184/285 288/185/285 324/185/285 323/184/285 
f 288/185/286 254/160/286 290/160/286 324/185/286 
f 290/160/255 289/112/255 325/112/255 326/160/255 
f 289/112/256 291/114/256 327/114/256 325/112/256 
f 291/114/185 292/115/185 328/115/185 327/114/185 
f 292/115/257 293/116/257 329/116/257 328/115/257 
f 293/116/258 294/117/258 330/117/258 329/116/258 
f 294/117/259 295/118/259 331/118/259 330/117/259 
f 295/118/260 296/119/260 332/119/260 331/118/260 
f 296/119/261 297/120/261 333/120/261 332/119/261 
f 297/120/262 298/121/262 334/121/262 333/120/262 
f 298/121/192 299/122/192 335/122/192 334/121/192 
f 299/122/263 300/161/263 336/161/263 335/122/263 
f 300/161/264 301/162/264 337/162/264 336/161/264 
f 301/162/265 302/163/265 338/163/265 337/162/265 
f 302/163/266 303/164/266 339/164/266 338/163/266 
f 303/164/267 304/165/267 340/165/267 339/164/267 
f 304/165/198 305/166/198 341/166/198 340/165/198 
f 305/166/199 306/167/199 342/167/199 341/166/199 
f 306/167/268 307/168/268 343/168/268 342/167/268 
f 307/168/269 308/169/269 344/169/269 343/168/269 
f 308/169/270 309/170/270 345/170/270 344/169/270 
f 309/170/271 310/171/271 346/171/271 345/170/271 
f 310/171/272 311/172/272 347/172/272 346/171/272 
f 311/172/273 312/173/273 348/173/273 347/172/273 
f 312/173/274 313/174/274 349/174/274 348/173/274 
f 313/174/275 314/175/275 350/175/275 349/174/275 
f 314/175/276 315/176/276 351/176/276 350/175/276 
f 315/176/277 316/177/277 352/177/277 351/176/277 
f 316/177/278 317/178/278 353/178/278 352/177/278 
f 317/178/279 318/179/279 354/179/279 353/178/279 
f 318/179/280 319/180/280 355/180/280 354/179/280 
f 319/180/281 320/181/281 356/181/281 355/180/281 
f 320/181/282 321/182/282 357/182/282 356/181/282 
f 321/182/283 322/183/283 358/183/283 357/182/283 
f 322/183/284 323/184/284 359/184/284 358/183/284 
f 323/184/285 324/185/285 360/185/285 359/184/285 
f 324/185/286 290/160/286 326/160/286 360/185/286 
f 326/160/255 325/112/255 361/112/255 362/160/255 
f 325/112/256 327/114/256 363/114/256 361/112/256 
f 327/114/185 328/115/185 364/115/185 363/114/185 
f 328/115/257 329/116/257 365/116/257 364/115/257 
f 329/116/258 330/117/258 366/117/258 365/116/258 
f 330/117/259 331/118/259 367/118/259 366/117/259 
f 331/118/260 332/119/260 368/119/260 367/118/260 
f 332/119/261 333/120/261 369/120/261 368/119/261 
f 333/120/262 334/121/262 370/121/262 369/120/262 
f 334/121/192 335/122/192 371/122/192 370/121/192 
f 335/122/263 336/161/263 372/161/263 371/122/263 
f 336/161/264 337/162/264 373/162/264 372/161/264 
f 337/162/265 338/163/265 374/163/265 373/162/265 
f 338/163/266 339/164/266 375/164/266 374/163/266 
f 339/164/267 340/165/267 376/165/267 375/164/267 
f 340/165/198 341/166/198 377/166/198 376/165/198 
f 341/166/199 342/167/199 378/167/199 377/166/199 
f 342/167/268 343/168/268 379/168/268 378/167/268 
f 343/168/201 344/169/201 380/169/201 379/168/201 
f 344/169/202 345/170/202 381/170/202 380/169/202 
f 345/170/203 346/171/203 382/171/203 381/170/203 
f 346/171/204 347/172/204 383/172/204 382/171/204 
f 347/172/205 348/173/205 384/173/205 383/172/205 
f 348/173/206 349/174/206 385/174/206 384/173/206 
f 349/174/207 350/175/207 386/175/207 385/174/207 
f 350/175/208 351/176/208 387/176/208 386/175/208 
f 351/176/209 352/177/209 388/177/209 387/176/209 
f 352/177/210 353/178/210 389/178/210 388/177/210 
f 353/178/211 354/179/211 390/179/211 389/178/211 
f 354/179/212 355/180/212 391/180/212 390/179/212 
f 355/180/213 356/181/213 392/181/213 391/180/213 
f 356/181/214 357/182/214 393/182/214 392/181/214 
f 357/182/215 358/183/215 394/183/215 393/182/215 
f 358/183/216 359/184/216 395/184/216 394/183/216 
f 359/184/217 360/185/217 396/185/217 395/184/217 
f 360/185/218 326/160/218 362/160/218 396/185/218 
f 362/160/287 361/112/287 397/112/287 398/160/287 
f 361/112/288 363/114/288 399/114/288 397/112/288 
f 363/114/289 364/115/289 400/115/289 399/114/289 
f 364/115/290 365/116/290 401/116/290 400/115/290 
f 365/116/291 366/117/291 402/117/291 401/116/291 
f 366/117/292 367/118/292 403/118/292 402/117/292 
f 367/118/293 368/119/293 404/119/293 403/118/293 
f 368/119/294 369/120/294 405/120/294 404/119/294 
f 369/120/295 370/121/295 406/121/295 405/120/295 
f 370/121/296 371/122/296 407/122/296 406/121/296 
f 371/122/297 372/161/297 408/161/297 407/122/297 
f 372/161/298 373/162/298 409/162/298 408/161/298 
f 373/162/299 374/163/299 410/163/299 409/162/299 
f 374/163/300 375/164/300 411/164/300 410/163/300 
f 375/164/301 376/165/301 412/165/301 411/164/301 
f 376/165/302 377/166/302 413/166/302 412/165/302 
f 377/166/303 378/167/303 414/167/303 413/166/303 
f 378/167/304 379/168/304 415/168/304 414/167/304 
f 379/168/305 380/169/305 416/169/305 415/168/305 
f 380/169/306 381/170/306 417/170/306 416/169/306 
f 381/170/307 382/171/307 418/171/307 417/170/307 
f 382/171/308 383/172/308 419/172/308 418/171/308 
f 383/172/309 384/173/309 420/173/309 419/172/309 
f 384/173/310 385/174/310 421/174/310 420/173/310 
f 385/174/311 386/175/311 422/175/311 421/174/311 
f 386/175/312 387/176/312 423/176/312 422/175/312 
f 387/176/313 388/177/313 424/177/313 423/176/313 
f 388/177/314 389/178/314 425/178/314 424/177/314 
f 389/178/315 390/179/315 426/179/315 425/178/315 
f 390/179/316 391/180/316 427/180/316 426/179/316 
f 391/180/317 392/181/317 428/181/317 427/180/317 
f 392/181/318 393/182/318 429/182/318 428/181/318 
f 393/182/319 394/183/319 430/183/319 429/182/319 
f 394/183/320 395/184/320 431/184/320 430/183/320 
f 395/184/321 396/185/321 432/185/321 431/184/321 
f 396/185/322 362/160/322 398/160/322 432/185/322 
f 398/160/255 397/112/255 433/112/255 434/160/255 
f 397/112/256 399/114/256 435/114/256 433/112/256 
f 399/114/185 400/115/185 436/115/185 435/114/185 
f 400/115/257 401/116/257 437/116/257 436/115/257 
f 401/116/258 402/117/258 438/117/258 437/116/258 
f 402/117/259 403/118/259 439/118/259 438/117/259 
f 403/118/260 404/119/260 440/119/260 439/118/260 
f 404/119/261 405/120/261 441/120/261 440/119/261 
f 405/120/262 406/121/262 442/121/262 441/120/262 
f 406/121/192 407/122/192 443/122/192 442/121/192 
f 407/122/263 408/161/263 444/161/263 443/122/263 
f 408/161/264 409/162/264 445/162/264 444/161/264 
f 409/162/265 410/163/265 446/163/265 445/162/265 
f 410/163/266 411/164/266 447/164/266 446/163/266 
f 411/164/267 412/165/267 448/165/267 447/164/267 
f 412/165/198 413/166/198 449/166/198 448/165/198 
f 413/166/199 414/167/199 450/167/199 449/166/199 
f 414/167/268 415/168/268 451/168/268 450/167/268 
f 415/168/269 416/169/269 452/169/269 451/168/269 
f 416/169/270 417/170/270 453/170/270 452/169/270 
f 417/170/271 418/171/271 454/171/271 453/170/271 
f 418/171/272 419/172/272 455/172/272 454/171/272 
f 419/172/273 420/173/273 456/173/273 455/172/273 
f 420/173/274 421/174/274 457/174/274 456/173/274 
f 421/174/275 422/175/275 458/175/275 457/174/275 
f 422/175/276 423/176/276 459/176/276 458/175/276 
f 423/176/277 424/177/277 460/177/277 459/176/277 
f 424/177/278 425/178/278 461/178/278 460/177/278 
f 425/178/279 426/179/279 462/179/279 461/178/279 
f 426/179/280 427/180/280 463/180/280 462/179/280 
f 427/180/281 428/181/281 464/181/281 463/180/281 
f 428/181/282 429/182/282 465/182/282 464/181/282 
f 429/182/283 430/183/283 466/183/283 465/182/283 
f 430/183/284 431/184/284 467/184/284 466/183/284 
f 431/184/285 432/185/285 468/185/285 467/184/285 
f 432/185/286 398/160/286 434/160/286 468/185/286 
f 434/160/323 433/112/323 469/112/323 470/160/323 
f 433/112/324 435/114/324 471/114/324 469/112/324 
f 435/114/325 436/115/325 472/115/325 471/114/325 
f 436/115/326 437/116/326 473/116/326 472/115/326 
f 437/116/327 438/117/327 474/117/327 473/116/327 
f 438/117/328 439/118/328 475/118/328 474/117/328 
f 439/118/329 440/119/329 476/119/329 475/118/329 
f 440/119/330 441/120/330 477/120/330 476/119/330 
f 441/120/331 442/121/331 478/121/331 477/120/331 
f 442/121/332 443/122/332 479/122/332 478/121/332 
f 443/122/333 444/161/333 480/161/333 479/122/333 
f 444/161/334 445/162/334 481/162/334 480/161/334 
f 445/162/335 446/163/335 482/163/335 481/162/335 
f 446/163/336 447/164/336 483/164/336 482/163/336 
f 447/164/337 448/165/337 484/165/337 483/164/337 
f 448/165/338 449/166/338 485/166/338 484/165/338 
f 449/166/339 450/167/339 486/167/339 485/166/339 
f 450/167/340 451/168/340 487/168/340 486/167/340 
f 451/168/341 452/169/341 488/169/341 487/168/341 
f 452/169/342 453/170/342 489/170/342 488/169/342 
f 453/170/343 454/171/343 490/171/343 489/170/343 
f 454/171/344 455/172/344 491/172/344 490/171/344 
f 455/172/345 456/173/345 492/173/345 491/172/345 
f 456/173/346 457/174/346 493/174/346 492/173/346 
f 457/174/347 458/175/347 494/175/347 493/174/347 
f 458/175/348 459/176/348 495/176/348 494/175/348 
f 459/176/349 460/177/349 496/177/349 495/176/349 
f 460/177/350 461/178/350 497/178/350 496/177/350 
f 461/178/351 462/179/351 498/179/351 497/178/351 
f 462/179/352 463/180/352 499/180/352 498/179/352 
f 463/180/353 464/181/353 500/181/353 499/180/353 
f 464/181/354 465/182/354 501/182/354 500/181/354 
f 465/182/355 466/183/355 502/183/355 501/182/355 
f 466/183/356 467/184/356 503/184/356 502/183/356 
f 467/184/357 468/185/357 504/185/357 503/184/357 
f 468/185/358 434/160/358 470/160/358 504/185/358 
f 470/160/359 469/112/359 146/112/359 145/160/359 
f 469/112/360 471/114/360 147/114/360 146/112/360 
f 471/114/361 472/115/361 148/115/361 147/114/361 
f 472/115/362 473/116/362 149/116/362 148/115/362 
f 473/116/363 474/117/363 150/117/363 149/116/363 
f 474/117/364 475/118/364 151/118/364 150/117/364 
f 475/118/365 476/119/365 152/119/365 151/118/365 
f 476/119/366 477/120/366 153/120/366 152/119/366 
f 477/120/367 478/121/367 154/121/367 153/120/367 
f 478/121/368 479/122/368 155/122/368 154/121/368 
f 479/122/369 480/161/369 156/161/369 155/122/369 
f 480/161/370 481/162/370 157/162/370 156/161/370 
f 481/162/371 482/163/371 158/163/371 157/162/371 
f 482/163/372 483/164/372 159/164/372 158/163/372 
f 483/164/373 484/165/373 160/165/373 159/164/373 
f 484/165/374 485/166/374 161/166/374 160/165/374 
f 485/166/375 486/167/375 162/167/375 161/166/375 
f 486/167/376 487/168/376 163/168/376 162/167/376 
f 487/168/377 488/169/377 164/169/377 163/168/377 
f 488/169/378 489/170/378 165/170/378 164/169/378 
f 489/170/379 490/171/379 166/171/379 165/170/379 
f 490/171/380 491/172/380 167/172/380 166/171/380 
f 491/172/381 492/173/381 168/173/381 167/172/381 
f 492/173/382 493/174/382 169/174/382 168/173/382 
f 493/174/383 494/175/383 170/175/383 169/174/383 
f 494/175/384 495/176/384 171/176/384 170/175/384 
f 495/176/385 496/177/385 172/177/385 171/176/385 
f 496/177/386 497/178/386 173/178/386 172/177/386 
f 497/178/387 498/179/387 174/179/387 173/178/387 
f 498/179/388 499/180/388 175/180/388 174/179/388 
f 499/180/389 500/181/389 176/181/389 175/180/389 
f 500/181/390 501/182/390 177/182/390 176/181/390 
f 501/182/391 502/183/391 178/183/391 177/182/391 
f 502/183/392 503/184/392 179/184/392 178/183/392 
f 503/184/393 504/185/393 180/185/393 179/184/393 
f 504/185/394 470/160/394 145/160/394 180/185/394 
f 505/186/395 506/187/395 507/188/395 508/189/395 
f 506/187/396 509/190/396 510/191/396 507/188/396 
f 509/190/397 511/192/397 512/193/397 510/191/397 
f 511/192/398 513/194/398 514/195/398 512/193/398 
f 513/194/399 515/196/399 516/197/399 514/195/399 
f 515/196/400 517/198/400 518/199/400 516/197/400 
f 517/198/401 519/200/401 520/201/401 518/199/401 
f 519/200/402 521/202/402 522/203/402 520/201/402 
f 521/202/403 523/204/403 524/205/403 522/203/403 
f 523/204/404 525/206/404 526/207/404 524/205/404 
f 525/206/405 527/208/405 528/209/405 526/207/405 
f 527/208/406 529/210/406 530/211/406 528/209/406 
f 529/210/407 531/212/407 532/213/407 530/211/407 
f 531/212/408 533/214/408 534/215/408 532/213/408 
f 533/214/409 535/216/409 536/217/409 534/215/409 
f 535/216/410 537/218/410 538/219/410 536/217/410 
f 537/218/411 539/220/411 540/221/411 538/219/411 
f 539/220/412 541/222/412 542/223/412 540/221/412 
f 541/222/413 543/224/413 544/225/413 542/223/413 
f 543/224/414 545/226/414 546/227/414 544/225/414 
f 545/226/415 547/228/415 548/229/415 546/227/415 
f 547/228/416 549/230/416 550/231/416 548/229/416 
f 549/230/417 551/232/417 552/233/417 550/231/417 
f 551/232/418 553/234/418 554/235/418 552/233/418 
f 553/234/419 555/236/419 556/237/419 554/235/419 
f 555/236/420 557/238/420 558/239/420 556/237/420 
f 557/238/421 559/240/421 560/241/421 558/239/421 
f 559/240/422 561/242/422 562/243/422 560/241/422 
f 561/242/423 563/244/423 564/245/423 562/243/423 
f 563/244/424 565/246/424 566/247/424 564/245/424 
f 565/246/425 567/248/425 568/249/425 566/247/425 
f 567/248/426 569/250/426 570/251/426 568/249/426 
f 569/250/427 571/252/427 572/253/427 570/251/427 
f 571/252/428 573/254/428 574/255/428 572/253/428 
f 573/254/429 575/256/429 576/257/429 574/255/429 
f 508/189/430 507/188/430 577/258/430 578/259/430 
f 507/188/431 510/191/431 579/260/431 580/261/431 577/258/431 
f 510/191/432 512/193/432 581/262/432 579/260/432 
f 512/193/433 514/195/433 582/263/433 581/262/433 
f 514/195/434 516/197/434 583/264/434 582/263/434 
f 516/197/435 518/199/435 584/265/435 583/264/435 
f 518/199/436 520/201/436 585/266/436 584/265/436 
f 520/201/437 522/203/437 586/267/437 585/266/437 
f 522/203/438 524/205/438 587/268/438 586/267/438 
f 524/205/439 526/207/439 588/269/439 587/268/439 
f 526/207/440 528/209/440 589/270/440 588/269/440 
f 528/209/441 530/211/441 590/271/441 589/270/441 
f 530/211/442 532/213/442 591/272/442 590/271/442 
f 532/213/443 534/215/443 592/273/443 591/272/443 
f 534/215/444 536/217/444 593/274/444 592/273/444 
f 536/217/445 538/219/445 594/275/445 593/274/445 
f 538/219/446 540/221/446 595/276/446 594/275/446 
f 540/221/447 542/223/447 596/277/447 595/276/447 
f 542/223/448 544/225/448 597/278/448 596/277/448 
f 544/225/449 546/227/449 598/279/449 597/278/449 
f 546/227/450 548/229/450 599/280/450 598/279/450 
f 548/229/451 550/231/451 600/281/451 599/280/451 
f 550/231/452 552/233/452 601/282/452 600/281/452 
f 552/233/453 554/235/453 602/283/453 601/282/453 
f 554/235/454 556/237/454 603/284/454 602/283/454 
f 556/237/455 558/239/455 604/285/455 603/284/455 
f 558/239/456 560/241/456 604/285/456 
f 560/241/457 562/243/457 605/286/457 604/285/457 
f 562/243/458 564/245/458 605/286/458 
f 564/245/459 566/247/459 606/287/459 605/286/459 
f 566/247/460 568/249/460 606/287/460 
f 568/249/461 570/251/461 607/288/461 606/287/461 
f 570/251/462 572/253/462 607/288/462 
f 572/253/463 574/255/463 608/289/463 607/288/463 
f 574/255/464 576/257/464 609/290/464 608/289/464 
f 579/260/465 581/262/465 610/291/465 611/292/465 
f 581/262/466 582/263/466 612/293/466 610/291/466 
f 582/263/467 583/264/467 613/294/467 612/293/467 
f 583/264/468 584/265/468 614/295/468 613/294/468 
f 584/265/469 585/266/469 615/296/469 614/295/469 
f 585/266/470 586/267/470 616/297/470 615/296/470 
f 586/267/471 587/268/471 617/298/471 616/297/471 
f 587/268/472 588/269/472 618/299/472 617/298/472 
f 588/269/473 589/270/473 619/300/473 618/299/473 
f 589/270/474 590/271/474 620/301/474 619/300/474 
f 590/271/475 591/272/475 621/302/475 620/301/475 
f 591/272/476 592/273/476 622/303/476 621/302/476 
f 592/273/477 593/274/477 623/304/477 622/303/477 
f 593/274/478 594/275/478 624/305/478 623/304/478 
f 594/275/479 595/276/479 625/306/479 624/305/479 
f 595/276/480 596/277/480 626/307/480 625/306/480 
f 596/277/481 597/278/481 627/308/481 626/307/481 
f 597/278/482 598/279/482 628/309/482 627/308/482 
f 598/279/483 599/280/483 629/310/483 628/309/483 
f 599/280/484 600/281/484 630/311/484 629/310/484 
f 600/281/485 601/282/485 631/312/485 630/311/485 
f 601/282/486 602/283/486 632/313/486 631/312/486 
f 602/283/487 603/284/487 633/314/487 632/313/487 
f 603/284/488 604/285/488 634/315/488 633/314/488 
f 604/285/489 605/286/489 635/316/489 634/315/489 
f 605/286/490 606/287/490 636/317/490 635/316/490 
f 606/287/491 607/288/491 637/318/491 636/317/491 
f 607/288/492 608/289/492 638/319/492 637/318/492 
f 608/289/493 609/290/493 639/320/493 638/319/493 
s 1
f 640/321/494 611/292/495 610/291/494 612/293/495 613/294/495 614/295/494 615/296/494 616/297/494 617/298/495 618/299/494 619/300/495 620/301/496 621/302/496 622/303/496 623/304/495 624/305/495 625/306/496 626/307/496 627/308/497 628/309/494 629/310/496 630/311/498 631/312/494 632/313/494 633/314/497 634/315/497 635/316/494 636/317/497 637/318/496 638/319/497 639/320/495 
s off
f 641/322/499 505/186/499 508/189/499 642/323/499 
f 642/323/500 508/189/500 578/259/500 
f 580/261/501 579/260/501 611/292/501 640/321/501 
f 505/186/502 643/324/502 644/325/502 645/326/502 
f 645/326/503 644/325/503 646/327/503 647/328/503 
f 647/328/504 646/327/504 648/329/504 649/330/504 
f 649/330/505 648/329/505 650/331/505 651/332/505 
f 651/332/506 650/331/506 652/333/506 653/334/506 
f 653/334/507 652/333/507 654/335/507 655/336/507 
f 655/336/508 654/335/508 656/337/508 657/338/508 
f 657/338/509 656/337/509 658/339/509 659/340/509 
f 659/340/510 658/339/510 660/341/510 661/342/510 
f 661/342/511 660/341/511 662/343/511 663/344/511 
f 663/344/512 662/343/512 664/345/512 665/346/512 
f 665/346/513 664/345/513 666/347/513 667/348/513 
f 667/348/514 666/347/514 668/349/514 669/350/514 
f 669/350/515 668/349/515 670/351/515 671/352/515 
f 671/352/516 670/351/516 672/353/516 673/354/516 
f 673/354/517 672/353/517 674/355/517 675/356/517 
f 675/356/518 674/355/518 676/357/518 677/358/518 
f 677/358/519 676/357/519 678/359/519 679/360/519 
f 679/360/520 678/359/520 680/361/520 681/362/520 
f 681/362/521 680/361/521 682/363/521 683/364/521 
f 683/364/522 682/363/522 684/365/522 685/366/522 
f 685/366/523 684/365/523 686/367/523 687/368/523 
f 687/368/524 686/367/524 688/369/524 689/370/524 
f 689/370/525 688/369/525 690/371/525 691/372/525 
f 691/372/526 690/371/526 692/373/526 693/374/526 
f 693/374/527 692/373/527 694/375/527 695/376/527 
f 695/376/528 694/375/528 696/377/528 697/378/528 
f 697/378/529 696/377/529 698/379/529 699/380/529 
f 699/380/530 698/379/530 700/381/530 701/382/530 
f 701/382/531 700/381/531 702/383/531 703/384/531 
f 703/384/532 702/383/532 704/385/532 705/386/532 
f 705/386/533 704/385/533 706/387/533 707/388/533 
f 707/388/534 706/387/534 708/389/534 709/390/534 
f 709/390/535 708/389/535 710/391/535 711/392/535 
f 711/392/536 710/391/536 576/257/536 575/256/536 
f 643/324/537 578/259/537 577/258/537 644/325/537 
f 644/325/538 577/258/538 580/261/538 712/393/538 646/327/538 
f 646/327/539 712/393/539 713/394/539 648/329/539 
f 648/329/540 713/394/540 714/395/540 650/331/540 
f 650/331/541 714/395/541 715/396/541 652/333/541 
f 652/333/542 715/396/542 716/397/542 654/335/542 
f 654/335/543 716/397/543 717/398/543 656/337/543 
f 656/337/544 717/398/544 718/399/544 658/339/544 
f 658/339/545 718/399/545 719/400/545 660/341/545 
f 660/341/546 719/400/546 720/401/546 662/343/546 
f 662/343/547 720/401/547 721/402/547 664/345/547 
f 664/345/548 721/402/548 722/403/548 666/347/548 
f 666/347/549 722/403/549 723/404/549 668/349/549 
f 668/349/550 723/404/550 724/405/550 670/351/550 
f 670/351/551 724/405/551 725/406/551 672/353/551 
f 672/353/552 725/406/552 726/407/552 674/355/552 
f 674/355/553 726/407/553 727/408/553 676/357/553 
f 676/357/554 727/408/554 728/409/554 678/359/554 
f 678/359/555 728/409/555 729/410/555 680/361/555 
f 680/361/556 729/410/556 730/411/556 682/363/556 
f 682/363/557 730/411/557 731/412/557 684/365/557 
f 684/365/558 731/412/558 732/413/558 686/367/558 
f 686/367/559 732/413/559 733/414/559 688/369/559 
f 688/369/560 733/414/560 734/415/560 690/371/560 
f 690/371/561 734/415/561 735/416/561 692/373/561 
f 692/373/562 735/416/562 736/417/562 694/375/562 
f 694/375/563 736/417/563 696/377/563 
f 696/377/564 736/417/564 737/418/564 698/379/564 
f 698/379/565 737/418/565 700/381/565 
f 700/381/566 737/418/566 738/419/566 702/383/566 
f 702/383/567 738/419/567 704/385/567 
f 704/385/568 738/419/568 739/420/568 706/387/568 
f 706/387/569 739/420/569 708/389/569 
f 708/389/570 739/420/570 740/421/570 710/391/570 
f 710/391/571 740/421/571 609/290/571 576/257/571 
f 712/393/572 741/422/572 742/423/572 713/394/572 
f 713/394/573 742/423/573 743/424/573 714/395/573 
f 714/395/574 743/424/574 744/425/574 715/396/574 
f 715/396/575 744/425/575 745/426/575 716/397/575 
f 716/397/576 745/426/576 746/427/576 717/398/576 
f 717/398/577 746/427/577 747/428/577 718/399/577 
f 718/399/578 747/428/578 748/429/578 719/400/578 
f 719/400/579 748/429/579 749/430/579 720/401/579 
f 720/401/580 749/430/580 750/431/580 721/402/580 
f 721/402/581 750/431/581 751/432/581 722/403/581 
f 722/403/582 751/432/582 752/433/582 723/404/582 
f 723/404/583 752/433/583 753/434/583 724/405/583 
f 724/405/584 753/434/584 754/435/584 725/406/584 
f 725/406/585 754/435/585 755/436/585 726/407/585 
f 726/407/586 755/436/586 756/437/586 727/408/586 
f 727/408/587 756/437/587 757/438/587 728/409/587 
f 728/409/588 757/438/588 758/439/588 729/410/588 
f 729/410/589 758/439/589 759/440/589 730/411/589 
f 730/411/590 759/440/590 760/441/590 731/412/590 
f 731/412/591 760/441/591 761/442/591 732/413/591 
f 732/413/592 761/442/592 762/443/592 733/414/592 
f 733/414/593 762/443/593 763/444/593 734/415/593 
f 734/415/594 763/444/594 764/445/594 735/416/594 
f 735/416/595 764/445/595 765/446/595 736/417/595 
f 736/417/596 765/446/596 766/447/596 737/418/596 
f 737/418/597 766/447/597 767/448/597 738/419/597 
f 738/419/598 767/448/598 768/449/598 739/420/598 
f 739/420/599 768/449/599 769/450/599 740/421/599 
f 740/421/600 769/450/600 639/320/600 609/290/600 
s 1
f 640/321/494 639/320/495 769/450/496 768/449/497 767/448/496 766/447/494 765/446/496 764/445/496 763/444/495 762/443/495 761/442/601 760/441/497 759/440/494 758/439/496 757/438/497 756/437/497 755/436/494 754/435/494 753/434/497 752/433/497 751/432/497 750/431/494 749/430/494 748/429/494 747/428/494 746/427/494 745/426/494 744/425/494 743/424/494 742/423/495 741/422/494 
s off
f 641/322/602 642/323/602 643/324/602 505/186/602 
f 642/323/603 578/259/603 643/324/603 
f 580/261/604 640/321/604 741/422/604 712/393/604 
s 1
f 770/451/494 771/452/494 772/453/494 773/454/494 774/455/494 775/456/494 776/457/494 777/458/494 778/459/494 779/460/494 780/461/494 781/462/494 782/463/494 783/464/494 784/465/494 785/466/494 786/467/494 787/468/494 788/469/494 789/470/494 790/471/494 791/472/494 792/473/494 793/474/494 794/475/494 795/476/494 796/477/494 797/478/494 798/479/494 799/480/494 800/481/494 801/482/494 802/483/494 803/484/494 804/485/494 805/486/494 806/487/494 807/488/494 808/489/494 809/490/494 810/491/494 811/492/494 812/493/494 813/494/494 814/495/494 815/496/494 816/497/494 817/498/494 818/499/494 819/500/494 820/501/494 821/502/494 822/503/494 823/504/494 824/505/494 825/506/494 
s off
f 826/507/605 827/508/605 771/452/605 770/451/605 
f 827/508/606 828/509/606 772/453/606 771/452/606 
f 828/509/607 829/510/607 773/454/607 772/453/607 
f 829/510/608 830/511/608 774/455/608 773/454/608 
f 830/511/609 831/512/609 775/456/609 774/455/609 
f 831/512/610 832/513/610 776/457/610 775/456/610 
f 832/513/611 833/514/611 777/458/611 776/457/611 
f 833/514/612 834/515/612 778/459/612 777/458/612 
f 834/515/613 835/516/613 779/460/613 778/459/613 
f 835/516/614 836/517/614 780/461/614 779/460/614 
f 836/517/615 837/518/615 781/462/615 780/461/615 
f 837/518/616 838/519/616 782/463/616 781/462/616 
f 838/519/617 839/520/617 783/464/617 782/463/617 
f 839/520/618 840/521/618 784/465/618 783/464/618 
f 840/521/619 841/522/619 785/466/619 784/465/619 
f 841/522/620 842/523/620 786/467/620 785/466/620 
f 842/523/621 843/524/621 787/468/621 786/467/621 
f 843/524/622 844/525/622 788/469/622 787/468/622 
f 844/525/623 845/526/623 789/470/623 788/469/623 
f 845/526/624 846/527/624 790/471/624 789/470/624 
f 846/527/625 847/528/625 791/472/625 790/471/625 
f 847/528/626 848/529/626 792/473/626 791/472/626 
f 848/529/627 849/530/627 793/474/627 792/473/627 
f 849/530/628 850/531/628 794/475/628 793/474/628 
f 850/531/629 851/532/629 795/476/629 794/475/629 
f 851/532/630 852/533/630 796/477/630 795/476/630 
f 852/533/631 853/534/631 797/478/631 796/477/631 
f 853/534/632 854/535/632 798/479/632 797/478/632 
f 854/535/633 855/536/633 799/480/633 798/479/633 
f 855/536/634 856/537/634 800/481/634 799/480/634 
f 856/537/635 857/538/635 801/482/635 800/481/635 
f 857/538/636 858/539/636 802/483/636 801/482/636 
f 858/539/637 859/540/637 803/484/637 802/483/637 
f 859/540/638 860/541/638 804/485/638 803/484/638 
f 860/541/639 861/542/639 805/486/639 804/485/639 
f 861/542/640 862/543/640 806/487/640 805/486/640 
f 862/543/641 863/544/641 807/488/641 806/487/641 
f 863/544/642 864/545/642 808/489/642 807/488/642 
f 864/545/643 865/546/643 809/490/643 808/489/643 
f 865/546/644 866/547/644 810/491/644 809/490/644 
f 866/547/645 867/548/645 811/492/645 810/491/645 
f 867/548/646 868/549/646 812/493/646 811/492/646 
f 868/549/647 869/550/647 813/494/647 812/493/647 
f 869/550/648 870/551/648 814/495/648 813/494/648 
f 870/551/649 871/552/649 815/496/649 814/495/649 
f 871/552/650 872/553/650 816/497/650 815/496/650 
f 872/553/651 873/554/651 817/498/651 816/497/651 
f 873/554/652 874/555/652 818/499/652 817/498/652 
f 874/555/653 875/556/653 819/500/653 818/499/653 
f 875/556/654 876/557/654 820/501/654 819/500/654 
f 876/557/655 877/558/655 821/502/655 820/501/655 
f 877/558/656 878/559/656 822/503/656 821/502/656 
f 878/559/657 879/560/657 823/504/657 822/503/657 
f 879/560/658 880/561/658 824/505/658 823/504/658 
f 880/561/659 881/562/659 825/506/659 824/505/659 
f 881/562/660 826/507/660 770/451/660 825/506/660 
s 1
f 882/563/494 883/564/494 884/565/494 885/566/494 886/567/494 887/568/494 888/569/494 889/570/494 890/571/494 891/572/494 892/573/494 893/574/494 894/575/494 895/576/494 896/577/494 897/578/494 898/579/494 899/580/494 900/581/494 901/582/494 902/583/494 903/584/494 904/585/494 905/586/494 906/587/494 907/588/494 908/589/494 909/590/494 910/591/494 911/592/494 912/593/494 913/594/494 914/595/494 915/596/494 916/597/494 917/598/494 918/599/494 919/600/494 920/601/494 921/602/494 922/603/494 923/604/494 924/605/494 925/606/494 926/607/494 927/608/494 928/609/494 929/610/494 930/611/494 931/612/494 932/613/494 933/614/494 934/615/494 935/616/494 936/617/494 937/618/494 938/619/494 939/620/494 940/621/494 941/622/494 942/623/494 943/624/494 944/625/494 945/626/494 946/627/494 947/628/494 948/629/494 949/630/494 950/631/494 951/632/494 952/633/494 953/634/494 954/635/494 955/636/494 956/637/494 957/638/494 958/639/494 959/640/494 960/641/494 961/642/494 962/643/494 963/644/494 964/645/494 965/646/494 966/647/494 967/648/494 968/649/494 969/650/494 970/651/494 971/652/494 972/653/494 973/654/494 974/655/494 975/656/494 976/657/494 977/658/494 978/659/494 979/660/494 980/661/494 981/662/494 982/663/494 983/664/494 984/665/494 985/666/494 986/667/494 987/668/494 988/669/494 989/670/494 990/671/494 991/672/494 992/673/494 993/674/494 994/675/494 995/676/494 996/677/494 997/678/494 998/679/494 999/680/494 1000/681/494 1001/682/494 1002/683/494 1003/684/494 1004/685/494 1005/686/494 1006/687/494 1007/688/494 1008/689/494 1009/690/494 1010/691/494 1011/692/494 1012/693/494 1013/694/494 1014/695/494 1015/696/494 1016/697/494 1017/698/494 1018/699/494 1019/700/494 1020/701/494 1021/702/494 1022/703/494 1023/704/494 1024/705/494 1025/706/494 1026/707/494 1027/708/494 1028/709/494 1029/710/494 1030/711/494 1031/712/494 1032/713/494 1033/714/494 1034/715/494 1035/716/494 1036/717/494 1037/718/494 1038/719/494 
s off
f 1039/720/661 1040/721/661 920/601/661 919/600/661 
f 1040/721/662 1041/722/662 921/602/662 920/601/662 
f 1041/722/663 1042/723/663 922/603/663 921/602/663 
f 1042/723/664 1043/724/664 923/604/664 922/603/664 
f 1043/724/665 1044/725/665 924/605/665 923/604/665 
f 1044/725/666 1045/726/666 925/606/666 924/605/666 
f 1045/726/667 1046/727/667 926/607/667 925/606/667 
f 1046/727/668 1047/728/668 927/608/668 926/607/668 
f 1047/728/669 1048/729/669 928/609/669 927/608/669 
f 1048/729/670 1049/730/670 929/610/670 928/609/670 
f 1049/730/671 1050/731/671 930/611/671 929/610/671 
f 1050/731/672 1051/732/672 931/612/672 930/611/672 
f 1051/732/673 1052/733/673 932/613/673 931/612/673 
f 1052/733/674 1053/734/674 933/614/674 932/613/674 
f 1053/734/675 1054/735/675 934/615/675 933/614/675 
f 1054/735/676 1055/736/676 935/616/676 934/615/676 
f 1055/736/677 1056/737/677 936/617/677 935/616/677 
f 1056/737/678 1057/738/678 937/618/678 936/617/678 
f 1057/738/679 1058/739/679 938/619/679 937/618/679 
f 1058/739/680 1059/740/680 939/620/680 938/619/680 
f 1059/740/681 1060/741/681 940/621/681 939/620/681 
f 1060/741/682 1061/742/682 941/622/682 940/621/682 
f 1061/742/683 1062/743/683 942/623/683 941/622/683 
f 1062/743/684 1063/744/684 943/624/684 942/623/684 
f 1063/744/685 1064/745/685 944/625/685 943/624/685 
f 1064/745/686 1065/746/686 945/626/686 944/625/686 
f 1065/746/687 1066/747/687 946/627/687 945/626/687 
f 1066/747/688 1067/748/688 947/628/688 946/627/688 
f 1067/748/689 1068/749/689 948/629/689 947/628/689 
f 1068/749/690 1069/750/690 949/630/690 948/629/690 
f 1069/750/691 1070/751/691 950/631/691 949/630/691 
f 1070/751/692 1071/752/692 951/632/692 950/631/692 
f 1071/752/693 1072/753/693 952/633/693 951/632/693 
f 1072/753/694 1073/754/694 953/634/694 952/633/694 
f 1073/754/695 1074/755/695 954/635/695 953/634/695 
f 1074/755/696 1075/756/696 955/636/696 954/635/696 
f 1075/756/697 1076/757/697 956/637/697 955/636/697 
f 1076/757/698 1077/758/698 957/638/698 956/637/698 
f 1077/758/699 1078/759/699 958/639/699 957/638/699 
f 1078/759/700 1079/760/700 959/640/700 958/639/700 
f 1079/760/701 1080/761/701 960/641/701 959/640/701 
f 1080/761/702 1081/762/702 961/642/702 960/641/702 
f 1081/762/703 1082/763/703 962/643/703 961/642/703 
f 1082/763/704 1083/764/704 963/644/704 962/643/704 
f 1083/764/705 1084/765/705 964/645/705 963/644/705 
f 1084/765/706 1085/766/706 965/646/706 964/645/706 
f 1085/766/707 1086/767/707 966/647/707 965/646/707 
f 1086/767/708 1087/768/708 967/648/708 966/647/708 
f 1087/768/709 1088/769/709 968/649/709 967/648/709 
f 1088/769/710 1089/770/710 969/650/710 968/649/710 
f 1089/770/711 1090/771/711 970/651/711 969/650/711 
f 1090/771/712 1091/772/712 971/652/712 970/651/712 
f 1091/772/713 1092/773/713 972/653/713 971/652/713 
f 1092/773/714 1093/774/714 973/654/714 972/653/714 
f 1093/774/715 1094/775/715 974/655/715 973/654/715 
f 1094/775/716 1095/776/716 975/656/716 974/655/716 
f 1095/776/717 1096/777/717 976/657/717 975/656/717 
f 1096/777/718 1097/778/718 977/658/718 976/657/718 
f 1097/778/719 1098/779/719 978/659/719 977/658/719 
f 1098/779/720 1099/780/720 979/660/720 978/659/720 
f 1099/780/721 1100/781/721 980/661/721 979/660/721 
f 1100/781/722 1101/782/722 981/662/722 980/661/722 
f 1101/782/723 1102/783/723 982/663/723 981/662/723 
f 1102/783/724 1103/784/724 983/664/724 982/663/724 
f 1103/784/725 1104/785/725 984/665/725 983/664/725 
f 1104/785/726 1105/786/726 985/666/726 984/665/726 
f 1105/786/727 1106/787/727 986/667/727 985/666/727 
f 1106/787/728 1107/788/728 987/668/728 986/667/728 
f 1107/788/729 1108/789/729 988/669/729 987/668/729 
f 1108/789/730 1109/790/730 989/670/730 988/669/730 
f 1109/790/731 1110/791/731 990/671/731 989/670/731 
f 1110/791/732 1111/792/732 991/672/732 990/671/732 
f 1111/792/733 1112/793/733 992/673/733 991/672/733 
f 1112/793/734 1113/794/734 993/674/734 992/673/734 
f 1113/794/735 1114/795/735 994/675/735 993/674/735 
f 1114/795/736 1115/796/736 995/676/736 994/675/736 
f 1115/796/737 1116/797/737 996/677/737 995/676/737 
f 1116/797/738 1117/798/738 997/678/738 996/677/738 
f 1117/798/739 1118/799/739 998/679/739 997/678/739 
f 1118/799/740 1119/800/740 999/680/740 998/679/740 
f 1119/800/741 1120/801/741 1000/681/741 999/680/741 
f 1120/801/742 1121/802/742 1001/682/742 1000/681/742 
f 1121/802/743 1122/803/743 1002/683/743 1001/682/743 
f 1122/803/744 1123/804/744 1003/684/744 1002/683/744 
f 1123/804/745 1124/805/745 1004/685/745 1003/684/745 
f 1124/805/746 1125/806/746 1005/686/746 1004/685/746 
f 1125/806/747 1126/807/747 1006/687/747 1005/686/747 
f 1126/807/748 1127/808/748 1007/688/748 1006/687/748 
f 1127/808/749 1128/809/749 1008/689/749 1007/688/749 
f 1128/809/750 1129/810/750 1009/690/750 1008/689/750 
f 1129/810/751 1130/811/751 1010/691/751 1009/690/751 
f 1130/811/752 1131/812/752 1011/692/752 1010/691/752 
f 1131/812/753 1132/813/753 1012/693/753 1011/692/753 
f 1132/813/754 1133/814/754 1013/694/754 1012/693/754 
f 1133/814/755 1134/815/755 1014/695/755 1013/694/755 
f 1134/815/756 1135/816/756 1015/696/756 1014/695/756 
f 1135/816/757 1136/817/757 1016/697/757 1015/696/757 
f 1136/817/758 1137/818/758 1017/698/758 1016/697/758 
f 1137/818/759 1138/819/759 1018/699/759 1017/698/759 
f 1138/819/760 1139/820/760 1019/700/760 1018/699/760 
f 1139/820/761 1140/821/761 1020/701/761 1019/700/761 
f 1140/821/762 1141/822/762 1021/702/762 1020/701/762 
f 1141/822/763 1142/823/763 1022/703/763 1021/702/763 
f 1142/823/764 1143/824/764 1023/704/764 1022/703/764 
f 1143/824/765 1144/825/765 1024/705/765 1023/704/765 
f 1144/825/766 1145/826/766 1025/706/766 1024/705/766 
f 1145/826/767 1146/827/767 1026/707/767 1025/706/767 
f 1146/827/768 1147/828/768 1027/708/768 1026/707/768 
f 1147/828/769 1148/829/769 1028/709/769 1027/708/769 
f 1148/829/770 1149/830/770 1029/710/770 1028/709/770 
f 1149/830/771 1150/831/771 1030/711/771 1029/710/771 
f 1150/831/772 1151/832/772 1031/712/772 1030/711/772 
f 1151/832/773 1152/833/773 1032/713/773 1031/712/773 
f 1152/833/774 1153/834/774 1033/714/774 1032/713/774 
f 1153/834/775 1154/835/775 1034/715/775 1033/714/775 
f 1154/835/776 1155/836/776 1035/716/776 1034/715/776 
f 1155/836/777 1156/837/777 1036/717/777 1035/716/777 
f 1156/837/778 1157/838/778 1037/718/778 1036/717/778 
f 1157/838/779 1158/839/779 1038/719/779 1037/718/779 
f 1158/839/780 1159/840/780 882/563/780 1038/719/780 
f 1159/840/781 1160/841/781 883/564/781 882/563/781 
f 1160/841/782 1161/842/782 884/565/782 883/564/782 
f 1161/842/783 1162/843/783 885/566/783 884/565/783 
f 1162/843/784 1163/844/784 886/567/784 885/566/784 
f 1163/844/785 1164/845/785 887/568/785 886/567/785 
f 1164/845/786 1165/846/786 888/569/786 887/568/786 
f 1165/846/787 1166/847/787 889/570/787 888/569/787 
f 1166/847/788 1167/848/788 890/571/788 889/570/788 
f 1167/848/789 1168/849/789 891/572/789 890/571/789 
f 1168/849/790 1169/850/790 892/573/790 891/572/790 
f 1169/850/791 1170/851/791 893/574/791 892/573/791 
f 1170/851/792 1171/852/792 894/575/792 893/574/792 
f 1171/852/793 1172/853/793 895/576/793 894/575/793 
f 1172/853/794 1173/854/794 896/577/794 895/576/794 
f 1173/854/795 1174/855/795 897/578/795 896/577/795 
f 1174/855/796 1175/856/796 898/579/796 897/578/796 
f 1175/856/797 1176/857/797 899/580/797 898/579/797 
f 1176/857/798 1177/858/798 900/581/798 899/580/798 
f 1177/858/799 1178/859/799 901/582/799 900/581/799 
f 1178/859/800 1179/860/800 902/583/800 901/582/800 
f 1179/860/801 1180/861/801 903/584/801 902/583/801 
f 1180/861/802 1181/862/802 904/585/802 903/584/802 
f 1181/862/803 1182/863/803 905/586/803 904/585/803 
f 1182/863/804 1183/864/804 906/587/804 905/586/804 
f 1183/864/805 1184/865/805 907/588/805 906/587/805 
f 1184/865/806 1185/866/806 908/589/806 907/588/806 
f 1185/866/807 1186/867/807 909/590/807 908/589/807 
f 1186/867/808 1187/868/808 910/591/808 909/590/808 
f 1187/868/809 1188/869/809 911/592/809 910/591/809 
f 1188/869/810 1189/870/810 912/593/810 911/592/810 
f 1189/870/811 1190/871/811 913/594/811 912/593/811 
f 1190/871/812 1191/872/812 914/595/812 913/594/812 
f 1191/872/813 1192/873/813 915/596/813 914/595/813 
f 1192/873/814 1193/874/814 916/597/814 915/596/814 
f 1193/874/815 1194/875/815 917/598/815 916/597/815 
f 1194/875/816 1195/876/816 918/599/816 917/598/816 
f 1195/876/817 1039/720/817 919/600/817 918/599/817 
s 8
f 1196/877/818 1197/878/819 1198/879/819 1199/880/820 
f 1197/878/819 1200/881/821 1201/882/821 1198/879/819 
f 1200/881/821 1202/883/822 1203/884/822 1201/882/821 
f 1202/883/822 1204/885/823 1205/886/823 1203/884/822 
f 1204/885/823 1206/887/824 1207/888/824 1205/886/823 
f 1206/887/824 1208/889/825 1209/890/825 1207/888/824 
f 1208/889/825 1210/891/826 1211/892/826 1209/890/825 
f 1210/891/826 1212/893/827 1213/894/827 1211/892/826 
f 1212/893/827 1214/895/145 1215/896/145 1213/894/827 
f 1214/895/145 1216/897/828 1217/898/828 1215/896/145 
f 1216/899/828 1218/900/829 1219/901/829 1217/902/828 
f 1218/900/829 1220/903/830 1221/904/830 1219/901/829 
f 1220/903/830 1222/905/831 1223/906/831 1221/904/830 
f 1222/905/831 1224/907/832 1225/908/832 1223/906/831 
f 1224/907/832 1226/909/833 1227/910/833 1225/908/832 
f 1226/909/833 1228/911/834 1229/912/834 1227/910/833 
f 1228/911/834 1230/913/835 1231/914/835 1229/912/834 
f 1230/913/835 1232/915/836 1233/916/836 1231/914/835 
f 1232/915/836 1234/917/837 1235/918/837 1233/916/836 
f 1234/917/837 1236/919/838 1237/920/838 1235/918/837 
f 1236/919/838 1238/921/839 1239/922/839 1237/920/838 
f 1238/921/839 1240/923/840 1241/924/840 1239/922/839 
f 1240/923/840 1242/925/841 1243/926/841 1241/924/840 
f 1242/925/841 1244/927/842 1245/928/842 1243/926/841 
f 1244/927/842 1246/929/843 1247/930/843 1245/928/842 
f 1246/929/843 1248/931/844 1249/932/844 1247/930/843 
f 1248/931/844 1250/933/845 1251/934/845 1249/932/844 
f 1250/933/845 1252/935/846 1253/936/846 1251/934/845 
f 1252/935/846 1254/937/847 1255/938/847 1253/936/846 
f 1254/937/847 1256/939/848 1257/940/848 1255/938/847 
f 1256/939/848 1258/941/849 1259/942/849 1257/940/848 
f 1258/941/849 1260/943/850 1261/944/850 1259/942/849 
f 1260/943/850 1262/945/851 1263/946/851 1261/944/850 
f 1262/945/851 1264/947/852 1265/948/852 1263/946/851 
f 1264/947/852 1266/949/853 1267/950/853 1265/948/852 
f 1266/949/853 1196/877/818 1199/880/820 1267/950/853 
f 1199/880/820 1198/879/819 1268/951/819 1269/952/820 
f 1198/879/819 1201/882/821 1270/953/821 1268/951/819 
f 1201/882/821 1203/884/822 1271/954/822 1270/953/821 
f 1203/884/822 1205/886/823 1272/955/823 1271/954/822 
f 1205/886/823 1207/888/824 1273/956/824 1272/955/823 
f 1207/888/824 1209/890/825 1274/957/825 1273/956/824 
f 1209/890/825 1211/892/826 1275/958/826 1274/957/825 
f 1211/892/826 1213/894/827 1276/959/827 1275/958/826 
f 1213/894/827 1215/896/145 1277/960/145 1276/959/827 
f 1215/896/145 1217/898/828 1278/961/828 1277/960/145 
f 1217/902/828 1219/901/829 1279/962/829 1278/963/828 
f 1219/901/829 1221/904/830 1280/964/830 1279/962/829 
f 1221/904/830 1223/906/831 1281/965/831 1280/964/830 
f 1223/906/831 1225/908/832 1282/966/832 1281/965/831 
f 1225/908/832 1227/910/833 1283/967/833 1282/966/832 
f 1227/910/833 1229/912/834 1284/968/834 1283/967/833 
f 1229/912/834 1231/914/835 1285/969/835 1284/968/834 
f 1231/914/835 1233/916/836 1286/970/836 1285/969/835 
f 1233/916/836 1235/918/837 1287/971/837 1286/970/836 
f 1235/918/837 1237/920/838 1288/972/838 1287/971/837 
f 1237/920/838 1239/922/839 1289/973/839 1288/972/838 
f 1239/922/839 1241/924/840 1290/974/840 1289/973/839 
f 1241/924/840 1243/926/841 1291/975/841 1290/974/840 
f 1243/926/841 1245/928/842 1292/976/842 1291/975/841 
f 1245/928/842 1247/930/843 1293/977/843 1292/976/842 
f 1247/930/843 1249/932/844 1294/978/844 1293/977/843 
f 1249/932/844 1251/934/845 1295/979/845 1294/978/844 
f 1251/934/845 1253/936/846 1296/980/846 1295/979/845 
f 1253/936/846 1255/938/847 1297/981/847 1296/980/846 
f 1255/938/847 1257/940/848 1298/982/848 1297/981/847 
f 1257/940/848 1259/942/849 1299/983/849 1298/982/848 
f 1259/942/849 1261/944/850 1300/984/850 1299/983/849 
f 1261/944/850 1263/946/851 1301/985/851 1300/984/850 
f 1263/946/851 1265/948/852 1302/986/852 1301/985/851 
f 1265/948/852 1267/950/853 1303/987/853 1302/986/852 
f 1267/950/853 1199/880/820 1269/952/820 1303/987/853 
f 1269/952/820 1268/951/819 1304/988/819 1305/989/820 
f 1268/951/819 1270/953/821 1306/990/821 1304/988/819 
f 1270/953/821 1271/954/822 1307/991/822 1306/990/821 
f 1271/954/822 1272/955/823 1308/992/823 1307/991/822 
f 1272/955/823 1273/956/824 1309/993/824 1308/992/823 
f 1273/956/824 1274/957/825 1310/994/825 1309/993/824 
f 1274/957/825 1275/958/826 1311/995/826 1310/994/825 
f 1275/958/826 1276/959/827 1312/996/827 1311/995/826 
f 1276/959/827 1277/960/145 1313/997/145 1312/996/827 
f 1277/960/145 1278/961/828 1314/998/828 1313/997/145 
f 1278/963/828 1279/962/829 1315/999/829 1314/1000/828 
f 1279/962/829 1280/964/830 1316/1001/830 1315/999/829 
f 1280/964/830 1281/965/831 1317/1002/831 1316/1001/830 
f 1281/965/831 1282/966/832 1318/1003/832 1317/1002/831 
f 1282/966/832 1283/967/833 1319/1004/833 1318/1003/832 
f 1283/967/833 1284/968/834 1320/1005/834 1319/1004/833 
f 1284/968/834 1285/969/835 1321/1006/835 1320/1005/834 
f 1285/969/835 1286/970/836 1322/1007/836 1321/1006/835 
f 1286/970/836 1287/971/837 1323/1008/837 1322/1007/836 
f 1287/971/837 1288/972/838 1324/1009/838 1323/1008/837 
f 1288/972/838 1289/973/839 1325/1010/839 1324/1009/838 
f 1289/973/839 1290/974/840 1326/1011/840 1325/1010/839 
f 1290/974/840 1291/975/841 1327/1012/841 1326/1011/840 
f 1291/975/841 1292/976/842 1328/1013/842 1327/1012/841 
f 1292/976/842 1293/977/843 1329/1014/843 1328/1013/842 
f 1293/977/843 1294/978/844 1330/1015/844 1329/1014/843 
f 1294/978/844 1295/979/845 1331/1016/845 1330/1015/844 
f 1295/979/845 1296/980/846 1332/1017/846 1331/1016/845 
f 1296/980/846 1297/981/847 1333/1018/847 1332/1017/846 
f 1297/981/847 1298/982/848 1334/1019/848 1333/1018/847 
f 1298/982/848 1299/983/849 1335/1020/849 1334/1019/848 
f 1299/983/849 1300/984/850 1336/1021/850 1335/1020/849 
f 1300/984/850 1301/985/851 1337/1022/851 1336/1021/850 
f 1301/985/851 1302/986/852 1338/1023/852 1337/1022/851 
f 1302/986/852 1303/987/853 1339/1024/853 1338/1023/852 
f 1303/987/853 1269/952/820 1305/989/820 1339/1024/853 
s 1
f 1266/1025/854 1264/947/854 1262/945/854 1260/943/854 1258/941/854 1256/939/854 1254/937/854 1252/935/854 1250/933/854 1248/931/854 1246/929/854 1244/927/854 1242/925/854 1240/923/854 1238/921/854 1236/919/854 1234/917/854 1232/915/854 1230/913/854 1228/911/854 1226/909/854 1224/907/854 1222/905/854 1220/903/854 1218/900/854 1216/899/854 1214/150/854 1212/1026/854 1210/1027/854 1208/1028/854 1206/1029/854 1204/1030/854 1202/1031/854 1200/1032/854 1197/1033/854 1196/1034/854 
f 1305/1035/494 1304/988/494 1306/990/494 1307/991/494 1308/992/494 1309/993/494 1310/994/494 1311/995/494 1312/996/494 1313/997/494 1314/998/494 1315/1036/494 1316/1037/494 1317/1038/494 1318/1039/494 1319/1040/494 1320/1041/494 1321/1042/494 1322/1043/494 1323/1044/494 1324/1045/494 1325/1046/494 1326/1047/494 1327/1048/494 1328/1049/494 1329/1050/494 1330/1051/494 1331/1052/494 1332/1053/494 1333/1054/494 1334/1055/494 1335/1056/494 1336/1057/494 1337/1058/494 1338/1059/494 1339/1060/494 
f 1340/1061/855 1341/1062/856 1342/1063/857 1343/1064/858 
f 1341/1062/856 1344/1065/859 1345/1066/860 1342/1063/857 
f 1344/1065/859 1346/1067/861 1347/1068/862 1345/1066/860 
f 1346/1067/861 1348/1069/863 1349/1070/864 1347/1068/862 
f 1348/1069/863 1350/1071/865 1351/1072/866 1349/1070/864 
f 1350/1071/865 1352/1073/146 1353/1074/867 1351/1072/866 
f 1352/1073/146 1354/1075/868 1355/1076/869 1353/1074/867 
f 1354/1075/868 1356/1077/870 1357/1078/871 1355/1076/869 
f 1356/1077/870 1358/1079/872 1359/1080/873 1357/1078/871 
f 1358/1079/872 1360/1081/874 1361/1082/875 1359/1080/873 
f 1360/1081/874 1362/1083/876 1363/1084/877 1361/1082/875 
f 1362/1083/876 1340/1085/855 1343/1086/858 1363/1084/877 
f 1343/1064/858 1342/1063/857 1364/1087/878 1365/1088/879 
f 1342/1063/857 1345/1066/860 1366/1089/880 1364/1087/878 
f 1345/1066/860 1347/1068/862 1367/1090/881 1366/1089/880 
f 1347/1068/862 1349/1070/864 1368/1091/882 1367/1090/881 
f 1349/1070/864 1351/1072/866 1369/1092/883 1368/1091/882 
f 1351/1072/866 1353/1074/867 1370/1093/884 1369/1092/883 
f 1353/1074/867 1355/1076/869 1371/1094/885 1370/1093/884 
f 1355/1076/869 1357/1078/871 1372/1095/886 1371/1094/885 
f 1357/1078/871 1359/1080/873 1373/1096/887 1372/1095/886 
f 1359/1080/873 1361/1082/875 1374/1097/888 1373/1096/887 
f 1361/1082/875 1363/1084/877 1375/1098/889 1374/1097/888 
f 1363/1084/877 1343/1086/858 1365/1099/879 1375/1098/889 
f 1365/1088/879 1364/1087/878 1376/1100/890 1377/1101/891 
f 1364/1087/878 1366/1089/880 1378/1102/892 1376/1100/890 
f 1366/1089/880 1367/1090/881 1379/1103/893 1378/1102/892 
f 1367/1090/881 1368/1091/882 1380/1104/894 1379/1103/893 
f 1368/1091/882 1369/1092/883 1381/1105/895 1380/1104/894 
f 1369/1092/883 1370/1093/884 1382/1106/896 1381/1105/895 
f 1370/1093/884 1371/1094/885 1383/1107/897 1382/1106/896 
f 1371/1094/885 1372/1095/886 1384/1108/898 1383/1107/897 
f 1372/1095/886 1373/1096/887 1385/1109/899 1384/1108/898 
f 1373/1096/887 1374/1097/888 1386/1110/900 1385/1109/899 
f 1374/1097/888 1375/1098/889 1387/1111/901 1386/1110/900 
f 1375/1098/889 1365/1099/879 1377/1112/891 1387/1111/901 
f 1377/1101/891 1376/1100/890 1388/1113/902 1389/1114/822 
f 1376/1100/890 1378/1102/892 1390/1115/903 1388/1113/902 
f 1378/1102/892 1379/1103/893 1391/1116/904 1390/1115/903 
f 1379/1103/893 1380/1104/894 1392/1117/905 1391/1116/904 
f 1380/1104/894 1381/1105/895 1393/1118/906 1392/1117/905 
f 1381/1105/895 1382/1106/896 1394/1119/839 1393/1118/906 
f 1382/1106/896 1383/1107/897 1395/1120/907 1394/1119/839 
f 1383/1107/897 1384/1108/898 1396/1121/908 1395/1120/907 
f 1384/1108/898 1385/1109/899 1397/1122/909 1396/1121/908 
f 1385/1109/899 1386/1110/900 1398/1123/910 1397/1122/909 
f 1386/1110/900 1387/1111/901 1399/1124/911 1398/1123/910 
f 1387/1111/901 1377/1112/891 1389/1125/822 1399/1124/911 
f 1389/1114/822 1388/1113/902 1400/1126/912 1401/1127/913 
f 1388/1113/902 1390/1115/903 1402/1128/914 1400/1126/912 
f 1390/1115/903 1391/1116/904 1403/1129/915 1402/1128/914 
f 1391/1116/904 1392/1117/905 1404/1130/916 1403/1129/915 
f 1392/1117/905 1393/1118/906 1405/1131/917 1404/1130/916 
f 1393/1118/906 1394/1119/839 1406/1132/918 1405/1131/917 
f 1394/1119/839 1395/1120/907 1407/1133/919 1406/1132/918 
f 1395/1120/907 1396/1121/908 1408/1134/920 1407/1133/919 
f 1396/1121/908 1397/1122/909 1409/1135/921 1408/1134/920 
f 1397/1122/909 1398/1123/910 1410/1136/922 1409/1135/921 
f 1398/1123/910 1399/1124/911 1411/1137/923 1410/1136/922 
f 1399/1124/911 1389/1125/822 1401/1138/913 1411/1137/923 
f 1401/1127/913 1400/1126/912 1412/1139/924 1413/1140/925 
f 1400/1126/912 1402/1128/914 1414/1141/926 1412/1139/924 
f 1402/1128/914 1403/1129/915 1415/1142/927 1414/1141/926 
f 1403/1129/915 1404/1130/916 1416/1143/928 1415/1142/927 
f 1404/1130/916 1405/1131/917 1417/1144/929 1416/1143/928 
f 1405/1131/917 1406/1132/918 1418/1145/930 1417/1144/929 
f 1406/1132/918 1407/1133/919 1419/1146/931 1418/1145/930 
f 1407/1133/919 1408/1134/920 1420/1147/932 1419/1146/931 
f 1408/1134/920 1409/1135/921 1421/1148/933 1420/1147/932 
f 1409/1135/921 1410/1136/922 1422/1149/934 1421/1148/933 
f 1410/1136/922 1411/1137/923 1423/1150/935 1422/1149/934 
f 1411/1137/923 1401/1138/913 1413/1151/925 1423/1150/935 
f 1413/1140/925 1412/1139/924 1424/1152/936 1425/1153/937 
f 1412/1139/924 1414/1141/926 1426/1154/938 1424/1152/936 
f 1414/1141/926 1415/1142/927 1427/1155/939 1426/1154/938 
f 1415/1142/927 1416/1143/928 1428/1156/940 1427/1155/939 
f 1416/1143/928 1417/1144/929 1429/1157/941 1428/1156/940 
f 1417/1144/929 1418/1145/930 1430/1158/942 1429/1157/941 
f 1418/1145/930 1419/1146/931 1431/1159/943 1430/1158/942 
f 1419/1146/931 1420/1147/932 1432/1160/944 1431/1159/943 
f 1420/1147/932 1421/1148/933 1433/1161/945 1432/1160/944 
f 1421/1148/933 1422/1149/934 1434/1162/946 1433/1161/945 
f 1422/1149/934 1423/1150/935 1435/1163/947 1434/1162/946 
f 1423/1150/935 1413/1151/925 1425/1164/937 1435/1163/947 
f 1425/1153/937 1424/1152/936 1436/1165/948 1437/1166/851 
f 1424/1152/936 1426/1154/938 1438/1167/949 1436/1165/948 
f 1426/1154/938 1427/1155/939 1439/1168/950 1438/1167/949 
f 1427/1155/939 1428/1156/940 1440/1169/951 1439/1168/950 
f 1428/1156/940 1429/1157/941 1441/1170/952 1440/1169/951 
f 1429/1157/941 1430/1158/942 1442/1171/953 1441/1170/952 
f 1430/1158/942 1431/1159/943 1443/1172/954 1442/1171/953 
f 1431/1159/943 1432/1160/944 1444/1173/955 1443/1172/954 
f 1432/1160/944 1433/1161/945 1445/1174/956 1444/1173/955 
f 1433/1161/945 1434/1162/946 1446/1175/957 1445/1174/956 
f 1434/1162/946 1435/1163/947 1447/1176/958 1446/1175/957 
f 1435/1163/947 1425/1164/937 1437/1177/851 1447/1176/958 
f 1437/1166/851 1436/1165/948 1448/1178/959 1449/1179/960 
f 1436/1165/948 1438/1167/949 1450/1180/961 1448/1178/959 
f 1438/1167/949 1439/1168/950 1451/1181/962 1450/1180/961 
f 1439/1168/950 1440/1169/951 1452/1182/963 1451/1181/962 
f 1440/1169/951 1441/1170/952 1453/1183/964 1452/1182/963 
f 1441/1170/952 1442/1171/953 1454/1184/965 1453/1183/964 
f 1442/1171/953 1443/1172/954 1455/1185/966 1454/1184/965 
f 1443/1172/954 1444/1173/955 1456/1186/967 1455/1185/966 
f 1444/1173/955 1445/1174/956 1457/1187/968 1456/1186/967 
f 1445/1174/956 1446/1175/957 1458/1188/969 1457/1187/968 
f 1446/1175/957 1447/1176/958 1459/1189/970 1458/1188/969 
f 1447/1176/958 1437/1177/851 1449/1190/960 1459/1189/970 
f 1449/1179/960 1448/1178/959 1460/1191/971 1461/1192/972 
f 1448/1178/959 1450/1180/961 1462/1193/973 1460/1191/971 
f 1450/1180/961 1451/1181/962 1463/1194/974 1462/1193/973 
f 1451/1181/962 1452/1182/963 1464/1195/975 1463/1194/974 
f 1452/1182/963 1453/1183/964 1465/1196/976 1464/1195/975 
f 1453/1183/964 1454/1184/965 1466/1197/977 1465/1196/976 
f 1454/1184/965 1455/1185/966 1467/1198/978 1466/1197/977 
f 1455/1185/966 1456/1186/967 1468/1199/979 1467/1198/978 
f 1456/1186/967 1457/1187/968 1469/1200/980 1468/1199/979 
f 1457/1187/968 1458/1188/969 1470/1201/981 1469/1200/980 
f 1458/1188/969 1459/1189/970 1471/1202/982 1470/1201/981 
f 1459/1189/970 1449/1190/960 1461/1203/972 1471/1202/982 
f 1461/1192/972 1460/1191/971 1472/1204/983 1473/1205/984 
f 1460/1191/971 1462/1193/973 1474/1206/985 1472/1204/983 
f 1462/1193/973 1463/1194/974 1475/1207/986 1474/1206/985 
f 1463/1194/974 1464/1195/975 1476/1208/987 1475/1207/986 
f 1464/1195/975 1465/1196/976 1477/1209/988 1476/1208/987 
f 1465/1196/976 1466/1197/977 1478/1210/989 1477/1209/988 
f 1466/1197/977 1467/1198/978 1479/1211/990 1478/1210/989 
f 1467/1198/978 1468/1199/979 1480/1212/991 1479/1211/990 
f 1468/1199/979 1469/1200/980 1481/1213/992 1480/1212/991 
f 1469/1200/980 1470/1201/981 1482/1214/993 1481/1213/992 
f 1470/1201/981 1471/1202/982 1483/1215/994 1482/1214/993 
f 1471/1202/982 1461/1203/972 1473/1216/984 1483/1215/994 
f 1473/1205/984 1472/1204/983 1484/1217/995 1485/1218/845 
f 1472/1204/983 1474/1206/985 1486/1219/996 1484/1217/995 
f 1474/1206/985 1475/1207/986 1487/1220/997 1486/1219/996 
f 1475/1207/986 1476/1208/987 1488/1221/998 1487/1220/997 
f 1476/1208/987 1477/1209/988 1489/1222/999 1488/1221/998 
f 1477/1209/988 1478/1210/989 1490/1223/145 1489/1222/999 
f 1478/1210/989 1479/1211/990 1491/1224/1000 1490/1223/145 
f 1479/1211/990 1480/1212/991 1492/1225/1001 1491/1224/1000 
f 1480/1212/991 1481/1213/992 1493/1226/1002 1492/1225/1001 
f 1481/1213/992 1482/1214/993 1494/1227/1003 1493/1226/1002 
f 1482/1214/993 1483/1215/994 1495/1228/1004 1494/1227/1003 
f 1483/1215/994 1473/1216/984 1485/1229/845 1495/1228/1004 
f 1485/1218/845 1484/1217/995 1496/1230/1005 1497/1231/1006 
f 1484/1217/995 1486/1219/996 1498/1232/1007 1496/1230/1005 
f 1486/1219/996 1487/1220/997 1499/1233/1008 1498/1232/1007 
f 1487/1220/997 1488/1221/998 1500/1234/1009 1499/1233/1008 
f 1488/1221/998 1489/1222/999 1501/1235/1010 1500/1234/1009 
f 1489/1222/999 1490/1223/145 1502/1236/858 1501/1235/1010 
f 1490/1223/145 1491/1224/1000 1503/1237/1011 1502/1236/858 
f 1491/1224/1000 1492/1225/1001 1504/1238/1012 1503/1237/1011 
f 1492/1225/1001 1493/1226/1002 1505/1239/1013 1504/1238/1012 
f 1493/1226/1002 1494/1227/1003 1506/1240/1014 1505/1239/1013 
f 1494/1227/1003 1495/1228/1004 1507/1241/1015 1506/1240/1014 
f 1495/1228/1004 1485/1229/845 1497/1242/1006 1507/1241/1015 
f 1497/1231/1006 1496/1230/1005 1508/1243/1016 1509/1244/842 
f 1496/1230/1005 1498/1232/1007 1510/1245/1017 1508/1243/1016 
f 1498/1232/1007 1499/1233/1008 1511/1246/1018 1510/1245/1017 
f 1499/1233/1008 1500/1234/1009 1512/1247/1019 1511/1246/1018 
f 1500/1234/1009 1501/1235/1010 1513/1248/1020 1512/1247/1019 
f 1501/1235/1010 1502/1236/858 1514/1249/825 1513/1248/1020 
f 1502/1236/858 1503/1237/1011 1515/1250/1021 1514/1249/825 
f 1503/1237/1011 1504/1238/1012 1516/1251/1022 1515/1250/1021 
f 1504/1238/1012 1505/1239/1013 1517/1252/1023 1516/1251/1022 
f 1505/1239/1013 1506/1240/1014 1518/1253/1024 1517/1252/1023 
f 1506/1240/1014 1507/1241/1015 1519/1254/1025 1518/1253/1024 
f 1507/1241/1015 1497/1242/1006 1509/1255/842 1519/1254/1025 
f 1509/1244/842 1508/1243/1016 1520/1256/1026 1521/1257/1027 
f 1508/1243/1016 1510/1245/1017 1522/1258/1028 1520/1256/1026 
f 1510/1245/1017 1511/1246/1018 1523/1259/1029 1522/1258/1028 
f 1511/1246/1018 1512/1247/1019 1524/1260/1030 1523/1259/1029 
f 1512/1247/1019 1513/1248/1020 1525/1261/1031 1524/1260/1030 
f 1513/1248/1020 1514/1249/825 1526/1262/1032 1525/1261/1031 
f 1514/1249/825 1515/1250/1021 1527/1263/1033 1526/1262/1032 
f 1515/1250/1021 1516/1251/1022 1528/1264/1034 1527/1263/1033 
f 1516/1251/1022 1517/1252/1023 1529/1265/1035 1528/1264/1034 
f 1517/1252/1023 1518/1253/1024 1530/1266/1036 1529/1265/1035 
f 1518/1253/1024 1519/1254/1025 1531/1267/1037 1530/1266/1036 
f 1519/1254/1025 1509/1255/842 1521/1268/1027 1531/1267/1037 
f 1521/1257/1027 1520/1256/1026 1532/1269/1038 1533/1270/1039 
f 1520/1256/1026 1522/1258/1028 1534/1271/1040 1532/1269/1038 
f 1522/1258/1028 1523/1259/1029 1535/1272/1041 1534/1271/1040 
f 1523/1259/1029 1524/1260/1030 1536/1273/1042 1535/1272/1041 
f 1524/1260/1030 1525/1261/1031 1537/1274/1043 1536/1273/1042 
f 1525/1261/1031 1526/1262/1032 1538/1275/822 1537/1274/1043 
f 1526/1262/1032 1527/1263/1033 1539/1276/1044 1538/1275/822 
f 1527/1263/1033 1528/1264/1034 1540/1277/1045 1539/1276/1044 
f 1528/1264/1034 1529/1265/1035 1541/1278/1046 1540/1277/1045 
f 1529/1265/1035 1530/1266/1036 1542/1279/1047 1541/1278/1046 
f 1530/1266/1036 1531/1267/1037 1543/1280/1048 1542/1279/1047 
f 1531/1267/1037 1521/1268/1027 1533/1281/1039 1543/1280/1048 
f 1533/1270/1039 1532/1269/1038 1544/1282/1049 1545/1283/1050 
f 1532/1269/1038 1534/1271/1040 1546/1284/1051 1544/1282/1049 
f 1534/1271/1040 1535/1272/1041 1547/1285/1052 1546/1284/1051 
f 1535/1272/1041 1536/1273/1042 1548/1286/1053 1547/1285/1052 
f 1536/1273/1042 1537/1274/1043 1549/1287/1054 1548/1286/1053 
f 1537/1274/1043 1538/1275/822 1550/1288/1055 1549/1287/1054 
f 1538/1275/822 1539/1276/1044 1551/1289/1056 1550/1288/1055 
f 1539/1276/1044 1540/1277/1045 1552/1290/1057 1551/1289/1056 
f 1540/1277/1045 1541/1278/1046 1553/1291/1058 1552/1290/1057 
f 1541/1278/1046 1542/1279/1047 1554/1292/1059 1553/1291/1058 
f 1542/1279/1047 1543/1280/1048 1555/1293/1060 1554/1292/1059 
f 1543/1280/1048 1533/1281/1039 1545/1294/1050 1555/1293/1060 
f 1545/1283/1050 1544/1282/1049 1556/1295/1061 1557/1296/1062 
f 1544/1282/1049 1546/1284/1051 1558/1297/1063 1556/1295/1061 
f 1546/1284/1051 1547/1285/1052 1559/1298/1064 1558/1297/1063 
f 1547/1285/1052 1548/1286/1053 1560/1299/1065 1559/1298/1064 
f 1548/1286/1053 1549/1287/1054 1561/1300/1066 1560/1299/1065 
f 1549/1287/1054 1550/1288/1055 1562/1301/820 1561/1300/1066 
f 1550/1288/1055 1551/1289/1056 1563/1302/1067 1562/1301/820 
f 1551/1289/1056 1552/1290/1057 1564/1303/1068 1563/1302/1067 
f 1552/1290/1057 1553/1291/1058 1565/1304/1069 1564/1303/1068 
f 1553/1291/1058 1554/1292/1059 1566/1305/1070 1565/1304/1069 
f 1554/1292/1059 1555/1293/1060 1567/1306/1071 1566/1305/1070 
f 1555/1293/1060 1545/1294/1050 1557/1307/1062 1567/1306/1071 
f 1557/1296/1062 1556/1295/1061 1568/1308/1072 1569/1309/1073 
f 1556/1295/1061 1558/1297/1063 1570/1310/1074 1568/1308/1072 
f 1558/1297/1063 1559/1298/1064 1571/1311/1075 1570/1310/1074 
f 1559/1298/1064 1560/1299/1065 1572/1312/1076 1571/1311/1075 
f 1560/1299/1065 1561/1300/1066 1573/1313/1077 1572/1312/1076 
f 1561/1300/1066 1562/1301/820 1574/1314/1078 1573/1313/1077 
f 1562/1301/820 1563/1302/1067 1575/1315/1079 1574/1314/1078 
f 1563/1302/1067 1564/1303/1068 1576/1316/1080 1575/1315/1079 
f 1564/1303/1068 1565/1304/1069 1577/1317/1081 1576/1316/1080 
f 1565/1304/1069 1566/1305/1070 1578/1318/1082 1577/1317/1081 
f 1566/1305/1070 1567/1306/1071 1579/1319/1083 1578/1318/1082 
f 1567/1306/1071 1557/1307/1062 1569/1320/1073 1579/1319/1083 
f 1569/1309/1073 1568/1308/1072 1580/1321/1084 1581/1322/833 
f 1568/1308/1072 1570/1310/1074 1582/1323/1085 1580/1321/1084 
f 1570/1310/1074 1571/1311/1075 1583/1324/1086 1582/1323/1085 
f 1571/1311/1075 1572/1312/1076 1584/1325/1087 1583/1324/1086 
f 1572/1312/1076 1573/1313/1077 1585/1326/1088 1584/1325/1087 
f 1573/1313/1077 1574/1314/1078 1586/1327/1089 1585/1326/1088 
f 1574/1314/1078 1575/1315/1079 1587/1328/1090 1586/1327/1089 
f 1575/1315/1079 1576/1316/1080 1588/1329/1091 1587/1328/1090 
f 1576/1316/1080 1577/1317/1081 1589/1330/1092 1588/1329/1091 
f 1577/1317/1081 1578/1318/1082 1590/1331/1093 1589/1330/1092 
f 1578/1318/1082 1579/1319/1083 1591/1332/1094 1590/1331/1093 
f 1579/1319/1083 1569/1320/1073 1581/1333/833 1591/1332/1094 
f 1581/1322/833 1580/1321/1084 1592/1334/1095 1593/1335/1096 
f 1580/1321/1084 1582/1323/1085 1594/1336/1097 1592/1334/1095 
f 1582/1323/1085 1583/1324/1086 1595/1337/1098 1594/1336/1097 
f 1583/1324/1086 1584/1325/1087 1596/1338/1099 1595/1337/1098 
f 1584/1325/1087 1585/1326/1088 1597/1339/1100 1596/1338/1099 
f 1585/1326/1088 1586/1327/1089 1598/1340/1101 1597/1339/1100 
f 1586/1327/1089 1587/1328/1090 1599/1341/1102 1598/1340/1101 
f 1587/1328/1090 1588/1329/1091 1600/1342/1103 1599/1341/1102 
f 1588/1329/1091 1589/1330/1092 1601/1343/1104 1600/1342/1103 
f 1589/1330/1092 1590/1331/1093 1602/1344/1105 1601/1343/1104 
f 1590/1331/1093 1591/1332/1094 1603/1345/1106 1602/1344/1105 
f 1591/1332/1094 1581/1333/833 1593/1346/1096 1603/1345/1106 
f 1593/1335/1096 1592/1334/1095 1604/1347/1107 1605/1348/830 
f 1592/1334/1095 1594/1336/1097 1606/1349/1108 1604/1347/1107 
f 1594/1336/1097 1595/1337/1098 1607/1350/1109 1606/1349/1108 
f 1595/1337/1098 1596/1338/1099 1608/1351/1110 1607/1350/1109 
f 1596/1338/1099 1597/1339/1100 1609/1352/1111 1608/1351/1110 
f 1597/1339/1100 1598/1340/1101 1610/1353/848 1609/1352/1111 
f 1598/1340/1101 1599/1341/1102 1611/1354/1112 1610/1353/848 
f 1599/1341/1102 1600/1342/1103 1612/1355/1113 1611/1354/1112 
f 1600/1342/1103 1601/1343/1104 1613/1356/1114 1612/1355/1113 
f 1601/1343/1104 1602/1344/1105 1614/1357/1115 1613/1356/1114 
f 1602/1344/1105 1603/1345/1106 1615/1358/1116 1614/1357/1115 
f 1603/1345/1106 1593/1346/1096 1605/1359/830 1615/1358/1116 
f 1605/1348/830 1604/1347/1107 1616/1360/1117 1617/1361/1118 
f 1604/1347/1107 1606/1349/1108 1618/1362/1119 1616/1360/1117 
f 1606/1349/1108 1607/1350/1109 1619/1363/1120 1618/1362/1119 
f 1607/1350/1109 1608/1351/1110 1620/1364/1121 1619/1363/1120 
f 1608/1351/1110 1609/1352/1111 1621/1365/1122 1620/1364/1121 
f 1609/1352/1111 1610/1353/848 1622/1366/1123 1621/1365/1122 
f 1610/1353/848 1611/1354/1112 1623/1367/1124 1622/1366/1123 
f 1611/1354/1112 1612/1355/1113 1624/1368/1125 1623/1367/1124 
f 1612/1355/1113 1613/1356/1114 1625/1369/1126 1624/1368/1125 
f 1613/1356/1114 1614/1357/1115 1626/1370/1127 1625/1369/1126 
f 1614/1357/1115 1615/1358/1116 1627/1371/1128 1626/1370/1127 
f 1615/1358/1116 1605/1359/830 1617/1372/1118 1627/1371/1128 
f 1617/1361/1118 1616/1360/1117 1341/1373/856 1340/1374/855 
f 1616/1360/1117 1618/1362/1119 1344/1375/859 1341/1373/856 
f 1618/1362/1119 1619/1363/1120 1346/1376/861 1344/1375/859 
f 1619/1363/1120 1620/1364/1121 1348/1377/863 1346/1376/861 
f 1620/1364/1121 1621/1365/1122 1350/1378/865 1348/1377/863 
f 1621/1365/1122 1622/1366/1123 1352/1379/146 1350/1378/865 
f 1622/1366/1123 1623/1367/1124 1354/1380/868 1352/1379/146 
f 1623/1367/1124 1624/1368/1125 1356/1381/870 1354/1380/868 
f 1624/1368/1125 1625/1369/1126 1358/1382/872 1356/1381/870 
f 1625/1369/1126 1626/1370/1127 1360/1383/874 1358/1382/872 
f 1626/1370/1127 1627/1371/1128 1362/1384/876 1360/1383/874 
f 1627/1371/1128 1617/1372/1118 1340/1385/855 1362/1384/876 
f 1628/1386/854 1629/292/854 1630/291/1129 1631/293/854 1632/294/1129 1633/295/1129 1634/296/854 1635/297/854 1636/298/854 1637/299/854 1638/300/854 1639/301/1129 1640/302/854 1641/303/1130 1642/304/854 1643/305/1129 1644/306/854 1645/307/854 1646/308/1131 1647/310/1131 1648/311/1131 1649/312/1131 1650/313/1131 1651/314/1131 1652/315/1130 1653/316/1131 1654/317/1131 1655/318/854 1656/319/1130 1657/1387/1130 
f 1628/1386/854 1657/1387/1130 1658/319/1130 1659/318/854 1660/317/854 1661/316/854 1662/315/1129 1663/314/854 1664/313/854 1665/312/854 1666/311/854 1667/310/854 1668/308/854 1669/307/854 1670/306/1131 1671/305/1130 1672/304/1131 1673/303/1130 1674/302/1131 1675/301/1130 1676/300/1131 1677/299/1131 1678/298/1131 1679/297/1131 1680/296/1131 1681/295/1130 1682/294/1130 1683/293/1131 1684/291/1130 1685/292/1131 
s off
f 1686/292/1132 1687/291/1132 1630/291/1132 1629/292/1132 
f 1687/291/1133 1688/293/1133 1631/293/1133 1630/291/1133 
f 1688/293/1134 1689/294/1134 1632/294/1134 1631/293/1134 
f 1689/294/1135 1690/295/1135 1633/295/1135 1632/294/1135 
f 1690/295/1136 1691/296/1136 1634/296/1136 1633/295/1136 
f 1691/296/1137 1692/297/1137 1635/297/1137 1634/296/1137 
f 1692/297/1138 1693/298/1138 1636/298/1138 1635/297/1138 
f 1693/298/1139 1694/299/1139 1637/299/1139 1636/298/1139 
f 1694/299/1140 1695/300/1140 1638/300/1140 1637/299/1140 
f 1695/300/1141 1696/301/1141 1639/301/1141 1638/300/1141 
f 1696/301/1142 1697/302/1142 1640/302/1142 1639/301/1142 
f 1697/302/1143 1698/303/1143 1641/303/1143 1640/302/1143 
f 1698/303/1144 1699/304/1144 1642/304/1144 1641/303/1144 
f 1699/304/1145 1700/305/1145 1643/305/1145 1642/304/1145 
f 1700/305/1146 1701/306/1146 1644/306/1146 1643/305/1146 
f 1701/306/1147 1702/307/1147 1645/307/1147 1644/306/1147 
f 1702/307/1148 1703/308/1148 1646/308/1148 1645/307/1148 
f 1703/308/1149 1704/310/1149 1647/310/1149 1646/308/1149 
f 1704/310/1150 1705/311/1150 1648/311/1150 1647/310/1150 
f 1705/311/1151 1706/312/1151 1649/312/1151 1648/311/1151 
f 1706/312/1152 1707/313/1152 1650/313/1152 1649/312/1152 
f 1707/313/1153 1708/314/1153 1651/314/1153 1650/313/1153 
f 1708/314/1154 1709/315/1154 1652/315/1154 1651/314/1154 
f 1709/315/1155 1710/316/1155 1653/316/1155 1652/315/1155 
f 1710/316/1156 1711/317/1156 1654/317/1156 1653/316/1156 
f 1711/317/1157 1712/318/1157 1655/318/1157 1654/317/1157 
f 1712/318/1158 1713/319/1158 1656/319/1158 1655/318/1158 
f 1713/319/1159 1714/1387/1159 1657/1387/1159 1656/319/1159 
f 1714/1387/1160 1715/319/1160 1658/319/1160 1657/1387/1160 
f 1715/319/1161 1716/318/1161 1659/318/1161 1658/319/1161 
f 1716/318/1162 1717/317/1162 1660/317/1162 1659/318/1162 
f 1717/317/1163 1718/316/1163 1661/316/1163 1660/317/1163 
f 1718/316/1164 1719/315/1164 1662/315/1164 1661/316/1164 
f 1719/315/1165 1720/314/1165 1663/314/1165 1662/315/1165 
f 1720/314/1166 1721/313/1166 1664/313/1166 1663/314/1166 
f 1721/313/1167 1722/312/1167 1665/312/1167 1664/313/1167 
f 1722/312/1168 1723/311/1168 1666/311/1168 1665/312/1168 
f 1723/311/1169 1724/310/1169 1667/310/1169 1666/311/1169 
f 1724/310/1170 1725/308/1170 1668/308/1170 1667/310/1170 
f 1725/308/1171 1726/307/1171 1669/307/1171 1668/308/1171 
f 1726/307/1172 1727/306/1172 1670/306/1172 1669/307/1172 
f 1727/306/1173 1728/305/1173 1671/305/1173 1670/306/1173 
f 1728/305/1174 1729/304/1174 1672/304/1174 1671/305/1174 
f 1729/304/1175 1730/303/1175 1673/303/1175 1672/304/1175 
f 1730/303/1176 1731/302/1176 1674/302/1176 1673/303/1176 
f 1731/302/1177 1732/301/1177 1675/301/1177 1674/302/1177 
f 1732/301/1178 1733/300/1178 1676/300/1178 1675/301/1178 
f 1733/300/1179 1734/299/1179 1677/299/1179 1676/300/1179 
f 1734/299/1180 1735/298/1180 1678/298/1180 1677/299/1180 
f 1735/298/1181 1736/297/1181 1679/297/1181 1678/298/1181 
f 1736/297/1182 1737/296/1182 1680/296/1182 1679/297/1182 
f 1737/296/1183 1738/295/1183 1681/295/1183 1680/296/1183 
f 1738/295/1184 1739/294/1184 1682/294/1184 1681/295/1184 
f 1739/294/1185 1740/293/1185 1683/293/1185 1682/294/1185 
f 1740/293/1186 1741/291/1186 1684/291/1186 1683/293/1186 
f 1741/291/1187 1742/292/1187 1685/292/1187 1684/291/1187 
f 1742/292/1188 1743/1386/1188 1628/1386/1188 1685/292/1188 
f 1743/1386/1189 1686/292/1189 1629/292/1189 1628/1386/1189 
s 2
f 1744/1388/854 1745/1389/854 1746/1390/854 1747/1391/854 
f 1745/1389/854 1748/1392/854 1749/1393/854 1746/1390/854 
f 1748/1392/854 1750/1394/854 1751/1395/854 1749/1393/854 
s 4
f 1752/1396/494 1753/1397/494 1754/1398/494 1755/1399/494 
f 1755/1399/494 1754/1398/494 1756/1400/494 1757/1401/494 
f 1757/1401/494 1756/1400/494 1758/1402/494 1759/1403/494 
s 16
f 1760/1374/820 1761/1404/820 1762/1405/820 1763/1406/820 
f 1764/1404/820 1765/1407/820 1766/1408/820 1767/1405/820 
f 1768/1407/820 1769/1409/820 1770/1410/820 1771/1408/820 
f 1772/1409/820 1773/1411/820 1774/1412/820 1775/1410/820 
s off
f 1776/1374/854 1777/1404/854 1764/1404/854 1778/1374/854 
f 1777/1404/854 1779/1407/854 1765/1407/854 1764/1404/854 
f 1779/1407/854 1772/1409/854 1780/1409/854 1765/1407/854 
f 1772/1409/145 1775/1410/145 1781/1410/145 1780/1409/145 
f 1775/1410/494 1782/1408/494 1766/1408/494 1781/1410/494 
f 1782/1408/494 1783/1405/494 1767/1405/494 1766/1408/494 
f 1783/1405/494 1784/1406/494 1785/1406/494 1767/1405/494 
f 1784/1406/146 1776/1374/146 1778/1374/146 1785/1406/146 
f 1764/1404/145 1767/1405/145 1762/1405/145 1761/1404/145 
f 1767/1405/494 1785/1406/494 1763/1406/494 1762/1405/494 
f 1785/1406/146 1778/1374/146 1760/1374/146 1763/1406/146 
f 1778/1374/854 1764/1404/854 1761/1404/854 1760/1374/854 
f 1766/1408/146 1765/1407/146 1768/1407/146 1771/1408/146 
f 1765/1407/854 1780/1409/854 1769/1409/854 1768/1407/854 
f 1780/1409/145 1781/1410/145 1770/1410/145 1769/1409/145 
f 1781/1410/494 1766/1408/494 1771/1408/494 1770/1410/494 
s 2
f 1747/1391/854 1777/1413/854 1776/1414/854 1786/1415/854 
f 1746/1390/854 1779/1416/854 1777/1413/854 1747/1391/854 
f 1749/1393/854 1772/1417/854 1779/1416/854 1746/1390/854 
s 4
f 1787/1418/494 1784/1419/494 1783/1420/494 1753/1397/494 
f 1753/1397/494 1783/1420/494 1782/1421/494 1754/1398/494 
f 1754/1398/494 1782/1421/494 1775/1422/494 1756/1400/494 
f 1756/1400/494 1775/1422/494 1774/1423/494 1758/1402/494 
s 8
f 1786/1418/146 1776/1419/146 1784/1424/146 1787/1425/146 
s off
f 1744/1426/146 1747/1391/146 1753/1397/146 1752/1396/146 
f 1747/1391/1190 1788/1427/1190 1787/1418/1190 1753/1397/1190 
s 2
f 1773/1428/854 1772/1417/854 1749/1393/854 1751/1395/854 
f 1789/1388/854 1790/1391/854 1791/1390/854 1792/1389/854 
f 1792/1389/854 1791/1390/854 1793/1393/854 1794/1392/854 
f 1794/1392/854 1793/1393/854 1751/1395/854 1750/1394/854 
s 4
f 1795/1396/494 1796/1399/494 1797/1398/494 1798/1397/494 
f 1796/1399/494 1799/1401/494 1800/1400/494 1797/1398/494 
f 1799/1401/494 1759/1403/494 1758/1402/494 1800/1400/494 
s 16
f 1801/1374/820 1802/1406/820 1803/1405/820 1804/1404/820 
f 1805/1404/820 1806/1405/820 1807/1408/820 1808/1407/820 
f 1809/1407/820 1810/1408/820 1811/1410/820 1812/1409/820 
f 1813/1409/820 1814/1410/820 1774/1412/820 1773/1411/820 
s off
f 1815/1374/854 1816/1374/854 1805/1404/854 1817/1404/854 
f 1817/1404/854 1805/1404/854 1808/1407/854 1818/1407/854 
f 1818/1407/854 1808/1407/854 1819/1409/854 1813/1409/854 
f 1813/1409/146 1819/1409/146 1820/1410/146 1814/1410/146 
f 1814/1410/494 1820/1410/494 1807/1408/494 1821/1408/494 
f 1821/1408/494 1807/1408/494 1806/1405/494 1822/1405/494 
f 1822/1405/494 1806/1405/494 1823/1406/494 1824/1406/494 
f 1824/1406/145 1823/1406/145 1816/1374/145 1815/1374/145 
f 1805/1404/146 1804/1404/146 1803/1405/146 1806/1405/146 
f 1806/1405/494 1803/1405/494 1802/1406/494 1823/1406/494 
f 1823/1406/145 1802/1406/145 1801/1374/145 1816/1374/145 
f 1816/1374/854 1801/1374/854 1804/1404/854 1805/1404/854 
f 1807/1408/145 1810/1408/145 1809/1407/145 1808/1407/145 
f 1808/1407/854 1809/1407/854 1812/1409/854 1819/1409/854 
f 1819/1409/146 1812/1409/146 1811/1410/146 1820/1410/146 
f 1820/1410/494 1811/1410/494 1810/1408/494 1807/1408/494 
s 2
f 1790/1391/854 1825/1415/854 1815/1414/854 1817/1413/854 
f 1791/1390/854 1790/1391/854 1817/1413/854 1818/1416/854 
f 1793/1393/854 1791/1390/854 1818/1416/854 1813/1417/854 
s 4
f 1826/1418/494 1798/1397/494 1822/1420/494 1824/1419/494 
f 1798/1397/494 1797/1398/494 1821/1421/494 1822/1420/494 
f 1797/1398/494 1800/1400/494 1814/1422/494 1821/1421/494 
f 1800/1400/494 1758/1402/494 1774/1423/494 1814/1422/494 
s 8
f 1825/1418/145 1826/1425/145 1824/1424/145 1815/1419/145 
s off
f 1789/1426/145 1795/1396/145 1798/1397/145 1790/1391/145 
f 1790/1391/1191 1798/1397/1191 1826/1418/1191 1827/1427/1191 
s 2
f 1773/1428/854 1751/1395/854 1793/1393/854 1813/1417/854 
s off
f 1789/1388/836 1792/1389/836 1796/1399/836 1795/1396/836 
f 1792/1389/836 1794/1392/836 1799/1401/836 1796/1399/836 
f 1794/1392/836 1750/1394/836 1759/1403/836 1799/1401/836 
f 1750/1394/836 1748/1392/836 1757/1401/836 1759/1403/836 
f 1748/1392/836 1745/1389/836 1755/1399/836 1757/1401/836 
f 1745/1389/836 1744/1388/836 1752/1396/836 1755/1399/836 
s 2
f 1828/1374/1192 1829/1374/1193 1830/1374/1193 1831/1374/1192 
f 1832/1374/820 1828/1374/1192 1831/1374/1192 1833/1374/820 
s 1024
f 1834/1374/854 1835/1374/854 1836/1374/854 1837/1374/854 1838/1374/854 1839/1374/854 1840/1374/854 1841/1374/854 1842/1374/854 1843/1374/854 1844/1374/854 1845/1374/854 1846/1374/854 1847/1374/854 1848/1374/854 1849/1374/854 1850/1374/854 1851/1374/854 1852/1374/854 1853/1374/854 1854/1374/854 1855/1374/854 1856/1374/854 1857/1374/854 1858/1374/854 1859/1374/854 1860/1374/854 1861/1374/854 1862/1374/854 1863/1374/854 1864/1374/854 1865/1374/854 1866/1374/854 1867/1374/854 1868/1374/854 1869/1374/854 1870/1374/854 1871/1374/854 1872/1374/854 1829/1374/854 1828/1374/854 1832/1374/854 1873/1374/854 1874/1374/854 1875/1374/854 1876/1374/854 1877/1374/854 1878/1374/854 1879/1374/854 1880/1374/854 1881/1374/854 1882/1374/854 1883/1374/854 1884/1374/854 1885/1374/854 1886/1374/854 
s 2
f 1829/1374/1193 1872/1374/1194 1887/1374/1194 1830/1374/1193 
s 1024
f 1888/1374/494 1889/1374/494 1890/1374/494 1891/1374/494 1892/1374/494 1893/1374/494 1894/1374/494 1895/1374/494 1896/1374/494 1897/1374/494 1898/1374/494 1899/1374/494 1900/1374/494 1901/1374/494 1902/1374/494 1833/1374/494 1831/1374/494 1830/1374/494 1887/1374/494 1903/1374/494 1904/1374/494 1905/1374/494 1906/1374/494 1907/1374/494 1908/1374/494 1909/1374/494 1910/1374/494 1911/1374/494 1912/1374/494 1913/1374/494 1914/1374/494 1915/1374/494 1916/1374/494 1917/1374/494 1918/1374/494 1919/1374/494 1920/1374/494 1921/1374/494 1922/1374/494 1923/1374/494 1924/1374/494 1925/1374/494 1926/1374/494 1927/1374/494 1928/1374/494 1929/1374/494 1930/1374/494 1931/1374/494 1932/1374/494 1933/1374/494 1934/1374/494 1935/1374/494 1936/1374/494 1937/1374/494 1938/1374/494 1939/1374/494 1940/1374/494 1941/1374/494 1942/1374/494 1943/1374/494 1944/1374/494 1945/1374/494 1946/1374/494 1947/1374/494 1948/1374/494 1949/1374/494 1950/1374/494 1951/1374/494 1952/1374/494 1953/1374/494 1954/1374/494 1955/1374/494 1956/1374/494 1957/1374/494 1958/1374/494 1959/1374/494 1960/1374/494 1961/1374/494 1962/1374/494 1963/1374/494 1964/1374/494 1965/1374/494 1966/1374/494 1967/1374/494 1968/1374/494 1969/1374/494 1970/1374/494 1971/1374/494 1972/1374/494 1973/1374/494 1944/1374/494 1943/1374/494 1974/1374/494 1975/1374/494 1976/1374/494 1977/1374/494 1978/1374/494 1979/1374/494 1980/1374/494 1981/1374/494 1982/1374/494 1983/1374/494 1984/1374/494 1985/1374/494 1986/1374/494 1934/1374/494 1933/1374/494 1987/1374/494 1988/1374/494 1989/1374/494 1990/1374/494 1991/1374/494 1992/1374/494 
s 2
f 1832/1374/820 1833/1374/820 1993/1374/1195 1994/1374/1195 
s 8
f 1834/1374/1196 1886/1374/1196 1889/1374/1196 1888/1374/1196 
s 4
f 1835/1374/1197 1834/1374/1198 1888/1374/1198 1992/1374/1197 
f 1836/1374/1199 1835/1374/1197 1992/1374/1197 1991/1374/1199 
f 1837/1374/1200 1836/1374/1199 1991/1374/1199 1990/1374/1200 
f 1838/1374/1201 1837/1374/1200 1990/1374/1200 1989/1374/1201 
f 1839/1374/1202 1838/1374/1201 1989/1374/1201 1988/1374/1202 
f 1840/1374/1203 1839/1374/1202 1988/1374/1202 1987/1374/1203 
f 1841/1374/1204 1840/1374/1203 1987/1374/1203 1933/1374/1204 
f 1842/1374/1205 1841/1374/1204 1933/1374/1204 1932/1374/1205 
f 1843/1374/1206 1842/1374/1205 1932/1374/1205 1931/1374/1206 
f 1844/1374/1207 1843/1374/1206 1931/1374/1206 1930/1374/1207 
f 1845/1374/1208 1844/1374/1207 1930/1374/1207 1929/1374/1208 
f 1846/1374/1209 1845/1374/1208 1929/1374/1208 1928/1374/1209 
f 1847/1374/1210 1846/1374/1209 1928/1374/1209 1927/1374/1210 
f 1848/1374/1211 1847/1374/1210 1927/1374/1210 1926/1374/1211 
f 1849/1374/1212 1848/1374/1211 1926/1374/1211 1925/1374/1212 
f 1850/1374/1213 1849/1374/1212 1925/1374/1212 1924/1374/1213 
f 1851/1374/1214 1850/1374/1213 1924/1374/1213 1923/1374/1214 
f 1852/1374/1215 1851/1374/1214 1923/1374/1214 1922/1374/1215 
f 1853/1374/1216 1852/1374/1215 1922/1374/1215 1921/1374/1216 
f 1854/1374/1217 1853/1374/1216 1921/1374/1216 1920/1374/1217 
f 1855/1374/1218 1854/1374/1217 1920/1374/1217 1919/1374/1218 
s 2
f 1856/1374/1219 1855/1374/1220 1919/1374/1220 1918/1374/1219 
f 1857/1374/1221 1856/1374/1219 1918/1374/1219 1917/1374/1221 
f 1858/1374/1222 1857/1374/1221 1917/1374/1221 1916/1374/1222 
f 1859/1374/1223 1858/1374/1222 1916/1374/1222 1915/1374/1223 
f 1860/1374/1224 1859/1374/1223 1915/1374/1223 1914/1374/1224 
f 1861/1374/1225 1860/1374/1224 1914/1374/1224 1913/1374/1225 
f 1862/1374/1226 1861/1374/1225 1913/1374/1225 1912/1374/1226 
f 1863/1374/1227 1862/1374/1226 1912/1374/1226 1911/1374/1227 
f 1864/1374/1228 1863/1374/1227 1911/1374/1227 1910/1374/1228 
f 1865/1374/1229 1864/1374/1228 1910/1374/1228 1909/1374/1229 
f 1866/1374/1230 1865/1374/1229 1909/1374/1229 1908/1374/1230 
f 1867/1374/1231 1866/1374/1230 1908/1374/1230 1907/1374/1231 
f 1868/1374/1232 1867/1374/1231 1907/1374/1231 1906/1374/1232 
f 1869/1374/1233 1868/1374/1232 1906/1374/1232 1905/1374/1233 
f 1870/1374/1234 1869/1374/1233 1905/1374/1233 1904/1374/1234 
f 1871/1374/1235 1870/1374/1234 1904/1374/1234 1903/1374/1235 
f 1872/1374/1194 1871/1374/1235 1903/1374/1235 1887/1374/1194 
s 1024
f 1995/1374/854 1996/1374/854 1997/1374/854 1998/1374/854 1999/1374/854 2000/1374/854 2001/1374/854 2002/1374/854 2003/1374/854 2004/1374/854 2005/1374/854 2006/1374/854 2007/1374/854 2008/1374/854 1873/1374/854 1832/1374/854 1994/1374/854 2009/1374/854 2010/1374/854 2011/1374/854 2012/1374/854 2013/1374/854 2014/1374/854 2015/1374/854 2016/1374/854 2017/1374/854 2018/1374/854 2019/1374/854 2020/1374/854 2021/1374/854 2022/1374/854 2023/1374/854 2024/1374/854 2025/1374/854 2026/1374/854 2027/1374/854 2028/1374/854 2029/1374/854 2030/1374/854 2031/1374/854 2032/1374/854 2033/1374/854 2034/1374/854 2035/1374/854 2036/1374/854 2037/1374/854 2038/1374/854 2039/1374/854 2040/1374/854 2041/1374/854 2042/1374/854 2043/1374/854 2044/1374/854 2045/1374/854 2046/1374/854 2047/1374/854 
s 16
f 1874/1374/1236 1873/1374/930 1902/1374/836 1901/1374/1236 
f 1875/1374/1237 1874/1374/1236 1901/1374/1236 1900/1374/1237 
f 1876/1374/1238 1875/1374/1237 1900/1374/1237 1899/1374/1238 
f 1877/1374/1239 1876/1374/1238 1899/1374/1238 1898/1374/1239 
f 1878/1374/1240 1877/1374/1239 1898/1374/1239 1897/1374/1240 
f 1879/1374/1241 1878/1374/1240 1897/1374/1240 1896/1374/1241 
f 1880/1374/1242 1879/1374/1241 1896/1374/1241 1895/1374/1242 
f 1881/1374/1243 1880/1374/1242 1895/1374/1242 1894/1374/1243 
f 1882/1374/1244 1881/1374/1243 1894/1374/1243 1893/1374/1244 
f 1883/1374/1245 1882/1374/1244 1893/1374/1244 1892/1374/1245 
f 1884/1374/1246 1883/1374/1245 1892/1374/1245 1891/1374/1246 
f 1885/1374/1247 1884/1374/1246 1891/1374/1246 1890/1374/1247 
f 1886/1374/1248 1885/1374/1247 1890/1374/1247 1889/1374/1248 
s 1024
f 2048/1374/494 2049/1374/494 2050/1374/494 2051/1374/494 2052/1374/494 2053/1374/494 2054/1374/494 2055/1374/494 2056/1374/494 2057/1374/494 2058/1374/494 2059/1374/494 2060/1374/494 2061/1374/494 2062/1374/494 2063/1374/494 2064/1374/494 2065/1374/494 2066/1374/494 2067/1374/494 2068/1374/494 2069/1374/494 2070/1374/494 2071/1374/494 2072/1374/494 2073/1374/494 2074/1374/494 2075/1374/494 2076/1374/494 2077/1374/494 2078/1374/494 2079/1374/494 2080/1374/494 2081/1374/494 2082/1374/494 2083/1374/494 2084/1374/494 2085/1374/494 2086/1374/494 2087/1374/494 2088/1374/494 2089/1374/494 2090/1374/494 2091/1374/494 2092/1374/494 2093/1374/494 2094/1374/494 2095/1374/494 2096/1374/494 2097/1374/494 2098/1374/494 2099/1374/494 2100/1374/494 2071/1374/494 2070/1374/494 2101/1374/494 2102/1374/494 2103/1374/494 2104/1374/494 2105/1374/494 2106/1374/494 2107/1374/494 2108/1374/494 2056/1374/494 2055/1374/494 2109/1374/494 2110/1374/494 2111/1374/494 2112/1374/494 2113/1374/494 2114/1374/494 2115/1374/494 2116/1374/494 2117/1374/494 2118/1374/494 2119/1374/494 2120/1374/494 2121/1374/494 2122/1374/494 2123/1374/494 2124/1374/494 2125/1374/494 2126/1374/494 2127/1374/494 2128/1374/494 2129/1374/494 2130/1374/494 2131/1374/494 2132/1374/494 2133/1374/494 2134/1374/494 2135/1374/494 2136/1374/494 2137/1374/494 2138/1374/494 2139/1374/494 2140/1374/494 1993/1374/494 1833/1374/494 1902/1374/494 2141/1374/494 2142/1374/494 2143/1374/494 2144/1374/494 2145/1374/494 2146/1374/494 2147/1374/494 2148/1374/494 2149/1374/494 2150/1374/494 2151/1374/494 2152/1374/494 2153/1374/494 
s 2
f 1994/1374/1195 1993/1374/1195 2140/1374/1249 2009/1374/1249 
s 4
f 2047/1374/1250 2049/1374/1250 2048/1374/1251 1995/1374/1251 
s 8
f 1995/1374/1252 2048/1374/1252 2153/1374/1252 1996/1374/1252 
s 16
f 1996/1374/1253 2153/1374/1253 2152/1374/1254 1997/1374/1254 
f 1997/1374/1254 2152/1374/1254 2151/1374/1255 1998/1374/1255 
f 1998/1374/1255 2151/1374/1255 2150/1374/1256 1999/1374/1256 
f 1999/1374/1256 2150/1374/1256 2149/1374/1257 2000/1374/1257 
f 2000/1374/1257 2149/1374/1257 2148/1374/1258 2001/1374/1258 
f 2001/1374/1258 2148/1374/1258 2147/1374/1259 2002/1374/1259 
f 2002/1374/1259 2147/1374/1259 2146/1374/1260 2003/1374/1260 
f 2003/1374/1260 2146/1374/1260 2145/1374/1261 2004/1374/1261 
f 2004/1374/1261 2145/1374/1261 2144/1374/1262 2005/1374/1262 
f 2005/1374/1262 2144/1374/1262 2143/1374/1263 2006/1374/1263 
f 2006/1374/1263 2143/1374/1263 2142/1374/1264 2007/1374/1264 
f 2007/1374/1264 2142/1374/1264 2141/1374/1265 2008/1374/1265 
f 2008/1374/1265 2141/1374/1265 1902/1374/836 1873/1374/930 
s 2
f 2009/1374/1249 2140/1374/1249 2139/1374/1266 2010/1374/1266 
f 2010/1374/1266 2139/1374/1266 2138/1374/1267 2011/1374/1267 
f 2011/1374/1267 2138/1374/1267 2137/1374/1268 2012/1374/1268 
f 2012/1374/1268 2137/1374/1268 2136/1374/1269 2013/1374/1269 
f 2013/1374/1269 2136/1374/1269 2135/1374/1270 2014/1374/1270 
f 2014/1374/1270 2135/1374/1270 2134/1374/1271 2015/1374/1271 
f 2015/1374/1271 2134/1374/1271 2133/1374/1272 2016/1374/1272 
f 2016/1374/1272 2133/1374/1272 2132/1374/1273 2017/1374/1273 
f 2017/1374/1273 2132/1374/1273 2131/1374/1274 2018/1374/1274 
f 2018/1374/1274 2131/1374/1274 2130/1374/1275 2019/1374/1275 
f 2019/1374/1275 2130/1374/1275 2129/1374/1276 2020/1374/1276 
f 2020/1374/1276 2129/1374/1276 2128/1374/1277 2021/1374/1277 
f 2021/1374/1277 2128/1374/1277 2127/1374/1278 2022/1374/1278 
f 2022/1374/1278 2127/1374/1278 2126/1374/1279 2023/1374/1279 
f 2023/1374/1279 2126/1374/1279 2125/1374/1280 2024/1374/1280 
f 2024/1374/1280 2125/1374/1280 2124/1374/1281 2025/1374/1281 
f 2025/1374/1281 2124/1374/1281 2123/1374/1282 2026/1374/1282 
f 2026/1374/1282 2123/1374/1282 2122/1374/1283 2027/1374/1283 
s 4
f 2027/1374/1284 2122/1374/1284 2121/1374/1285 2028/1374/1285 
f 2028/1374/1285 2121/1374/1285 2120/1374/1286 2029/1374/1286 
f 2029/1374/1286 2120/1374/1286 2119/1374/1287 2030/1374/1287 
f 2030/1374/1287 2119/1374/1287 2118/1374/1288 2031/1374/1288 
f 2031/1374/1288 2118/1374/1288 2117/1374/1289 2032/1374/1289 
f 2032/1374/1289 2117/1374/1289 2116/1374/1290 2033/1374/1290 
f 2033/1374/1290 2116/1374/1290 2115/1374/1291 2034/1374/1291 
f 2034/1374/1291 2115/1374/1291 2114/1374/1292 2035/1374/1292 
f 2035/1374/1292 2114/1374/1292 2113/1374/1293 2036/1374/1293 
f 2036/1374/1293 2113/1374/1293 2112/1374/1294 2037/1374/1294 
f 2037/1374/1294 2112/1374/1294 2111/1374/1295 2038/1374/1295 
f 2038/1374/1295 2111/1374/1295 2110/1374/1296 2039/1374/1296 
f 2039/1374/1296 2110/1374/1296 2109/1374/1297 2040/1374/1297 
f 2040/1374/1297 2109/1374/1297 2055/1374/1298 2041/1374/1298 
f 2041/1374/1298 2055/1374/1298 2054/1374/1299 2042/1374/1299 
f 2042/1374/1299 2054/1374/1299 2053/1374/1300 2043/1374/1300 
f 2043/1374/1300 2053/1374/1300 2052/1374/1301 2044/1374/1301 
f 2044/1374/1301 2052/1374/1301 2051/1374/1302 2045/1374/1302 
f 2045/1374/1302 2051/1374/1302 2050/1374/1303 2046/1374/1303 
f 2046/1374/1303 2050/1374/1303 2049/1374/1250 2047/1374/1250 
s 1
f 2072/1374/1304 2071/1374/1305 2154/1374/1305 2155/1374/1304 
f 2073/1374/1306 2072/1374/1304 2155/1374/1304 2156/1374/1306 
s 256
f 2157/1374/497 2158/1374/496 2159/1374/497 2160/1374/496 2161/1374/496 2162/1374/497 2163/1374/497 2164/1374/496 2165/1374/496 2166/1374/496 2167/1374/496 2168/1374/496 2169/1374/497 2156/1374/497 2155/1374/497 2154/1374/497 2170/1374/496 2171/1374/496 2172/1374/495 2173/1374/494 2174/1374/497 2175/1374/495 2176/1374/495 2177/1374/497 2178/1374/497 2179/1374/496 2180/1374/497 2181/1374/496 2182/1374/497 2183/1374/495 
s 129
f 2071/1374/1305 2100/1374/1307 2170/1374/1307 2154/1374/1305 
s 1
f 2074/1374/1308 2073/1374/1306 2156/1374/1306 2169/1374/1308 
s 32
f 2086/1374/1309 2085/1374/1309 2158/1374/1309 2157/1374/1309 
s 64
f 2087/1374/1310 2086/1374/1311 2157/1374/1311 2183/1374/1310 
f 2088/1374/1312 2087/1374/1310 2183/1374/1310 2182/1374/1312 
f 2089/1374/1313 2088/1374/1312 2182/1374/1312 2181/1374/1313 
f 2090/1374/1314 2089/1374/1313 2181/1374/1313 2180/1374/1314 
f 2091/1374/1315 2090/1374/1314 2180/1374/1314 2179/1374/1315 
f 2092/1374/1316 2091/1374/1315 2179/1374/1315 2178/1374/1316 
f 2093/1374/1317 2092/1374/1316 2178/1374/1316 2177/1374/1317 
f 2094/1374/1318 2093/1374/1317 2177/1374/1317 2176/1374/1318 
f 2095/1374/1319 2094/1374/1318 2176/1374/1318 2175/1374/1319 
f 2096/1374/1320 2095/1374/1319 2175/1374/1319 2174/1374/1320 
f 2097/1374/1321 2096/1374/1320 2174/1374/1320 2173/1374/1321 
f 2098/1374/1322 2097/1374/1321 2173/1374/1321 2172/1374/1322 
f 2099/1374/1323 2098/1374/1322 2172/1374/1322 2171/1374/1323 
f 2100/1374/1324 2099/1374/1323 2171/1374/1323 2170/1374/1324 
s 1
f 2075/1374/1325 2074/1374/1308 2169/1374/1308 2168/1374/1325 
f 2076/1374/1326 2075/1374/1325 2168/1374/1325 2167/1374/1326 
f 2077/1374/1327 2076/1374/1326 2167/1374/1326 2166/1374/1327 
f 2078/1374/1328 2077/1374/1327 2166/1374/1327 2165/1374/1328 
f 2079/1374/1329 2078/1374/1328 2165/1374/1328 2164/1374/1329 
f 2080/1374/1330 2079/1374/1329 2164/1374/1329 2163/1374/1330 
f 2081/1374/1331 2080/1374/1330 2163/1374/1330 2162/1374/1331 
f 2082/1374/1332 2081/1374/1331 2162/1374/1331 2161/1374/1332 
f 2083/1374/1333 2082/1374/1332 2161/1374/1332 2160/1374/1333 
f 2084/1374/1334 2083/1374/1333 2160/1374/1333 2159/1374/1334 
f 2085/1374/1335 2084/1374/1334 2159/1374/1334 2158/1374/1335 
f 2058/1374/1336 2057/1374/1337 2184/1374/1337 2185/1374/1336 
f 2059/1374/1338 2058/1374/1336 2185/1374/1336 2186/1374/1338 
s 256
f 2187/1374/497 2188/1374/496 2189/1374/496 2190/1374/494 2191/1374/494 2192/1374/494 2193/1374/494 2194/1374/494 2195/1374/494 2196/1374/497 2197/1374/494 2198/1374/496 2199/1374/495 2200/1374/495 2201/1374/495 2202/1374/495 2203/1374/494 2204/1374/496 2205/1374/495 2206/1374/496 2186/1374/495 2185/1374/497 2184/1374/494 
s 65
f 2057/1374/1337 2056/1374/1339 2187/1374/1339 2184/1374/1337 
s 1
f 2060/1374/1340 2059/1374/1338 2186/1374/1338 2206/1374/1340 
s 32
f 2056/1374/1341 2108/1374/1342 2188/1374/1342 2187/1374/1341 
s 1
f 2061/1374/1343 2060/1374/1340 2206/1374/1340 2205/1374/1343 
f 2062/1374/1344 2061/1374/1343 2205/1374/1343 2204/1374/1344 
f 2063/1374/1345 2062/1374/1344 2204/1374/1344 2203/1374/1345 
f 2064/1374/1346 2063/1374/1345 2203/1374/1345 2202/1374/1346 
f 2065/1374/1347 2064/1374/1346 2202/1374/1346 2201/1374/1347 
f 2066/1374/1348 2065/1374/1347 2201/1374/1347 2200/1374/1348 
f 2067/1374/1349 2066/1374/1348 2200/1374/1348 2199/1374/1349 
f 2068/1374/1350 2067/1374/1349 2199/1374/1349 2198/1374/1350 
f 2069/1374/1351 2068/1374/1350 2198/1374/1350 2197/1374/1351 
f 2070/1374/1352 2069/1374/1351 2197/1374/1351 2196/1374/1352 
f 2101/1374/1353 2070/1374/1352 2196/1374/1352 2195/1374/1353 
s 32
f 2102/1374/1354 2101/1374/1355 2195/1374/1355 2194/1374/1354 
f 2103/1374/1356 2102/1374/1354 2194/1374/1354 2193/1374/1356 
f 2104/1374/1357 2103/1374/1356 2193/1374/1356 2192/1374/1357 
f 2105/1374/1358 2104/1374/1357 2192/1374/1357 2191/1374/1358 
f 2106/1374/503 2105/1374/1358 2191/1374/1358 2190/1374/503 
f 2107/1374/1359 2106/1374/503 2190/1374/503 2189/1374/1359 
f 2108/1374/1342 2107/1374/1359 2189/1374/1359 2188/1374/1342 
s 1
f 1986/1374/1360 1985/1374/1361 2207/1374/1361 2208/1374/1360 
s 65
f 1934/1374/1362 1986/1374/1360 2208/1374/1360 2209/1374/1362 
s 256
f 2210/1374/496 2211/1374/496 2209/1374/496 2208/1374/496 2207/1374/494 2212/1374/497 2213/1374/494 2214/1374/497 2215/1374/494 2216/1374/494 2217/1374/494 2218/1374/494 2219/1374/494 2220/1374/497 2221/1374/494 2222/1374/494 2223/1374/494 2224/1374/496 2225/1374/497 2226/1374/497 2227/1374/496 2228/1374/496 2229/1374/496 
s 1
f 1985/1374/1361 1984/1374/1363 2212/1374/1364 2207/1374/1361 
s 32
f 1935/1374/1365 1934/1374/1366 2209/1374/1366 2211/1374/1365 
f 1936/1374/1367 1935/1374/1365 2211/1374/1365 2210/1374/1367 
f 1937/1374/1368 1936/1374/1367 2210/1374/1367 2229/1374/1368 
f 1938/1374/1369 1937/1374/1368 2229/1374/1368 2228/1374/1370 
f 1939/1374/1371 1938/1374/1369 2228/1374/1370 2227/1374/1371 
f 1940/1374/1372 1939/1374/1371 2227/1374/1371 2226/1374/1373 
f 1941/1374/1374 1940/1374/1372 2226/1374/1373 2225/1374/1374 
f 1942/1374/1375 1941/1374/1374 2225/1374/1374 2224/1374/1375 
s 1
f 1943/1374/1376 1942/1374/1377 2224/1374/1377 2223/1374/1378 
f 1974/1374/1379 1943/1374/1376 2223/1374/1378 2222/1374/1379 
f 1975/1374/1380 1974/1374/1379 2222/1374/1379 2221/1374/1381 
f 1976/1374/1382 1975/1374/1380 2221/1374/1381 2220/1374/1382 
f 1977/1374/1383 1976/1374/1382 2220/1374/1382 2219/1374/1383 
f 1978/1374/1384 1977/1374/1383 2219/1374/1383 2218/1374/1384 
f 1979/1374/1385 1978/1374/1384 2218/1374/1384 2217/1374/1385 
f 1980/1374/1386 1979/1374/1385 2217/1374/1385 2216/1374/1386 
f 1981/1374/1387 1980/1374/1386 2216/1374/1386 2215/1374/1387 
f 1982/1374/1388 1981/1374/1387 2215/1374/1387 2214/1374/1389 
f 1983/1374/1390 1982/1374/1388 2214/1374/1389 2213/1374/1390 
f 1984/1374/1363 1983/1374/1390 2213/1374/1390 2212/1374/1364 
f 1944/1374/1391 1973/1374/1392 2230/1374/1392 2231/1374/1391 
s 129
f 1945/1374/1393 1944/1374/1391 2231/1374/1391 2232/1374/1393 
s 256
f 2233/1374/494 2234/1374/494 2235/1374/497 2236/1374/497 2237/1374/497 2238/1374/494 2239/1374/497 2240/1374/497 2241/1374/494 2242/1374/497 2243/1374/497 2244/1374/497 2245/1374/497 2246/1374/497 2247/1374/497 2248/1374/497 2232/1374/497 2231/1374/497 2230/1374/497 2249/1374/494 2250/1374/494 2251/1374/494 2252/1374/497 2253/1374/494 2254/1374/497 2255/1374/494 2256/1374/494 2257/1374/497 2258/1374/497 2259/1374/494 
s 1
f 1973/1374/1392 1972/1374/1394 2249/1374/1394 2230/1374/1392 
s 64
f 1946/1374/1395 1945/1374/1396 2232/1374/1396 2248/1374/1395 
s 1
f 1961/1374/1397 1960/1374/1398 2234/1374/1398 2233/1374/1397 
f 1962/1374/1399 1961/1374/1397 2233/1374/1397 2259/1374/1399 
f 1963/1374/1400 1962/1374/1399 2259/1374/1399 2258/1374/1400 
f 1964/1374/1401 1963/1374/1400 2258/1374/1400 2257/1374/1401 
f 1965/1374/1402 1964/1374/1401 2257/1374/1401 2256/1374/1402 
f 1966/1374/1403 1965/1374/1402 2256/1374/1402 2255/1374/1403 
f 1967/1374/1404 1966/1374/1403 2255/1374/1403 2254/1374/1404 
f 1968/1374/1405 1967/1374/1404 2254/1374/1404 2253/1374/1405 
f 1969/1374/1406 1968/1374/1405 2253/1374/1405 2252/1374/1406 
f 1970/1374/1407 1969/1374/1406 2252/1374/1406 2251/1374/1407 
f 1971/1374/1408 1970/1374/1407 2251/1374/1407 2250/1374/1408 
f 1972/1374/1394 1971/1374/1408 2250/1374/1408 2249/1374/1394 
s 64
f 1947/1374/1409 1946/1374/1395 2248/1374/1395 2247/1374/1409 
f 1948/1374/1410 1947/1374/1409 2247/1374/1409 2246/1374/1410 
f 1949/1374/1411 1948/1374/1410 2246/1374/1410 2245/1374/1411 
f 1950/1374/1412 1949/1374/1411 2245/1374/1411 2244/1374/1412 
f 1951/1374/1413 1950/1374/1412 2244/1374/1412 2243/1374/1413 
f 1952/1374/1414 1951/1374/1413 2243/1374/1413 2242/1374/1414 
f 1953/1374/1415 1952/1374/1414 2242/1374/1414 2241/1374/1415 
f 1954/1374/1416 1953/1374/1415 2241/1374/1415 2240/1374/1416 
f 1955/1374/1417 1954/1374/1416 2240/1374/1416 2239/1374/1417 
f 1956/1374/1418 1955/1374/1417 2239/1374/1417 2238/1374/1418 
f 1957/1374/1419 1956/1374/1418 2238/1374/1418 2237/1374/1419 
f 1958/1374/1420 1957/1374/1419 2237/1374/1419 2236/1374/1420 
f 1959/1374/1421 1958/1374/1420 2236/1374/1420 2235/1374/1421 
s 32
f 1960/1374/1422 1959/1374/1422 2235/1374/1422 2234/1374/1422 
# 1643 polygons - 10 triangles

