# 3ds Max Wavefront OBJ Exporter v0.97b - (c)2007 guruware
# File Created: 04.02.2018 15:48:51

#
# object Cylinder002
#

v  91.0644 2.2661 -13.3875
v  91.0288 2.6727 -13.3875
v  91.0288 2.6727 -9.3459
v  91.0644 2.2661 -9.3459
v  90.9232 3.0669 -13.3875
v  90.9232 3.0669 -9.3459
v  90.7507 3.4368 -13.3875
v  90.7507 3.4368 -9.3459
v  90.5166 3.7711 -13.3875
v  90.5166 3.7711 -9.3459
v  90.2281 4.0597 -13.3875
v  90.2281 4.0597 -9.3459
v  89.8937 4.2937 -13.3875
v  89.8937 4.2937 -9.3459
v  89.5239 4.4662 -13.3875
v  89.5239 4.4662 -9.3459
v  89.1297 4.5718 -13.3875
v  89.1297 4.5718 -9.3459
v  88.7231 4.6074 -13.3875
v  88.7231 4.6074 -9.3459
v  88.3165 4.5718 -13.3875
v  88.3165 4.5718 -9.3459
v  87.9223 4.4662 -13.3875
v  87.9223 4.4662 -9.3459
v  87.5524 4.2937 -13.3875
v  87.5524 4.2937 -9.3459
v  87.2181 4.0597 -13.3875
v  87.2181 4.0597 -9.3459
v  86.9295 3.7711 -13.3875
v  86.9295 3.7711 -9.3459
v  86.6955 3.4368 -13.3875
v  86.6955 3.4368 -9.3459
v  86.5230 3.0669 -13.3875
v  86.5230 3.0669 -9.3459
v  86.4174 2.6727 -13.3875
v  86.4174 2.6727 -9.3459
v  86.3818 2.2661 -13.3875
v  86.3818 2.2661 -9.3459
v  86.4174 1.8595 -13.3875
v  86.4174 1.8595 -9.3459
v  86.5230 1.4653 -13.3875
v  86.5230 1.4653 -9.3459
v  86.6955 1.0954 -13.3875
v  86.6955 1.0954 -9.3459
v  86.9295 0.7611 -13.3875
v  86.9295 0.7611 -9.3459
v  87.2181 0.4726 -13.3875
v  87.2181 0.4726 -9.3459
v  87.5524 0.2385 -13.3875
v  87.5524 0.2385 -9.3459
v  87.9223 0.0660 -13.3875
v  87.9223 0.0660 -9.3459
v  88.3165 -0.0396 -13.3875
v  88.3165 -0.0396 -9.3459
v  88.7231 -0.0752 -13.3875
v  88.7231 -0.0752 -9.3459
v  89.1297 -0.0396 -13.3875
v  89.1297 -0.0396 -9.3459
v  89.5239 0.0660 -13.3875
v  89.5239 0.0660 -9.3459
v  89.8937 0.2385 -13.3875
v  89.8937 0.2385 -9.3459
v  90.2281 0.4726 -13.3875
v  90.2281 0.4726 -9.3459
v  90.5166 0.7611 -13.3875
v  90.5166 0.7611 -9.3459
v  90.7507 1.0954 -13.3875
v  90.7507 1.0954 -9.3459
v  90.9232 1.4653 -13.3875
v  90.9232 1.4653 -9.3459
v  91.0288 1.8595 -13.3875
v  91.0288 1.8595 -9.3459
v  91.0288 2.6727 -5.3043
v  91.0644 2.2661 -5.3043
v  90.9232 3.0669 -5.3043
v  90.7507 3.4368 -5.3043
v  90.5166 3.7711 -5.3043
v  90.2281 4.0597 -5.3043
v  89.8937 4.2937 -5.3043
v  89.5239 4.4662 -5.3043
v  89.1297 4.5718 -5.3043
v  88.7231 4.6074 -5.3043
v  88.3165 4.5718 -5.3043
v  87.9223 4.4662 -5.3043
v  87.5524 4.2937 -5.3043
v  87.2181 4.0597 -5.3043
v  86.9295 3.7711 -5.3043
v  86.6955 3.4368 -5.3043
v  86.5230 3.0669 -5.3043
v  86.4174 2.6727 -5.3043
v  86.3818 2.2661 -5.3043
v  86.4174 1.8595 -5.3043
v  86.5230 1.4653 -5.3043
v  86.6955 1.0954 -5.3043
v  86.9295 0.7611 -5.3043
v  87.2181 0.4726 -5.3043
v  87.5524 0.2385 -5.3043
v  87.9223 0.0660 -5.3043
v  88.3165 -0.0396 -5.3043
v  88.7231 -0.0752 -5.3043
v  89.1297 -0.0396 -5.3043
v  89.5239 0.0660 -5.3043
v  89.8937 0.2385 -5.3043
v  90.2281 0.4726 -5.3043
v  90.5166 0.7611 -5.3043
v  90.7507 1.0954 -5.3043
v  90.9232 1.4653 -5.3043
v  91.0288 1.8595 -5.3043
v  91.0288 2.6727 -1.2628
v  91.0644 2.2661 -1.2628
v  90.9232 3.0669 -1.2628
v  90.7507 3.4368 -1.2628
v  90.5166 3.7711 -1.2628
v  90.2281 4.0597 -1.2628
v  89.8937 4.2937 -1.2628
v  89.5239 4.4662 -1.2628
v  89.1297 4.5718 -1.2628
v  88.7231 4.6074 -1.2628
v  88.3165 4.5718 -1.2628
v  87.9223 4.4662 -1.2628
v  87.5524 4.2937 -1.2628
v  87.2181 4.0597 -1.2628
v  86.9295 3.7711 -1.2628
v  86.6955 3.4368 -1.2628
v  86.5230 3.0669 -1.2628
v  86.4174 2.6727 -1.2628
v  86.3818 2.2661 -1.2628
v  86.4174 1.8595 -1.2628
v  86.5230 1.4653 -1.2628
v  86.6955 1.0954 -1.2628
v  86.9295 0.7611 -1.2628
v  87.2181 0.4726 -1.2628
v  87.5524 0.2385 -1.2628
v  87.9223 0.0660 -1.2628
v  88.3165 -0.0396 -1.2628
v  88.7231 -0.0752 -1.2628
v  89.1297 -0.0396 -1.2628
v  89.5239 0.0660 -1.2628
v  89.8937 0.2385 -1.2628
v  90.2281 0.4726 -1.2628
v  90.5166 0.7611 -1.2628
v  90.7507 1.0954 -1.2628
v  90.9232 1.4653 -1.2628
v  91.0288 1.8595 -1.2628
v  91.0288 2.6727 2.7788
v  91.0644 2.2661 2.7788
v  90.9232 3.0669 2.7788
v  90.7507 3.4368 2.7788
v  90.5166 3.7711 2.7788
v  90.2281 4.0597 2.7788
v  89.8937 4.2937 2.7788
v  89.5239 4.4662 2.7788
v  89.1297 4.5718 2.7788
v  88.7231 4.6074 2.7788
v  88.3165 4.5718 2.7788
v  87.9223 4.4662 2.7788
v  87.5524 4.2937 2.7788
v  87.2181 4.0597 2.7788
v  86.9295 3.7711 2.7788
v  86.6955 3.4368 2.7788
v  86.5230 3.0669 2.7788
v  86.4174 2.6727 2.7788
v  86.3818 2.2661 2.7788
v  86.4174 1.8595 2.7788
v  86.5230 1.4653 2.7788
v  86.6955 1.0954 2.7788
v  86.9295 0.7611 2.7788
v  87.2181 0.4726 2.7788
v  87.5524 0.2385 2.7788
v  87.9223 0.0660 2.7788
v  88.3165 -0.0396 2.7788
v  88.7231 -0.0752 2.7788
v  89.1297 -0.0396 2.7788
v  89.5239 0.0660 2.7788
v  89.8937 0.2385 2.7788
v  90.2281 0.4726 2.7788
v  90.5166 0.7611 2.7788
v  90.7507 1.0954 2.7788
v  90.9232 1.4653 2.7788
v  91.0288 1.8595 2.7788
v  91.0288 2.6727 5.9459
v  91.0644 2.2661 5.9459
v  90.9232 3.0669 5.9459
v  90.7507 3.4368 5.9459
v  90.5166 3.7711 5.9459
v  90.2281 4.0596 5.9459
v  89.8937 4.2937 5.9459
v  89.5239 4.4662 5.9459
v  89.1297 4.5718 5.9459
v  88.7231 4.6074 5.9459
v  88.3165 4.5718 5.9459
v  87.9223 4.4662 5.9459
v  87.5524 4.2937 5.9459
v  87.2181 4.0597 5.9459
v  86.9295 3.7711 5.9459
v  86.6955 3.4368 5.9459
v  86.5230 3.0669 5.9459
v  86.4174 2.6727 5.9459
v  86.3818 2.2661 5.9459
v  86.4174 1.8595 5.9459
v  86.5230 1.4653 5.9459
v  86.6955 1.0954 5.9459
v  86.9295 0.7611 5.9459
v  87.2181 0.4726 5.9459
v  87.5524 0.2385 5.9459
v  87.9223 0.0660 5.9459
v  88.3165 -0.0396 5.9459
v  88.7231 -0.0752 5.9459
v  89.1297 -0.0396 5.9459
v  89.5239 0.0660 5.9459
v  89.8937 0.2385 5.9459
v  90.2281 0.4726 5.9459
v  90.5166 0.7611 5.9459
v  90.7507 1.0954 5.9459
v  90.9232 1.4653 5.9459
v  91.0288 1.8595 5.9459
v  90.6250 1.9307 -18.1486
v  90.5378 1.6056 -18.1486
v  90.3956 1.3005 -18.1486
v  90.2025 1.0247 -18.1486
v  89.9645 0.7867 -18.1486
v  89.6887 0.5936 -18.1486
v  89.3836 0.4514 -18.1486
v  89.0584 0.3642 -18.1486
v  88.7231 0.3349 -18.1486
v  88.3877 0.3642 -18.1486
v  88.0626 0.4514 -18.1486
v  87.7575 0.5936 -18.1486
v  87.4817 0.7867 -18.1486
v  87.2437 1.0247 -18.1486
v  87.0506 1.3005 -18.1486
v  86.9083 1.6056 -18.1486
v  86.8212 1.9308 -18.1486
v  86.7919 2.2661 -18.1486
v  86.8212 2.6015 -18.1486
v  86.9083 2.9266 -18.1486
v  87.0506 3.2317 -18.1486
v  87.2437 3.5075 -18.1486
v  87.4817 3.7455 -18.1486
v  87.7575 3.9386 -18.1486
v  88.0626 4.0809 -18.1486
v  88.3877 4.1680 -18.1486
v  88.7231 4.1973 -18.1486
v  89.0584 4.1680 -18.1486
v  89.3836 4.0809 -18.1486
v  89.6887 3.9386 -18.1486
v  89.9645 3.7455 -18.1486
v  90.2025 3.5075 -18.1486
v  90.3956 3.2317 -18.1486
v  90.5378 2.9266 -18.1486
v  90.6250 2.6015 -18.1486
v  90.6543 2.2661 -18.1486
v  89.0048 2.2661 42.8823
v  89.0005 2.3150 42.8823
v  88.9878 2.3624 42.8823
v  88.9670 2.4069 42.8823
v  88.9389 2.4472 42.8823
v  88.9042 2.4819 42.8823
v  88.8639 2.5100 42.8823
v  88.8194 2.5308 42.8823
v  88.7720 2.5435 42.8823
v  88.7231 2.5478 42.8823
v  88.6742 2.5435 42.8823
v  88.6268 2.5308 42.8823
v  88.5823 2.5100 42.8823
v  88.5420 2.4819 42.8823
v  88.5073 2.4472 42.8823
v  88.4791 2.4069 42.8823
v  88.4584 2.3624 42.8823
v  88.4457 2.3150 42.8823
v  88.4414 2.2661 42.8823
v  88.4457 2.2172 42.8823
v  88.4584 2.1698 42.8823
v  88.4791 2.1253 42.8823
v  88.5073 2.0850 42.8823
v  88.5420 2.0503 42.8823
v  88.5823 2.0222 42.8823
v  88.6268 2.0014 42.8823
v  88.6742 1.9887 42.8823
v  88.7231 1.9844 42.8823
v  88.7720 1.9887 42.8823
v  88.8194 2.0014 42.8823
v  88.8639 2.0222 42.8823
v  88.9042 2.0503 42.8823
v  88.9389 2.0850 42.8823
v  88.9670 2.1253 42.8823
v  88.9878 2.1698 42.8823
v  89.0005 2.2172 42.8823
v  91.0644 2.2661 -13.6452
v  91.0288 2.6727 -13.6452
v  91.0288 1.8595 -13.6452
v  90.9232 1.4653 -13.6452
v  90.7507 1.0954 -13.6452
v  90.5166 0.7611 -13.6452
v  90.2281 0.4726 -13.6452
v  89.8937 0.2385 -13.6452
v  89.5239 0.0660 -13.6452
v  89.1297 -0.0396 -13.6452
v  88.7231 -0.0752 -13.6452
v  88.3165 -0.0396 -13.6452
v  87.9223 0.0660 -13.6452
v  87.5524 0.2385 -13.6452
v  87.2181 0.4726 -13.6452
v  86.9295 0.7611 -13.6452
v  86.6955 1.0954 -13.6452
v  86.5230 1.4653 -13.6452
v  86.4174 1.8595 -13.6452
v  86.3818 2.2661 -13.6452
v  86.4174 2.6727 -13.6452
v  86.5230 3.0669 -13.6452
v  86.6955 3.4368 -13.6452
v  86.9295 3.7711 -13.6452
v  87.2181 4.0597 -13.6452
v  87.5524 4.2937 -13.6452
v  87.9223 4.4662 -13.6452
v  88.3165 4.5718 -13.6452
v  88.7231 4.6074 -13.6452
v  89.1297 4.5718 -13.6452
v  89.5239 4.4662 -13.6452
v  89.8937 4.2937 -13.6452
v  90.2281 4.0597 -13.6452
v  90.5166 3.7711 -13.6452
v  90.7507 3.4368 -13.6452
v  90.9232 3.0669 -13.6452
v  92.0611 2.2661 -14.7619
v  92.0104 2.8457 -14.7619
v  92.0104 1.6865 -14.7619
v  91.8598 1.1244 -14.7619
v  91.6139 0.5971 -14.7619
v  91.2802 0.1205 -14.7619
v  90.8687 -0.2910 -14.7619
v  90.3921 -0.6247 -14.7619
v  89.8648 -0.8706 -14.7619
v  89.3027 -1.0212 -14.7619
v  88.7231 -1.0719 -14.7619
v  88.1434 -1.0212 -14.7619
v  87.5814 -0.8706 -14.7619
v  87.0541 -0.6247 -14.7619
v  86.5775 -0.2910 -14.7619
v  86.1660 0.1205 -14.7619
v  85.8323 0.5971 -14.7619
v  85.5864 1.1244 -14.7619
v  85.4358 1.6865 -14.7619
v  85.3851 2.2661 -14.7619
v  85.4358 2.8457 -14.7619
v  85.5864 3.4078 -14.7619
v  85.8323 3.9351 -14.7619
v  86.1660 4.4117 -14.7619
v  86.5775 4.8232 -14.7619
v  87.0541 5.1569 -14.7619
v  87.5814 5.4028 -14.7619
v  88.1435 5.5534 -14.7619
v  88.7231 5.6041 -14.7619
v  89.3027 5.5534 -14.7619
v  89.8648 5.4028 -14.7619
v  90.3921 5.1569 -14.7619
v  90.8687 4.8232 -14.7619
v  91.2802 4.4117 -14.7619
v  91.6139 3.9351 -14.7619
v  91.8598 3.4078 -14.7619
v  92.0611 2.2661 -15.7069
v  92.0104 2.8457 -15.7069
v  92.0104 1.6865 -15.7069
v  91.8598 1.1244 -15.7069
v  91.6139 0.5971 -15.7069
v  91.2802 0.1205 -15.7069
v  90.8687 -0.2910 -15.7069
v  90.3921 -0.6247 -15.7069
v  89.8648 -0.8706 -15.7069
v  89.3027 -1.0212 -15.7069
v  88.7231 -1.0719 -15.7069
v  88.1434 -1.0212 -15.7069
v  87.5814 -0.8706 -15.7069
v  87.0541 -0.6247 -15.7069
v  86.5775 -0.2910 -15.7069
v  86.1660 0.1205 -15.7069
v  85.8323 0.5971 -15.7069
v  85.5864 1.1244 -15.7069
v  85.4358 1.6865 -15.7069
v  85.3851 2.2661 -15.7069
v  85.4358 2.8457 -15.7069
v  85.5864 3.4078 -15.7069
v  85.8323 3.9351 -15.7069
v  86.1660 4.4117 -15.7069
v  86.5775 4.8232 -15.7069
v  87.0541 5.1569 -15.7069
v  87.5814 5.4028 -15.7069
v  88.1435 5.5534 -15.7069
v  88.7231 5.6041 -15.7069
v  89.3027 5.5534 -15.7069
v  89.8648 5.4028 -15.7069
v  90.3921 5.1569 -15.7069
v  90.8687 4.8232 -15.7069
v  91.2802 4.4117 -15.7069
v  91.6139 3.9351 -15.7069
v  91.8598 3.4078 -15.7069
v  90.6543 2.2661 -17.0148
v  90.6250 2.6015 -17.0148
v  90.6250 1.9307 -17.0148
v  90.5378 1.6056 -17.0148
v  90.3956 1.3005 -17.0148
v  90.2025 1.0247 -17.0148
v  89.9645 0.7867 -17.0148
v  89.6887 0.5936 -17.0148
v  89.3836 0.4514 -17.0148
v  89.0584 0.3642 -17.0148
v  88.7231 0.3349 -17.0148
v  88.3877 0.3642 -17.0148
v  88.0626 0.4514 -17.0148
v  87.7575 0.5936 -17.0148
v  87.4817 0.7867 -17.0148
v  87.2437 1.0247 -17.0148
v  87.0506 1.3005 -17.0148
v  86.9083 1.6056 -17.0148
v  86.8212 1.9308 -17.0148
v  86.7919 2.2661 -17.0148
v  86.8212 2.6015 -17.0148
v  86.9083 2.9266 -17.0148
v  87.0506 3.2317 -17.0148
v  87.2437 3.5075 -17.0148
v  87.4817 3.7455 -17.0148
v  87.7575 3.9386 -17.0148
v  88.0626 4.0809 -17.0148
v  88.3877 4.1680 -17.0148
v  88.7231 4.1973 -17.0148
v  89.0584 4.1680 -17.0148
v  89.3836 4.0809 -17.0148
v  89.6887 3.9386 -17.0148
v  89.9645 3.7455 -17.0148
v  90.2025 3.5075 -17.0148
v  90.3956 3.2317 -17.0148
v  90.5378 2.9266 -17.0148
v  90.6543 2.2661 -17.1566
v  90.6250 2.6015 -17.1566
v  90.6250 1.9307 -17.1566
v  90.5378 1.6056 -17.1566
v  90.3956 1.3005 -17.1566
v  90.2025 1.0247 -17.1566
v  89.9645 0.7867 -17.1566
v  89.6887 0.5936 -17.1566
v  89.3836 0.4514 -17.1566
v  89.0584 0.3642 -17.1566
v  88.7231 0.3349 -17.1566
v  88.3877 0.3642 -17.1566
v  88.0626 0.4514 -17.1566
v  87.7575 0.5936 -17.1566
v  87.4817 0.7867 -17.1566
v  87.2437 1.0247 -17.1566
v  87.0506 1.3005 -17.1566
v  86.9083 1.6056 -17.1566
v  86.8212 1.9308 -17.1566
v  86.7919 2.2661 -17.1566
v  86.8212 2.6015 -17.1566
v  86.9083 2.9266 -17.1566
v  87.0506 3.2317 -17.1566
v  87.2437 3.5075 -17.1566
v  87.4817 3.7455 -17.1566
v  87.7575 3.9386 -17.1566
v  88.0626 4.0809 -17.1566
v  88.3877 4.1680 -17.1566
v  88.7231 4.1973 -17.1566
v  89.0584 4.1680 -17.1566
v  89.3836 4.0809 -17.1566
v  89.6887 3.9386 -17.1566
v  89.9645 3.7455 -17.1566
v  90.2025 3.5075 -17.1566
v  90.3956 3.2317 -17.1566
v  90.5378 2.9266 -17.1566
v  91.4973 2.7553 6.6332
v  91.5401 2.2661 6.6332
v  91.3702 3.2296 6.6332
v  91.1627 3.6746 6.6332
v  90.8810 4.0768 6.6332
v  90.5338 4.4241 6.6332
v  90.1316 4.7057 6.6332
v  89.6866 4.9132 6.6332
v  89.2123 5.0403 6.6332
v  88.7231 5.0831 6.6332
v  88.2339 5.0403 6.6332
v  87.7596 4.9132 6.6332
v  87.3146 4.7057 6.6332
v  86.9124 4.4241 6.6332
v  86.5651 4.0768 6.6332
v  86.2835 3.6746 6.6332
v  86.0760 3.2296 6.6332
v  85.9489 2.7553 6.6332
v  85.9061 2.2661 6.6332
v  85.9489 1.7769 6.6332
v  86.0760 1.3026 6.6332
v  86.2835 0.8576 6.6332
v  86.5651 0.4554 6.6332
v  86.9124 0.1082 6.6332
v  87.3146 -0.1735 6.6332
v  87.7596 -0.3810 6.6332
v  88.2339 -0.5081 6.6332
v  88.7231 -0.5509 6.6332
v  89.2123 -0.5081 6.6332
v  89.6866 -0.3810 6.6332
v  90.1316 -0.1735 6.6332
v  90.5338 0.1081 6.6332
v  90.8810 0.4554 6.6332
v  91.1627 0.8576 6.6332
v  91.3702 1.3026 6.6332
v  91.4973 1.7769 6.6332
v  91.4973 2.7553 7.4966
v  91.5401 2.2661 7.4966
v  91.3702 3.2296 7.4966
v  91.1627 3.6746 7.4966
v  90.8810 4.0768 7.4966
v  90.5338 4.4241 7.4966
v  90.1316 4.7057 7.4966
v  89.6866 4.9132 7.4966
v  89.2123 5.0403 7.4966
v  88.7231 5.0831 7.4966
v  88.2339 5.0403 7.4966
v  87.7596 4.9132 7.4966
v  87.3146 4.7057 7.4966
v  86.9124 4.4241 7.4966
v  86.5651 4.0768 7.4966
v  86.2835 3.6746 7.4966
v  86.0760 3.2296 7.4966
v  85.9489 2.7553 7.4966
v  85.9061 2.2661 7.4966
v  85.9489 1.7769 7.4966
v  86.0760 1.3026 7.4966
v  86.2835 0.8576 7.4966
v  86.5651 0.4554 7.4966
v  86.9124 0.1082 7.4966
v  87.3146 -0.1735 7.4966
v  87.7596 -0.3810 7.4966
v  88.2339 -0.5081 7.4966
v  88.7231 -0.5509 7.4966
v  89.2123 -0.5081 7.4966
v  89.6866 -0.3810 7.4966
v  90.1316 -0.1735 7.4966
v  90.5338 0.1081 7.4966
v  90.8810 0.4554 7.4966
v  91.1627 0.8576 7.4966
v  91.3702 1.3026 7.4966
v  91.4973 1.7769 7.4966
v  90.5928 2.5958 8.5327
v  90.6217 2.2661 8.5327
v  90.5072 2.9155 8.5327
v  90.3673 3.2154 8.5327
v  90.1775 3.4865 8.5327
v  89.9435 3.7205 8.5327
v  89.6724 3.9103 8.5327
v  89.3724 4.0502 8.5327
v  89.0528 4.1358 8.5327
v  88.7231 4.1647 8.5327
v  88.3934 4.1358 8.5327
v  88.0737 4.0502 8.5327
v  87.7738 3.9103 8.5327
v  87.5027 3.7205 8.5327
v  87.2687 3.4865 8.5327
v  87.0789 3.2154 8.5327
v  86.9390 2.9155 8.5327
v  86.8534 2.5958 8.5327
v  86.8245 2.2661 8.5327
v  86.8534 1.9364 8.5327
v  86.9390 1.6168 8.5327
v  87.0789 1.3168 8.5327
v  87.2687 1.0457 8.5327
v  87.5027 0.8117 8.5327
v  87.7738 0.6219 8.5327
v  88.0737 0.4820 8.5327
v  88.3934 0.3964 8.5327
v  88.7231 0.3675 8.5327
v  89.0528 0.3964 8.5327
v  89.3724 0.4820 8.5327
v  89.6724 0.6219 8.5327
v  89.9435 0.8117 8.5327
v  90.1775 1.0457 8.5327
v  90.3673 1.3168 8.5327
v  90.5072 1.6168 8.5327
v  90.5928 1.9364 8.5327
v  90.5928 2.5958 22.7989
v  90.6217 2.2661 22.7989
v  90.5072 2.9155 22.7989
v  90.3673 3.2154 22.7989
v  90.1775 3.4865 22.7989
v  89.9435 3.7205 22.7989
v  89.6724 3.9103 22.7989
v  89.3724 4.0502 22.7989
v  89.0528 4.1358 22.7989
v  88.7231 4.1647 22.7989
v  88.3934 4.1358 22.7989
v  88.0737 4.0502 22.7989
v  87.7738 3.9103 22.7989
v  87.5027 3.7205 22.7989
v  87.2687 3.4865 22.7989
v  87.0789 3.2154 22.7989
v  86.9390 2.9155 22.7989
v  86.8534 2.5958 22.7989
v  86.8245 2.2661 22.7989
v  86.8534 1.9364 22.7989
v  86.9390 1.6168 22.7989
v  87.0789 1.3168 22.7989
v  87.2687 1.0457 22.7989
v  87.5027 0.8117 22.7989
v  87.7738 0.6219 22.7989
v  88.0737 0.4820 22.7989
v  88.3934 0.3964 22.7989
v  88.7231 0.3675 22.7989
v  89.0528 0.3964 22.7989
v  89.3724 0.4820 22.7989
v  89.6724 0.6219 22.7989
v  89.9435 0.8117 22.7989
v  90.1775 1.0457 22.7989
v  90.3673 1.3168 22.7989
v  90.5072 1.6168 22.7989
v  90.5928 1.9364 22.7989
v  91.0631 2.6787 23.5114
v  91.0993 2.2661 23.5114
v  90.9559 3.0788 23.5114
v  90.7809 3.4542 23.5114
v  90.5433 3.7935 23.5114
v  90.2505 4.0863 23.5114
v  89.9112 4.3239 23.5114
v  89.5358 4.4990 23.5114
v  89.1357 4.6062 23.5114
v  88.7231 4.6423 23.5114
v  88.3105 4.6062 23.5114
v  87.9104 4.4990 23.5114
v  87.5350 4.3239 23.5114
v  87.1957 4.0863 23.5114
v  86.9028 3.7935 23.5114
v  86.6653 3.4542 23.5114
v  86.4902 3.0788 23.5114
v  86.3830 2.6787 23.5114
v  86.3469 2.2661 23.5114
v  86.3830 1.8535 23.5114
v  86.4902 1.4534 23.5114
v  86.6653 1.0780 23.5114
v  86.9028 0.7387 23.5114
v  87.1957 0.4459 23.5114
v  87.5350 0.2083 23.5114
v  87.9104 0.0332 23.5114
v  88.3105 -0.0740 23.5114
v  88.7231 -0.1101 23.5114
v  89.1357 -0.0740 23.5114
v  89.5358 0.0332 23.5114
v  89.9112 0.2083 23.5114
v  90.2505 0.4459 23.5114
v  90.5433 0.7387 23.5114
v  90.7809 1.0780 23.5114
v  90.9559 1.4534 23.5114
v  91.0631 1.8535 23.5114
v  91.0631 2.6787 24.3748
v  91.0993 2.2661 24.3748
v  90.9559 3.0788 24.3748
v  90.7809 3.4542 24.3748
v  90.5433 3.7935 24.3748
v  90.2505 4.0863 24.3748
v  89.9112 4.3239 24.3748
v  89.5358 4.4990 24.3748
v  89.1357 4.6062 24.3748
v  88.7231 4.6423 24.3748
v  88.3105 4.6062 24.3748
v  87.9104 4.4990 24.3748
v  87.5350 4.3239 24.3748
v  87.1957 4.0863 24.3748
v  86.9028 3.7935 24.3748
v  86.6653 3.4542 24.3748
v  86.4902 3.0788 24.3748
v  86.3830 2.6787 24.3748
v  86.3469 2.2661 24.3748
v  86.3830 1.8535 24.3748
v  86.4902 1.4534 24.3748
v  86.6653 1.0780 24.3748
v  86.9028 0.7387 24.3748
v  87.1957 0.4459 24.3748
v  87.5350 0.2083 24.3748
v  87.9104 0.0332 24.3748
v  88.3105 -0.0740 24.3748
v  88.7231 -0.1101 24.3748
v  89.1357 -0.0740 24.3748
v  89.5358 0.0332 24.3748
v  89.9112 0.2083 24.3748
v  90.2505 0.4459 24.3748
v  90.5433 0.7387 24.3748
v  90.7809 1.0780 24.3748
v  90.9559 1.4534 24.3748
v  91.0631 1.8535 24.3748
v  90.5367 2.5859 24.8928
v  90.5647 2.2661 24.8928
v  90.4537 2.8960 24.8928
v  90.3180 3.1869 24.8928
v  90.1339 3.4499 24.8928
v  89.9069 3.6769 24.8928
v  89.6439 3.8610 24.8928
v  89.3530 3.9967 24.8928
v  89.0429 4.0797 24.8928
v  88.7231 4.1077 24.8928
v  88.4033 4.0797 24.8928
v  88.0932 3.9967 24.8928
v  87.8023 3.8610 24.8928
v  87.5393 3.6769 24.8928
v  87.3123 3.4499 24.8928
v  87.1282 3.1869 24.8928
v  86.9925 2.8960 24.8928
v  86.9094 2.5859 24.8928
v  86.8815 2.2661 24.8928
v  86.9094 1.9463 24.8928
v  86.9925 1.6362 24.8928
v  87.1282 1.3453 24.8928
v  87.3123 1.0823 24.8928
v  87.5393 0.8553 24.8928
v  87.8023 0.6712 24.8928
v  88.0932 0.5355 24.8928
v  88.4033 0.4525 24.8928
v  88.7231 0.4245 24.8928
v  89.0429 0.4525 24.8928
v  89.3530 0.5355 24.8928
v  89.6439 0.6712 24.8928
v  89.9069 0.8553 24.8928
v  90.1339 1.0823 24.8928
v  90.3180 1.3453 24.8928
v  90.4537 1.6362 24.8928
v  90.5367 1.9463 24.8928
v  90.5367 2.5859 29.1344
v  90.5647 2.2661 29.1344
v  90.4537 2.8960 29.1344
v  90.3180 3.1869 29.1344
v  90.1339 3.4499 29.1344
v  89.9069 3.6769 29.1344
v  89.6439 3.8610 29.1344
v  89.3530 3.9967 29.1344
v  89.0429 4.0797 29.1344
v  88.7231 4.1077 29.1344
v  88.4033 4.0797 29.1344
v  88.0932 3.9967 29.1344
v  87.8023 3.8610 29.1344
v  87.5393 3.6769 29.1344
v  87.3123 3.4499 29.1344
v  87.1282 3.1869 29.1344
v  86.9925 2.8960 29.1344
v  86.9094 2.5859 29.1344
v  86.8815 2.2661 29.1344
v  86.9094 1.9463 29.1344
v  86.9925 1.6362 29.1344
v  87.1282 1.3453 29.1344
v  87.3123 1.0823 29.1344
v  87.5393 0.8553 29.1344
v  87.8023 0.6712 29.1344
v  88.0932 0.5355 29.1344
v  88.4033 0.4525 29.1344
v  88.7231 0.4245 29.1344
v  89.0429 0.4525 29.1344
v  89.3530 0.5355 29.1344
v  89.6439 0.6712 29.1344
v  89.9069 0.8553 29.1344
v  90.1339 1.0823 29.1344
v  90.3180 1.3453 29.1344
v  90.4537 1.6362 29.1344
v  90.5367 1.9463 29.1344
v  90.5367 2.5859 40.7636
v  90.5647 2.2661 40.7636
v  90.4537 2.8960 40.7636
v  90.3180 3.1869 40.7636
v  90.1339 3.4499 40.7636
v  89.9069 3.6769 40.7636
v  89.6439 3.8610 40.7636
v  89.3530 3.9967 40.7636
v  89.0429 4.0797 40.7636
v  88.7231 4.1077 40.7636
v  88.4033 4.0797 40.7636
v  88.0932 3.9967 40.7636
v  87.8023 3.8610 40.7636
v  87.5393 3.6769 40.7636
v  87.3123 3.4499 40.7636
v  87.1282 3.1869 40.7636
v  86.9925 2.8960 40.7636
v  86.9094 2.5859 40.7636
v  86.8815 2.2661 40.7636
v  86.9094 1.9463 40.7636
v  86.9925 1.6362 40.7636
v  87.1282 1.3453 40.7636
v  87.3123 1.0823 40.7636
v  87.5393 0.8553 40.7636
v  87.8023 0.6712 40.7636
v  88.0932 0.5355 40.7636
v  88.4033 0.4525 40.7636
v  88.7231 0.4245 40.7636
v  89.0429 0.4525 40.7636
v  89.3530 0.5355 40.7636
v  89.6439 0.6712 40.7636
v  89.9069 0.8553 40.7636
v  90.1339 1.0823 40.7636
v  90.3180 1.3453 40.7636
v  90.4537 1.6362 40.7636
v  90.5367 1.9463 40.7636
v  90.6947 2.6137 41.2816
v  90.7251 2.2661 41.2816
v  90.6043 2.9508 41.2816
v  90.4569 3.2671 41.2816
v  90.2567 3.5530 41.2816
v  90.0099 3.7997 41.2816
v  89.7241 3.9999 41.2816
v  89.4078 4.1474 41.2816
v  89.0707 4.2377 41.2816
v  88.7231 4.2681 41.2816
v  88.3755 4.2377 41.2816
v  88.0384 4.1474 41.2816
v  87.7221 3.9999 41.2816
v  87.4362 3.7997 41.2816
v  87.1895 3.5530 41.2816
v  86.9893 3.2671 41.2816
v  86.8418 2.9508 41.2816
v  86.7515 2.6137 41.2816
v  86.7211 2.2661 41.2816
v  86.7515 1.9185 41.2816
v  86.8418 1.5814 41.2816
v  86.9893 1.2651 41.2816
v  87.1895 0.9793 41.2816
v  87.4362 0.7325 41.2816
v  87.7221 0.5323 41.2816
v  88.0384 0.3849 41.2816
v  88.3755 0.2945 41.2816
v  88.7231 0.2641 41.2816
v  89.0707 0.2945 41.2816
v  89.4078 0.3849 41.2816
v  89.7241 0.5323 41.2816
v  90.0099 0.7325 41.2816
v  90.2567 0.9792 41.2816
v  90.4569 1.2651 41.2816
v  90.6043 1.5814 41.2816
v  90.6947 1.9185 41.2816
v  90.6947 2.6137 42.1450
v  90.7251 2.2661 42.1450
v  90.6043 2.9508 42.1450
v  90.4569 3.2671 42.1450
v  90.2567 3.5530 42.1450
v  90.0099 3.7997 42.1450
v  89.7241 3.9999 42.1450
v  89.4078 4.1474 42.1450
v  89.0707 4.2377 42.1450
v  88.7231 4.2681 42.1450
v  88.3755 4.2377 42.1450
v  88.0384 4.1474 42.1450
v  87.7221 3.9999 42.1450
v  87.4362 3.7997 42.1450
v  87.1895 3.5530 42.1450
v  86.9893 3.2671 42.1450
v  86.8418 2.9508 42.1450
v  86.7515 2.6137 42.1450
v  86.7211 2.2661 42.1450
v  86.7515 1.9185 42.1450
v  86.8418 1.5814 42.1450
v  86.9893 1.2651 42.1450
v  87.1895 0.9793 42.1450
v  87.4362 0.7325 42.1450
v  87.7221 0.5323 42.1450
v  88.0384 0.3849 42.1450
v  88.3755 0.2945 42.1450
v  88.7231 0.2641 42.1450
v  89.0707 0.2945 42.1450
v  89.4078 0.3849 42.1450
v  89.7241 0.5323 42.1450
v  90.0099 0.7325 42.1450
v  90.2567 0.9792 42.1450
v  90.4569 1.2651 42.1450
v  90.6043 1.5814 42.1450
v  90.6947 1.9185 42.1450
v  89.7063 2.4395 42.6631
v  89.7215 2.2661 42.6631
v  89.6613 2.6076 42.6631
v  89.5877 2.7653 42.6631
v  89.4879 2.9079 42.6631
v  89.3649 3.0309 42.6631
v  89.2223 3.1308 42.6631
v  89.0646 3.2043 42.6631
v  88.8965 3.2494 42.6631
v  88.7231 3.2645 42.6631
v  88.5497 3.2494 42.6631
v  88.3816 3.2043 42.6631
v  88.2239 3.1308 42.6631
v  88.0813 3.0309 42.6631
v  87.9583 2.9079 42.6631
v  87.8584 2.7653 42.6631
v  87.7849 2.6076 42.6631
v  87.7398 2.4395 42.6631
v  87.7247 2.2661 42.6631
v  87.7398 2.0927 42.6631
v  87.7849 1.9246 42.6631
v  87.8584 1.7669 42.6631
v  87.9583 1.6243 42.6631
v  88.0813 1.5013 42.6631
v  88.2239 1.4014 42.6631
v  88.3816 1.3279 42.6631
v  88.5497 1.2829 42.6631
v  88.7231 1.2677 42.6631
v  88.8965 1.2829 42.6631
v  89.0646 1.3279 42.6631
v  89.2223 1.4014 42.6631
v  89.3649 1.5013 42.6631
v  89.4879 1.6243 42.6631
v  89.5877 1.7669 42.6631
v  89.6613 1.9246 42.6631
v  89.7063 2.0927 42.6631
v  89.2491 0.8719 40.4389
v  89.2491 0.8719 38.8128
v  93.1842 0.8719 38.8128
v  93.1842 0.8719 40.4389
v  97.1194 0.8719 38.8128
v  97.1194 0.8719 40.4389
v  101.0546 0.8719 38.8128
v  101.0546 0.8719 40.4389
v  104.9897 0.8719 38.8128
v  104.9897 0.8719 40.4389
v  107.7271 0.8719 38.8128
v  107.7271 0.8719 40.4389
v  89.2491 3.1740 40.4389
v  93.1842 3.1740 40.4389
v  93.1842 3.1740 38.8128
v  89.2491 3.1740 38.8128
v  97.1194 3.1740 40.4389
v  97.1194 3.1740 38.8128
v  101.0546 3.1740 40.4389
v  101.0546 3.1740 38.8128
v  104.9897 3.1740 40.4389
v  104.9897 3.1740 38.8128
v  107.7271 3.1740 40.4389
v  107.7271 3.1740 38.8128
v  107.7271 0.8719 34.6258
v  104.9897 0.8719 34.6258
v  104.9897 3.1740 34.6258
v  107.7271 3.1740 34.6258
v  101.0546 0.8719 34.6258
v  101.0546 3.1740 34.6258
v  97.1194 0.8719 34.4762
v  93.1842 0.8719 34.4762
v  93.1842 3.1740 34.4762
v  97.1194 3.1740 34.4762
v  89.2491 0.8719 34.4762
v  89.2491 3.1740 34.4762
v  93.1842 0.8719 32.6470
v  93.1842 3.1740 32.6470
v  89.2491 0.8719 32.6470
v  89.2491 3.1740 32.6470
v  89.2491 0.8719 25.0960
v  93.1842 0.8719 25.0960
v  93.1842 0.8719 26.4811
v  89.2491 0.8719 26.4811
v  97.1194 0.8719 25.0960
v  97.1194 0.8719 26.4811
v  101.0546 0.8719 25.0960
v  101.0546 0.8719 26.4811
v  104.9897 0.8719 25.0960
v  104.9897 0.8719 26.4811
v  107.7271 0.8719 25.0960
v  107.7271 0.8719 26.4811
v  89.2491 3.1740 25.0960
v  89.2491 3.1740 26.4811
v  93.1842 3.1740 26.4811
v  93.1842 3.1740 25.0960
v  97.1194 3.1740 26.4811
v  97.1194 3.1740 25.0960
v  101.0546 3.1740 26.4811
v  101.0546 3.1740 25.0960
v  104.9897 3.1740 26.4811
v  104.9897 3.1740 25.0960
v  107.7271 3.1740 26.4811
v  107.7271 3.1740 25.0960
v  107.7271 0.8719 30.6682
v  107.7271 3.1740 30.6682
v  104.9897 3.1740 30.6682
v  104.9897 0.8719 30.6682
v  101.0546 3.1740 30.6682
v  101.0546 0.8719 30.6682
v  97.1194 0.8719 30.8177
v  97.1194 3.1740 30.8177
v  93.1842 3.1740 30.8177
v  93.1842 0.8719 30.8177
v  89.2491 0.8719 30.8177
v  89.2491 3.1740 30.8177
v  105.0345 0.2428 -33.4295
v  104.7860 0.2428 -36.2694
v  104.7860 1.1788 -36.2694
v  105.0345 1.1788 -33.4295
v  104.0482 0.2428 -39.0230
v  104.0482 1.1788 -39.0230
v  102.8434 0.2428 -41.6067
v  102.8434 1.1788 -41.6067
v  101.2083 0.2428 -43.9419
v  101.2083 1.1788 -43.9419
v  99.1925 0.2428 -45.9577
v  99.1925 1.1788 -45.9577
v  96.8573 0.2428 -47.5928
v  96.8573 1.1788 -47.5928
v  94.2737 0.2428 -48.7976
v  94.2737 1.1788 -48.7976
v  91.5200 0.2428 -49.5354
v  91.5200 1.1788 -49.5354
v  88.6801 0.2428 -49.7839
v  88.6801 1.1788 -49.7839
v  85.8402 0.2428 -49.5354
v  85.8402 1.1788 -49.5354
v  83.0866 0.2428 -48.7976
v  83.0866 1.1788 -48.7976
v  80.5030 0.2428 -47.5928
v  80.5030 1.1788 -47.5928
v  78.1677 0.2428 -45.9577
v  78.1677 1.1788 -45.9577
v  76.1520 0.2428 -43.9419
v  76.1520 1.1788 -43.9419
v  74.5168 0.2428 -41.6067
v  74.5168 1.1788 -41.6067
v  73.3120 0.2428 -39.0231
v  73.3120 1.1788 -39.0231
v  72.5742 0.2428 -36.2694
v  72.5742 1.1788 -36.2694
v  72.3258 0.2428 -33.4295
v  72.3258 1.1788 -33.4295
v  72.5742 0.2428 -30.5896
v  72.5742 1.1788 -30.5896
v  73.3120 0.2428 -27.8360
v  73.3120 1.1788 -27.8360
v  74.5168 0.2428 -25.2523
v  74.5168 1.1788 -25.2523
v  76.1520 0.2428 -22.9171
v  76.1520 1.1788 -22.9171
v  78.1677 0.2428 -20.9014
v  78.1677 1.1788 -20.9014
v  80.5029 0.2428 -19.2662
v  80.5029 1.1788 -19.2662
v  83.0866 0.2428 -18.0614
v  83.0866 1.1788 -18.0614
v  85.8402 0.2428 -17.3236
v  85.8402 1.1788 -17.3236
v  88.6801 0.2428 -17.0752
v  88.6801 1.1788 -17.0752
v  91.5200 0.2428 -17.3236
v  91.5200 1.1788 -17.3236
v  94.2737 0.2428 -18.0614
v  94.2737 1.1788 -18.0614
v  96.8573 0.2428 -19.2662
v  96.8573 1.1788 -19.2662
v  99.1925 0.2428 -20.9013
v  99.1925 1.1788 -20.9013
v  101.2083 0.2428 -22.9171
v  101.2083 1.1788 -22.9171
v  102.8434 0.2428 -25.2523
v  102.8434 1.1788 -25.2523
v  104.0482 0.2428 -27.8360
v  104.0482 1.1788 -27.8360
v  104.7860 0.2428 -30.5896
v  104.7860 1.1788 -30.5896
v  104.7860 2.1147 -36.2694
v  105.0345 2.1147 -33.4295
v  104.0482 2.1147 -39.0230
v  102.8434 2.1147 -41.6067
v  101.2083 2.1147 -43.9419
v  99.1925 2.1147 -45.9577
v  96.8573 2.1147 -47.5928
v  94.2737 2.1147 -48.7976
v  91.5200 2.1147 -49.5354
v  88.6801 2.1147 -49.7839
v  85.8402 2.1147 -49.5354
v  83.0866 2.1147 -48.7976
v  80.5030 2.1147 -47.5928
v  78.1677 2.1147 -45.9577
v  76.1520 2.1147 -43.9419
v  74.5168 2.1147 -41.6067
v  73.3120 2.1147 -39.0231
v  72.5742 2.1147 -36.2694
v  72.3258 2.1147 -33.4295
v  72.5742 2.1147 -30.5896
v  73.3120 2.1147 -27.8360
v  74.5168 2.1147 -25.2523
v  76.1520 2.1147 -22.9171
v  78.1677 2.1147 -20.9014
v  80.5029 2.1147 -19.2662
v  83.0866 2.1147 -18.0614
v  85.8402 2.1147 -17.3236
v  88.6801 2.1147 -17.0752
v  91.5200 2.1147 -17.3236
v  94.2737 2.1147 -18.0614
v  96.8573 2.1147 -19.2662
v  99.1925 2.1147 -20.9013
v  101.2083 2.1147 -22.9171
v  102.8434 2.1147 -25.2523
v  104.0482 2.1147 -27.8360
v  104.7860 2.1147 -30.5896
v  104.7860 3.0507 -36.2694
v  105.0345 3.0507 -33.4295
v  104.0482 3.0507 -39.0230
v  102.8434 3.0507 -41.6067
v  101.2083 3.0507 -43.9419
v  99.1925 3.0507 -45.9577
v  96.8573 3.0507 -47.5928
v  94.2737 3.0507 -48.7976
v  91.5200 3.0507 -49.5354
v  88.6801 3.0507 -49.7839
v  85.8402 3.0507 -49.5354
v  83.0866 3.0507 -48.7976
v  80.5030 3.0507 -47.5928
v  78.1677 3.0507 -45.9577
v  76.1520 3.0507 -43.9419
v  74.5168 3.0507 -41.6067
v  73.3120 3.0507 -39.0231
v  72.5742 3.0507 -36.2694
v  72.3258 3.0507 -33.4295
v  72.5742 3.0507 -30.5896
v  73.3120 3.0507 -27.8360
v  74.5168 3.0507 -25.2523
v  76.1520 3.0507 -22.9171
v  78.1677 3.0507 -20.9014
v  80.5029 3.0507 -19.2662
v  83.0866 3.0507 -18.0614
v  85.8402 3.0507 -17.3236
v  88.6801 3.0507 -17.0752
v  91.5200 3.0507 -17.3236
v  94.2737 3.0507 -18.0614
v  96.8573 3.0507 -19.2662
v  99.1925 3.0507 -20.9013
v  101.2083 3.0507 -22.9171
v  102.8434 3.0507 -25.2523
v  104.0482 3.0507 -27.8360
v  104.7860 3.0507 -30.5896
v  104.7860 4.3813 -36.2694
v  105.0345 4.3813 -33.4295
v  104.0482 4.3813 -39.0230
v  102.8434 4.3813 -41.6067
v  101.2083 4.3813 -43.9419
v  99.1925 4.3813 -45.9577
v  96.8573 4.3813 -47.5928
v  94.2737 4.3813 -48.7976
v  91.5200 4.3813 -49.5354
v  88.6801 4.3813 -49.7839
v  85.8402 4.3813 -49.5354
v  83.0866 4.3813 -48.7976
v  80.5030 4.3813 -47.5928
v  78.1677 4.3813 -45.9577
v  76.1520 4.3813 -43.9419
v  74.5168 4.3813 -41.6067
v  73.3120 4.3813 -39.0231
v  72.5742 4.3813 -36.2694
v  72.3258 4.3813 -33.4295
v  72.5742 4.3813 -30.5896
v  73.3120 4.3813 -27.8360
v  74.5168 4.3813 -25.2523
v  76.1520 4.3813 -22.9171
v  78.1677 4.3813 -20.9014
v  80.5029 4.3813 -19.2662
v  83.0866 4.3813 -18.0614
v  85.8402 4.3813 -17.3236
v  88.6801 4.3813 -17.0752
v  91.5200 4.3813 -17.3236
v  94.2737 4.3813 -18.0614
v  96.8573 4.3813 -19.2662
v  99.1925 4.3813 -20.9013
v  101.2083 4.3813 -22.9171
v  102.8434 4.3813 -25.2523
v  104.0482 4.3813 -27.8360
v  104.7860 4.3813 -30.5896
v  101.9595 4.4466 -35.7710
v  102.1644 4.4466 -33.4295
v  101.3512 4.4466 -38.0414
v  100.3578 4.4466 -40.1716
v  99.0097 4.4466 -42.0970
v  97.3476 4.4466 -43.7591
v  95.4223 4.4466 -45.1072
v  93.2920 4.4466 -46.1006
v  91.0217 4.4466 -46.7089
v  88.6801 4.4466 -46.9138
v  86.3386 4.4466 -46.7089
v  84.0683 4.4466 -46.1006
v  81.9380 4.4466 -45.1072
v  80.0126 4.4466 -43.7591
v  78.3506 4.4466 -42.0970
v  77.0024 4.4466 -40.1717
v  76.0091 4.4466 -38.0414
v  75.4007 4.4466 -35.7710
v  75.1959 4.4466 -33.4295
v  75.4007 4.4466 -31.0880
v  76.0091 4.4466 -28.8176
v  77.0024 4.4466 -26.6874
v  78.3506 4.4466 -24.7620
v  80.0126 4.4466 -23.1000
v  81.9380 4.4466 -21.7518
v  84.0682 4.4466 -20.7585
v  86.3386 4.4466 -20.1501
v  88.6801 4.4466 -19.9453
v  91.0216 4.4466 -20.1501
v  93.2920 4.4466 -20.7585
v  95.4222 4.4466 -21.7518
v  97.3476 4.4466 -23.1000
v  99.0097 4.4466 -24.7620
v  100.3578 4.4466 -26.6874
v  101.3512 4.4466 -28.8176
v  101.9595 4.4466 -31.0880
v  102.1644 1.9941 -33.4295
v  101.9595 1.9941 -35.7710
v  101.3512 1.9941 -38.0414
v  100.3578 1.9941 -40.1716
v  99.0097 1.9941 -42.0970
v  97.3476 1.9941 -43.7591
v  95.4223 1.9941 -45.1072
v  93.2920 1.9941 -46.1006
v  91.0217 1.9941 -46.7089
v  88.6801 1.9941 -46.9138
v  86.3386 1.9941 -46.7089
v  84.0683 1.9941 -46.1006
v  81.9380 1.9941 -45.1072
v  80.0126 1.9941 -43.7591
v  78.3506 1.9941 -42.0970
v  77.0024 1.9941 -40.1717
v  76.0091 1.9941 -38.0414
v  75.4007 1.9941 -35.7710
v  75.1959 1.9941 -33.4295
v  75.4007 1.9941 -31.0880
v  76.0091 1.9941 -28.8176
v  77.0024 1.9941 -26.6874
v  78.3506 1.9941 -24.7620
v  80.0126 1.9941 -23.1000
v  81.9380 1.9941 -21.7518
v  84.0682 1.9941 -20.7585
v  86.3386 1.9941 -20.1501
v  88.6801 1.9941 -19.9453
v  91.0216 1.9941 -20.1501
v  93.2920 1.9941 -20.7585
v  95.4222 1.9941 -21.7518
v  97.3476 1.9941 -23.1000
v  99.0097 1.9941 -24.7620
v  100.3578 1.9941 -26.6874
v  101.3512 1.9941 -28.8176
v  101.9595 1.9941 -31.0880
v  88.5482 0.9802 -24.3006
v  88.5482 4.2470 -24.3006
v  87.9184 4.2470 -24.5529
v  87.9184 0.9802 -24.5529
v  89.1779 0.9802 -24.5529
v  89.1779 4.2470 -24.5529
v  88.5482 4.4285 -24.3006
v  87.9184 4.4285 -24.5529
v  86.9693 0.9802 -24.9670
v  86.9693 4.2470 -24.9670
v  90.1270 0.9802 -24.9670
v  90.1270 4.2470 -24.9670
v  89.1779 4.4285 -24.5529
v  86.9693 4.4285 -24.9670
v  88.5482 4.3909 -25.7865
v  88.4508 4.3909 -25.8255
v  86.0493 0.9802 -25.4371
v  86.0493 4.2470 -25.4371
v  91.0471 0.9802 -25.4371
v  91.0471 4.2470 -25.4371
v  90.1270 4.4285 -24.9670
v  88.6455 4.3909 -25.8255
v  86.0493 4.4285 -25.4371
v  87.5595 4.3909 -26.2144
v  88.5482 1.8500 -25.7865
v  88.4508 1.8500 -25.8255
v  85.1728 0.9802 -25.9913
v  85.1728 4.2470 -25.9913
v  91.9236 0.9802 -25.9913
v  91.9236 4.2470 -25.9913
v  91.0471 4.4285 -25.4371
v  89.5369 4.3909 -26.2144
v  88.6455 1.8500 -25.8255
v  85.1728 4.4285 -25.9913
v  86.7331 4.3909 -26.6367
v  87.5595 1.8500 -26.2144
v  88.5482 2.1222 -25.7865
v  88.4508 2.1222 -25.8255
v  84.3544 0.9802 -26.6576
v  84.3544 4.2470 -26.6576
v  92.7420 0.9802 -26.6576
v  92.7420 4.2470 -26.6576
v  91.9236 4.4285 -25.9913
v  90.3633 4.3909 -26.6367
v  89.5369 1.8500 -26.2144
v  88.6455 2.1222 -25.8255
v  84.3544 4.4285 -26.6576
v  85.9796 4.3909 -27.1131
v  86.7331 1.8500 -26.6367
v  87.5595 2.1222 -26.2144
v  88.5482 1.9938 -26.8526
v  83.6086 0.9802 -27.4640
v  83.6086 4.2470 -27.4640
v  93.4878 0.9802 -27.4640
v  93.4878 4.2470 -27.4640
v  92.7420 4.4285 -26.6576
v  91.1167 4.3909 -27.1131
v  90.3633 1.8500 -26.6367
v  89.5369 2.1222 -26.2144
v  83.6086 4.4285 -27.4640
v  85.3008 4.3909 -27.6657
v  85.9796 1.8500 -27.1131
v  86.7331 2.1222 -26.6367
v  87.9829 1.9938 -27.1093
v  82.9499 0.9802 -28.4385
v  82.9499 4.2470 -28.4385
v  94.1464 0.9802 -28.4385
v  94.1464 4.2470 -28.4385
v  93.4878 4.4285 -27.4640
v  91.7956 4.3909 -27.6657
v  91.1167 1.8500 -27.1131
v  90.3633 2.1222 -26.6367
v  89.1135 1.9938 -27.1093
v  82.9499 4.4285 -28.4385
v  84.6925 4.3909 -28.3234
v  85.3008 1.8500 -27.6657
v  85.9796 2.1222 -27.1131
v  87.2237 1.9938 -27.4973
v  88.5482 2.2784 -26.8526
v  87.9829 2.2784 -27.1093
v  82.4037 0.9802 -29.5220
v  82.4037 4.2470 -29.5220
v  94.6926 0.9802 -29.5220
v  94.6926 4.2470 -29.5220
v  94.1464 4.4285 -28.4385
v  92.4038 4.3909 -28.3234
v  91.7956 1.8500 -27.6657
v  91.1167 2.1222 -27.1131
v  89.8727 1.9938 -27.4973
v  89.1135 2.2784 -27.1093
v  82.4037 4.4285 -29.5220
v  84.1420 4.3909 -29.1380
v  84.6925 1.8500 -28.3234
v  85.3008 2.1222 -27.6657
v  86.5585 1.9938 -27.9179
v  87.2237 2.2784 -27.4973
v  85.9798 4.1841 -28.3890
v  86.5585 4.1841 -27.9179
v  87.2237 4.1841 -27.4973
v  87.9829 4.1841 -27.1093
v  88.5482 4.1841 -26.8526
v  88.5482 4.1841 -32.3831
v  87.7394 4.1841 -32.3831
v  87.7394 4.1841 -33.8209
v  86.2513 4.1841 -33.8209
v  86.2513 4.1841 -35.2586
v  87.7394 4.1841 -35.2586
v  87.7394 4.1841 -36.6964
v  88.5482 4.1841 -36.6964
v  88.5482 4.1841 -37.9948
v  83.1980 4.1841 -37.9948
v  83.2408 4.1841 -36.6271
v  83.3683 4.1841 -35.5694
v  83.5219 4.1841 -34.4509
v  83.7053 4.1841 -33.3806
v  83.9328 4.1841 -32.3624
v  84.2173 4.1841 -31.3979
v  84.5709 4.1841 -30.4855
v  84.9972 4.1841 -29.6398
v  85.4702 4.1841 -28.9400
v  81.9729 0.9802 -30.6335
v  81.9729 4.2470 -30.6335
v  95.1234 0.9802 -30.6335
v  95.1234 4.2470 -30.6335
v  94.6926 4.4285 -29.5220
v  92.9544 4.3909 -29.1380
v  92.4038 1.8500 -28.3234
v  91.7956 2.1222 -27.6657
v  90.5378 1.9938 -27.9179
v  89.8727 2.2784 -27.4973
v  93.8983 4.1841 -37.9948
v  89.3779 4.1841 -36.6964
v  89.3779 4.1841 -35.2586
v  90.8660 4.1841 -35.2586
v  90.8660 4.1841 -33.8209
v  89.3779 4.1841 -33.8209
v  89.3779 4.1841 -32.3831
v  89.1135 4.1841 -27.1093
v  89.8727 4.1841 -27.4973
v  90.5378 4.1841 -27.9179
v  91.1165 4.1841 -28.3890
v  91.6261 4.1841 -28.9400
v  92.0991 4.1841 -29.6398
v  92.5254 4.1841 -30.4855
v  92.8791 4.1841 -31.3979
v  93.1635 4.1841 -32.3624
v  93.3910 4.1841 -33.3806
v  93.5744 4.1841 -34.4509
v  93.7281 4.1841 -35.5694
v  93.8556 4.1841 -36.6271
v  81.9729 4.4285 -30.6335
v  83.6656 4.3909 -30.0830
v  84.1420 1.8500 -29.1380
v  84.6925 2.1222 -28.3234
v  85.9798 1.9938 -28.3890
v  86.5585 2.2784 -27.9179
v  85.4702 1.9938 -28.9400
v  85.9798 2.2784 -28.3890
v  85.4702 2.2784 -28.9400
v  88.5482 1.9938 -37.9948
v  83.1980 1.9938 -37.9948
v  83.1980 2.2784 -37.9948
v  88.5482 2.2784 -37.9948
v  83.2408 1.9938 -36.6271
v  83.2408 2.2784 -36.6271
v  83.3683 1.9938 -35.5694
v  83.3683 2.2784 -35.5694
v  83.5219 1.9938 -34.4509
v  83.5219 2.2784 -34.4509
v  83.7053 1.9938 -33.3806
v  83.7053 2.2784 -33.3806
v  83.9328 1.9938 -32.3624
v  83.9328 2.2784 -32.3624
v  84.2173 1.9938 -31.3979
v  84.2173 2.2784 -31.3979
v  84.5709 1.9938 -30.4855
v  84.5709 2.2784 -30.4855
v  84.9972 1.9938 -29.6398
v  84.9972 2.2784 -29.6398
v  81.6383 0.9802 -31.7684
v  81.6383 4.2470 -31.7684
v  95.4581 0.9802 -31.7684
v  95.4581 4.2470 -31.7684
v  95.1234 4.4285 -30.6335
v  93.4307 4.3909 -30.0830
v  92.9544 1.8500 -29.1380
v  92.4038 2.1222 -28.3234
v  91.1165 1.9938 -28.3890
v  90.5378 2.2784 -27.9179
v  93.8556 1.9938 -36.6271
v  93.8983 1.9938 -37.9948
v  93.8983 2.2784 -37.9948
v  93.8556 2.2784 -36.6271
v  91.1165 2.2784 -28.3890
v  91.6261 1.9938 -28.9400
v  91.6261 2.2784 -28.9400
v  92.0991 1.9938 -29.6398
v  92.0991 2.2784 -29.6398
v  92.5254 1.9938 -30.4855
v  92.5254 2.2784 -30.4855
v  92.8791 1.9938 -31.3979
v  92.8791 2.2784 -31.3979
v  93.1635 1.9938 -32.3624
v  93.1635 2.2784 -32.3624
v  93.3910 1.9938 -33.3806
v  93.3910 2.2784 -33.3806
v  93.5744 1.9938 -34.4509
v  93.5744 2.2784 -34.4509
v  93.7281 1.9938 -35.5694
v  93.7281 2.2784 -35.5694
v  81.6383 4.4285 -31.7684
v  83.2797 4.3909 -31.0786
v  83.6656 1.8500 -30.0830
v  84.1420 2.1222 -29.1380
v  88.5482 2.1222 -38.9844
v  82.1770 2.1222 -38.9844
v  82.2530 2.1222 -36.5523
v  82.3868 2.1222 -35.4428
v  82.5437 2.1222 -34.2999
v  82.7341 2.1222 -33.1890
v  82.9743 2.1222 -32.1143
v  83.2797 2.1222 -31.0786
v  83.6656 2.1222 -30.0830
v  81.3805 0.9802 -32.9220
v  81.3805 4.2470 -32.9220
v  95.7159 0.9802 -32.9220
v  95.7159 4.2470 -32.9220
v  95.4581 4.4285 -31.7684
v  93.8166 4.3909 -31.0786
v  93.4307 1.8500 -30.0830
v  92.9544 2.1222 -29.1380
v  94.8433 2.1222 -36.5523
v  94.9193 2.1222 -38.9844
v  93.4307 2.1222 -30.0830
v  93.8166 2.1222 -31.0786
v  94.1221 2.1222 -32.1143
v  94.3622 2.1222 -33.1890
v  94.5526 2.1222 -34.2999
v  94.7096 2.1222 -35.4428
v  81.3805 4.4285 -32.9220
v  82.9743 4.3909 -32.1143
v  83.2797 1.8500 -31.0786
v  88.5482 1.8500 -38.9844
v  82.1770 1.8500 -38.9844
v  82.2530 1.8500 -36.5523
v  82.3868 1.8500 -35.4428
v  82.5437 1.8500 -34.2999
v  82.7341 1.8500 -33.1890
v  82.9743 1.8500 -32.1143
v  81.1804 0.9802 -34.0895
v  81.1804 4.2470 -34.0895
v  95.9160 0.9802 -34.0895
v  95.9160 4.2470 -34.0895
v  95.7159 4.4285 -32.9220
v  94.1221 4.3909 -32.1143
v  93.8166 1.8500 -31.0786
v  94.8433 1.8500 -36.5523
v  94.9193 1.8500 -38.9844
v  94.1221 1.8500 -32.1143
v  94.3622 1.8500 -33.1890
v  94.5526 1.8500 -34.2999
v  94.7096 1.8500 -35.4428
v  81.1804 4.4285 -34.0895
v  82.7341 4.3909 -33.1890
v  88.5482 4.3909 -38.9844
v  82.1770 4.3909 -38.9844
v  82.2530 4.3909 -36.5523
v  82.3868 4.3909 -35.4428
v  82.5437 4.3909 -34.2999
v  81.0187 0.9802 -35.2664
v  81.0187 4.2470 -35.2664
v  96.0776 0.9802 -35.2664
v  96.0776 4.2470 -35.2664
v  95.9160 4.4285 -34.0895
v  94.3622 4.3909 -33.1890
v  94.8433 4.3909 -36.5523
v  94.9193 4.3909 -38.9844
v  94.5526 4.3909 -34.2999
v  94.7096 4.3909 -35.4428
v  81.0187 4.4285 -35.2664
v  88.5482 4.4285 -40.3637
v  80.7540 4.4285 -40.3637
v  80.8763 4.4285 -36.4480
v  80.8763 0.9802 -36.4480
v  80.8763 4.2470 -36.4480
v  96.2200 0.9802 -36.4480
v  96.2200 4.2470 -36.4480
v  96.0776 4.4285 -35.2664
v  96.2200 4.4285 -36.4480
v  96.3424 4.4285 -40.3637
v  88.5482 4.2470 -40.3637
v  80.7540 4.2470 -40.3637
v  80.7540 0.9802 -40.3637
v  96.3424 0.9802 -40.3637
v  96.3424 4.2470 -40.3637
v  88.5482 0.9802 -40.3637
v  88.5482 2.2784 -32.3831
v  87.7394 2.2784 -32.3831
v  87.7394 2.2784 -33.8209
v  86.2513 2.2784 -33.8209
v  86.2513 2.2784 -35.2586
v  87.7394 2.2784 -35.2586
v  87.7394 2.2784 -36.6964
v  88.5482 2.2784 -36.6964
v  89.3779 2.2784 -36.6964
v  89.3779 2.2784 -35.2586
v  90.8660 2.2784 -35.2586
v  90.8660 2.2784 -33.8209
v  89.3779 2.2784 -33.8209
v  89.3779 2.2784 -32.3831
v  88.7793 2.0185 -57.8305
v  88.7793 2.9499 -57.6424
v  90.1049 2.9499 -57.4678
v  90.1536 2.0185 -57.6496
v  88.7793 3.6318 -57.1283
v  89.9718 3.6318 -56.9713
v  88.7793 3.8813 -56.4260
v  89.7901 3.8813 -56.2929
v  88.7793 3.6318 -55.7238
v  89.6083 3.6318 -55.6146
v  88.7793 2.9499 -55.2097
v  89.4753 2.9499 -55.1181
v  88.7793 2.0185 -55.0215
v  89.4266 2.0185 -54.9363
v  88.7793 1.0871 -55.2097
v  89.4753 1.0871 -55.1181
v  88.7793 0.4053 -55.7238
v  89.6083 0.4053 -55.6146
v  88.7793 0.1557 -56.4260
v  89.7901 0.1557 -56.2929
v  88.7793 0.4053 -57.1283
v  89.9718 0.4053 -56.9713
v  88.7793 1.0871 -57.6424
v  90.1049 1.0871 -57.4678
v  91.3401 2.9499 -56.9562
v  91.4342 2.0185 -57.1192
v  91.0831 3.6318 -56.5110
v  90.7319 3.8813 -55.9028
v  90.3808 3.6318 -55.2947
v  90.1238 2.9499 -54.8494
v  90.0297 2.0185 -54.6865
v  90.1238 1.0871 -54.8494
v  90.3808 0.4053 -55.2946
v  90.7319 0.1557 -55.9028
v  91.0831 0.4053 -56.5110
v  91.3401 1.0871 -56.9562
v  92.4008 2.9499 -56.1423
v  92.5339 2.0185 -56.2754
v  92.0373 3.6318 -55.7788
v  91.5407 3.8813 -55.2822
v  91.0441 3.6318 -54.7857
v  90.6806 2.9499 -54.4221
v  90.5476 2.0185 -54.2891
v  90.6806 1.0871 -54.4221
v  91.0441 0.4053 -54.7857
v  91.5407 0.1557 -55.2822
v  92.0373 0.4053 -55.7788
v  92.4008 1.0871 -56.1423
v  93.2147 2.9499 -55.0816
v  93.3777 2.0185 -55.1757
v  92.7695 3.6318 -54.8246
v  92.1613 3.8813 -54.4734
v  91.5532 3.6318 -54.1223
v  91.1079 2.9499 -53.8653
v  90.9450 2.0185 -53.7712
v  91.1079 1.0871 -53.8653
v  91.5532 0.4053 -54.1223
v  92.1613 0.1557 -54.4734
v  92.7695 0.4053 -54.8246
v  93.2147 1.0871 -55.0816
v  93.7264 2.9499 -53.8464
v  93.9081 2.0185 -53.8951
v  93.2298 3.6318 -53.7133
v  92.5515 3.8813 -53.5316
v  91.8731 3.6318 -53.3498
v  91.3766 2.9499 -53.2168
v  91.1948 2.0185 -53.1680
v  91.3766 1.0871 -53.2168
v  91.8731 0.4053 -53.3498
v  92.5515 0.1557 -53.5316
v  93.2298 0.4053 -53.7133
v  93.7264 1.0871 -53.8464
v  93.9009 2.9499 -52.5208
v  94.0890 2.0185 -52.5208
v  93.3868 3.6318 -52.5208
v  92.6845 3.8813 -52.5208
v  91.9823 3.6318 -52.5208
v  91.4682 2.9499 -52.5208
v  91.2800 2.0185 -52.5208
v  91.4682 1.0871 -52.5208
v  91.9823 0.4053 -52.5208
v  92.6845 0.1557 -52.5208
v  93.3868 0.4053 -52.5208
v  93.9009 1.0871 -52.5208
v  93.7264 2.9499 -51.1953
v  93.9081 2.0185 -51.1466
v  93.2298 3.6318 -51.3283
v  92.5515 3.8813 -51.5101
v  91.8731 3.6318 -51.6919
v  91.3766 2.9499 -51.8249
v  91.1948 2.0185 -51.8736
v  91.3766 1.0871 -51.8249
v  91.8731 0.4053 -51.6919
v  92.5515 0.1557 -51.5101
v  93.2298 0.4053 -51.3283
v  93.7264 1.0871 -51.1953
v  93.2147 2.9499 -49.9601
v  93.3777 2.0185 -49.8660
v  92.7695 3.6318 -50.2171
v  92.1613 3.8813 -50.5682
v  91.5532 3.6318 -50.9194
v  91.1079 2.9499 -51.1764
v  90.9450 2.0185 -51.2705
v  91.1079 1.0871 -51.1764
v  91.5532 0.4053 -50.9194
v  92.1613 0.1557 -50.5682
v  92.7695 0.4053 -50.2171
v  93.2147 1.0871 -49.9601
v  92.4008 2.9499 -48.8994
v  92.5339 2.0185 -48.7663
v  92.0373 3.6318 -49.2629
v  91.5407 3.8813 -49.7594
v  91.0441 3.6318 -50.2560
v  90.6806 2.9499 -50.6195
v  90.5476 2.0185 -50.7526
v  90.6806 1.0871 -50.6195
v  91.0441 0.4053 -50.2560
v  91.5407 0.1557 -49.7594
v  92.0373 0.4053 -49.2629
v  92.4008 1.0871 -48.8994
v  91.3401 2.9499 -48.0854
v  91.4342 2.0185 -47.9225
v  91.0831 3.6318 -48.5307
v  90.7319 3.8813 -49.1388
v  90.3808 3.6318 -49.7470
v  90.1238 2.9499 -50.1922
v  90.0297 2.0185 -50.3552
v  90.1238 1.0871 -50.1922
v  90.3808 0.4053 -49.7470
v  90.7319 0.1557 -49.1388
v  91.0831 0.4053 -48.5307
v  91.3401 1.0871 -48.0854
v  90.1049 2.9499 -47.5738
v  90.1536 2.0185 -47.3920
v  89.9718 3.6318 -48.0704
v  89.7901 3.8813 -48.7487
v  89.6083 3.6318 -49.4270
v  89.4753 2.9499 -49.9236
v  89.4266 2.0185 -50.1054
v  89.4753 1.0871 -49.9236
v  89.6083 0.4053 -49.4270
v  89.7901 0.1557 -48.7487
v  89.9718 0.4053 -48.0704
v  90.1049 1.0871 -47.5738
v  88.7793 2.9499 -47.3993
v  88.7793 2.0185 -47.2111
v  88.7793 3.6318 -47.9134
v  88.7793 3.8813 -48.6156
v  88.7793 3.6318 -49.3179
v  88.7793 2.9499 -49.8320
v  88.7793 2.0185 -50.0202
v  88.7793 1.0871 -49.8320
v  88.7793 0.4053 -49.3179
v  88.7793 0.1557 -48.6156
v  88.7793 0.4053 -47.9134
v  88.7793 1.0871 -47.3993
v  87.4538 2.9499 -47.5738
v  87.4051 2.0185 -47.3920
v  87.5868 3.6318 -48.0704
v  87.7686 3.8813 -48.7487
v  87.9504 3.6318 -49.4270
v  88.0834 2.9499 -49.9236
v  88.1321 2.0185 -50.1054
v  88.0834 1.0871 -49.9236
v  87.9504 0.4053 -49.4270
v  87.7686 0.1557 -48.7487
v  87.5868 0.4053 -48.0704
v  87.4538 1.0871 -47.5738
v  86.2186 2.9499 -48.0854
v  86.1245 2.0185 -47.9225
v  86.4756 3.6318 -48.5307
v  86.8267 3.8813 -49.1388
v  87.1779 3.6318 -49.7470
v  87.4349 2.9499 -50.1922
v  87.5290 2.0185 -50.3552
v  87.4349 1.0871 -50.1922
v  87.1779 0.4053 -49.7470
v  86.8267 0.1557 -49.1388
v  86.4756 0.4053 -48.5307
v  86.2186 1.0871 -48.0854
v  85.1579 2.9499 -48.8994
v  85.0248 2.0185 -48.7663
v  85.5214 3.6318 -49.2629
v  86.0179 3.8813 -49.7594
v  86.5145 3.6318 -50.2560
v  86.8780 2.9499 -50.6195
v  87.0111 2.0185 -50.7526
v  86.8780 1.0871 -50.6195
v  86.5145 0.4053 -50.2560
v  86.0179 0.1557 -49.7594
v  85.5214 0.4053 -49.2629
v  85.1579 1.0871 -48.8994
v  84.3439 2.9499 -49.9601
v  84.1810 2.0185 -49.8660
v  84.7892 3.6318 -50.2171
v  85.3973 3.8813 -50.5682
v  86.0055 3.6318 -50.9194
v  86.4507 2.9499 -51.1764
v  86.6137 2.0185 -51.2705
v  86.4507 1.0871 -51.1764
v  86.0055 0.4053 -50.9194
v  85.3973 0.1557 -50.5682
v  84.7892 0.4053 -50.2171
v  84.3439 1.0871 -49.9601
v  83.8323 2.9499 -51.1953
v  83.6506 2.0185 -51.1466
v  84.3289 3.6318 -51.3283
v  85.0072 3.8813 -51.5101
v  85.6855 3.6318 -51.6919
v  86.1821 2.9499 -51.8249
v  86.3639 2.0185 -51.8736
v  86.1821 1.0871 -51.8249
v  85.6855 0.4053 -51.6919
v  85.0072 0.1557 -51.5101
v  84.3289 0.4053 -51.3283
v  83.8323 1.0871 -51.1953
v  83.6578 2.9499 -52.5208
v  83.4696 2.0185 -52.5208
v  84.1719 3.6318 -52.5208
v  84.8741 3.8813 -52.5208
v  85.5764 3.6318 -52.5208
v  86.0905 2.9499 -52.5208
v  86.2787 2.0185 -52.5208
v  86.0905 1.0871 -52.5208
v  85.5764 0.4053 -52.5208
v  84.8741 0.1557 -52.5208
v  84.1719 0.4053 -52.5208
v  83.6578 1.0871 -52.5208
v  83.8323 2.9499 -53.8464
v  83.6506 2.0185 -53.8951
v  84.3289 3.6318 -53.7133
v  85.0072 3.8813 -53.5316
v  85.6855 3.6318 -53.3498
v  86.1821 2.9499 -53.2168
v  86.3639 2.0185 -53.1680
v  86.1821 1.0871 -53.2168
v  85.6855 0.4053 -53.3498
v  85.0072 0.1557 -53.5316
v  84.3289 0.4053 -53.7133
v  83.8323 1.0871 -53.8464
v  84.3439 2.9499 -55.0816
v  84.1810 2.0185 -55.1757
v  84.7892 3.6318 -54.8246
v  85.3973 3.8813 -54.4734
v  86.0055 3.6318 -54.1223
v  86.4507 2.9499 -53.8653
v  86.6137 2.0185 -53.7712
v  86.4507 1.0871 -53.8653
v  86.0055 0.4053 -54.1223
v  85.3973 0.1557 -54.4734
v  84.7892 0.4053 -54.8246
v  84.3439 1.0871 -55.0816
v  85.1579 2.9499 -56.1423
v  85.0248 2.0185 -56.2754
v  85.5214 3.6318 -55.7788
v  86.0179 3.8813 -55.2822
v  86.5145 3.6318 -54.7857
v  86.8780 2.9499 -54.4221
v  87.0111 2.0185 -54.2891
v  86.8780 1.0871 -54.4221
v  86.5145 0.4053 -54.7857
v  86.0179 0.1557 -55.2822
v  85.5214 0.4053 -55.7788
v  85.1579 1.0871 -56.1423
v  86.2186 2.9499 -56.9562
v  86.1245 2.0185 -57.1192
v  86.4756 3.6318 -56.5110
v  86.8267 3.8813 -55.9028
v  87.1779 3.6318 -55.2946
v  87.4349 2.9499 -54.8494
v  87.5290 2.0185 -54.6865
v  87.4349 1.0871 -54.8494
v  87.1779 0.4053 -55.2946
v  86.8267 0.1557 -55.9028
v  86.4756 0.4053 -56.5110
v  86.2186 1.0871 -56.9562
v  87.4538 2.9499 -57.4678
v  87.4051 2.0185 -57.6496
v  87.5868 3.6318 -56.9713
v  87.7686 3.8813 -56.2929
v  87.9504 3.6318 -55.6146
v  88.0834 2.9499 -55.1181
v  88.1321 2.0185 -54.9363
v  88.0834 1.0871 -55.1181
v  87.9504 0.4053 -55.6146
v  87.7686 0.1557 -56.2929
v  87.5868 0.4053 -56.9713
v  87.4538 1.0871 -57.4678
# 1826 vertices

vn 1.0000 -0.0000 -0.0000
vn 0.9848 0.1736 0.0000
vn 0.9848 0.1736 -0.0000
vn 0.9397 0.3420 0.0000
vn 0.8660 0.5000 0.0000
vn 0.7660 0.6428 0.0000
vn 0.6428 0.7660 0.0000
vn 0.5000 0.8660 0.0000
vn 0.3420 0.9397 0.0000
vn 0.1736 0.9848 0.0000
vn 0.0000 1.0000 0.0000
vn -0.1736 0.9848 0.0000
vn -0.3420 0.9397 0.0000
vn -0.5000 0.8660 0.0000
vn -0.6428 0.7660 0.0000
vn -0.7660 0.6428 0.0000
vn -0.8660 0.5000 0.0000
vn -0.8660 0.5000 -0.0000
vn -0.9397 0.3420 0.0000
vn -0.9397 0.3420 -0.0000
vn -0.9848 0.1736 0.0000
vn -0.9848 0.1736 -0.0000
vn -1.0000 0.0000 0.0000
vn -1.0000 0.0000 -0.0000
vn -0.9848 -0.1736 -0.0000
vn -0.9397 -0.3420 -0.0000
vn -0.8660 -0.5000 -0.0000
vn -0.7660 -0.6428 -0.0000
vn -0.6428 -0.7660 -0.0000
vn -0.5000 -0.8660 -0.0000
vn -0.3420 -0.9397 -0.0000
vn -0.1736 -0.9848 -0.0000
vn -0.0000 -1.0000 -0.0000
vn 0.1736 -0.9848 -0.0000
vn 0.3420 -0.9397 -0.0000
vn 0.5000 -0.8660 -0.0000
vn 0.6428 -0.7660 -0.0000
vn 0.7660 -0.6428 -0.0000
vn 0.8660 -0.5000 -0.0000
vn 0.9397 -0.3420 -0.0000
vn 0.9848 -0.1736 -0.0000
vn 1.0000 -0.0000 0.0000
vn -0.9848 -0.1736 0.0000
vn -0.9397 -0.3420 0.0000
vn -0.8660 -0.5000 0.0000
vn 0.9397 -0.3420 0.0000
vn 0.9848 -0.1736 0.0000
vn -0.7660 -0.6428 0.0000
vn -0.6428 -0.7660 0.0000
vn 0.1736 -0.9848 0.0000
vn 0.3420 -0.9397 0.0000
vn 0.5000 -0.8660 0.0000
vn 0.6428 -0.7660 0.0000
vn 0.7660 -0.6428 0.0000
vn 0.8660 -0.5000 0.0000
vn -1.0000 -0.0000 0.0000
vn -0.5000 -0.8660 0.0000
vn -0.3420 -0.9397 0.0000
vn 0.0000 -1.0000 -0.0000
vn 0.0000 0.0000 -1.0000
vn -0.0000 -0.0000 -1.0000
vn -0.0000 0.0000 -1.0000
vn 0.0000 -0.0000 -1.0000
vn 0.0000 -0.0000 1.0000
vn 0.9962 0.0872 0.0000
vn 0.9962 -0.0872 -0.0000
vn 0.9659 -0.2588 -0.0000
vn 0.9063 -0.4226 -0.0000
vn 0.8192 -0.5736 -0.0000
vn 0.7071 -0.7071 -0.0000
vn 0.5736 -0.8192 -0.0000
vn 0.4226 -0.9063 -0.0000
vn 0.2588 -0.9659 -0.0000
vn 0.0872 -0.9962 -0.0000
vn -0.0872 -0.9962 -0.0000
vn -0.2588 -0.9659 -0.0000
vn -0.4226 -0.9063 -0.0000
vn -0.5736 -0.8192 -0.0000
vn -0.7071 -0.7071 -0.0000
vn -0.8192 -0.5736 -0.0000
vn -0.9063 -0.4226 -0.0000
vn -0.9659 -0.2588 -0.0000
vn -0.9962 -0.0872 -0.0000
vn -0.9962 0.0872 0.0000
vn -0.9659 0.2588 0.0000
vn -0.9063 0.4226 0.0000
vn -0.8192 0.5736 0.0000
vn -0.7071 0.7071 0.0000
vn -0.5736 0.8192 0.0000
vn -0.4226 0.9063 0.0000
vn -0.2588 0.9659 0.0000
vn -0.0872 0.9962 0.0000
vn 0.0872 0.9962 0.0000
vn 0.2588 0.9659 0.0000
vn 0.4226 0.9063 0.0000
vn 0.5736 0.8192 0.0000
vn 0.7071 0.7071 0.0000
vn 0.8192 0.5736 0.0000
vn 0.9063 0.4226 0.0000
vn 0.9659 0.2588 0.0000
vn 0.7445 0.0651 0.6645
vn 0.7445 -0.0651 0.6645
vn 0.7219 -0.1934 0.6645
vn 0.6773 -0.3158 0.6645
vn 0.6122 -0.4287 0.6645
vn 0.5284 -0.5284 0.6645
vn 0.4287 -0.6122 0.6645
vn 0.3158 -0.6773 0.6645
vn 0.1934 -0.7219 0.6645
vn 0.0651 -0.7445 0.6645
vn -0.0651 -0.7445 0.6645
vn -0.1934 -0.7219 0.6645
vn -0.3158 -0.6773 0.6645
vn -0.4287 -0.6122 0.6645
vn -0.5284 -0.5284 0.6645
vn -0.6122 -0.4287 0.6645
vn -0.6773 -0.3158 0.6645
vn -0.7219 -0.1934 0.6645
vn -0.7445 -0.0651 0.6645
vn -0.7445 0.0651 0.6645
vn -0.7219 0.1934 0.6645
vn -0.6773 0.3158 0.6645
vn -0.6122 0.4287 0.6645
vn -0.5284 0.5284 0.6645
vn -0.4287 0.6122 0.6645
vn -0.3158 0.6773 0.6645
vn -0.1934 0.7219 0.6645
vn -0.0651 0.7445 0.6645
vn 0.0651 0.7445 0.6645
vn 0.1934 0.7219 0.6645
vn 0.3158 0.6773 0.6645
vn 0.4287 0.6122 0.6645
vn 0.5284 0.5284 0.6645
vn 0.6122 0.4287 0.6645
vn 0.6773 0.3158 0.6645
vn 0.7219 0.1934 0.6645
vn 0.6797 0.0595 -0.7311
vn 0.6797 -0.0595 -0.7311
vn 0.6591 -0.1766 -0.7311
vn 0.6184 -0.2884 -0.7311
vn 0.5589 -0.3914 -0.7311
vn 0.4825 -0.4825 -0.7311
vn 0.3914 -0.5589 -0.7311
vn 0.2884 -0.6184 -0.7311
vn 0.1766 -0.6591 -0.7311
vn 0.0595 -0.6797 -0.7311
vn -0.0595 -0.6797 -0.7311
vn -0.1766 -0.6591 -0.7311
vn -0.2884 -0.6184 -0.7311
vn -0.3914 -0.5589 -0.7311
vn -0.4825 -0.4825 -0.7311
vn -0.5589 -0.3914 -0.7311
vn -0.6184 -0.2884 -0.7311
vn -0.6591 -0.1766 -0.7311
vn -0.6797 -0.0595 -0.7311
vn -0.6797 0.0595 -0.7311
vn -0.6591 0.1766 -0.7311
vn -0.6184 0.2884 -0.7311
vn -0.5589 0.3914 -0.7311
vn -0.4825 0.4825 -0.7311
vn -0.3914 0.5589 -0.7311
vn -0.2884 0.6184 -0.7311
vn -0.1766 0.6591 -0.7311
vn -0.0595 0.6797 -0.7311
vn 0.0595 0.6797 -0.7311
vn 0.1766 0.6591 -0.7311
vn 0.2884 0.6184 -0.7311
vn 0.3914 0.5589 -0.7311
vn 0.4825 0.4825 -0.7311
vn 0.5589 0.3914 -0.7311
vn 0.6184 0.2884 -0.7311
vn 0.6591 0.1766 -0.7311
vn 0.9659 -0.2588 0.0000
vn -0.9659 0.2588 -0.0000
vn 0.9659 0.2588 -0.0000
vn -0.9659 -0.2588 0.0000
vn 0.8201 0.0718 -0.5677
vn 0.7952 0.2131 -0.5677
vn 0.7461 0.3479 -0.5677
vn 0.6744 0.4722 -0.5677
vn 0.5821 0.5821 -0.5677
vn 0.4722 0.6744 -0.5677
vn 0.3479 0.7461 -0.5677
vn 0.2131 0.7952 -0.5677
vn 0.0718 0.8201 -0.5677
vn -0.0718 0.8201 -0.5677
vn -0.2131 0.7952 -0.5677
vn -0.3479 0.7461 -0.5677
vn -0.4722 0.6744 -0.5677
vn -0.5821 0.5821 -0.5677
vn -0.6744 0.4722 -0.5677
vn -0.7461 0.3479 -0.5677
vn -0.7952 0.2131 -0.5677
vn -0.8201 0.0718 -0.5677
vn -0.8201 -0.0718 -0.5677
vn -0.7952 -0.2131 -0.5677
vn -0.7461 -0.3479 -0.5677
vn -0.6744 -0.4722 -0.5677
vn -0.5821 -0.5821 -0.5677
vn -0.4722 -0.6744 -0.5677
vn -0.3479 -0.7461 -0.5677
vn -0.2131 -0.7952 -0.5677
vn -0.0718 -0.8201 -0.5677
vn 0.0718 -0.8201 -0.5677
vn 0.2131 -0.7952 -0.5677
vn 0.3479 -0.7461 -0.5677
vn 0.4722 -0.6744 -0.5677
vn 0.5821 -0.5821 -0.5677
vn 0.6744 -0.4722 -0.5677
vn 0.7461 -0.3479 -0.5677
vn 0.7952 -0.2131 -0.5677
vn 0.8201 -0.0718 -0.5677
vn 0.8192 0.5736 -0.0000
vn 0.7071 0.7071 -0.0000
vn 0.5736 0.8192 -0.0000
vn 0.4226 0.9063 -0.0000
vn 0.2588 0.9659 -0.0000
vn 0.0872 0.9962 -0.0000
vn -0.0872 0.9962 -0.0000
vn -0.2588 0.9659 -0.0000
vn -0.4226 0.9063 -0.0000
vn -0.5736 0.8192 -0.0000
vn -0.7071 0.7071 -0.0000
vn -0.8192 0.5736 -0.0000
vn -0.8192 -0.5736 0.0000
vn -0.7071 -0.7071 0.0000
vn -0.5736 -0.8192 0.0000
vn -0.4226 -0.9063 0.0000
vn -0.2588 -0.9659 0.0000
vn -0.0872 -0.9962 0.0000
vn 0.0872 -0.9962 0.0000
vn 0.2588 -0.9659 0.0000
vn 0.4226 -0.9063 0.0000
vn 0.5736 -0.8192 0.0000
vn 0.7071 -0.7071 0.0000
vn 0.8192 -0.5736 0.0000
vn 0.7467 0.0653 0.6619
vn 0.7240 0.1940 0.6619
vn 0.6793 0.3168 0.6619
vn 0.6140 0.4299 0.6619
vn 0.5300 0.5300 0.6619
vn 0.4299 0.6140 0.6619
vn 0.3168 0.6793 0.6619
vn 0.1940 0.7240 0.6619
vn 0.0653 0.7467 0.6619
vn -0.0653 0.7467 0.6619
vn -0.1940 0.7240 0.6619
vn -0.3168 0.6793 0.6619
vn -0.4299 0.6140 0.6619
vn -0.5300 0.5300 0.6619
vn -0.6140 0.4299 0.6619
vn -0.6793 0.3168 0.6619
vn -0.7240 0.1940 0.6619
vn -0.7467 0.0653 0.6619
vn -0.7467 -0.0653 0.6619
vn -0.7240 -0.1940 0.6619
vn -0.6793 -0.3168 0.6619
vn -0.6140 -0.4299 0.6619
vn -0.5300 -0.5300 0.6619
vn -0.4299 -0.6140 0.6619
vn -0.3168 -0.6793 0.6619
vn -0.1940 -0.7240 0.6619
vn -0.0653 -0.7467 0.6619
vn 0.0653 -0.7467 0.6619
vn 0.1940 -0.7240 0.6619
vn 0.3168 -0.6793 0.6619
vn 0.4299 -0.6140 0.6619
vn 0.5300 -0.5300 0.6619
vn 0.6140 -0.4299 0.6619
vn 0.6793 -0.3168 0.6619
vn 0.7240 -0.1940 0.6619
vn 0.7467 -0.0653 0.6619
vn -0.9962 -0.0872 0.0000
vn -0.9063 -0.4226 0.0000
vn 0.9063 -0.4226 0.0000
vn 0.9962 -0.0872 0.0000
vn 0.8285 0.0725 -0.5553
vn 0.8033 0.2152 -0.5553
vn 0.7537 0.3515 -0.5553
vn 0.6812 0.4770 -0.5553
vn 0.5881 0.5881 -0.5553
vn 0.4770 0.6812 -0.5553
vn 0.3515 0.7537 -0.5553
vn 0.2152 0.8033 -0.5553
vn 0.0725 0.8285 -0.5553
vn -0.0725 0.8285 -0.5553
vn -0.2152 0.8033 -0.5553
vn -0.3515 0.7537 -0.5553
vn -0.4770 0.6812 -0.5553
vn -0.5881 0.5881 -0.5553
vn -0.6812 0.4770 -0.5553
vn -0.7537 0.3515 -0.5553
vn -0.8033 0.2152 -0.5553
vn -0.8285 0.0725 -0.5553
vn -0.8285 -0.0725 -0.5553
vn -0.8033 -0.2152 -0.5553
vn -0.7537 -0.3515 -0.5553
vn -0.6812 -0.4770 -0.5553
vn -0.5881 -0.5881 -0.5553
vn -0.4770 -0.6812 -0.5553
vn -0.3515 -0.7537 -0.5553
vn -0.2152 -0.8033 -0.5553
vn -0.0725 -0.8285 -0.5553
vn 0.0725 -0.8285 -0.5553
vn 0.2152 -0.8033 -0.5553
vn 0.3515 -0.7537 -0.5553
vn 0.4770 -0.6812 -0.5553
vn 0.5881 -0.5881 -0.5553
vn 0.6812 -0.4770 -0.5553
vn 0.7537 -0.3515 -0.5553
vn 0.8033 -0.2152 -0.5553
vn 0.8285 -0.0725 -0.5553
vn 0.6947 0.0608 0.7168
vn 0.6735 0.1805 0.7168
vn 0.6320 0.2947 0.7168
vn 0.5712 0.4000 0.7168
vn 0.4931 0.4931 0.7168
vn 0.4000 0.5712 0.7168
vn 0.2947 0.6320 0.7168
vn 0.1805 0.6735 0.7168
vn 0.0608 0.6947 0.7168
vn -0.0608 0.6947 0.7168
vn -0.1805 0.6735 0.7168
vn -0.2947 0.6320 0.7168
vn -0.4000 0.5712 0.7168
vn -0.4931 0.4931 0.7168
vn -0.5712 0.4000 0.7168
vn -0.6320 0.2947 0.7168
vn -0.6735 0.1805 0.7168
vn -0.6947 0.0608 0.7168
vn -0.6947 -0.0608 0.7168
vn -0.6735 -0.1805 0.7168
vn -0.6320 -0.2947 0.7168
vn -0.5712 -0.4000 0.7168
vn -0.4931 -0.4931 0.7168
vn -0.4000 -0.5712 0.7168
vn -0.2947 -0.6320 0.7168
vn -0.1805 -0.6735 0.7168
vn -0.0608 -0.6947 0.7168
vn 0.0608 -0.6947 0.7168
vn 0.1805 -0.6735 0.7168
vn 0.2947 -0.6320 0.7168
vn 0.4000 -0.5712 0.7168
vn 0.4931 -0.4931 0.7168
vn 0.5712 -0.4000 0.7168
vn 0.6320 -0.2947 0.7168
vn 0.6735 -0.1805 0.7168
vn 0.6947 -0.0608 0.7168
vn 0.9962 0.0872 -0.0000
vn 0.9063 0.4226 -0.0000
vn -0.9063 0.4226 -0.0000
vn -0.9962 0.0872 -0.0000
vn 0.9520 0.0833 -0.2947
vn 0.9230 0.2473 -0.2947
vn 0.8661 0.4039 -0.2947
vn 0.7828 0.5481 -0.2947
vn 0.6757 0.6757 -0.2947
vn 0.5481 0.7828 -0.2947
vn 0.4039 0.8661 -0.2947
vn 0.2473 0.9230 -0.2947
vn 0.0833 0.9520 -0.2947
vn -0.0833 0.9520 -0.2947
vn -0.2473 0.9230 -0.2947
vn -0.4039 0.8661 -0.2947
vn -0.5481 0.7828 -0.2947
vn -0.6757 0.6757 -0.2947
vn -0.7828 0.5481 -0.2947
vn -0.8661 0.4039 -0.2947
vn -0.9230 0.2473 -0.2947
vn -0.9520 0.0833 -0.2947
vn -0.9520 -0.0833 -0.2947
vn -0.9230 -0.2473 -0.2947
vn -0.8661 -0.4039 -0.2947
vn -0.7828 -0.5481 -0.2947
vn -0.6757 -0.6757 -0.2947
vn -0.5481 -0.7828 -0.2947
vn -0.4039 -0.8661 -0.2947
vn -0.2473 -0.9230 -0.2947
vn -0.0833 -0.9520 -0.2947
vn 0.0833 -0.9520 -0.2947
vn 0.2473 -0.9230 -0.2947
vn 0.4039 -0.8661 -0.2947
vn 0.5481 -0.7828 -0.2947
vn 0.6757 -0.6757 -0.2947
vn 0.7828 -0.5481 -0.2947
vn 0.8661 -0.4039 -0.2947
vn 0.9230 -0.2473 -0.2947
vn 0.9520 -0.0833 -0.2947
vn 0.4583 0.0401 0.8879
vn 0.4444 0.1191 0.8879
vn 0.4170 0.1944 0.8879
vn 0.3769 0.2639 0.8879
vn 0.3253 0.3253 0.8879
vn 0.2639 0.3769 0.8879
vn 0.1944 0.4170 0.8879
vn 0.1191 0.4444 0.8879
vn 0.0401 0.4583 0.8879
vn -0.0401 0.4583 0.8879
vn -0.1191 0.4444 0.8879
vn -0.1944 0.4170 0.8879
vn -0.2639 0.3769 0.8879
vn -0.3253 0.3253 0.8879
vn -0.3769 0.2639 0.8879
vn -0.4170 0.1944 0.8879
vn -0.4444 0.1191 0.8879
vn -0.4583 0.0401 0.8879
vn -0.4583 -0.0401 0.8879
vn -0.4444 -0.1191 0.8879
vn -0.4170 -0.1944 0.8879
vn -0.3769 -0.2639 0.8879
vn -0.3253 -0.3253 0.8879
vn -0.2639 -0.3769 0.8879
vn -0.1944 -0.4170 0.8879
vn -0.1191 -0.4444 0.8879
vn -0.0401 -0.4583 0.8879
vn 0.0401 -0.4583 0.8879
vn 0.1191 -0.4444 0.8879
vn 0.1944 -0.4170 0.8879
vn 0.2639 -0.3769 0.8879
vn 0.3253 -0.3253 0.8879
vn 0.3769 -0.2639 0.8879
vn 0.4170 -0.1944 0.8879
vn 0.4444 -0.1191 0.8879
vn 0.4583 -0.0401 0.8879
vn 0.2924 0.0256 0.9560
vn 0.2835 0.0760 0.9560
vn 0.2660 0.1240 0.9560
vn 0.2404 0.1683 0.9560
vn 0.2075 0.2075 0.9560
vn 0.1683 0.2404 0.9560
vn 0.1240 0.2660 0.9560
vn 0.0760 0.2835 0.9560
vn 0.0256 0.2924 0.9560
vn -0.0256 0.2924 0.9560
vn -0.0760 0.2835 0.9560
vn -0.1240 0.2660 0.9560
vn -0.1683 0.2404 0.9560
vn -0.2075 0.2075 0.9560
vn -0.2404 0.1683 0.9560
vn -0.2660 0.1240 0.9560
vn -0.2835 0.0760 0.9560
vn -0.2924 0.0256 0.9560
vn -0.2924 -0.0256 0.9560
vn -0.2835 -0.0760 0.9560
vn -0.2660 -0.1240 0.9560
vn -0.2404 -0.1683 0.9560
vn -0.2075 -0.2075 0.9560
vn -0.1683 -0.2404 0.9560
vn -0.1240 -0.2660 0.9560
vn -0.0760 -0.2835 0.9560
vn -0.0256 -0.2924 0.9560
vn 0.0256 -0.2924 0.9560
vn 0.0760 -0.2835 0.9560
vn 0.1240 -0.2660 0.9560
vn 0.1683 -0.2404 0.9560
vn 0.2075 -0.2075 0.9560
vn 0.2404 -0.1683 0.9560
vn 0.2660 -0.1240 0.9560
vn 0.2835 -0.0760 0.9560
vn 0.2924 -0.0256 0.9560
vn 0.0000 -1.0000 0.0000
vn 0.0000 1.0000 -0.0000
vn 1.0000 0.0000 -0.0000
vn 0.9848 0.0000 -0.1736
vn 0.9397 0.0000 -0.3420
vn 0.8660 0.0000 -0.5000
vn 0.7660 0.0000 -0.6428
vn 0.6428 0.0000 -0.7660
vn 0.5000 0.0000 -0.8660
vn 0.3420 0.0000 -0.9397
vn 0.1736 0.0000 -0.9848
vn -0.1736 0.0000 -0.9848
vn -0.3420 0.0000 -0.9397
vn -0.5000 0.0000 -0.8660
vn -0.6428 0.0000 -0.7660
vn -0.7660 0.0000 -0.6428
vn -0.8660 0.0000 -0.5000
vn -0.9397 0.0000 -0.3420
vn -0.9848 0.0000 -0.1736
vn -0.9848 -0.0000 0.1736
vn -0.9397 -0.0000 0.3420
vn -0.8660 -0.0000 0.5000
vn -0.7660 -0.0000 0.6428
vn -0.6428 -0.0000 0.7660
vn -0.5000 -0.0000 0.8660
vn -0.3420 -0.0000 0.9397
vn -0.1736 -0.0000 0.9848
vn -0.0000 -0.0000 1.0000
vn 0.1736 -0.0000 0.9848
vn 0.3420 -0.0000 0.9397
vn 0.5000 -0.0000 0.8660
vn 0.6428 -0.0000 0.7660
vn 0.7660 -0.0000 0.6428
vn 0.8660 -0.0000 0.5000
vn 0.9397 -0.0000 0.3420
vn 0.9848 -0.0000 0.1736
vn 0.9848 -0.0000 -0.1736
vn 0.9397 -0.0000 -0.3420
vn -0.9848 0.0000 0.1736
vn -0.9397 0.0000 0.3420
vn 0.8660 0.0000 0.5000
vn 0.9397 0.0000 0.3420
vn 0.7219 0.6802 -0.1273
vn 0.7331 0.6802 0.0000
vn 0.6889 0.6802 -0.2507
vn 0.6349 0.6802 -0.3665
vn 0.5616 0.6802 -0.4712
vn 0.4712 0.6802 -0.5616
vn 0.3665 0.6802 -0.6349
vn 0.2507 0.6802 -0.6889
vn 0.1273 0.6802 -0.7219
vn 0.0000 0.6802 -0.7331
vn -0.1273 0.6802 -0.7219
vn -0.2507 0.6802 -0.6889
vn -0.3665 0.6802 -0.6349
vn -0.4712 0.6802 -0.5616
vn -0.5616 0.6802 -0.4712
vn -0.6349 0.6802 -0.3665
vn -0.6889 0.6802 -0.2507
vn -0.7219 0.6802 -0.1273
vn -0.7331 0.6802 -0.0000
vn -0.7219 0.6802 0.1273
vn -0.6889 0.6802 0.2507
vn -0.6349 0.6802 0.3665
vn -0.5616 0.6802 0.4712
vn -0.4712 0.6802 0.5616
vn -0.3665 0.6802 0.6349
vn -0.2507 0.6802 0.6889
vn -0.1273 0.6802 0.7219
vn -0.0000 0.6802 0.7331
vn 0.1273 0.6802 0.7219
vn 0.2507 0.6802 0.6889
vn 0.3665 0.6802 0.6349
vn 0.4712 0.6802 0.5616
vn 0.5616 0.6802 0.4712
vn 0.6349 0.6802 0.3665
vn 0.6889 0.6802 0.2507
vn 0.7219 0.6802 0.1273
vn 0.0224 0.9997 -0.0039
vn 0.0227 0.9997 0.0000
vn 0.0214 0.9997 -0.0078
vn 0.0197 0.9997 -0.0114
vn 0.0174 0.9997 -0.0146
vn 0.0146 0.9997 -0.0174
vn 0.0114 0.9997 -0.0197
vn 0.0078 0.9997 -0.0214
vn 0.0039 0.9997 -0.0224
vn 0.0000 0.9997 -0.0227
vn -0.0039 0.9997 -0.0224
vn -0.0078 0.9997 -0.0214
vn -0.0114 0.9997 -0.0197
vn -0.0146 0.9997 -0.0174
vn -0.0174 0.9997 -0.0146
vn -0.0197 0.9997 -0.0114
vn -0.0214 0.9997 -0.0078
vn -0.0224 0.9997 -0.0039
vn -0.0227 0.9997 0.0000
vn -0.0224 0.9997 0.0039
vn -0.0214 0.9997 0.0078
vn -0.0197 0.9997 0.0114
vn -0.0174 0.9997 0.0146
vn -0.0146 0.9997 0.0174
vn -0.0114 0.9997 0.0197
vn -0.0078 0.9997 0.0214
vn -0.0039 0.9997 0.0224
vn -0.0000 0.9997 0.0227
vn 0.0039 0.9997 0.0224
vn 0.0078 0.9997 0.0214
vn 0.0114 0.9997 0.0197
vn 0.0146 0.9997 0.0174
vn 0.0174 0.9997 0.0146
vn 0.0197 0.9997 0.0114
vn 0.0214 0.9997 0.0078
vn 0.0224 0.9997 0.0039
vn -0.0000 -1.0000 0.0000
vn -0.0000 1.0000 -0.0000
vn -0.0000 1.0000 0.0000
vn -0.9962 -0.0000 0.0872
vn -0.9659 -0.0000 0.2588
vn -0.9063 -0.0000 0.4226
vn -0.8192 -0.0000 0.5736
vn -0.7071 -0.0000 0.7071
vn -0.5736 -0.0000 0.8192
vn -0.4226 -0.0000 0.9063
vn -0.2588 -0.0000 0.9659
vn -0.0872 -0.0000 0.9962
vn 0.0872 -0.0000 0.9962
vn 0.2588 -0.0000 0.9659
vn 0.4226 -0.0000 0.9063
vn 0.5736 -0.0000 0.8192
vn 0.7071 -0.0000 0.7071
vn 0.8192 -0.0000 0.5736
vn 0.9063 -0.0000 0.4226
vn 0.9659 -0.0000 0.2588
vn 0.9962 -0.0000 0.0872
vn 0.9962 0.0000 -0.0872
vn 0.9659 0.0000 -0.2588
vn 0.9063 0.0000 -0.4226
vn 0.8192 0.0000 -0.5736
vn 0.7071 0.0000 -0.7071
vn 0.5736 0.0000 -0.8192
vn 0.4226 0.0000 -0.9063
vn 0.2588 0.0000 -0.9659
vn 0.0872 0.0000 -0.9962
vn -0.0872 0.0000 -0.9962
vn -0.2588 0.0000 -0.9659
vn -0.4226 0.0000 -0.9063
vn -0.5736 0.0000 -0.8192
vn -0.7071 0.0000 -0.7071
vn -0.8192 0.0000 -0.5736
vn -0.9063 0.0000 -0.4226
vn -0.9659 0.0000 -0.2588
vn -0.9962 0.0000 -0.0872
vn -0.3719 -0.0000 0.9283
vn 0.3719 -0.0000 0.9283
vn -0.3999 -0.0000 0.9166
vn 0.3999 -0.0000 0.9166
vn 0.0102 0.9996 -0.0253
vn -0.4550 -0.0000 0.8905
vn 0.4550 -0.0000 0.8905
vn -0.0102 0.9996 -0.0253
vn 0.0109 0.9996 -0.0250
vn 0.3719 0.0000 -0.9283
vn -0.5344 -0.0000 0.8452
vn 0.5344 -0.0000 0.8452
vn -0.0109 0.9996 -0.0250
vn -0.3719 0.0000 -0.9283
vn 0.0124 0.9996 -0.0243
vn 0.3999 0.0000 -0.9166
vn -0.6314 -0.0000 0.7755
vn 0.6314 -0.0000 0.7755
vn -0.0124 0.9996 -0.0243
vn -0.3999 0.0000 -0.9166
vn 0.0146 0.9996 -0.0231
vn 0.4550 0.0000 -0.8905
vn 0.0497 0.9917 -0.1189
vn 0.0000 0.9928 -0.1196
vn 0.0000 0.9929 -0.1190
vn -0.7342 -0.0000 0.6790
vn 0.7342 -0.0000 0.6790
vn -0.0146 0.9996 -0.0231
vn -0.4550 0.0000 -0.8905
vn -0.0497 0.9917 -0.1189
vn 0.0172 0.9996 -0.0212
vn 0.5344 0.0000 -0.8452
vn 0.0527 0.9916 -0.1184
vn 0.0514 0.9917 -0.1179
vn -0.8285 -0.0000 0.5600
vn 0.8285 -0.0000 0.5600
vn -0.0172 0.9996 -0.0212
vn -0.5344 0.0000 -0.8452
vn -0.0514 0.9917 -0.1179
vn -0.0527 0.9916 -0.1184
vn 0.0200 0.9996 -0.0185
vn 0.6314 0.0000 -0.7755
vn 0.0585 0.9917 -0.1146
vn -0.4136 -0.0000 0.9105
vn -0.8930 -0.0000 0.4501
vn 0.8930 -0.0000 0.4501
vn -0.0200 0.9996 -0.0185
vn -0.6314 0.0000 -0.7755
vn -0.0585 0.9917 -0.1146
vn 0.4136 -0.0000 0.9105
vn 0.0226 0.9996 -0.0153
vn 0.7342 0.0000 -0.6790
vn 0.0687 0.9917 -0.1087
vn -0.9324 -0.0000 0.3614
vn 0.9324 -0.0000 0.3614
vn -0.0226 0.9996 -0.0153
vn -0.7342 0.0000 -0.6790
vn -0.0687 0.9917 -0.1087
vn 0.0244 0.9996 -0.0123
vn 0.8285 0.0000 -0.5600
vn 0.0812 0.9917 -0.0998
vn -0.9995 -0.0000 0.0312
vn -0.9928 -0.0000 0.1197
vn -0.9907 0.0000 0.1361
vn -0.9856 0.0000 0.1689
vn -0.9759 -0.0000 0.2181
vn -0.9592 0.0000 0.2829
vn -0.9324 0.0000 0.3614
vn -0.9592 -0.0000 0.2829
vn 0.9592 -0.0000 0.2829
vn -0.0244 0.9996 -0.0123
vn -0.8285 0.0000 -0.5600
vn -0.0812 0.9917 -0.0998
vn 0.9995 -0.0000 0.0312
vn 0.9759 -0.0000 0.2181
vn 0.9856 -0.0000 0.1689
vn 0.9907 -0.0000 0.1361
vn 0.9928 -0.0000 0.1197
vn 0.0255 0.9996 -0.0099
vn 0.8930 0.0000 -0.4501
vn 0.0944 0.9917 -0.0873
vn -0.0000 0.9917 0.1286
vn 0.1286 0.9917 -0.0040
vn 0.1277 0.9917 -0.0154
vn 0.1274 0.9917 -0.0175
vn 0.1268 0.9917 -0.0217
vn 0.1255 0.9917 -0.0281
vn 0.1234 0.9917 -0.0364
vn 0.1199 0.9917 -0.0465
vn 0.1149 0.9917 -0.0579
vn 0.1066 0.9917 -0.0720
vn -0.0255 0.9996 -0.0099
vn -0.8930 0.0000 -0.4501
vn -0.0944 0.9917 -0.0873
vn -0.1286 0.9917 -0.0040
vn 0.0000 0.9917 0.1286
vn -0.1066 0.9917 -0.0720
vn -0.1149 0.9917 -0.0579
vn -0.1199 0.9917 -0.0465
vn -0.1234 0.9917 -0.0364
vn -0.1255 0.9917 -0.0281
vn -0.1268 0.9917 -0.0217
vn -0.1274 0.9917 -0.0175
vn -0.1277 0.9917 -0.0154
vn 0.0262 0.9996 -0.0077
vn 0.9324 0.0000 -0.3614
vn -0.9907 -0.0000 0.1361
vn -0.9856 -0.0000 0.1689
vn -0.0262 0.9996 -0.0077
vn -0.9324 0.0000 -0.3614
vn 0.9759 0.0000 0.2181
vn 0.9856 0.0000 0.1689
vn 0.0266 0.9996 -0.0060
vn 0.9592 0.0000 -0.2829
vn 0.9995 0.0000 -0.0312
vn 0.9928 0.0000 -0.1197
vn 0.9907 0.0000 -0.1361
vn 0.9856 0.0000 -0.1689
vn 0.9759 0.0000 -0.2181
vn -0.0266 0.9996 -0.0060
vn -0.9592 0.0000 -0.2829
vn -0.9995 0.0000 -0.0312
vn -0.9759 -0.0000 -0.2181
vn -0.9856 -0.0000 -0.1689
vn -0.9907 0.0000 -0.1361
vn -0.9928 0.0000 -0.1197
vn 0.0269 0.9996 -0.0046
vn -0.0000 0.9996 0.0273
vn 0.0273 0.9996 -0.0009
vn 0.0271 0.9996 -0.0033
vn 0.0271 0.9996 -0.0037
vn -0.0269 0.9996 -0.0046
vn -0.0273 0.9996 -0.0009
vn 0.0000 0.9996 0.0273
vn -0.0271 0.9996 -0.0037
vn -0.0271 0.9996 -0.0033
vn -0.0000 0.4035 -0.9150
vn 0.2368 0.4035 -0.8838
vn -0.0000 0.7949 -0.6068
vn 0.1570 0.7949 -0.5861
vn -0.0000 0.9996 -0.0279
vn 0.0072 0.9996 -0.0269
vn -0.0000 0.8177 0.5757
vn -0.1490 0.8177 0.5560
vn -0.0000 0.4173 0.9088
vn -0.2352 0.4173 0.8778
vn 0.0000 0.0000 1.0000
vn 0.0000 -0.4173 0.9088
vn -0.2352 -0.4173 0.8778
vn 0.0000 -0.8177 0.5757
vn -0.1490 -0.8177 0.5560
vn 0.0000 -0.9996 -0.0279
vn 0.0072 -0.9996 -0.0269
vn -0.0000 -0.7949 -0.6068
vn 0.1570 -0.7949 -0.5861
vn 0.0000 -0.4035 -0.9150
vn 0.2368 -0.4035 -0.8838
vn 0.4575 0.4035 -0.7924
vn 0.5000 -0.0000 -0.8660
vn 0.3034 0.7949 -0.5255
vn 0.0139 0.9996 -0.0242
vn -0.2878 0.8177 0.4985
vn -0.4544 0.4173 0.7870
vn -0.4544 -0.4173 0.7870
vn -0.2878 -0.8177 0.4985
vn 0.0139 -0.9996 -0.0242
vn 0.3034 -0.7949 -0.5255
vn 0.4575 -0.4035 -0.7924
vn 0.6470 0.4035 -0.6470
vn 0.7071 -0.0000 -0.7071
vn 0.4291 0.7949 -0.4291
vn 0.0197 0.9996 -0.0197
vn -0.4071 0.8177 0.4070
vn -0.6426 0.4173 0.6426
vn -0.6426 -0.4173 0.6426
vn -0.4070 -0.8177 0.4071
vn 0.0197 -0.9996 -0.0197
vn 0.4291 -0.7949 -0.4291
vn 0.6470 -0.4035 -0.6470
vn 0.7924 0.4035 -0.4575
vn 0.5255 0.7949 -0.3034
vn 0.0242 0.9996 -0.0139
vn -0.4985 0.8177 0.2878
vn -0.7870 0.4173 0.4544
vn -0.8660 0.0000 0.5000
vn -0.7870 -0.4173 0.4544
vn -0.4985 -0.8177 0.2878
vn 0.0241 -0.9996 -0.0139
vn 0.5255 -0.7949 -0.3034
vn 0.7924 -0.4035 -0.4575
vn 0.8838 0.4035 -0.2368
vn 0.5861 0.7949 -0.1570
vn 0.0269 0.9996 -0.0072
vn -0.5560 0.8177 0.1490
vn -0.8778 0.4173 0.2352
vn -0.9659 0.0000 0.2588
vn -0.8778 -0.4173 0.2352
vn -0.5560 -0.8177 0.1490
vn 0.0269 -0.9996 -0.0072
vn 0.5861 -0.7949 -0.1570
vn 0.8838 -0.4035 -0.2368
vn 0.9150 0.4035 -0.0000
vn 0.6068 0.7949 -0.0000
vn 0.0279 0.9996 0.0000
vn -0.5757 0.8177 0.0000
vn -0.9088 0.4173 0.0000
vn -0.9088 -0.4173 0.0000
vn -0.5757 -0.8177 -0.0000
vn 0.0279 -0.9996 -0.0000
vn 0.6068 -0.7949 -0.0000
vn 0.9150 -0.4035 -0.0000
vn 0.8838 0.4035 0.2368
vn 0.9659 0.0000 0.2588
vn 0.5861 0.7949 0.1570
vn 0.0269 0.9996 0.0072
vn -0.5560 0.8177 -0.1490
vn -0.8778 0.4173 -0.2352
vn -0.8778 -0.4173 -0.2352
vn -0.5560 -0.8177 -0.1490
vn 0.0269 -0.9996 0.0072
vn 0.5861 -0.7949 0.1570
vn 0.8838 -0.4035 0.2368
vn 0.7924 0.4035 0.4575
vn 0.5255 0.7949 0.3034
vn 0.0241 0.9996 0.0139
vn -0.4985 0.8177 -0.2878
vn -0.7870 0.4173 -0.4544
vn -0.7870 -0.4173 -0.4544
vn -0.4985 -0.8177 -0.2878
vn 0.0241 -0.9996 0.0139
vn 0.5255 -0.7949 0.3034
vn 0.7924 -0.4035 0.4575
vn 0.6470 0.4035 0.6470
vn 0.4291 0.7949 0.4291
vn 0.0197 0.9996 0.0197
vn -0.4070 0.8177 -0.4071
vn -0.6426 0.4173 -0.6426
vn -0.6426 -0.4173 -0.6426
vn -0.4071 -0.8177 -0.4071
vn 0.0197 -0.9996 0.0197
vn 0.4291 -0.7949 0.4291
vn 0.6470 -0.4035 0.6470
vn 0.4575 0.4035 0.7924
vn 0.5000 0.0000 0.8660
vn 0.3034 0.7949 0.5255
vn 0.0139 0.9996 0.0242
vn -0.2878 0.8177 -0.4985
vn -0.4544 0.4173 -0.7870
vn -0.5000 -0.0000 -0.8660
vn -0.4544 -0.4173 -0.7870
vn -0.2878 -0.8177 -0.4985
vn 0.0139 -0.9996 0.0242
vn 0.3034 -0.7949 0.5255
vn 0.4575 -0.4035 0.7924
vn 0.2368 0.4035 0.8838
vn 0.2588 0.0000 0.9659
vn 0.1570 0.7949 0.5861
vn 0.0072 0.9996 0.0269
vn -0.1490 0.8177 -0.5560
vn -0.2352 0.4173 -0.8778
vn -0.2588 -0.0000 -0.9659
vn -0.2352 -0.4173 -0.8778
vn -0.1490 -0.8177 -0.5560
vn 0.0072 -0.9996 0.0269
vn 0.1570 -0.7949 0.5861
vn 0.2368 -0.4035 0.8838
vn 0.0000 0.4035 0.9150
vn -0.0000 0.0000 1.0000
vn 0.0000 0.7949 0.6068
vn 0.0000 0.9996 0.0279
vn -0.0000 0.8177 -0.5757
vn -0.0000 0.4173 -0.9088
vn 0.0000 -0.4173 -0.9088
vn 0.0000 -0.8177 -0.5757
vn -0.0000 -0.9996 0.0279
vn -0.0000 -0.7949 0.6068
vn -0.0000 -0.4035 0.9150
vn -0.2368 0.4035 0.8838
vn -0.1570 0.7949 0.5861
vn -0.0072 0.9996 0.0269
vn 0.1490 0.8177 -0.5560
vn 0.2352 0.4173 -0.8778
vn 0.2352 -0.4173 -0.8778
vn 0.1490 -0.8177 -0.5560
vn -0.0072 -0.9996 0.0269
vn -0.1570 -0.7949 0.5861
vn -0.2368 -0.4035 0.8838
vn -0.4575 0.4035 0.7924
vn -0.5000 0.0000 0.8660
vn -0.3034 0.7949 0.5255
vn -0.0139 0.9996 0.0242
vn 0.2878 0.8177 -0.4985
vn 0.4544 0.4173 -0.7870
vn 0.4544 -0.4173 -0.7870
vn 0.2878 -0.8177 -0.4985
vn -0.0139 -0.9996 0.0242
vn -0.3034 -0.7949 0.5255
vn -0.4575 -0.4035 0.7924
vn -0.6470 0.4035 0.6470
vn -0.7071 0.0000 0.7071
vn -0.4291 0.7949 0.4291
vn -0.0197 0.9996 0.0197
vn 0.4071 0.8177 -0.4071
vn 0.6426 0.4173 -0.6426
vn 0.6426 -0.4173 -0.6426
vn 0.4071 -0.8177 -0.4071
vn -0.0197 -0.9996 0.0197
vn -0.4291 -0.7949 0.4291
vn -0.6470 -0.4035 0.6470
vn -0.7924 0.4035 0.4575
vn -0.5255 0.7949 0.3034
vn -0.0241 0.9996 0.0139
vn 0.4985 0.8177 -0.2878
vn 0.7870 0.4173 -0.4544
vn 0.7870 -0.4173 -0.4544
vn 0.4985 -0.8177 -0.2878
vn -0.0241 -0.9996 0.0139
vn -0.5255 -0.7949 0.3034
vn -0.7924 -0.4035 0.4575
vn -0.8838 0.4035 0.2368
vn -0.5861 0.7949 0.1570
vn -0.0269 0.9996 0.0072
vn 0.5560 0.8177 -0.1490
vn 0.8778 0.4173 -0.2352
vn 0.9659 -0.0000 -0.2588
vn 0.8778 -0.4173 -0.2352
vn 0.5560 -0.8177 -0.1490
vn -0.0269 -0.9996 0.0072
vn -0.5861 -0.7949 0.1570
vn -0.8838 -0.4035 0.2368
vn -0.9150 0.4035 -0.0000
vn -1.0000 -0.0000 -0.0000
vn -0.6068 0.7949 -0.0000
vn -0.0279 0.9996 -0.0000
vn 0.5757 0.8177 0.0000
vn 0.9088 0.4173 0.0000
vn 0.9088 -0.4173 -0.0000
vn 0.5757 -0.8177 -0.0000
vn -0.0279 -0.9996 0.0000
vn -0.6068 -0.7949 -0.0000
vn -0.9150 -0.4035 -0.0000
vn -0.8838 0.4035 -0.2368
vn -0.9659 -0.0000 -0.2588
vn -0.5861 0.7949 -0.1570
vn -0.0269 0.9996 -0.0072
vn 0.5560 0.8177 0.1490
vn 0.8778 0.4173 0.2352
vn 0.8778 -0.4173 0.2352
vn 0.5560 -0.8177 0.1490
vn -0.0269 -0.9996 -0.0072
vn -0.5861 -0.7949 -0.1570
vn -0.8838 -0.4035 -0.2368
vn -0.7924 0.4035 -0.4575
vn -0.8660 -0.0000 -0.5000
vn -0.5255 0.7949 -0.3034
vn -0.0241 0.9996 -0.0139
vn 0.4985 0.8177 0.2878
vn 0.7870 0.4173 0.4544
vn 0.7870 -0.4173 0.4544
vn 0.4985 -0.8177 0.2878
vn -0.0241 -0.9996 -0.0139
vn -0.5255 -0.7949 -0.3034
vn -0.7924 -0.4035 -0.4575
vn -0.6470 0.4035 -0.6470
vn -0.4291 0.7949 -0.4291
vn -0.0197 0.9996 -0.0197
vn 0.4070 0.8177 0.4070
vn 0.6426 0.4173 0.6426
vn 0.7071 0.0000 0.7071
vn 0.6426 -0.4173 0.6426
vn 0.4070 -0.8177 0.4070
vn -0.0197 -0.9996 -0.0197
vn -0.4291 -0.7949 -0.4291
vn -0.6470 -0.4035 -0.6470
vn -0.4575 0.4035 -0.7924
vn -0.3034 0.7949 -0.5255
vn -0.0139 0.9996 -0.0242
vn 0.2878 0.8177 0.4985
vn 0.4544 0.4173 0.7870
vn 0.4544 -0.4173 0.7870
vn 0.2878 -0.8177 0.4985
vn -0.0139 -0.9996 -0.0242
vn -0.3034 -0.7949 -0.5255
vn -0.4575 -0.4035 -0.7924
vn -0.2368 0.4035 -0.8838
vn -0.1570 0.7949 -0.5861
vn -0.0072 0.9996 -0.0269
vn 0.1490 0.8177 0.5560
vn 0.2352 0.4173 0.8778
vn 0.2352 -0.4173 0.8778
vn 0.1490 -0.8177 0.5560
vn -0.0072 -0.9996 -0.0269
vn -0.1570 -0.7949 -0.5861
vn -0.2368 -0.4035 -0.8838
# 1007 vertex normals

vt 15.3647 0.0000 1.0000
vt 15.9337 0.0000 1.0000
vt 15.9337 5.6282 1.0000
vt 15.3647 5.6282 1.0000
vt 16.5028 0.0000 1.0000
vt 16.5028 5.6282 1.0000
vt 17.0719 0.0000 1.0000
vt 17.0719 5.6282 1.0000
vt 17.6409 0.0000 1.0000
vt 17.6409 5.6282 1.0000
vt 18.2100 0.0000 1.0000
vt 18.2100 5.6282 1.0000
vt 18.7791 0.0000 1.0000
vt 18.7791 5.6282 1.0000
vt 19.3481 0.0000 1.0000
vt 19.3481 5.6282 1.0000
vt 19.9172 0.0000 1.0000
vt 19.9172 5.6282 1.0000
vt 20.4862 0.0000 1.0000
vt 20.4862 5.6282 1.0000
vt 21.0553 0.0000 1.0000
vt 21.0553 5.6282 1.0000
vt 0.5691 0.0000 1.0000
vt 1.1381 0.0000 1.0000
vt 1.1381 5.6282 1.0000
vt 0.5691 5.6282 1.0000
vt 1.7072 0.0000 1.0000
vt 1.7072 5.6282 1.0000
vt 2.2762 0.0000 1.0000
vt 2.2762 5.6282 1.0000
vt 2.8453 0.0000 1.0000
vt 2.8453 5.6282 1.0000
vt 3.4144 0.0000 1.0000
vt 3.4144 5.6282 1.0000
vt 3.9834 0.0000 1.0000
vt 3.9834 5.6282 1.0000
vt 4.5525 0.0000 1.0000
vt 4.5525 5.6282 1.0000
vt 5.1216 0.0000 1.0000
vt 5.1216 5.6282 1.0000
vt 5.6906 0.0000 1.0000
vt 5.6906 5.6282 1.0000
vt 6.2597 0.0000 1.0000
vt 6.2597 5.6282 1.0000
vt 6.8287 0.0000 1.0000
vt 6.8287 5.6282 1.0000
vt 7.3978 0.0000 1.0000
vt 7.3978 5.6282 1.0000
vt 7.9669 0.0000 1.0000
vt 7.9669 5.6282 1.0000
vt 8.5359 0.0000 1.0000
vt 8.5359 5.6282 1.0000
vt 9.1050 0.0000 1.0000
vt 9.1050 5.6282 1.0000
vt 9.6741 0.0000 1.0000
vt 9.6741 5.6282 1.0000
vt 10.2431 0.0000 1.0000
vt 10.2431 5.6282 1.0000
vt 10.8122 0.0000 1.0000
vt 10.8122 5.6282 1.0000
vt 11.3812 0.0000 1.0000
vt 11.3812 5.6282 1.0000
vt 11.9503 0.0000 1.0000
vt 11.9503 5.6282 1.0000
vt 12.5194 0.0000 1.0000
vt 12.5194 5.6282 1.0000
vt 13.0884 0.0000 1.0000
vt 13.0884 5.6282 1.0000
vt 13.6575 0.0000 1.0000
vt 13.6575 5.6282 1.0000
vt 14.2266 0.0000 1.0000
vt 14.2266 5.6282 1.0000
vt 14.7956 0.0000 1.0000
vt 14.7956 5.6282 1.0000
vt 15.9337 11.2565 1.0000
vt 15.3647 11.2565 1.0000
vt 16.5028 11.2565 1.0000
vt 17.0719 11.2565 1.0000
vt 17.6409 11.2565 1.0000
vt 18.2100 11.2565 1.0000
vt 18.7791 11.2565 1.0000
vt 19.3481 11.2565 1.0000
vt 19.9172 11.2565 1.0000
vt 20.4862 11.2565 1.0000
vt 21.0553 11.2565 1.0000
vt 1.1381 11.2565 1.0000
vt 0.5691 11.2565 1.0000
vt 1.7072 11.2565 1.0000
vt 2.2762 11.2565 1.0000
vt 2.8453 11.2565 1.0000
vt 3.4144 11.2565 1.0000
vt 3.9834 11.2565 1.0000
vt 4.5525 11.2565 1.0000
vt 5.1216 11.2565 1.0000
vt 5.6906 11.2565 1.0000
vt 6.2597 11.2565 1.0000
vt 6.8287 11.2565 1.0000
vt 7.3978 11.2565 1.0000
vt 7.9669 11.2565 1.0000
vt 8.5359 11.2565 1.0000
vt 9.1050 11.2565 1.0000
vt 9.6741 11.2565 1.0000
vt 10.2431 11.2565 1.0000
vt 10.8122 11.2565 1.0000
vt 11.3812 11.2565 1.0000
vt 11.9503 11.2565 1.0000
vt 12.5194 11.2565 1.0000
vt 13.0884 11.2565 1.0000
vt 13.6575 11.2565 1.0000
vt 14.2266 11.2565 1.0000
vt 14.7956 11.2565 1.0000
vt 15.9337 16.8847 1.0000
vt 15.3647 16.8847 1.0000
vt 16.5028 16.8847 1.0000
vt 17.0719 16.8847 1.0000
vt 17.6409 16.8847 1.0000
vt 18.2100 16.8847 1.0000
vt 18.7791 16.8847 1.0000
vt 19.3481 16.8847 1.0000
vt 19.9172 16.8847 1.0000
vt 20.4862 16.8847 1.0000
vt 21.0553 16.8847 1.0000
vt 1.1381 16.8847 1.0000
vt 0.5691 16.8847 1.0000
vt 1.7072 16.8847 1.0000
vt 2.2762 16.8847 1.0000
vt 2.8453 16.8847 1.0000
vt 3.4144 16.8847 1.0000
vt 3.9834 16.8847 1.0000
vt 4.5525 16.8847 1.0000
vt 5.1216 16.8847 1.0000
vt 5.6906 16.8847 1.0000
vt 6.2597 16.8847 1.0000
vt 6.8287 16.8847 1.0000
vt 7.3978 16.8847 1.0000
vt 7.9669 16.8847 1.0000
vt 8.5359 16.8847 1.0000
vt 9.1050 16.8847 1.0000
vt 9.6741 16.8847 1.0000
vt 10.2431 16.8847 1.0000
vt 10.8122 16.8847 1.0000
vt 11.3812 16.8847 1.0000
vt 11.9503 16.8847 1.0000
vt 12.5194 16.8847 1.0000
vt 13.0884 16.8847 1.0000
vt 13.6575 16.8847 1.0000
vt 14.2266 16.8847 1.0000
vt 14.7956 16.8847 1.0000
vt 15.9337 22.5130 1.0000
vt 15.3647 22.5130 1.0000
vt 16.5028 22.5130 1.0000
vt 17.0719 22.5130 1.0000
vt 17.6409 22.5130 1.0000
vt 18.2100 22.5130 1.0000
vt 18.7791 22.5130 1.0000
vt 19.3481 22.5130 1.0000
vt 19.9172 22.5130 1.0000
vt 20.4862 22.5130 1.0000
vt 21.0553 22.5130 1.0000
vt 1.1381 22.5130 1.0000
vt 0.5691 22.5130 1.0000
vt 1.7072 22.5130 1.0000
vt 2.2762 22.5130 1.0000
vt 2.8453 22.5130 1.0000
vt 3.4144 22.5130 1.0000
vt 3.9834 22.5130 1.0000
vt 4.5525 22.5130 1.0000
vt 5.1216 22.5130 1.0000
vt 5.6906 22.5130 1.0000
vt 6.2597 22.5130 1.0000
vt 6.8287 22.5130 1.0000
vt 7.3978 22.5130 1.0000
vt 7.9669 22.5130 1.0000
vt 8.5359 22.5130 1.0000
vt 9.1050 22.5130 1.0000
vt 9.6741 22.5130 1.0000
vt 10.2431 22.5130 1.0000
vt 10.8122 22.5130 1.0000
vt 11.3812 22.5130 1.0000
vt 11.9503 22.5130 1.0000
vt 12.5194 22.5130 1.0000
vt 13.0884 22.5130 1.0000
vt 13.6575 22.5130 1.0000
vt 14.2266 22.5130 1.0000
vt 14.7956 22.5130 1.0000
vt 15.9337 28.1412 1.0000
vt 15.3647 28.1412 1.0000
vt 16.5028 28.1412 1.0000
vt 17.0719 28.1412 1.0000
vt 17.6409 28.1412 1.0000
vt 18.2100 28.1412 1.0000
vt 18.7791 28.1412 1.0000
vt 19.3481 28.1412 1.0000
vt 19.9172 28.1412 1.0000
vt 20.4862 28.1412 1.0000
vt 21.0553 28.1412 1.0000
vt 1.1381 28.1412 1.0000
vt 0.5691 28.1412 1.0000
vt 1.7072 28.1412 1.0000
vt 2.2762 28.1412 1.0000
vt 2.8453 28.1412 1.0000
vt 3.4144 28.1412 1.0000
vt 3.9834 28.1412 1.0000
vt 4.5525 28.1412 1.0000
vt 5.1216 28.1412 1.0000
vt 5.6906 28.1412 1.0000
vt 6.2597 28.1412 1.0000
vt 6.8287 28.1412 1.0000
vt 7.3978 28.1412 1.0000
vt 7.9669 28.1412 1.0000
vt 8.5359 28.1412 1.0000
vt 9.1050 28.1412 1.0000
vt 9.6741 28.1412 1.0000
vt 10.2431 28.1412 1.0000
vt 10.8122 28.1412 1.0000
vt 11.3812 28.1412 1.0000
vt 11.9503 28.1412 1.0000
vt 12.5194 28.1412 1.0000
vt 13.0884 28.1412 1.0000
vt 13.6575 28.1412 1.0000
vt 14.2266 28.1412 1.0000
vt 14.7956 28.1412 1.0000
vt -5.6906 0.0000 1.0000
vt 0.0000 0.0000 1.0000
vt -0.5691 0.0000 1.0000
vt -1.1381 0.0000 1.0000
vt -1.7072 0.0000 1.0000
vt -2.2762 0.0000 1.0000
vt -2.8453 0.0000 1.0000
vt -3.4144 0.0000 1.0000
vt -3.9834 0.0000 1.0000
vt -4.5525 0.0000 1.0000
vt -5.1216 0.0000 1.0000
vt 35.8509 28.1412 1.0000
vt 21.6244 28.1412 1.0000
vt 22.1934 28.1412 1.0000
vt 22.7625 28.1412 1.0000
vt 23.3316 28.1412 1.0000
vt 23.9006 28.1412 1.0000
vt 24.4697 28.1412 1.0000
vt 25.0387 28.1412 1.0000
vt 25.6078 28.1412 1.0000
vt 26.1769 28.1412 1.0000
vt 26.7459 28.1412 1.0000
vt 27.3150 28.1412 1.0000
vt 27.8841 28.1412 1.0000
vt 28.4531 28.1412 1.0000
vt 29.0222 28.1412 1.0000
vt 29.5912 28.1412 1.0000
vt 30.1603 28.1412 1.0000
vt 30.7294 28.1412 1.0000
vt 31.2984 28.1412 1.0000
vt 31.8675 28.1412 1.0000
vt 32.4366 28.1412 1.0000
vt 33.0056 28.1412 1.0000
vt 33.5747 28.1412 1.0000
vt 34.1437 28.1412 1.0000
vt 34.7128 28.1412 1.0000
vt 35.2819 28.1412 1.0000
vt 1.0000 0.0000 0.0000
vt 1.0000 10.1486 0.0000
vt -2.9352 10.1486 0.0000
vt -2.9352 0.0000 0.0000
vt -6.8703 10.1486 0.0000
vt -6.8703 0.0000 0.0000
vt -10.8055 10.1486 0.0000
vt -10.8055 0.0000 0.0000
vt -14.7406 10.1486 0.0000
vt -14.7406 0.0000 0.0000
vt -18.6758 10.1486 0.0000
vt -18.6758 0.0000 0.0000
vt 0.0000 0.0000 0.0000
vt 3.9352 0.0000 0.0000
vt 3.9352 10.1486 0.0000
vt 0.0000 10.1486 0.0000
vt 7.8703 0.0000 0.0000
vt 7.8703 10.1486 0.0000
vt 11.8055 0.0000 0.0000
vt 11.8055 10.1486 0.0000
vt 15.7406 0.0000 0.0000
vt 15.7406 10.1486 0.0000
vt 19.6758 0.0000 0.0000
vt 19.6758 10.1486 0.0000
vt 3.9352 2.8996 0.0000
vt 0.0000 2.8996 0.0000
vt 7.8703 2.8996 0.0000
vt 11.8055 2.8996 0.0000
vt 15.7406 2.8996 0.0000
vt 19.6758 2.8996 0.0000
vt 10.1486 0.0000 0.0000
vt 10.1486 2.8996 0.0000
vt 85.2701 0.0000 1.0000
vt 88.4283 0.0000 1.0000
vt 88.4283 1.0356 1.0000
vt 85.2701 1.0356 1.0000
vt 91.5865 0.0000 1.0000
vt 91.5865 1.0356 1.0000
vt 94.7446 0.0000 1.0000
vt 94.7446 1.0356 1.0000
vt 97.9028 0.0000 1.0000
vt 97.9028 1.0356 1.0000
vt 101.0609 0.0000 1.0000
vt 101.0609 1.0356 1.0000
vt 104.2191 0.0000 1.0000
vt 104.2191 1.0356 1.0000
vt 107.3772 0.0000 1.0000
vt 107.3772 1.0356 1.0000
vt 110.5354 0.0000 1.0000
vt 110.5354 1.0356 1.0000
vt 113.6935 0.0000 1.0000
vt 113.6935 1.0356 1.0000
vt 116.8517 0.0000 1.0000
vt 116.8517 1.0356 1.0000
vt 3.1582 0.0000 1.0000
vt 6.3163 0.0000 1.0000
vt 6.3163 1.0356 1.0000
vt 3.1582 1.0356 1.0000
vt 9.4745 0.0000 1.0000
vt 9.4745 1.0356 1.0000
vt 12.6326 0.0000 1.0000
vt 12.6326 1.0356 1.0000
vt 15.7908 0.0000 1.0000
vt 15.7908 1.0356 1.0000
vt 18.9489 0.0000 1.0000
vt 18.9489 1.0356 1.0000
vt 22.1071 0.0000 1.0000
vt 22.1071 1.0356 1.0000
vt 25.2652 0.0000 1.0000
vt 25.2652 1.0356 1.0000
vt 28.4234 0.0000 1.0000
vt 28.4234 1.0356 1.0000
vt 31.5815 0.0000 1.0000
vt 31.5815 1.0356 1.0000
vt 34.7397 0.0000 1.0000
vt 34.7397 1.0356 1.0000
vt 37.8978 0.0000 1.0000
vt 37.8978 1.0356 1.0000
vt 41.0560 0.0000 1.0000
vt 41.0560 1.0356 1.0000
vt 44.2141 0.0000 1.0000
vt 44.2141 1.0356 1.0000
vt 47.3723 0.0000 1.0000
vt 47.3723 1.0356 1.0000
vt 50.5304 0.0000 1.0000
vt 50.5304 1.0356 1.0000
vt 53.6886 0.0000 1.0000
vt 53.6886 1.0356 1.0000
vt 56.8468 0.0000 1.0000
vt 56.8468 1.0356 1.0000
vt 60.0049 0.0000 1.0000
vt 60.0049 1.0356 1.0000
vt 63.1631 0.0000 1.0000
vt 63.1631 1.0356 1.0000
vt 66.3212 0.0000 1.0000
vt 66.3212 1.0356 1.0000
vt 69.4794 0.0000 1.0000
vt 69.4794 1.0356 1.0000
vt 72.6375 0.0000 1.0000
vt 72.6375 1.0356 1.0000
vt 75.7957 0.0000 1.0000
vt 75.7957 1.0356 1.0000
vt 78.9538 0.0000 1.0000
vt 78.9538 1.0356 1.0000
vt 82.1120 0.0000 1.0000
vt 82.1120 1.0356 1.0000
vt 88.4283 2.0711 1.0000
vt 85.2701 2.0711 1.0000
vt 91.5865 2.0711 1.0000
vt 94.7446 2.0711 1.0000
vt 97.9028 2.0711 1.0000
vt 101.0609 2.0711 1.0000
vt 104.2191 2.0711 1.0000
vt 107.3772 2.0711 1.0000
vt 110.5354 2.0711 1.0000
vt 113.6935 2.0711 1.0000
vt 116.8517 2.0711 1.0000
vt 6.3163 2.0711 1.0000
vt 3.1582 2.0711 1.0000
vt 9.4745 2.0711 1.0000
vt 12.6326 2.0711 1.0000
vt 15.7908 2.0711 1.0000
vt 18.9489 2.0711 1.0000
vt 22.1071 2.0711 1.0000
vt 25.2652 2.0711 1.0000
vt 28.4234 2.0711 1.0000
vt 31.5815 2.0711 1.0000
vt 34.7397 2.0711 1.0000
vt 37.8978 2.0711 1.0000
vt 41.0560 2.0711 1.0000
vt 44.2141 2.0711 1.0000
vt 47.3723 2.0711 1.0000
vt 50.5304 2.0711 1.0000
vt 53.6886 2.0711 1.0000
vt 56.8468 2.0711 1.0000
vt 60.0049 2.0711 1.0000
vt 63.1631 2.0711 1.0000
vt 66.3212 2.0711 1.0000
vt 69.4794 2.0711 1.0000
vt 72.6375 2.0711 1.0000
vt 75.7957 2.0711 1.0000
vt 78.9538 2.0711 1.0000
vt 82.1120 2.0711 1.0000
vt 88.4283 3.1067 1.0000
vt 85.2701 3.1067 1.0000
vt 91.5865 3.1067 1.0000
vt 94.7446 3.1067 1.0000
vt 97.9028 3.1067 1.0000
vt 101.0609 3.1067 1.0000
vt 104.2191 3.1067 1.0000
vt 107.3772 3.1067 1.0000
vt 110.5354 3.1067 1.0000
vt 113.6935 3.1067 1.0000
vt 116.8517 3.1067 1.0000
vt 6.3163 3.1067 1.0000
vt 3.1582 3.1067 1.0000
vt 9.4745 3.1067 1.0000
vt 12.6326 3.1067 1.0000
vt 15.7908 3.1067 1.0000
vt 18.9489 3.1067 1.0000
vt 22.1071 3.1067 1.0000
vt 25.2652 3.1067 1.0000
vt 28.4234 3.1067 1.0000
vt 31.5815 3.1067 1.0000
vt 34.7397 3.1067 1.0000
vt 37.8978 3.1067 1.0000
vt 41.0560 3.1067 1.0000
vt 44.2141 3.1067 1.0000
vt 47.3723 3.1067 1.0000
vt 50.5304 3.1067 1.0000
vt 53.6886 3.1067 1.0000
vt 56.8468 3.1067 1.0000
vt 60.0049 3.1067 1.0000
vt 63.1631 3.1067 1.0000
vt 66.3212 3.1067 1.0000
vt 69.4794 3.1067 1.0000
vt 72.6375 3.1067 1.0000
vt 75.7957 3.1067 1.0000
vt 78.9538 3.1067 1.0000
vt 82.1120 3.1067 1.0000
vt 88.4283 4.1423 1.0000
vt 85.2701 4.1423 1.0000
vt 91.5865 4.1423 1.0000
vt 94.7446 4.1423 1.0000
vt 97.9028 4.1423 1.0000
vt 101.0609 4.1423 1.0000
vt 104.2191 4.1423 1.0000
vt 107.3772 4.1423 1.0000
vt 110.5354 4.1423 1.0000
vt 113.6935 4.1423 1.0000
vt 116.8517 4.1423 1.0000
vt 6.3163 4.1423 1.0000
vt 3.1582 4.1423 1.0000
vt 9.4745 4.1423 1.0000
vt 12.6326 4.1423 1.0000
vt 15.7908 4.1423 1.0000
vt 18.9489 4.1423 1.0000
vt 22.1071 4.1423 1.0000
vt 25.2652 4.1423 1.0000
vt 28.4234 4.1423 1.0000
vt 31.5815 4.1423 1.0000
vt 34.7397 4.1423 1.0000
vt 37.8978 4.1423 1.0000
vt 41.0560 4.1423 1.0000
vt 44.2141 4.1423 1.0000
vt 47.3723 4.1423 1.0000
vt 50.5304 4.1423 1.0000
vt 53.6886 4.1423 1.0000
vt 56.8468 4.1423 1.0000
vt 60.0049 4.1423 1.0000
vt 63.1631 4.1423 1.0000
vt 66.3212 4.1423 1.0000
vt 69.4794 4.1423 1.0000
vt 72.6375 4.1423 1.0000
vt 75.7957 4.1423 1.0000
vt 78.9538 4.1423 1.0000
vt 82.1120 4.1423 1.0000
vt 88.4283 5.1778 1.0000
vt 85.2701 5.1778 1.0000
vt 91.5865 5.1778 1.0000
vt 94.7446 5.1778 1.0000
vt 97.9028 5.1778 1.0000
vt 101.0609 5.1778 1.0000
vt 104.2191 5.1778 1.0000
vt 107.3772 5.1778 1.0000
vt 110.5354 5.1778 1.0000
vt 113.6935 5.1778 1.0000
vt 116.8517 5.1778 1.0000
vt 6.3163 5.1778 1.0000
vt 3.1582 5.1778 1.0000
vt 9.4745 5.1778 1.0000
vt 12.6326 5.1778 1.0000
vt 15.7908 5.1778 1.0000
vt 18.9489 5.1778 1.0000
vt 22.1071 5.1778 1.0000
vt 25.2652 5.1778 1.0000
vt 28.4234 5.1778 1.0000
vt 31.5815 5.1778 1.0000
vt 34.7397 5.1778 1.0000
vt 37.8978 5.1778 1.0000
vt 41.0560 5.1778 1.0000
vt 44.2141 5.1778 1.0000
vt 47.3723 5.1778 1.0000
vt 50.5304 5.1778 1.0000
vt 53.6886 5.1778 1.0000
vt 56.8468 5.1778 1.0000
vt 60.0049 5.1778 1.0000
vt 63.1631 5.1778 1.0000
vt 66.3212 5.1778 1.0000
vt 69.4794 5.1778 1.0000
vt 72.6375 5.1778 1.0000
vt 75.7957 5.1778 1.0000
vt 78.9538 5.1778 1.0000
vt 82.1120 5.1778 1.0000
vt -31.5816 0.0000 1.0000
vt -3.1582 0.0000 1.0000
vt -6.3163 0.0000 1.0000
vt -9.4745 0.0000 1.0000
vt -12.6326 0.0000 1.0000
vt -15.7908 0.0000 1.0000
vt -18.9489 0.0000 1.0000
vt -22.1071 0.0000 1.0000
vt -25.2652 0.0000 1.0000
vt -28.4234 0.0000 1.0000
vt 198.9637 5.1778 1.0000
vt 120.0098 5.1778 1.0000
vt 123.1680 5.1778 1.0000
vt 126.3261 5.1778 1.0000
vt 129.4843 5.1778 1.0000
vt 132.6424 5.1778 1.0000
vt 135.8006 5.1778 1.0000
vt 138.9588 5.1778 1.0000
vt 142.1169 5.1778 1.0000
vt 145.2751 5.1778 1.0000
vt 148.4332 5.1778 1.0000
vt 151.5914 5.1778 1.0000
vt 154.7495 5.1778 1.0000
vt 157.9077 5.1778 1.0000
vt 161.0658 5.1778 1.0000
vt 164.2240 5.1778 1.0000
vt 167.3821 5.1778 1.0000
vt 170.5403 5.1778 1.0000
vt 173.6984 5.1778 1.0000
vt 176.8566 5.1778 1.0000
vt 180.0147 5.1778 1.0000
vt 183.1729 5.1778 1.0000
vt 186.3311 5.1778 1.0000
vt 189.4892 5.1778 1.0000
vt 192.6474 5.1778 1.0000
vt 195.8055 5.1778 1.0000
vt 24.5370 0.0000 0.0000
vt 24.5370 0.7354 0.0000
vt 23.5147 0.7354 0.0000
vt 23.5147 0.0000 0.0000
vt 24.5370 1.4708 0.0000
vt 23.5147 1.4708 0.0000
vt 24.5370 2.2062 0.0000
vt 23.5147 2.2062 0.0000
vt 24.5370 2.9416 0.0000
vt 23.5147 2.9416 0.0000
vt 24.5370 3.6770 0.0000
vt 23.5147 3.6770 0.0000
vt 24.5370 4.4124 0.0000
vt 23.5147 4.4124 0.0000
vt 24.5370 5.1478 0.0000
vt 23.5147 5.1478 0.0000
vt 24.5370 5.8832 0.0000
vt 23.5147 5.8832 0.0000
vt 24.5370 6.6186 0.0000
vt 23.5147 6.6186 0.0000
vt 24.5370 7.3540 0.0000
vt 23.5147 7.3540 0.0000
vt 24.5370 8.0894 0.0000
vt 23.5147 8.0894 0.0000
vt 24.5370 8.8248 0.0000
vt 23.5147 8.8248 0.0000
vt 22.4923 0.7354 0.0000
vt 22.4923 0.0000 0.0000
vt 22.4923 1.4708 0.0000
vt 22.4923 2.2062 0.0000
vt 22.4923 2.9416 0.0000
vt 22.4923 3.6770 0.0000
vt 22.4923 4.4124 0.0000
vt 22.4923 5.1478 0.0000
vt 22.4923 5.8832 0.0000
vt 22.4923 6.6186 0.0000
vt 22.4923 7.3540 0.0000
vt 22.4923 8.0894 0.0000
vt 22.4923 8.8248 0.0000
vt 21.4699 0.7354 0.0000
vt 21.4699 0.0000 0.0000
vt 21.4699 1.4708 0.0000
vt 21.4699 2.2062 0.0000
vt 21.4699 2.9416 0.0000
vt 21.4699 3.6770 0.0000
vt 21.4699 4.4124 0.0000
vt 21.4699 5.1478 0.0000
vt 21.4699 5.8832 0.0000
vt 21.4699 6.6186 0.0000
vt 21.4699 7.3540 0.0000
vt 21.4699 8.0894 0.0000
vt 21.4699 8.8248 0.0000
vt 20.4475 0.7354 0.0000
vt 20.4475 0.0000 0.0000
vt 20.4475 1.4708 0.0000
vt 20.4475 2.2062 0.0000
vt 20.4475 2.9416 0.0000
vt 20.4475 3.6770 0.0000
vt 20.4475 4.4124 0.0000
vt 20.4475 5.1478 0.0000
vt 20.4475 5.8832 0.0000
vt 20.4475 6.6186 0.0000
vt 20.4475 7.3540 0.0000
vt 20.4475 8.0894 0.0000
vt 20.4475 8.8248 0.0000
vt 19.4252 0.7354 0.0000
vt 19.4252 0.0000 0.0000
vt 19.4252 1.4708 0.0000
vt 19.4252 2.2062 0.0000
vt 19.4252 2.9416 0.0000
vt 19.4252 3.6770 0.0000
vt 19.4252 4.4124 0.0000
vt 19.4252 5.1478 0.0000
vt 19.4252 5.8832 0.0000
vt 19.4252 6.6186 0.0000
vt 19.4252 7.3540 0.0000
vt 19.4252 8.0894 0.0000
vt 19.4252 8.8248 0.0000
vt 18.4028 0.7354 0.0000
vt 18.4028 0.0000 0.0000
vt 18.4028 1.4708 0.0000
vt 18.4028 2.2062 0.0000
vt 18.4028 2.9416 0.0000
vt 18.4028 3.6770 0.0000
vt 18.4028 4.4124 0.0000
vt 18.4028 5.1478 0.0000
vt 18.4028 5.8832 0.0000
vt 18.4028 6.6186 0.0000
vt 18.4028 7.3540 0.0000
vt 18.4028 8.0894 0.0000
vt 18.4028 8.8248 0.0000
vt 17.3804 0.7354 0.0000
vt 17.3804 0.0000 0.0000
vt 17.3804 1.4708 0.0000
vt 17.3804 2.2062 0.0000
vt 17.3804 2.9416 0.0000
vt 17.3804 3.6770 0.0000
vt 17.3804 4.4124 0.0000
vt 17.3804 5.1478 0.0000
vt 17.3804 5.8832 0.0000
vt 17.3804 6.6186 0.0000
vt 17.3804 7.3540 0.0000
vt 17.3804 8.0894 0.0000
vt 17.3804 8.8248 0.0000
vt 16.3580 0.7354 0.0000
vt 16.3580 0.0000 0.0000
vt 16.3580 1.4708 0.0000
vt 16.3580 2.2062 0.0000
vt 16.3580 2.9416 0.0000
vt 16.3580 3.6770 0.0000
vt 16.3580 4.4124 0.0000
vt 16.3580 5.1478 0.0000
vt 16.3580 5.8832 0.0000
vt 16.3580 6.6186 0.0000
vt 16.3580 7.3540 0.0000
vt 16.3580 8.0894 0.0000
vt 16.3580 8.8248 0.0000
vt 15.3357 0.7354 0.0000
vt 15.3357 0.0000 0.0000
vt 15.3357 1.4708 0.0000
vt 15.3357 2.2062 0.0000
vt 15.3357 2.9416 0.0000
vt 15.3357 3.6770 0.0000
vt 15.3357 4.4124 0.0000
vt 15.3357 5.1478 0.0000
vt 15.3357 5.8832 0.0000
vt 15.3357 6.6186 0.0000
vt 15.3357 7.3540 0.0000
vt 15.3357 8.0894 0.0000
vt 15.3357 8.8248 0.0000
vt 14.3133 0.7354 0.0000
vt 14.3133 0.0000 0.0000
vt 14.3133 1.4708 0.0000
vt 14.3133 2.2062 0.0000
vt 14.3133 2.9416 0.0000
vt 14.3133 3.6770 0.0000
vt 14.3133 4.4124 0.0000
vt 14.3133 5.1478 0.0000
vt 14.3133 5.8832 0.0000
vt 14.3133 6.6186 0.0000
vt 14.3133 7.3540 0.0000
vt 14.3133 8.0894 0.0000
vt 14.3133 8.8248 0.0000
vt 13.2909 0.7354 0.0000
vt 13.2909 0.0000 0.0000
vt 13.2909 1.4708 0.0000
vt 13.2909 2.2062 0.0000
vt 13.2909 2.9416 0.0000
vt 13.2909 3.6770 0.0000
vt 13.2909 4.4124 0.0000
vt 13.2909 5.1478 0.0000
vt 13.2909 5.8832 0.0000
vt 13.2909 6.6186 0.0000
vt 13.2909 7.3540 0.0000
vt 13.2909 8.0894 0.0000
vt 13.2909 8.8248 0.0000
vt 12.2685 0.7354 0.0000
vt 12.2685 0.0000 0.0000
vt 12.2685 1.4708 0.0000
vt 12.2685 2.2062 0.0000
vt 12.2685 2.9416 0.0000
vt 12.2685 3.6770 0.0000
vt 12.2685 4.4124 0.0000
vt 12.2685 5.1478 0.0000
vt 12.2685 5.8832 0.0000
vt 12.2685 6.6186 0.0000
vt 12.2685 7.3540 0.0000
vt 12.2685 8.0894 0.0000
vt 12.2685 8.8248 0.0000
vt 11.2461 0.7354 0.0000
vt 11.2461 0.0000 0.0000
vt 11.2461 1.4708 0.0000
vt 11.2461 2.2062 0.0000
vt 11.2461 2.9416 0.0000
vt 11.2461 3.6770 0.0000
vt 11.2461 4.4124 0.0000
vt 11.2461 5.1478 0.0000
vt 11.2461 5.8832 0.0000
vt 11.2461 6.6186 0.0000
vt 11.2461 7.3540 0.0000
vt 11.2461 8.0894 0.0000
vt 11.2461 8.8248 0.0000
vt 10.2238 0.7354 0.0000
vt 10.2238 0.0000 0.0000
vt 10.2238 1.4708 0.0000
vt 10.2238 2.2062 0.0000
vt 10.2238 2.9416 0.0000
vt 10.2238 3.6770 0.0000
vt 10.2238 4.4124 0.0000
vt 10.2238 5.1478 0.0000
vt 10.2238 5.8832 0.0000
vt 10.2238 6.6186 0.0000
vt 10.2238 7.3540 0.0000
vt 10.2238 8.0894 0.0000
vt 10.2238 8.8248 0.0000
vt 9.2014 0.7354 0.0000
vt 9.2014 0.0000 0.0000
vt 9.2014 1.4708 0.0000
vt 9.2014 2.2062 0.0000
vt 9.2014 2.9416 0.0000
vt 9.2014 3.6770 0.0000
vt 9.2014 4.4124 0.0000
vt 9.2014 5.1478 0.0000
vt 9.2014 5.8832 0.0000
vt 9.2014 6.6186 0.0000
vt 9.2014 7.3540 0.0000
vt 9.2014 8.0894 0.0000
vt 9.2014 8.8248 0.0000
vt 8.1790 0.7354 0.0000
vt 8.1790 0.0000 0.0000
vt 8.1790 1.4708 0.0000
vt 8.1790 2.2062 0.0000
vt 8.1790 2.9416 0.0000
vt 8.1790 3.6770 0.0000
vt 8.1790 4.4124 0.0000
vt 8.1790 5.1478 0.0000
vt 8.1790 5.8832 0.0000
vt 8.1790 6.6186 0.0000
vt 8.1790 7.3540 0.0000
vt 8.1790 8.0894 0.0000
vt 8.1790 8.8248 0.0000
vt 7.1566 0.7354 0.0000
vt 7.1566 0.0000 0.0000
vt 7.1566 1.4708 0.0000
vt 7.1566 2.2062 0.0000
vt 7.1566 2.9416 0.0000
vt 7.1566 3.6770 0.0000
vt 7.1566 4.4124 0.0000
vt 7.1566 5.1478 0.0000
vt 7.1566 5.8832 0.0000
vt 7.1566 6.6186 0.0000
vt 7.1566 7.3540 0.0000
vt 7.1566 8.0894 0.0000
vt 7.1566 8.8248 0.0000
vt 6.1343 0.7354 0.0000
vt 6.1343 0.0000 0.0000
vt 6.1343 1.4708 0.0000
vt 6.1343 2.2062 0.0000
vt 6.1343 2.9416 0.0000
vt 6.1343 3.6770 0.0000
vt 6.1343 4.4124 0.0000
vt 6.1343 5.1478 0.0000
vt 6.1343 5.8832 0.0000
vt 6.1343 6.6186 0.0000
vt 6.1343 7.3540 0.0000
vt 6.1343 8.0894 0.0000
vt 6.1343 8.8248 0.0000
vt 5.1119 0.7354 0.0000
vt 5.1119 0.0000 0.0000
vt 5.1119 1.4708 0.0000
vt 5.1119 2.2062 0.0000
vt 5.1119 2.9416 0.0000
vt 5.1119 3.6770 0.0000
vt 5.1119 4.4124 0.0000
vt 5.1119 5.1478 0.0000
vt 5.1119 5.8832 0.0000
vt 5.1119 6.6186 0.0000
vt 5.1119 7.3540 0.0000
vt 5.1119 8.0894 0.0000
vt 5.1119 8.8248 0.0000
vt 4.0895 0.7354 0.0000
vt 4.0895 0.0000 0.0000
vt 4.0895 1.4708 0.0000
vt 4.0895 2.2062 0.0000
vt 4.0895 2.9416 0.0000
vt 4.0895 3.6770 0.0000
vt 4.0895 4.4124 0.0000
vt 4.0895 5.1478 0.0000
vt 4.0895 5.8832 0.0000
vt 4.0895 6.6186 0.0000
vt 4.0895 7.3540 0.0000
vt 4.0895 8.0894 0.0000
vt 4.0895 8.8248 0.0000
vt 3.0671 0.7354 0.0000
vt 3.0671 0.0000 0.0000
vt 3.0671 1.4708 0.0000
vt 3.0671 2.2062 0.0000
vt 3.0671 2.9416 0.0000
vt 3.0671 3.6770 0.0000
vt 3.0671 4.4124 0.0000
vt 3.0671 5.1478 0.0000
vt 3.0671 5.8832 0.0000
vt 3.0671 6.6186 0.0000
vt 3.0671 7.3540 0.0000
vt 3.0671 8.0894 0.0000
vt 3.0671 8.8248 0.0000
vt 2.0448 0.7354 0.0000
vt 2.0448 0.0000 0.0000
vt 2.0448 1.4708 0.0000
vt 2.0448 2.2062 0.0000
vt 2.0448 2.9416 0.0000
vt 2.0448 3.6770 0.0000
vt 2.0448 4.4124 0.0000
vt 2.0448 5.1478 0.0000
vt 2.0448 5.8832 0.0000
vt 2.0448 6.6186 0.0000
vt 2.0448 7.3540 0.0000
vt 2.0448 8.0894 0.0000
vt 2.0448 8.8248 0.0000
vt 1.0224 0.7354 0.0000
vt 1.0224 0.0000 0.0000
vt 1.0224 1.4708 0.0000
vt 1.0224 2.2062 0.0000
vt 1.0224 2.9416 0.0000
vt 1.0224 3.6770 0.0000
vt 1.0224 4.4124 0.0000
vt 1.0224 5.1478 0.0000
vt 1.0224 5.8832 0.0000
vt 1.0224 6.6186 0.0000
vt 1.0224 7.3540 0.0000
vt 1.0224 8.0894 0.0000
vt 1.0224 8.8248 0.0000
vt 0.0000 0.7354 0.0000
vt 0.0000 1.4708 0.0000
vt 0.0000 2.2062 0.0000
vt 0.0000 2.9416 0.0000
vt 0.0000 3.6770 0.0000
vt 0.0000 4.4124 0.0000
vt 0.0000 5.1478 0.0000
vt 0.0000 5.8832 0.0000
vt 0.0000 6.6186 0.0000
vt 0.0000 7.3540 0.0000
vt 0.0000 8.0894 0.0000
vt 0.0000 8.8248 0.0000
# 873 texture coords

g Cylinder002
s 8
f 1/1/1 2/2/2 3/3/3 4/4/1 
f 2/2/2 5/5/4 6/6/4 3/3/3 
f 5/5/4 7/7/5 8/8/5 6/6/4 
f 7/7/5 9/9/6 10/10/6 8/8/5 
f 9/9/6 11/11/7 12/12/7 10/10/6 
f 11/11/7 13/13/8 14/14/8 12/12/7 
f 13/13/8 15/15/9 16/16/9 14/14/8 
f 15/15/9 17/17/10 18/18/10 16/16/9 
f 17/17/10 19/19/11 20/20/11 18/18/10 
f 19/19/11 21/21/12 22/22/12 20/20/11 
f 21/23/12 23/24/13 24/25/13 22/26/12 
f 23/24/13 25/27/14 26/28/14 24/25/13 
f 25/27/14 27/29/15 28/30/15 26/28/14 
f 27/29/15 29/31/16 30/32/16 28/30/15 
f 29/31/16 31/33/17 32/34/18 30/32/16 
f 31/33/17 33/35/19 34/36/20 32/34/18 
f 33/35/19 35/37/21 36/38/22 34/36/20 
f 35/37/21 37/39/23 38/40/24 36/38/22 
f 37/39/23 39/41/25 40/42/25 38/40/24 
f 39/41/25 41/43/26 42/44/26 40/42/25 
f 41/43/26 43/45/27 44/46/27 42/44/26 
f 43/45/27 45/47/28 46/48/28 44/46/27 
f 45/47/28 47/49/29 48/50/29 46/48/28 
f 47/49/29 49/51/30 50/52/30 48/50/29 
f 49/51/30 51/53/31 52/54/31 50/52/30 
f 51/53/31 53/55/32 54/56/32 52/54/31 
f 53/55/32 55/57/33 56/58/33 54/56/32 
f 55/57/33 57/59/34 58/60/34 56/58/33 
f 57/59/34 59/61/35 60/62/35 58/60/34 
f 59/61/35 61/63/36 62/64/36 60/62/35 
f 61/63/36 63/65/37 64/66/37 62/64/36 
f 63/65/37 65/67/38 66/68/38 64/66/37 
f 65/67/38 67/69/39 68/70/39 66/68/38 
f 67/69/39 69/71/40 70/72/40 68/70/39 
f 69/71/40 71/73/41 72/74/41 70/72/40 
f 71/73/41 1/1/1 4/4/1 72/74/41 
f 4/4/1 3/3/3 73/75/2 74/76/1 
f 3/3/3 6/6/4 75/77/4 73/75/2 
f 6/6/4 8/8/5 76/78/5 75/77/4 
f 8/8/5 10/10/6 77/79/6 76/78/5 
f 10/10/6 12/12/7 78/80/7 77/79/6 
f 12/12/7 14/14/8 79/81/8 78/80/7 
f 14/14/8 16/16/9 80/82/9 79/81/8 
f 16/16/9 18/18/10 81/83/10 80/82/9 
f 18/18/10 20/20/11 82/84/11 81/83/10 
f 20/20/11 22/22/12 83/85/12 82/84/11 
f 22/26/12 24/25/13 84/86/13 83/87/12 
f 24/25/13 26/28/14 85/88/14 84/86/13 
f 26/28/14 28/30/15 86/89/15 85/88/14 
f 28/30/15 30/32/16 87/90/16 86/89/15 
f 30/32/16 32/34/18 88/91/17 87/90/16 
f 32/34/18 34/36/20 89/92/19 88/91/17 
f 34/36/20 36/38/22 90/93/21 89/92/19 
f 36/38/22 38/40/24 91/94/23 90/93/21 
f 38/40/24 40/42/25 92/95/25 91/94/23 
f 40/42/25 42/44/26 93/96/26 92/95/25 
f 42/44/26 44/46/27 94/97/27 93/96/26 
f 44/46/27 46/48/28 95/98/28 94/97/27 
f 46/48/28 48/50/29 96/99/29 95/98/28 
f 48/50/29 50/52/30 97/100/30 96/99/29 
f 50/52/30 52/54/31 98/101/31 97/100/30 
f 52/54/31 54/56/32 99/102/32 98/101/31 
f 54/56/32 56/58/33 100/103/33 99/102/32 
f 56/58/33 58/60/34 101/104/34 100/103/33 
f 58/60/34 60/62/35 102/105/35 101/104/34 
f 60/62/35 62/64/36 103/106/36 102/105/35 
f 62/64/36 64/66/37 104/107/37 103/106/36 
f 64/66/37 66/68/38 105/108/38 104/107/37 
f 66/68/38 68/70/39 106/109/39 105/108/38 
f 68/70/39 70/72/40 107/110/40 106/109/39 
f 70/72/40 72/74/41 108/111/41 107/110/40 
f 72/74/41 4/4/1 74/76/1 108/111/41 
f 74/76/1 73/75/2 109/112/2 110/113/42 
f 73/75/2 75/77/4 111/114/4 109/112/2 
f 75/77/4 76/78/5 112/115/5 111/114/4 
f 76/78/5 77/79/6 113/116/6 112/115/5 
f 77/79/6 78/80/7 114/117/7 113/116/6 
f 78/80/7 79/81/8 115/118/8 114/117/7 
f 79/81/8 80/82/9 116/119/9 115/118/8 
f 80/82/9 81/83/10 117/120/10 116/119/9 
f 81/83/10 82/84/11 118/121/11 117/120/10 
f 82/84/11 83/85/12 119/122/12 118/121/11 
f 83/87/12 84/86/13 120/123/13 119/124/12 
f 84/86/13 85/88/14 121/125/14 120/123/13 
f 85/88/14 86/89/15 122/126/15 121/125/14 
f 86/89/15 87/90/16 123/127/16 122/126/15 
f 87/90/16 88/91/17 124/128/17 123/127/16 
f 88/91/17 89/92/19 125/129/19 124/128/17 
f 89/92/19 90/93/21 126/130/21 125/129/19 
f 90/93/21 91/94/23 127/131/23 126/130/21 
f 91/94/23 92/95/25 128/132/43 127/131/23 
f 92/95/25 93/96/26 129/133/44 128/132/43 
f 93/96/26 94/97/27 130/134/45 129/133/44 
f 94/97/27 95/98/28 131/135/28 130/134/45 
f 95/98/28 96/99/29 132/136/29 131/135/28 
f 96/99/29 97/100/30 133/137/30 132/136/29 
f 97/100/30 98/101/31 134/138/31 133/137/30 
f 98/101/31 99/102/32 135/139/32 134/138/31 
f 99/102/32 100/103/33 136/140/33 135/139/32 
f 100/103/33 101/104/34 137/141/34 136/140/33 
f 101/104/34 102/105/35 138/142/35 137/141/34 
f 102/105/35 103/106/36 139/143/36 138/142/35 
f 103/106/36 104/107/37 140/144/37 139/143/36 
f 104/107/37 105/108/38 141/145/38 140/144/37 
f 105/108/38 106/109/39 142/146/39 141/145/38 
f 106/109/39 107/110/40 143/147/46 142/146/39 
f 107/110/40 108/111/41 144/148/47 143/147/46 
f 108/111/41 74/76/1 110/113/42 144/148/47 
f 110/113/42 109/112/2 145/149/2 146/150/42 
f 109/112/2 111/114/4 147/151/4 145/149/2 
f 111/114/4 112/115/5 148/152/5 147/151/4 
f 112/115/5 113/116/6 149/153/6 148/152/5 
f 113/116/6 114/117/7 150/154/7 149/153/6 
f 114/117/7 115/118/8 151/155/8 150/154/7 
f 115/118/8 116/119/9 152/156/9 151/155/8 
f 116/119/9 117/120/10 153/157/10 152/156/9 
f 117/120/10 118/121/11 154/158/11 153/157/10 
f 118/121/11 119/122/12 155/159/12 154/158/11 
f 119/124/12 120/123/13 156/160/13 155/161/12 
f 120/123/13 121/125/14 157/162/14 156/160/13 
f 121/125/14 122/126/15 158/163/15 157/162/14 
f 122/126/15 123/127/16 159/164/16 158/163/15 
f 123/127/16 124/128/17 160/165/17 159/164/16 
f 124/128/17 125/129/19 161/166/19 160/165/17 
f 125/129/19 126/130/21 162/167/21 161/166/19 
f 126/130/21 127/131/23 163/168/23 162/167/21 
f 127/131/23 128/132/43 164/169/43 163/168/23 
f 128/132/43 129/133/44 165/170/44 164/169/43 
f 129/133/44 130/134/45 166/171/45 165/170/44 
f 130/134/45 131/135/28 167/172/48 166/171/45 
f 131/135/28 132/136/29 168/173/49 167/172/48 
f 132/136/29 133/137/30 169/174/30 168/173/49 
f 133/137/30 134/138/31 170/175/31 169/174/30 
f 134/138/31 135/139/32 171/176/32 170/175/31 
f 135/139/32 136/140/33 172/177/33 171/176/32 
f 136/140/33 137/141/34 173/178/50 172/177/33 
f 137/141/34 138/142/35 174/179/51 173/178/50 
f 138/142/35 139/143/36 175/180/52 174/179/51 
f 139/143/36 140/144/37 176/181/53 175/180/52 
f 140/144/37 141/145/38 177/182/54 176/181/53 
f 141/145/38 142/146/39 178/183/55 177/182/54 
f 142/146/39 143/147/46 179/184/46 178/183/55 
f 143/147/46 144/148/47 180/185/47 179/184/46 
f 144/148/47 110/113/42 146/150/42 180/185/47 
f 146/150/42 145/149/2 181/186/2 182/187/42 
f 145/149/2 147/151/4 183/188/4 181/186/2 
f 147/151/4 148/152/5 184/189/5 183/188/4 
f 148/152/5 149/153/6 185/190/6 184/189/5 
f 149/153/6 150/154/7 186/191/7 185/190/6 
f 150/154/7 151/155/8 187/192/8 186/191/7 
f 151/155/8 152/156/9 188/193/9 187/192/8 
f 152/156/9 153/157/10 189/194/10 188/193/9 
f 153/157/10 154/158/11 190/195/11 189/194/10 
f 154/158/11 155/159/12 191/196/12 190/195/11 
f 155/161/12 156/160/13 192/197/13 191/198/12 
f 156/160/13 157/162/14 193/199/14 192/197/13 
f 157/162/14 158/163/15 194/200/15 193/199/14 
f 158/163/15 159/164/16 195/201/16 194/200/15 
f 159/164/16 160/165/17 196/202/17 195/201/16 
f 160/165/17 161/166/19 197/203/19 196/202/17 
f 161/166/19 162/167/21 198/204/21 197/203/19 
f 162/167/21 163/168/23 199/205/56 198/204/21 
f 163/168/23 164/169/43 200/206/43 199/205/56 
f 164/169/43 165/170/44 201/207/44 200/206/43 
f 165/170/44 166/171/45 202/208/45 201/207/44 
f 166/171/45 167/172/48 203/209/48 202/208/45 
f 167/172/48 168/173/49 204/210/49 203/209/48 
f 168/173/49 169/174/30 205/211/57 204/210/49 
f 169/174/30 170/175/31 206/212/58 205/211/57 
f 170/175/31 171/176/32 207/213/32 206/212/58 
f 171/176/32 172/177/33 208/214/59 207/213/32 
f 172/177/33 173/178/50 209/215/50 208/214/59 
f 173/178/50 174/179/51 210/216/51 209/215/50 
f 174/179/51 175/180/52 211/217/52 210/216/51 
f 175/180/52 176/181/53 212/218/53 211/217/52 
f 176/181/53 177/182/54 213/219/54 212/218/53 
f 177/182/54 178/183/55 214/220/55 213/219/54 
f 178/183/55 179/184/46 215/221/46 214/220/55 
f 179/184/46 180/185/47 216/222/47 215/221/46 
f 180/185/47 146/150/42 182/187/42 216/222/47 
s 1
f 217/223/60 218/71/60 219/69/60 220/67/60 221/65/60 222/63/60 223/61/60 224/59/60 225/57/60 226/55/60 227/53/60 228/51/60 229/49/60 230/47/60 231/45/60 232/43/61 233/41/60 234/39/61 235/37/62 236/35/63 237/33/62 238/31/62 239/29/60 240/27/60 241/24/60 242/23/60 243/224/60 244/225/60 245/226/60 246/227/60 247/228/60 248/229/62 249/230/60 250/231/61 251/232/60 252/233/63 
f 253/234/64 254/186/64 255/188/64 256/189/64 257/190/64 258/191/64 259/192/64 260/193/64 261/194/64 262/195/64 263/196/64 264/235/64 265/236/64 266/237/64 267/238/64 268/239/64 269/240/64 270/241/64 271/242/64 272/243/64 273/244/64 274/245/64 275/246/64 276/247/64 277/248/64 278/249/64 279/250/64 280/251/64 281/252/64 282/253/64 283/254/64 284/255/64 285/256/64 286/257/64 287/258/64 288/259/64 
s off
f 2/232/65 1/233/65 289/233/65 290/232/65 
f 1/233/66 71/223/66 291/223/66 289/233/66 
f 71/223/67 69/71/67 292/71/67 291/223/67 
f 69/71/68 67/69/68 293/69/68 292/71/68 
f 67/69/69 65/67/69 294/67/69 293/69/69 
f 65/67/70 63/65/70 295/65/70 294/67/70 
f 63/65/71 61/63/71 296/63/71 295/65/71 
f 61/63/72 59/61/72 297/61/72 296/63/72 
f 59/61/73 57/59/73 298/59/73 297/61/73 
f 57/59/74 55/57/74 299/57/74 298/59/74 
f 55/57/75 53/55/75 300/55/75 299/57/75 
f 53/55/76 51/53/76 301/53/76 300/55/76 
f 51/53/77 49/51/77 302/51/77 301/53/77 
f 49/51/78 47/49/78 303/49/78 302/51/78 
f 47/49/79 45/47/79 304/47/79 303/49/79 
f 45/47/80 43/45/80 305/45/80 304/47/80 
f 43/45/81 41/43/81 306/43/81 305/45/81 
f 41/43/82 39/41/82 307/41/82 306/43/82 
f 39/41/83 37/39/83 308/39/83 307/41/83 
f 37/39/84 35/37/84 309/37/84 308/39/84 
f 35/37/85 33/35/85 310/35/85 309/37/85 
f 33/35/86 31/33/86 311/33/86 310/35/86 
f 31/33/87 29/31/87 312/31/87 311/33/87 
f 29/31/88 27/29/88 313/29/88 312/31/88 
f 27/29/89 25/27/89 314/27/89 313/29/89 
f 25/27/90 23/24/90 315/24/90 314/27/90 
f 23/24/91 21/23/91 316/23/91 315/24/91 
f 21/23/92 19/224/92 317/224/92 316/23/92 
f 19/224/93 17/225/93 318/225/93 317/224/93 
f 17/225/94 15/226/94 319/226/94 318/225/94 
f 15/226/95 13/227/95 320/227/95 319/226/95 
f 13/227/96 11/228/96 321/228/96 320/227/96 
f 11/228/97 9/229/97 322/229/97 321/228/97 
f 9/229/98 7/230/98 323/230/98 322/229/98 
f 7/230/99 5/231/99 324/231/99 323/230/99 
f 5/231/100 2/232/100 290/232/100 324/231/100 
f 290/232/101 289/233/101 325/233/101 326/232/101 
f 289/233/102 291/223/102 327/223/102 325/233/102 
f 291/223/103 292/71/103 328/71/103 327/223/103 
f 292/71/104 293/69/104 329/69/104 328/71/104 
f 293/69/105 294/67/105 330/67/105 329/69/105 
f 294/67/106 295/65/106 331/65/106 330/67/106 
f 295/65/107 296/63/107 332/63/107 331/65/107 
f 296/63/108 297/61/108 333/61/108 332/63/108 
f 297/61/109 298/59/109 334/59/109 333/61/109 
f 298/59/110 299/57/110 335/57/110 334/59/110 
f 299/57/111 300/55/111 336/55/111 335/57/111 
f 300/55/112 301/53/112 337/53/112 336/55/112 
f 301/53/113 302/51/113 338/51/113 337/53/113 
f 302/51/114 303/49/114 339/49/114 338/51/114 
f 303/49/115 304/47/115 340/47/115 339/49/115 
f 304/47/116 305/45/116 341/45/116 340/47/116 
f 305/45/117 306/43/117 342/43/117 341/45/117 
f 306/43/118 307/41/118 343/41/118 342/43/118 
f 307/41/119 308/39/119 344/39/119 343/41/119 
f 308/39/120 309/37/120 345/37/120 344/39/120 
f 309/37/121 310/35/121 346/35/121 345/37/121 
f 310/35/122 311/33/122 347/33/122 346/35/122 
f 311/33/123 312/31/123 348/31/123 347/33/123 
f 312/31/124 313/29/124 349/29/124 348/31/124 
f 313/29/125 314/27/125 350/27/125 349/29/125 
f 314/27/126 315/24/126 351/24/126 350/27/126 
f 315/24/127 316/23/127 352/23/127 351/24/127 
f 316/23/128 317/224/128 353/224/128 352/23/128 
f 317/224/129 318/225/129 354/225/129 353/224/129 
f 318/225/130 319/226/130 355/226/130 354/225/130 
f 319/226/131 320/227/131 356/227/131 355/226/131 
f 320/227/132 321/228/132 357/228/132 356/227/132 
f 321/228/133 322/229/133 358/229/133 357/228/133 
f 322/229/134 323/230/134 359/230/134 358/229/134 
f 323/230/135 324/231/135 360/231/135 359/230/135 
f 324/231/136 290/232/136 326/232/136 360/231/136 
f 326/232/65 325/233/65 361/233/65 362/232/65 
f 325/233/66 327/223/66 363/223/66 361/233/66 
f 327/223/67 328/71/67 364/71/67 363/223/67 
f 328/71/68 329/69/68 365/69/68 364/71/68 
f 329/69/69 330/67/69 366/67/69 365/69/69 
f 330/67/70 331/65/70 367/65/70 366/67/70 
f 331/65/71 332/63/71 368/63/71 367/65/71 
f 332/63/72 333/61/72 369/61/72 368/63/72 
f 333/61/73 334/59/73 370/59/73 369/61/73 
f 334/59/74 335/57/74 371/57/74 370/59/74 
f 335/57/75 336/55/75 372/55/75 371/57/75 
f 336/55/76 337/53/76 373/53/76 372/55/76 
f 337/53/77 338/51/77 374/51/77 373/53/77 
f 338/51/78 339/49/78 375/49/78 374/51/78 
f 339/49/79 340/47/79 376/47/79 375/49/79 
f 340/47/80 341/45/80 377/45/80 376/47/80 
f 341/45/81 342/43/81 378/43/81 377/45/81 
f 342/43/82 343/41/82 379/41/82 378/43/82 
f 343/41/83 344/39/83 380/39/83 379/41/83 
f 344/39/84 345/37/84 381/37/84 380/39/84 
f 345/37/85 346/35/85 382/35/85 381/37/85 
f 346/35/86 347/33/86 383/33/86 382/35/86 
f 347/33/87 348/31/87 384/31/87 383/33/87 
f 348/31/88 349/29/88 385/29/88 384/31/88 
f 349/29/89 350/27/89 386/27/89 385/29/89 
f 350/27/90 351/24/90 387/24/90 386/27/90 
f 351/24/91 352/23/91 388/23/91 387/24/91 
f 352/23/92 353/224/92 389/224/92 388/23/92 
f 353/224/93 354/225/93 390/225/93 389/224/93 
f 354/225/94 355/226/94 391/226/94 390/225/94 
f 355/226/95 356/227/95 392/227/95 391/226/95 
f 356/227/96 357/228/96 393/228/96 392/227/96 
f 357/228/97 358/229/97 394/229/97 393/228/97 
f 358/229/98 359/230/98 395/230/98 394/229/98 
f 359/230/99 360/231/99 396/231/99 395/230/99 
f 360/231/100 326/232/100 362/232/100 396/231/100 
f 362/232/137 361/233/137 397/233/137 398/232/137 
f 361/233/138 363/223/138 399/223/138 397/233/138 
f 363/223/139 364/71/139 400/71/139 399/223/139 
f 364/71/140 365/69/140 401/69/140 400/71/140 
f 365/69/141 366/67/141 402/67/141 401/69/141 
f 366/67/142 367/65/142 403/65/142 402/67/142 
f 367/65/143 368/63/143 404/63/143 403/65/143 
f 368/63/144 369/61/144 405/61/144 404/63/144 
f 369/61/145 370/59/145 406/59/145 405/61/145 
f 370/59/146 371/57/146 407/57/146 406/59/146 
f 371/57/147 372/55/147 408/55/147 407/57/147 
f 372/55/148 373/53/148 409/53/148 408/55/148 
f 373/53/149 374/51/149 410/51/149 409/53/149 
f 374/51/150 375/49/150 411/49/150 410/51/150 
f 375/49/151 376/47/151 412/47/151 411/49/151 
f 376/47/152 377/45/152 413/45/152 412/47/152 
f 377/45/153 378/43/153 414/43/153 413/45/153 
f 378/43/154 379/41/154 415/41/154 414/43/154 
f 379/41/155 380/39/155 416/39/155 415/41/155 
f 380/39/156 381/37/156 417/37/156 416/39/156 
f 381/37/157 382/35/157 418/35/157 417/37/157 
f 382/35/158 383/33/158 419/33/158 418/35/158 
f 383/33/159 384/31/159 420/31/159 419/33/159 
f 384/31/160 385/29/160 421/29/160 420/31/160 
f 385/29/161 386/27/161 422/27/161 421/29/161 
f 386/27/162 387/24/162 423/24/162 422/27/162 
f 387/24/163 388/23/163 424/23/163 423/24/163 
f 388/23/164 389/224/164 425/224/164 424/23/164 
f 389/224/165 390/225/165 426/225/165 425/224/165 
f 390/225/166 391/226/166 427/226/166 426/225/166 
f 391/226/167 392/227/167 428/227/167 427/226/167 
f 392/227/168 393/228/168 429/228/168 428/227/168 
f 393/228/169 394/229/169 430/229/169 429/228/169 
f 394/229/170 395/230/170 431/230/170 430/229/170 
f 395/230/171 396/231/171 432/231/171 431/230/171 
f 396/231/172 362/232/172 398/232/172 432/231/172 
f 398/232/65 397/233/65 433/233/65 434/232/65 
f 397/233/66 399/223/66 435/223/66 433/233/66 
f 399/223/173 400/71/173 436/71/173 435/223/173 
f 400/71/68 401/69/68 437/69/68 436/71/68 
f 401/69/69 402/67/69 438/67/69 437/69/69 
f 402/67/70 403/65/70 439/65/70 438/67/70 
f 403/65/71 404/63/71 440/63/71 439/65/71 
f 404/63/72 405/61/72 441/61/72 440/63/72 
f 405/61/73 406/59/73 442/59/73 441/61/73 
f 406/59/74 407/57/74 443/57/74 442/59/74 
f 407/57/75 408/55/75 444/55/75 443/57/75 
f 408/55/76 409/53/76 445/53/76 444/55/76 
f 409/53/77 410/51/77 446/51/77 445/53/77 
f 410/51/78 411/49/78 447/49/78 446/51/78 
f 411/49/79 412/47/79 448/47/79 447/49/79 
f 412/47/80 413/45/80 449/45/80 448/47/80 
f 413/45/81 414/43/81 450/43/81 449/45/81 
f 414/43/82 415/41/82 451/41/82 450/43/82 
f 415/41/83 416/39/83 452/39/83 451/41/83 
f 416/39/84 417/37/84 453/37/84 452/39/84 
f 417/37/174 418/35/174 454/35/174 453/37/174 
f 418/35/86 419/33/86 455/33/86 454/35/86 
f 419/33/87 420/31/87 456/31/87 455/33/87 
f 420/31/88 421/29/88 457/29/88 456/31/88 
f 421/29/89 422/27/89 458/27/89 457/29/89 
f 422/27/90 423/24/90 459/24/90 458/27/90 
f 423/24/91 424/23/91 460/23/91 459/24/91 
f 424/23/92 425/224/92 461/224/92 460/23/92 
f 425/224/93 426/225/93 462/225/93 461/224/93 
f 426/225/94 427/226/94 463/226/94 462/225/94 
f 427/226/95 428/227/95 464/227/95 463/226/95 
f 428/227/96 429/228/96 465/228/96 464/227/96 
f 429/228/97 430/229/97 466/229/97 465/228/97 
f 430/229/98 431/230/98 467/230/98 466/229/98 
f 431/230/99 432/231/99 468/231/99 467/230/99 
f 432/231/175 398/232/175 434/232/175 468/231/175 
f 434/232/65 433/233/65 252/233/65 251/232/65 
f 433/233/66 435/223/66 217/223/66 252/233/66 
f 435/223/67 436/71/67 218/71/67 217/223/67 
f 436/71/68 437/69/68 219/69/68 218/71/68 
f 437/69/69 438/67/69 220/67/69 219/69/69 
f 438/67/70 439/65/70 221/65/70 220/67/70 
f 439/65/71 440/63/71 222/63/71 221/65/71 
f 440/63/72 441/61/72 223/61/72 222/63/72 
f 441/61/73 442/59/73 224/59/73 223/61/73 
f 442/59/74 443/57/74 225/57/74 224/59/74 
f 443/57/75 444/55/75 226/55/75 225/57/75 
f 444/55/76 445/53/76 227/53/76 226/55/76 
f 445/53/77 446/51/77 228/51/77 227/53/77 
f 446/51/78 447/49/78 229/49/78 228/51/78 
f 447/49/79 448/47/79 230/47/79 229/49/79 
f 448/47/80 449/45/80 231/45/80 230/47/80 
f 449/45/81 450/43/81 232/43/81 231/45/81 
f 450/43/176 451/41/176 233/41/176 232/43/176 
f 451/41/83 452/39/83 234/39/83 233/41/83 
f 452/39/84 453/37/84 235/37/84 234/39/84 
f 453/37/85 454/35/85 236/35/85 235/37/85 
f 454/35/86 455/33/86 237/33/86 236/35/86 
f 455/33/87 456/31/87 238/31/87 237/33/87 
f 456/31/88 457/29/88 239/29/88 238/31/88 
f 457/29/89 458/27/89 240/27/89 239/29/89 
f 458/27/90 459/24/90 241/24/90 240/27/90 
f 459/24/91 460/23/91 242/23/91 241/24/91 
f 460/23/92 461/224/92 243/224/92 242/23/92 
f 461/224/93 462/225/93 244/225/93 243/224/93 
f 462/225/94 463/226/94 245/226/94 244/225/94 
f 463/226/95 464/227/95 246/227/95 245/226/95 
f 464/227/96 465/228/96 247/228/96 246/227/96 
f 465/228/97 466/229/97 248/229/97 247/228/97 
f 466/229/98 467/230/98 249/230/98 248/229/98 
f 467/230/99 468/231/99 250/231/99 249/230/99 
f 468/231/100 434/232/100 251/232/100 250/231/100 
f 182/234/177 181/186/177 469/186/177 470/234/177 
f 181/186/178 183/188/178 471/188/178 469/186/178 
f 183/188/179 184/189/179 472/189/179 471/188/179 
f 184/189/180 185/190/180 473/190/180 472/189/180 
f 185/190/181 186/191/181 474/191/181 473/190/181 
f 186/191/182 187/192/182 475/192/182 474/191/182 
f 187/192/183 188/193/183 476/193/183 475/192/183 
f 188/193/184 189/194/184 477/194/184 476/193/184 
f 189/194/185 190/195/185 478/195/185 477/194/185 
f 190/195/186 191/196/186 479/196/186 478/195/186 
f 191/196/187 192/235/187 480/235/187 479/196/187 
f 192/235/188 193/236/188 481/236/188 480/235/188 
f 193/236/189 194/237/189 482/237/189 481/236/189 
f 194/237/190 195/238/190 483/238/190 482/237/190 
f 195/238/191 196/239/191 484/239/191 483/238/191 
f 196/239/192 197/240/192 485/240/192 484/239/192 
f 197/240/193 198/241/193 486/241/193 485/240/193 
f 198/241/194 199/242/194 487/242/194 486/241/194 
f 199/242/195 200/243/195 488/243/195 487/242/195 
f 200/243/196 201/244/196 489/244/196 488/243/196 
f 201/244/197 202/245/197 490/245/197 489/244/197 
f 202/245/198 203/246/198 491/246/198 490/245/198 
f 203/246/199 204/247/199 492/247/199 491/246/199 
f 204/247/200 205/248/200 493/248/200 492/247/200 
f 205/248/201 206/249/201 494/249/201 493/248/201 
f 206/249/202 207/250/202 495/250/202 494/249/202 
f 207/250/203 208/251/203 496/251/203 495/250/203 
f 208/251/204 209/252/204 497/252/204 496/251/204 
f 209/252/205 210/253/205 498/253/205 497/252/205 
f 210/253/206 211/254/206 499/254/206 498/253/206 
f 211/254/207 212/255/207 500/255/207 499/254/207 
f 212/255/208 213/256/208 501/256/208 500/255/208 
f 213/256/209 214/257/209 502/257/209 501/256/209 
f 214/257/210 215/258/210 503/258/210 502/257/210 
f 215/258/211 216/259/211 504/259/211 503/258/211 
f 216/259/212 182/234/212 470/234/212 504/259/212 
f 470/234/65 469/186/65 505/186/65 506/234/65 
f 469/186/100 471/188/100 507/188/100 505/186/100 
f 471/188/99 472/189/99 508/189/99 507/188/99 
f 472/189/213 473/190/213 509/190/213 508/189/213 
f 473/190/214 474/191/214 510/191/214 509/190/214 
f 474/191/215 475/192/215 511/192/215 510/191/215 
f 475/192/216 476/193/216 512/193/216 511/192/216 
f 476/193/217 477/194/217 513/194/217 512/193/217 
f 477/194/218 478/195/218 514/195/218 513/194/218 
f 478/195/219 479/196/219 515/196/219 514/195/219 
f 479/196/220 480/235/220 516/235/220 515/196/220 
f 480/235/221 481/236/221 517/236/221 516/235/221 
f 481/236/222 482/237/222 518/237/222 517/236/222 
f 482/237/223 483/238/223 519/238/223 518/237/223 
f 483/238/224 484/239/224 520/239/224 519/238/224 
f 484/239/86 485/240/86 521/240/86 520/239/86 
f 485/240/85 486/241/85 522/241/85 521/240/85 
f 486/241/84 487/242/84 523/242/84 522/241/84 
f 487/242/83 488/243/83 524/243/83 523/242/83 
f 488/243/82 489/244/82 525/244/82 524/243/82 
f 489/244/81 490/245/81 526/245/81 525/244/81 
f 490/245/225 491/246/225 527/246/225 526/245/225 
f 491/246/226 492/247/226 528/247/226 527/246/226 
f 492/247/227 493/248/227 529/248/227 528/247/227 
f 493/248/228 494/249/228 530/249/228 529/248/228 
f 494/249/229 495/250/229 531/250/229 530/249/229 
f 495/250/230 496/251/230 532/251/230 531/250/230 
f 496/251/231 497/252/231 533/252/231 532/251/231 
f 497/252/232 498/253/232 534/253/232 533/252/232 
f 498/253/233 499/254/233 535/254/233 534/253/233 
f 499/254/234 500/255/234 536/255/234 535/254/234 
f 500/255/235 501/256/235 537/256/235 536/255/235 
f 501/256/236 502/257/236 538/257/236 537/256/236 
f 502/257/68 503/258/68 539/258/68 538/257/68 
f 503/258/67 504/259/67 540/259/67 539/258/67 
f 504/259/66 470/234/66 506/234/66 540/259/66 
f 506/234/237 505/186/237 541/186/237 542/234/237 
f 505/186/238 507/188/238 543/188/238 541/186/238 
f 507/188/239 508/189/239 544/189/239 543/188/239 
f 508/189/240 509/190/240 545/190/240 544/189/240 
f 509/190/241 510/191/241 546/191/241 545/190/241 
f 510/191/242 511/192/242 547/192/242 546/191/242 
f 511/192/243 512/193/243 548/193/243 547/192/243 
f 512/193/244 513/194/244 549/194/244 548/193/244 
f 513/194/245 514/195/245 550/195/245 549/194/245 
f 514/195/246 515/196/246 551/196/246 550/195/246 
f 515/196/247 516/235/247 552/235/247 551/196/247 
f 516/235/248 517/236/248 553/236/248 552/235/248 
f 517/236/249 518/237/249 554/237/249 553/236/249 
f 518/237/250 519/238/250 555/238/250 554/237/250 
f 519/238/251 520/239/251 556/239/251 555/238/251 
f 520/239/252 521/240/252 557/240/252 556/239/252 
f 521/240/253 522/241/253 558/241/253 557/240/253 
f 522/241/254 523/242/254 559/242/254 558/241/254 
f 523/242/255 524/243/255 560/243/255 559/242/255 
f 524/243/256 525/244/256 561/244/256 560/243/256 
f 525/244/257 526/245/257 562/245/257 561/244/257 
f 526/245/258 527/246/258 563/246/258 562/245/258 
f 527/246/259 528/247/259 564/247/259 563/246/259 
f 528/247/260 529/248/260 565/248/260 564/247/260 
f 529/248/261 530/249/261 566/249/261 565/248/261 
f 530/249/262 531/250/262 567/250/262 566/249/262 
f 531/250/263 532/251/263 568/251/263 567/250/263 
f 532/251/264 533/252/264 569/252/264 568/251/264 
f 533/252/265 534/253/265 570/253/265 569/252/265 
f 534/253/266 535/254/266 571/254/266 570/253/266 
f 535/254/267 536/255/267 572/255/267 571/254/267 
f 536/255/268 537/256/268 573/256/268 572/255/268 
f 537/256/269 538/257/269 574/257/269 573/256/269 
f 538/257/270 539/258/270 575/258/270 574/257/270 
f 539/258/271 540/259/271 576/259/271 575/258/271 
f 540/259/272 506/234/272 542/234/272 576/259/272 
f 542/234/65 541/186/65 577/186/65 578/234/65 
f 541/186/100 543/188/100 579/188/100 577/186/100 
f 543/188/99 544/189/99 580/189/99 579/188/99 
f 544/189/98 545/190/98 581/190/98 580/189/98 
f 545/190/97 546/191/97 582/191/97 581/190/97 
f 546/191/96 547/192/96 583/192/96 582/191/96 
f 547/192/95 548/193/95 584/193/95 583/192/95 
f 548/193/94 549/194/94 585/194/94 584/193/94 
f 549/194/93 550/195/93 586/195/93 585/194/93 
f 550/195/92 551/196/92 587/196/92 586/195/92 
f 551/196/91 552/235/91 588/235/91 587/196/91 
f 552/235/90 553/236/90 589/236/90 588/235/90 
f 553/236/89 554/237/89 590/237/89 589/236/89 
f 554/237/88 555/238/88 591/238/88 590/237/88 
f 555/238/87 556/239/87 592/239/87 591/238/87 
f 556/239/86 557/240/86 593/240/86 592/239/86 
f 557/240/85 558/241/85 594/241/85 593/240/85 
f 558/241/84 559/242/84 595/242/84 594/241/84 
f 559/242/273 560/243/273 596/243/273 595/242/273 
f 560/243/176 561/244/176 597/244/176 596/243/176 
f 561/244/274 562/245/274 598/245/274 597/244/274 
f 562/245/225 563/246/225 599/246/225 598/245/225 
f 563/246/226 564/247/226 600/247/226 599/246/226 
f 564/247/227 565/248/227 601/248/227 600/247/227 
f 565/248/228 566/249/228 602/249/228 601/248/228 
f 566/249/229 567/250/229 603/250/229 602/249/229 
f 567/250/230 568/251/230 604/251/230 603/250/230 
f 568/251/231 569/252/231 605/252/231 604/251/231 
f 569/252/232 570/253/232 606/253/232 605/252/232 
f 570/253/233 571/254/233 607/254/233 606/253/233 
f 571/254/234 572/255/234 608/255/234 607/254/234 
f 572/255/235 573/256/235 609/256/235 608/255/235 
f 573/256/236 574/257/236 610/257/236 609/256/236 
f 574/257/275 575/258/275 611/258/275 610/257/275 
f 575/258/173 576/259/173 612/259/173 611/258/173 
f 576/259/276 542/234/276 578/234/276 612/259/276 
f 578/234/277 577/186/277 613/186/277 614/234/277 
f 577/186/278 579/188/278 615/188/278 613/186/278 
f 579/188/279 580/189/279 616/189/279 615/188/279 
f 580/189/280 581/190/280 617/190/280 616/189/280 
f 581/190/281 582/191/281 618/191/281 617/190/281 
f 582/191/282 583/192/282 619/192/282 618/191/282 
f 583/192/283 584/193/283 620/193/283 619/192/283 
f 584/193/284 585/194/284 621/194/284 620/193/284 
f 585/194/285 586/195/285 622/195/285 621/194/285 
f 586/195/286 587/196/286 623/196/286 622/195/286 
f 587/196/287 588/235/287 624/235/287 623/196/287 
f 588/235/288 589/236/288 625/236/288 624/235/288 
f 589/236/289 590/237/289 626/237/289 625/236/289 
f 590/237/290 591/238/290 627/238/290 626/237/290 
f 591/238/291 592/239/291 628/239/291 627/238/291 
f 592/239/292 593/240/292 629/240/292 628/239/292 
f 593/240/293 594/241/293 630/241/293 629/240/293 
f 594/241/294 595/242/294 631/242/294 630/241/294 
f 595/242/295 596/243/295 632/243/295 631/242/295 
f 596/243/296 597/244/296 633/244/296 632/243/296 
f 597/244/297 598/245/297 634/245/297 633/244/297 
f 598/245/298 599/246/298 635/246/298 634/245/298 
f 599/246/299 600/247/299 636/247/299 635/246/299 
f 600/247/300 601/248/300 637/248/300 636/247/300 
f 601/248/301 602/249/301 638/249/301 637/248/301 
f 602/249/302 603/250/302 639/250/302 638/249/302 
f 603/250/303 604/251/303 640/251/303 639/250/303 
f 604/251/304 605/252/304 641/252/304 640/251/304 
f 605/252/305 606/253/305 642/253/305 641/252/305 
f 606/253/306 607/254/306 643/254/306 642/253/306 
f 607/254/307 608/255/307 644/255/307 643/254/307 
f 608/255/308 609/256/308 645/256/308 644/255/308 
f 609/256/309 610/257/309 646/257/309 645/256/309 
f 610/257/310 611/258/310 647/258/310 646/257/310 
f 611/258/311 612/259/311 648/259/311 647/258/311 
f 612/259/312 578/234/312 614/234/312 648/259/312 
f 614/234/65 613/186/65 649/186/65 650/234/65 
f 613/186/100 615/188/100 651/188/100 649/186/100 
f 615/188/99 616/189/99 652/189/99 651/188/99 
f 616/189/98 617/190/98 653/190/98 652/189/98 
f 617/190/214 618/191/214 654/191/214 653/190/214 
f 618/191/215 619/192/215 655/192/215 654/191/215 
f 619/192/216 620/193/216 656/193/216 655/192/216 
f 620/193/217 621/194/217 657/194/217 656/193/217 
f 621/194/218 622/195/218 658/195/218 657/194/218 
f 622/195/219 623/196/219 659/196/219 658/195/219 
f 623/196/220 624/235/220 660/235/220 659/196/220 
f 624/235/221 625/236/221 661/236/221 660/235/221 
f 625/236/222 626/237/222 662/237/222 661/236/222 
f 626/237/223 627/238/223 663/238/223 662/237/223 
f 627/238/224 628/239/224 664/239/224 663/238/224 
f 628/239/86 629/240/86 665/240/86 664/239/86 
f 629/240/85 630/241/85 666/241/85 665/240/85 
f 630/241/84 631/242/84 667/242/84 666/241/84 
f 631/242/83 632/243/83 668/243/83 667/242/83 
f 632/243/82 633/244/82 669/244/82 668/243/82 
f 633/244/81 634/245/81 670/245/81 669/244/81 
f 634/245/80 635/246/80 671/246/80 670/245/80 
f 635/246/226 636/247/226 672/247/226 671/246/226 
f 636/247/227 637/248/227 673/248/227 672/247/227 
f 637/248/228 638/249/228 674/249/228 673/248/228 
f 638/249/229 639/250/229 675/250/229 674/249/229 
f 639/250/230 640/251/230 676/251/230 675/250/230 
f 640/251/231 641/252/231 677/252/231 676/251/231 
f 641/252/232 642/253/232 678/253/232 677/252/232 
f 642/253/233 643/254/233 679/254/233 678/253/233 
f 643/254/234 644/255/234 680/255/234 679/254/234 
f 644/255/235 645/256/235 681/256/235 680/255/235 
f 645/256/236 646/257/236 682/257/236 681/256/236 
f 646/257/68 647/258/68 683/258/68 682/257/68 
f 647/258/67 648/259/67 684/259/67 683/258/67 
f 648/259/66 614/234/66 650/234/66 684/259/66 
f 650/234/313 649/186/313 685/186/313 686/234/313 
f 649/186/314 651/188/314 687/188/314 685/186/314 
f 651/188/315 652/189/315 688/189/315 687/188/315 
f 652/189/316 653/190/316 689/190/316 688/189/316 
f 653/190/317 654/191/317 690/191/317 689/190/317 
f 654/191/318 655/192/318 691/192/318 690/191/318 
f 655/192/319 656/193/319 692/193/319 691/192/319 
f 656/193/320 657/194/320 693/194/320 692/193/320 
f 657/194/321 658/195/321 694/195/321 693/194/321 
f 658/195/322 659/196/322 695/196/322 694/195/322 
f 659/196/323 660/235/323 696/235/323 695/196/323 
f 660/235/324 661/236/324 697/236/324 696/235/324 
f 661/236/325 662/237/325 698/237/325 697/236/325 
f 662/237/326 663/238/326 699/238/326 698/237/326 
f 663/238/327 664/239/327 700/239/327 699/238/327 
f 664/239/328 665/240/328 701/240/328 700/239/328 
f 665/240/329 666/241/329 702/241/329 701/240/329 
f 666/241/330 667/242/330 703/242/330 702/241/330 
f 667/242/331 668/243/331 704/243/331 703/242/331 
f 668/243/332 669/244/332 705/244/332 704/243/332 
f 669/244/333 670/245/333 706/245/333 705/244/333 
f 670/245/334 671/246/334 707/246/334 706/245/334 
f 671/246/335 672/247/335 708/247/335 707/246/335 
f 672/247/336 673/248/336 709/248/336 708/247/336 
f 673/248/337 674/249/337 710/249/337 709/248/337 
f 674/249/338 675/250/338 711/250/338 710/249/338 
f 675/250/339 676/251/339 712/251/339 711/250/339 
f 676/251/340 677/252/340 713/252/340 712/251/340 
f 677/252/341 678/253/341 714/253/341 713/252/341 
f 678/253/342 679/254/342 715/254/342 714/253/342 
f 679/254/343 680/255/343 716/255/343 715/254/343 
f 680/255/344 681/256/344 717/256/344 716/255/344 
f 681/256/345 682/257/345 718/257/345 717/256/345 
f 682/257/346 683/258/346 719/258/346 718/257/346 
f 683/258/347 684/259/347 720/259/347 719/258/347 
f 684/259/348 650/234/348 686/234/348 720/259/348 
f 686/234/349 685/186/349 721/186/349 722/234/349 
f 685/186/175 687/188/175 723/188/175 721/186/175 
f 687/188/350 688/189/350 724/189/350 723/188/350 
f 688/189/213 689/190/213 725/190/213 724/189/213 
f 689/190/214 690/191/214 726/191/214 725/190/214 
f 690/191/215 691/192/215 727/192/215 726/191/215 
f 691/192/216 692/193/216 728/193/216 727/192/216 
f 692/193/217 693/194/217 729/194/217 728/193/217 
f 693/194/218 694/195/218 730/195/218 729/194/218 
f 694/195/219 695/196/219 731/196/219 730/195/219 
f 695/196/220 696/235/220 732/235/220 731/196/220 
f 696/235/221 697/236/221 733/236/221 732/235/221 
f 697/236/222 698/237/222 734/237/222 733/236/222 
f 698/237/223 699/238/223 735/238/223 734/237/223 
f 699/238/224 700/239/224 736/239/224 735/238/224 
f 700/239/351 701/240/351 737/240/351 736/239/351 
f 701/240/174 702/241/174 738/241/174 737/240/174 
f 702/241/352 703/242/352 739/242/352 738/241/352 
f 703/242/83 704/243/83 740/243/83 739/242/83 
f 704/243/82 705/244/82 741/244/82 740/243/82 
f 705/244/81 706/245/81 742/245/81 741/244/81 
f 706/245/80 707/246/80 743/246/80 742/245/80 
f 707/246/79 708/247/79 744/247/79 743/246/79 
f 708/247/78 709/248/78 745/248/78 744/247/78 
f 709/248/77 710/249/77 746/249/77 745/248/77 
f 710/249/76 711/250/76 747/250/76 746/249/76 
f 711/250/75 712/251/75 748/251/75 747/250/75 
f 712/251/74 713/252/74 749/252/74 748/251/74 
f 713/252/73 714/253/73 750/253/73 749/252/73 
f 714/253/72 715/254/72 751/254/72 750/253/72 
f 715/254/71 716/255/71 752/255/71 751/254/71 
f 716/255/70 717/256/70 753/256/70 752/255/70 
f 717/256/69 718/257/69 754/257/69 753/256/69 
f 718/257/68 719/258/68 755/258/68 754/257/68 
f 719/258/67 720/259/67 756/259/67 755/258/67 
f 720/259/66 686/234/66 722/234/66 756/259/66 
f 722/234/65 721/186/65 757/186/65 758/234/65 
f 721/186/100 723/188/100 759/188/100 757/186/100 
f 723/188/99 724/189/99 760/189/99 759/188/99 
f 724/189/98 725/190/98 761/190/98 760/189/98 
f 725/190/97 726/191/97 762/191/97 761/190/97 
f 726/191/96 727/192/96 763/192/96 762/191/96 
f 727/192/95 728/193/95 764/193/95 763/192/95 
f 728/193/94 729/194/94 765/194/94 764/193/94 
f 729/194/93 730/195/93 766/195/93 765/194/93 
f 730/195/92 731/196/92 767/196/92 766/195/92 
f 731/196/91 732/235/91 768/235/91 767/196/91 
f 732/235/90 733/236/90 769/236/90 768/235/90 
f 733/236/89 734/237/89 770/237/89 769/236/89 
f 734/237/88 735/238/88 771/238/88 770/237/88 
f 735/238/87 736/239/87 772/239/87 771/238/87 
f 736/239/86 737/240/86 773/240/86 772/239/86 
f 737/240/85 738/241/85 774/241/85 773/240/85 
f 738/241/84 739/242/84 775/242/84 774/241/84 
f 739/242/273 740/243/273 776/243/273 775/242/273 
f 740/243/176 741/244/176 777/244/176 776/243/176 
f 741/244/81 742/245/81 778/245/81 777/244/81 
f 742/245/80 743/246/80 779/246/80 778/245/80 
f 743/246/79 744/247/79 780/247/79 779/246/79 
f 744/247/78 745/248/78 781/248/78 780/247/78 
f 745/248/77 746/249/77 782/249/77 781/248/77 
f 746/249/76 747/250/76 783/250/76 782/249/76 
f 747/250/75 748/251/75 784/251/75 783/250/75 
f 748/251/74 749/252/74 785/252/74 784/251/74 
f 749/252/73 750/253/73 786/253/73 785/252/73 
f 750/253/72 751/254/72 787/254/72 786/253/72 
f 751/254/71 752/255/71 788/255/71 787/254/71 
f 752/255/70 753/256/70 789/256/70 788/255/70 
f 753/256/69 754/257/69 790/257/69 789/256/69 
f 754/257/275 755/258/275 791/258/275 790/257/275 
f 755/258/173 756/259/173 792/259/173 791/258/173 
f 756/259/276 722/234/276 758/234/276 792/259/276 
f 758/234/353 757/186/353 793/186/353 794/234/353 
f 757/186/354 759/188/354 795/188/354 793/186/354 
f 759/188/355 760/189/355 796/189/355 795/188/355 
f 760/189/356 761/190/356 797/190/356 796/189/356 
f 761/190/357 762/191/357 798/191/357 797/190/357 
f 762/191/358 763/192/358 799/192/358 798/191/358 
f 763/192/359 764/193/359 800/193/359 799/192/359 
f 764/193/360 765/194/360 801/194/360 800/193/360 
f 765/194/361 766/195/361 802/195/361 801/194/361 
f 766/195/362 767/196/362 803/196/362 802/195/362 
f 767/196/363 768/235/363 804/235/363 803/196/363 
f 768/235/364 769/236/364 805/236/364 804/235/364 
f 769/236/365 770/237/365 806/237/365 805/236/365 
f 770/237/366 771/238/366 807/238/366 806/237/366 
f 771/238/367 772/239/367 808/239/367 807/238/367 
f 772/239/368 773/240/368 809/240/368 808/239/368 
f 773/240/369 774/241/369 810/241/369 809/240/369 
f 774/241/370 775/242/370 811/242/370 810/241/370 
f 775/242/371 776/243/371 812/243/371 811/242/371 
f 776/243/372 777/244/372 813/244/372 812/243/372 
f 777/244/373 778/245/373 814/245/373 813/244/373 
f 778/245/374 779/246/374 815/246/374 814/245/374 
f 779/246/375 780/247/375 816/247/375 815/246/375 
f 780/247/376 781/248/376 817/248/376 816/247/376 
f 781/248/377 782/249/377 818/249/377 817/248/377 
f 782/249/378 783/250/378 819/250/378 818/249/378 
f 783/250/379 784/251/379 820/251/379 819/250/379 
f 784/251/380 785/252/380 821/252/380 820/251/380 
f 785/252/381 786/253/381 822/253/381 821/252/381 
f 786/253/382 787/254/382 823/254/382 822/253/382 
f 787/254/383 788/255/383 824/255/383 823/254/383 
f 788/255/384 789/256/384 825/256/384 824/255/384 
f 789/256/385 790/257/385 826/257/385 825/256/385 
f 790/257/386 791/258/386 827/258/386 826/257/386 
f 791/258/387 792/259/387 828/259/387 827/258/387 
f 792/259/388 758/234/388 794/234/388 828/259/388 
f 794/234/65 793/186/65 829/186/65 830/234/65 
f 793/186/100 795/188/100 831/188/100 829/186/100 
f 795/188/99 796/189/99 832/189/99 831/188/99 
f 796/189/98 797/190/98 833/190/98 832/189/98 
f 797/190/97 798/191/97 834/191/97 833/190/97 
f 798/191/96 799/192/96 835/192/96 834/191/96 
f 799/192/95 800/193/95 836/193/95 835/192/95 
f 800/193/94 801/194/94 837/194/94 836/193/94 
f 801/194/93 802/195/93 838/195/93 837/194/93 
f 802/195/92 803/196/92 839/196/92 838/195/92 
f 803/196/91 804/235/91 840/235/91 839/196/91 
f 804/235/90 805/236/90 841/236/90 840/235/90 
f 805/236/89 806/237/89 842/237/89 841/236/89 
f 806/237/88 807/238/88 843/238/88 842/237/88 
f 807/238/87 808/239/87 844/239/87 843/238/87 
f 808/239/86 809/240/86 845/240/86 844/239/86 
f 809/240/85 810/241/85 846/241/85 845/240/85 
f 810/241/84 811/242/84 847/242/84 846/241/84 
f 811/242/83 812/243/83 848/243/83 847/242/83 
f 812/243/82 813/244/82 849/244/82 848/243/82 
f 813/244/81 814/245/81 850/245/81 849/244/81 
f 814/245/80 815/246/80 851/246/80 850/245/80 
f 815/246/79 816/247/79 852/247/79 851/246/79 
f 816/247/78 817/248/78 853/248/78 852/247/78 
f 817/248/77 818/249/77 854/249/77 853/248/77 
f 818/249/76 819/250/76 855/250/76 854/249/76 
f 819/250/75 820/251/75 856/251/75 855/250/75 
f 820/251/74 821/252/74 857/252/74 856/251/74 
f 821/252/73 822/253/73 858/253/73 857/252/73 
f 822/253/72 823/254/72 859/254/72 858/253/72 
f 823/254/71 824/255/71 860/255/71 859/254/71 
f 824/255/70 825/256/70 861/256/70 860/255/70 
f 825/256/69 826/257/69 862/257/69 861/256/69 
f 826/257/68 827/258/68 863/258/68 862/257/68 
f 827/258/67 828/259/67 864/259/67 863/258/67 
f 828/259/66 794/234/66 830/234/66 864/259/66 
f 830/234/389 829/186/389 865/186/389 866/234/389 
f 829/186/390 831/188/390 867/188/390 865/186/390 
f 831/188/391 832/189/391 868/189/391 867/188/391 
f 832/189/392 833/190/392 869/190/392 868/189/392 
f 833/190/393 834/191/393 870/191/393 869/190/393 
f 834/191/394 835/192/394 871/192/394 870/191/394 
f 835/192/395 836/193/395 872/193/395 871/192/395 
f 836/193/396 837/194/396 873/194/396 872/193/396 
f 837/194/397 838/195/397 874/195/397 873/194/397 
f 838/195/398 839/196/398 875/196/398 874/195/398 
f 839/196/399 840/235/399 876/235/399 875/196/399 
f 840/235/400 841/236/400 877/236/400 876/235/400 
f 841/236/401 842/237/401 878/237/401 877/236/401 
f 842/237/402 843/238/402 879/238/402 878/237/402 
f 843/238/403 844/239/403 880/239/403 879/238/403 
f 844/239/404 845/240/404 881/240/404 880/239/404 
f 845/240/405 846/241/405 882/241/405 881/240/405 
f 846/241/406 847/242/406 883/242/406 882/241/406 
f 847/242/407 848/243/407 884/243/407 883/242/407 
f 848/243/408 849/244/408 885/244/408 884/243/408 
f 849/244/409 850/245/409 886/245/409 885/244/409 
f 850/245/410 851/246/410 887/246/410 886/245/410 
f 851/246/411 852/247/411 888/247/411 887/246/411 
f 852/247/412 853/248/412 889/248/412 888/247/412 
f 853/248/413 854/249/413 890/249/413 889/248/413 
f 854/249/414 855/250/414 891/250/414 890/249/414 
f 855/250/415 856/251/415 892/251/415 891/250/415 
f 856/251/416 857/252/416 893/252/416 892/251/416 
f 857/252/417 858/253/417 894/253/417 893/252/417 
f 858/253/418 859/254/418 895/254/418 894/253/418 
f 859/254/419 860/255/419 896/255/419 895/254/419 
f 860/255/420 861/256/420 897/256/420 896/255/420 
f 861/256/421 862/257/421 898/257/421 897/256/421 
f 862/257/422 863/258/422 899/258/422 898/257/422 
f 863/258/423 864/259/423 900/259/423 899/258/423 
f 864/259/424 830/234/424 866/234/424 900/259/424 
f 866/234/425 865/186/425 254/186/425 253/234/425 
f 865/186/426 867/188/426 255/188/426 254/186/426 
f 867/188/427 868/189/427 256/189/427 255/188/427 
f 868/189/428 869/190/428 257/190/428 256/189/428 
f 869/190/429 870/191/429 258/191/429 257/190/429 
f 870/191/430 871/192/430 259/192/430 258/191/430 
f 871/192/431 872/193/431 260/193/431 259/192/431 
f 872/193/432 873/194/432 261/194/432 260/193/432 
f 873/194/433 874/195/433 262/195/433 261/194/433 
f 874/195/434 875/196/434 263/196/434 262/195/434 
f 875/196/435 876/235/435 264/235/435 263/196/435 
f 876/235/436 877/236/436 265/236/436 264/235/436 
f 877/236/437 878/237/437 266/237/437 265/236/437 
f 878/237/438 879/238/438 267/238/438 266/237/438 
f 879/238/439 880/239/439 268/239/439 267/238/439 
f 880/239/440 881/240/440 269/240/440 268/239/440 
f 881/240/441 882/241/441 270/241/441 269/240/441 
f 882/241/442 883/242/442 271/242/442 270/241/442 
f 883/242/443 884/243/443 272/243/443 271/242/443 
f 884/243/444 885/244/444 273/244/444 272/243/444 
f 885/244/445 886/245/445 274/245/445 273/244/445 
f 886/245/446 887/246/446 275/246/446 274/245/446 
f 887/246/447 888/247/447 276/247/447 275/246/447 
f 888/247/448 889/248/448 277/248/448 276/247/448 
f 889/248/449 890/249/449 278/249/449 277/248/449 
f 890/249/450 891/250/450 279/250/450 278/249/450 
f 891/250/451 892/251/451 280/251/451 279/250/451 
f 892/251/452 893/252/452 281/252/452 280/251/452 
f 893/252/453 894/253/453 282/253/453 281/252/453 
f 894/253/454 895/254/454 283/254/454 282/253/454 
f 895/254/455 896/255/455 284/255/455 283/254/455 
f 896/255/456 897/256/456 285/256/456 284/255/456 
f 897/256/457 898/257/457 286/257/457 285/256/457 
f 898/257/458 899/258/458 287/258/458 286/257/458 
f 899/258/459 900/259/459 288/259/459 287/258/459 
f 900/259/460 866/234/460 253/234/460 288/259/460 
s 2
f 901/260/461 902/261/461 903/262/461 904/263/461 
f 904/263/461 903/262/461 905/264/461 906/265/461 
f 906/265/461 905/264/461 907/266/461 908/267/461 
f 908/267/461 907/266/461 909/268/461 910/269/461 
f 910/269/461 909/268/461 911/270/461 912/271/461 
s 4
f 913/272/462 914/273/462 915/274/462 916/275/462 
f 914/273/462 917/276/462 918/277/462 915/274/462 
f 917/276/462 919/278/462 920/279/462 918/277/462 
f 919/278/462 921/280/462 922/281/462 920/279/462 
f 921/280/462 923/282/462 924/283/462 922/281/462 
s 8
f 901/272/64 904/273/64 914/284/64 913/285/64 
f 904/273/64 906/276/64 917/286/64 914/284/64 
f 906/276/64 908/278/64 919/287/64 917/286/64 
f 908/278/64 910/280/64 921/288/64 919/287/64 
f 910/280/64 912/282/64 923/289/64 921/288/64 
s 16
f 912/272/463 911/290/463 924/291/463 923/285/463 
s 32
f 925/272/60 926/273/60 927/284/60 928/285/60 
f 926/273/60 929/276/60 930/286/60 927/284/60 
f 907/276/60 905/278/60 918/287/60 920/286/60 
f 931/278/60 932/280/60 933/288/60 934/287/60 
s 64
f 902/272/24 901/290/24 913/291/24 916/285/24 
s off
f 903/280/59 902/282/59 935/282/59 932/280/59 
f 902/282/24 916/289/24 936/289/24 935/282/24 
f 916/289/11 915/288/11 933/288/11 936/289/11 
f 915/288/11 918/287/11 934/287/11 933/288/11 
f 918/287/463 905/278/463 931/278/463 934/287/463 
f 905/278/59 903/280/59 932/280/59 931/278/59 
f 909/273/59 907/276/59 929/276/59 926/273/59 
f 907/276/24 920/286/24 930/286/24 929/276/24 
f 920/286/11 922/284/11 927/284/11 930/286/11 
f 922/284/11 924/285/11 928/285/11 927/284/11 
f 924/285/463 911/272/463 925/272/463 928/285/463 
f 911/272/59 909/273/59 926/273/59 925/272/59 
f 933/288/463 932/280/463 937/280/463 938/288/463 
f 932/280/461 935/282/461 939/282/461 937/280/461 
f 935/282/24 936/289/24 940/289/24 939/282/24 
f 936/289/11 933/288/11 938/288/11 940/289/11 
s 2
f 941/260/461 942/263/461 943/262/461 944/261/461 
f 942/263/461 945/265/461 946/264/461 943/262/461 
f 945/265/461 947/267/461 948/266/461 946/264/461 
f 947/267/461 949/269/461 950/268/461 948/266/461 
f 949/269/461 951/271/461 952/270/461 950/268/461 
s 4
f 953/272/11 954/275/11 955/274/11 956/273/11 
f 956/273/11 955/274/11 957/277/11 958/276/11 
f 958/276/11 957/277/11 959/279/11 960/278/11 
f 960/278/11 959/279/11 961/281/11 962/280/11 
f 962/280/11 961/281/11 963/283/11 964/282/11 
s 8
f 941/272/60 953/285/60 956/284/60 942/273/60 
f 942/273/60 956/284/60 958/286/60 945/276/60 
f 945/276/60 958/286/60 960/287/60 947/278/60 
f 947/278/60 960/287/60 962/288/60 949/280/60 
f 949/280/60 962/288/60 964/289/60 951/282/60 
s 16
f 951/272/463 964/285/463 963/291/463 952/290/463 
s 32
f 965/272/64 966/285/64 967/284/64 968/273/64 
f 968/273/64 967/284/64 969/286/64 970/276/64 
f 948/276/64 959/286/64 957/287/64 946/278/64 
f 971/278/64 972/287/64 973/288/64 974/280/64 
s 64
f 944/272/24 954/285/24 953/291/24 941/290/24 
s off
f 943/280/59 974/280/59 975/282/59 944/282/59 
f 944/282/24 975/282/24 976/289/24 954/289/24 
f 954/289/11 976/289/11 973/288/11 955/288/11 
f 955/288/11 973/288/11 972/287/11 957/287/11 
f 957/287/463 972/287/463 971/278/463 946/278/463 
f 946/278/59 971/278/59 974/280/59 943/280/59 
f 950/273/59 968/273/59 970/276/59 948/276/59 
f 948/276/24 970/276/24 969/286/24 959/286/24 
f 959/286/11 969/286/11 967/284/11 961/284/11 
f 961/284/11 967/284/11 966/285/11 963/285/11 
f 963/285/463 966/285/463 965/272/463 952/272/463 
f 952/272/59 965/272/59 968/273/59 950/273/59 
f 973/288/463 938/288/463 937/280/463 974/280/463 
f 974/280/461 937/280/461 939/282/461 975/282/461 
f 975/282/24 939/282/24 940/289/24 976/289/24 
f 976/289/462 940/289/462 938/288/462 973/288/462 
s 8
f 977/292/42 978/293/464 979/294/464 980/295/42 
f 978/293/464 981/296/465 982/297/465 979/294/464 
f 981/296/465 983/298/466 984/299/466 982/297/465 
f 983/298/466 985/300/467 986/301/467 984/299/466 
f 985/300/467 987/302/468 988/303/468 986/301/467 
f 987/302/468 989/304/469 990/305/469 988/303/468 
f 989/304/469 991/306/470 992/307/470 990/305/469 
f 991/306/470 993/308/471 994/309/471 992/307/470 
f 993/308/471 995/310/60 996/311/60 994/309/471 
f 995/310/60 997/312/472 998/313/472 996/311/60 
f 997/314/472 999/315/473 1000/316/473 998/317/472 
f 999/315/473 1001/318/474 1002/319/474 1000/316/473 
f 1001/318/474 1003/320/475 1004/321/475 1002/319/474 
f 1003/320/475 1005/322/476 1006/323/476 1004/321/475 
f 1005/322/476 1007/324/477 1008/325/477 1006/323/476 
f 1007/324/477 1009/326/478 1010/327/478 1008/325/477 
f 1009/326/478 1011/328/479 1012/329/479 1010/327/478 
f 1011/328/479 1013/330/24 1014/331/24 1012/329/479 
f 1013/330/24 1015/332/480 1016/333/480 1014/331/24 
f 1015/332/480 1017/334/481 1018/335/481 1016/333/480 
f 1017/334/481 1019/336/482 1020/337/482 1018/335/481 
f 1019/336/482 1021/338/483 1022/339/483 1020/337/482 
f 1021/338/483 1023/340/484 1024/341/484 1022/339/483 
f 1023/340/484 1025/342/485 1026/343/485 1024/341/484 
f 1025/342/485 1027/344/486 1028/345/486 1026/343/485 
f 1027/344/486 1029/346/487 1030/347/487 1028/345/486 
f 1029/346/487 1031/348/488 1032/349/488 1030/347/487 
f 1031/348/488 1033/350/489 1034/351/489 1032/349/488 
f 1033/350/489 1035/352/490 1036/353/490 1034/351/489 
f 1035/352/490 1037/354/491 1038/355/491 1036/353/490 
f 1037/354/491 1039/356/492 1040/357/492 1038/355/491 
f 1039/356/492 1041/358/493 1042/359/493 1040/357/492 
f 1041/358/493 1043/360/494 1044/361/494 1042/359/493 
f 1043/360/494 1045/362/495 1046/363/495 1044/361/494 
f 1045/362/495 1047/364/496 1048/365/496 1046/363/495 
f 1047/364/496 977/292/42 980/295/42 1048/365/496 
f 980/295/42 979/294/464 1049/366/464 1050/367/42 
f 979/294/464 982/297/465 1051/368/465 1049/366/464 
f 982/297/465 984/299/466 1052/369/466 1051/368/465 
f 984/299/466 986/301/467 1053/370/467 1052/369/466 
f 986/301/467 988/303/468 1054/371/468 1053/370/467 
f 988/303/468 990/305/469 1055/372/469 1054/371/468 
f 990/305/469 992/307/470 1056/373/470 1055/372/469 
f 992/307/470 994/309/471 1057/374/471 1056/373/470 
f 994/309/471 996/311/60 1058/375/60 1057/374/471 
f 996/311/60 998/313/472 1059/376/472 1058/375/60 
f 998/317/472 1000/316/473 1060/377/473 1059/378/472 
f 1000/316/473 1002/319/474 1061/379/474 1060/377/473 
f 1002/319/474 1004/321/475 1062/380/475 1061/379/474 
f 1004/321/475 1006/323/476 1063/381/476 1062/380/475 
f 1006/323/476 1008/325/477 1064/382/477 1063/381/476 
f 1008/325/477 1010/327/478 1065/383/478 1064/382/477 
f 1010/327/478 1012/329/479 1066/384/479 1065/383/478 
f 1012/329/479 1014/331/24 1067/385/24 1066/384/479 
f 1014/331/24 1016/333/480 1068/386/480 1067/385/24 
f 1016/333/480 1018/335/481 1069/387/481 1068/386/480 
f 1018/335/481 1020/337/482 1070/388/482 1069/387/481 
f 1020/337/482 1022/339/483 1071/389/483 1070/388/482 
f 1022/339/483 1024/341/484 1072/390/484 1071/389/483 
f 1024/341/484 1026/343/485 1073/391/485 1072/390/484 
f 1026/343/485 1028/345/486 1074/392/486 1073/391/485 
f 1028/345/486 1030/347/487 1075/393/487 1074/392/486 
f 1030/347/487 1032/349/488 1076/394/488 1075/393/487 
f 1032/349/488 1034/351/489 1077/395/489 1076/394/488 
f 1034/351/489 1036/353/490 1078/396/490 1077/395/489 
f 1036/353/490 1038/355/491 1079/397/491 1078/396/490 
f 1038/355/491 1040/357/492 1080/398/492 1079/397/491 
f 1040/357/492 1042/359/493 1081/399/493 1080/398/492 
f 1042/359/493 1044/361/494 1082/400/494 1081/399/493 
f 1044/361/494 1046/363/495 1083/401/495 1082/400/494 
f 1046/363/495 1048/365/496 1084/402/496 1083/401/495 
f 1048/365/496 980/295/42 1050/367/42 1084/402/496 
f 1050/367/42 1049/366/464 1085/403/497 1086/404/42 
f 1049/366/464 1051/368/465 1087/405/498 1085/403/497 
f 1051/368/465 1052/369/466 1088/406/466 1087/405/498 
f 1052/369/466 1053/370/467 1089/407/467 1088/406/466 
f 1053/370/467 1054/371/468 1090/408/468 1089/407/467 
f 1054/371/468 1055/372/469 1091/409/469 1090/408/468 
f 1055/372/469 1056/373/470 1092/410/470 1091/409/469 
f 1056/373/470 1057/374/471 1093/411/471 1092/410/470 
f 1057/374/471 1058/375/60 1094/412/60 1093/411/471 
f 1058/375/60 1059/376/472 1095/413/472 1094/412/60 
f 1059/378/472 1060/377/473 1096/414/473 1095/415/472 
f 1060/377/473 1061/379/474 1097/416/474 1096/414/473 
f 1061/379/474 1062/380/475 1098/417/475 1097/416/474 
f 1062/380/475 1063/381/476 1099/418/476 1098/417/475 
f 1063/381/476 1064/382/477 1100/419/477 1099/418/476 
f 1064/382/477 1065/383/478 1101/420/478 1100/419/477 
f 1065/383/478 1066/384/479 1102/421/479 1101/420/478 
f 1066/384/479 1067/385/24 1103/422/24 1102/421/479 
f 1067/385/24 1068/386/480 1104/423/499 1103/422/24 
f 1068/386/480 1069/387/481 1105/424/500 1104/423/499 
f 1069/387/481 1070/388/482 1106/425/482 1105/424/500 
f 1070/388/482 1071/389/483 1107/426/483 1106/425/482 
f 1071/389/483 1072/390/484 1108/427/484 1107/426/483 
f 1072/390/484 1073/391/485 1109/428/485 1108/427/484 
f 1073/391/485 1074/392/486 1110/429/486 1109/428/485 
f 1074/392/486 1075/393/487 1111/430/487 1110/429/486 
f 1075/393/487 1076/394/488 1112/431/488 1111/430/487 
f 1076/394/488 1077/395/489 1113/432/489 1112/431/488 
f 1077/395/489 1078/396/490 1114/433/490 1113/432/489 
f 1078/396/490 1079/397/491 1115/434/491 1114/433/490 
f 1079/397/491 1080/398/492 1116/435/492 1115/434/491 
f 1080/398/492 1081/399/493 1117/436/493 1116/435/492 
f 1081/399/493 1082/400/494 1118/437/501 1117/436/493 
f 1082/400/494 1083/401/495 1119/438/502 1118/437/501 
f 1083/401/495 1084/402/496 1120/439/496 1119/438/502 
f 1084/402/496 1050/367/42 1086/404/42 1120/439/496 
f 1086/404/42 1085/403/497 1121/440/503 1122/441/504 
f 1085/403/497 1087/405/498 1123/442/505 1121/440/503 
f 1087/405/498 1088/406/466 1124/443/506 1123/442/505 
f 1088/406/466 1089/407/467 1125/444/507 1124/443/506 
f 1089/407/467 1090/408/468 1126/445/508 1125/444/507 
f 1090/408/468 1091/409/469 1127/446/509 1126/445/508 
f 1091/409/469 1092/410/470 1128/447/510 1127/446/509 
f 1092/410/470 1093/411/471 1129/448/511 1128/447/510 
f 1093/411/471 1094/412/60 1130/449/512 1129/448/511 
f 1094/412/60 1095/413/472 1131/450/513 1130/449/512 
f 1095/415/472 1096/414/473 1132/451/514 1131/452/513 
f 1096/414/473 1097/416/474 1133/453/515 1132/451/514 
f 1097/416/474 1098/417/475 1134/454/516 1133/453/515 
f 1098/417/475 1099/418/476 1135/455/517 1134/454/516 
f 1099/418/476 1100/419/477 1136/456/518 1135/455/517 
f 1100/419/477 1101/420/478 1137/457/519 1136/456/518 
f 1101/420/478 1102/421/479 1138/458/520 1137/457/519 
f 1102/421/479 1103/422/24 1139/459/521 1138/458/520 
f 1103/422/24 1104/423/499 1140/460/522 1139/459/521 
f 1104/423/499 1105/424/500 1141/461/523 1140/460/522 
f 1105/424/500 1106/425/482 1142/462/524 1141/461/523 
f 1106/425/482 1107/426/483 1143/463/525 1142/462/524 
f 1107/426/483 1108/427/484 1144/464/526 1143/463/525 
f 1108/427/484 1109/428/485 1145/465/527 1144/464/526 
f 1109/428/485 1110/429/486 1146/466/528 1145/465/527 
f 1110/429/486 1111/430/487 1147/467/529 1146/466/528 
f 1111/430/487 1112/431/488 1148/468/530 1147/467/529 
f 1112/431/488 1113/432/489 1149/469/531 1148/468/530 
f 1113/432/489 1114/433/490 1150/470/532 1149/469/531 
f 1114/433/490 1115/434/491 1151/471/533 1150/470/532 
f 1115/434/491 1116/435/492 1152/472/534 1151/471/533 
f 1116/435/492 1117/436/493 1153/473/535 1152/472/534 
f 1117/436/493 1118/437/501 1154/474/536 1153/473/535 
f 1118/437/501 1119/438/502 1155/475/537 1154/474/536 
f 1119/438/502 1120/439/496 1156/476/538 1155/475/537 
f 1120/439/496 1086/404/42 1122/441/504 1156/476/538 
f 1122/441/504 1121/440/503 1157/477/539 1158/478/540 
f 1121/440/503 1123/442/505 1159/479/541 1157/477/539 
f 1123/442/505 1124/443/506 1160/480/542 1159/479/541 
f 1124/443/506 1125/444/507 1161/481/543 1160/480/542 
f 1125/444/507 1126/445/508 1162/482/544 1161/481/543 
f 1126/445/508 1127/446/509 1163/483/545 1162/482/544 
f 1127/446/509 1128/447/510 1164/484/546 1163/483/545 
f 1128/447/510 1129/448/511 1165/485/547 1164/484/546 
f 1129/448/511 1130/449/512 1166/486/548 1165/485/547 
f 1130/449/512 1131/450/513 1167/487/549 1166/486/548 
f 1131/452/513 1132/451/514 1168/488/550 1167/489/549 
f 1132/451/514 1133/453/515 1169/490/551 1168/488/550 
f 1133/453/515 1134/454/516 1170/491/552 1169/490/551 
f 1134/454/516 1135/455/517 1171/492/553 1170/491/552 
f 1135/455/517 1136/456/518 1172/493/554 1171/492/553 
f 1136/456/518 1137/457/519 1173/494/555 1172/493/554 
f 1137/457/519 1138/458/520 1174/495/556 1173/494/555 
f 1138/458/520 1139/459/521 1175/496/557 1174/495/556 
f 1139/459/521 1140/460/522 1176/497/558 1175/496/557 
f 1140/460/522 1141/461/523 1177/498/559 1176/497/558 
f 1141/461/523 1142/462/524 1178/499/560 1177/498/559 
f 1142/462/524 1143/463/525 1179/500/561 1178/499/560 
f 1143/463/525 1144/464/526 1180/501/562 1179/500/561 
f 1144/464/526 1145/465/527 1181/502/563 1180/501/562 
f 1145/465/527 1146/466/528 1182/503/564 1181/502/563 
f 1146/466/528 1147/467/529 1183/504/565 1182/503/564 
f 1147/467/529 1148/468/530 1184/505/566 1183/504/565 
f 1148/468/530 1149/469/531 1185/506/567 1184/505/566 
f 1149/469/531 1150/470/532 1186/507/568 1185/506/567 
f 1150/470/532 1151/471/533 1187/508/569 1186/507/568 
f 1151/471/533 1152/472/534 1188/509/570 1187/508/569 
f 1152/472/534 1153/473/535 1189/510/571 1188/509/570 
f 1153/473/535 1154/474/536 1190/511/572 1189/510/571 
f 1154/474/536 1155/475/537 1191/512/573 1190/511/572 
f 1155/475/537 1156/476/538 1192/513/574 1191/512/573 
f 1156/476/538 1122/441/504 1158/478/540 1192/513/574 
s 1
f 1047/514/461 1045/362/33 1043/360/575 1041/358/575 1039/356/33 1037/354/461 1035/352/59 1033/350/461 1031/348/59 1029/346/59 1027/344/59 1025/342/575 1023/340/59 1021/338/575 1019/336/461 1017/334/575 1015/332/575 1013/330/33 1011/328/461 1009/326/33 1007/324/575 1005/322/461 1003/320/33 1001/318/33 999/315/59 997/314/59 995/224/59 993/515/59 991/516/59 989/517/575 987/518/59 985/519/59 983/520/461 981/521/59 978/522/575 977/523/461 
f 1193/524/576 1194/477/462 1195/479/577 1196/480/462 1197/481/577 1198/482/462 1199/483/11 1200/484/11 1201/485/11 1202/486/11 1203/487/11 1204/525/577 1205/526/11 1206/527/576 1207/528/11 1208/529/11 1209/530/11 1210/531/576 1211/532/462 1212/533/576 1213/534/577 1214/535/577 1215/536/577 1216/537/577 1217/538/11 1218/539/11 1219/540/11 1220/541/11 1221/542/11 1222/543/11 1223/544/11 1224/545/11 1225/546/11 1226/547/11 1227/548/11 1228/549/11 
s off
f 1158/524/578 1157/477/578 1194/477/578 1193/524/578 
f 1157/477/579 1159/479/579 1195/479/579 1194/477/579 
f 1159/479/580 1160/480/580 1196/480/580 1195/479/580 
f 1160/480/581 1161/481/581 1197/481/581 1196/480/581 
f 1161/481/582 1162/482/582 1198/482/582 1197/481/582 
f 1162/482/583 1163/483/583 1199/483/583 1198/482/583 
f 1163/483/584 1164/484/584 1200/484/584 1199/483/584 
f 1164/484/585 1165/485/585 1201/485/585 1200/484/585 
f 1165/485/586 1166/486/586 1202/486/586 1201/485/586 
f 1166/486/587 1167/487/587 1203/487/587 1202/486/587 
f 1167/487/588 1168/525/588 1204/525/588 1203/487/588 
f 1168/525/589 1169/526/589 1205/526/589 1204/525/589 
f 1169/526/590 1170/527/590 1206/527/590 1205/526/590 
f 1170/527/591 1171/528/591 1207/528/591 1206/527/591 
f 1171/528/592 1172/529/592 1208/529/592 1207/528/592 
f 1172/529/593 1173/530/593 1209/530/593 1208/529/593 
f 1173/530/594 1174/531/594 1210/531/594 1209/530/594 
f 1174/531/595 1175/532/595 1211/532/595 1210/531/595 
f 1175/532/596 1176/533/596 1212/533/596 1211/532/596 
f 1176/533/597 1177/534/597 1213/534/597 1212/533/597 
f 1177/534/598 1178/535/598 1214/535/598 1213/534/598 
f 1178/535/599 1179/536/599 1215/536/599 1214/535/599 
f 1179/536/600 1180/537/600 1216/537/600 1215/536/600 
f 1180/537/601 1181/538/601 1217/538/601 1216/537/601 
f 1181/538/602 1182/539/602 1218/539/602 1217/538/602 
f 1182/539/603 1183/540/603 1219/540/603 1218/539/603 
f 1183/540/604 1184/541/604 1220/541/604 1219/540/604 
f 1184/541/605 1185/542/605 1221/542/605 1220/541/605 
f 1185/542/606 1186/543/606 1222/543/606 1221/542/606 
f 1186/543/607 1187/544/607 1223/544/607 1222/543/607 
f 1187/544/608 1188/545/608 1224/545/608 1223/544/608 
f 1188/545/609 1189/546/609 1225/546/609 1224/545/609 
f 1189/546/610 1190/547/610 1226/547/610 1225/546/610 
f 1190/547/611 1191/548/611 1227/548/611 1226/547/611 
f 1191/548/612 1192/549/612 1228/549/612 1227/548/612 
f 1192/549/613 1158/524/613 1193/524/613 1228/549/613 
f 1229/272/614 1230/272/614 1231/272/614 1232/272/614 
f 1229/272/615 1233/272/615 1234/272/615 1230/272/615 
f 1231/272/614 1230/272/614 1235/272/614 1236/272/614 
f 1237/272/616 1232/272/616 1231/272/616 1238/272/616 
f 1239/272/617 1240/272/617 1234/272/617 1233/272/617 
f 1230/272/615 1234/272/615 1241/272/615 1235/272/615 
f 1238/272/616 1231/272/616 1236/272/616 1242/272/616 
f 1236/272/618 1235/272/618 1243/272/618 1244/272/618 
f 1245/272/619 1237/272/619 1238/272/619 1246/272/619 
f 1247/272/620 1248/272/620 1240/272/620 1239/272/620 
f 1234/272/617 1240/272/617 1249/272/617 1241/272/617 
f 1235/272/621 1241/272/621 1250/272/621 1243/272/621 
f 1246/272/619 1238/272/619 1242/272/619 1251/272/619 
f 1242/272/622 1236/272/622 1244/272/622 1252/272/622 
f 1244/272/623 1243/272/623 1253/272/623 1254/272/623 
f 1255/272/624 1245/272/624 1246/272/624 1256/272/624 
f 1257/272/625 1258/272/625 1248/272/625 1247/272/625 
f 1240/272/620 1248/272/620 1259/272/620 1249/272/620 
f 1241/272/626 1249/272/626 1260/272/626 1250/272/626 
f 1243/272/627 1250/272/627 1261/272/627 1253/272/627 
f 1256/272/624 1246/272/624 1251/272/624 1262/272/624 
f 1251/272/628 1242/272/628 1252/272/628 1263/272/628 
f 1252/272/629 1244/272/629 1254/272/629 1264/272/629 
f 1254/272/614 1253/272/614 1265/272/614 1266/272/614 
f 1267/272/630 1255/272/630 1256/272/630 1268/272/630 
f 1269/272/631 1270/272/631 1258/272/631 1257/272/631 
f 1248/272/625 1258/272/625 1271/272/625 1259/272/625 
f 1249/272/632 1259/272/632 1272/272/632 1260/272/632 
f 1250/272/633 1260/272/633 1273/272/633 1261/272/633 
f 1253/272/615 1261/272/615 1274/272/615 1265/272/615 
f 1268/272/630 1256/272/630 1262/272/630 1275/272/630 
f 1262/272/634 1251/272/634 1263/272/634 1276/272/634 
f 1263/272/635 1252/272/635 1264/272/635 1277/272/635 
f 1264/272/616 1254/272/616 1266/272/616 1278/272/616 
s 1
f 1266/272/636 1265/272/637 1279/272/638 
s off
f 1280/272/639 1267/272/639 1268/272/639 1281/272/639 
f 1282/272/640 1283/272/640 1270/272/640 1269/272/640 
f 1258/272/631 1270/272/631 1284/272/631 1271/272/631 
f 1259/272/641 1271/272/641 1285/272/641 1272/272/641 
f 1260/272/642 1272/272/642 1286/272/642 1273/272/642 
f 1261/272/617 1273/272/617 1287/272/617 1274/272/617 
s 1
f 1279/272/638 1265/272/637 1274/272/643 
s off
f 1281/272/639 1268/272/639 1275/272/639 1288/272/639 
f 1275/272/644 1262/272/644 1276/272/644 1289/272/644 
f 1276/272/645 1263/272/645 1277/272/645 1290/272/645 
f 1277/272/619 1264/272/619 1278/272/619 1291/272/619 
s 1
f 1292/272/646 1278/272/647 1266/272/636 
f 1279/272/638 1292/272/646 1266/272/636 
s off
f 1293/272/648 1280/272/648 1281/272/648 1294/272/648 
f 1295/272/649 1296/272/649 1283/272/649 1282/272/649 
f 1270/272/640 1283/272/640 1297/272/640 1284/272/640 
f 1271/272/650 1284/272/650 1298/272/650 1285/272/650 
f 1272/272/651 1285/272/651 1299/272/651 1286/272/651 
f 1273/272/620 1286/272/620 1300/272/620 1287/272/620 
s 1
f 1274/272/643 1287/272/652 1301/272/653 
f 1274/272/643 1301/272/653 1279/272/638 
s off
f 1294/272/648 1281/272/648 1288/272/648 1302/272/648 
f 1288/272/654 1275/272/654 1289/272/654 1303/272/654 
f 1289/272/655 1276/272/655 1290/272/655 1304/272/655 
f 1290/272/624 1277/272/624 1291/272/624 1305/272/624 
f 1291/272/656 1278/272/656 1292/272/656 1306/272/656 
f 1292/272/657 1279/272/657 1307/272/657 1308/272/657 
f 1309/272/658 1293/272/658 1294/272/658 1310/272/658 
f 1311/272/659 1312/272/659 1296/272/659 1295/272/659 
f 1283/272/649 1296/272/649 1313/272/649 1297/272/649 
f 1284/272/660 1297/272/660 1314/272/660 1298/272/660 
f 1285/272/661 1298/272/661 1315/272/661 1299/272/661 
f 1286/272/625 1299/272/625 1316/272/625 1300/272/625 
f 1287/272/662 1300/272/662 1317/272/662 1301/272/662 
f 1279/272/663 1301/272/663 1318/272/663 1307/272/663 
f 1310/272/658 1294/272/658 1302/272/658 1319/272/658 
f 1302/272/664 1288/272/664 1303/272/664 1320/272/664 
f 1303/272/665 1289/272/665 1304/272/665 1321/272/665 
f 1304/272/630 1290/272/630 1305/272/630 1322/272/630 
f 1305/272/666 1291/272/666 1306/272/666 1323/272/666 
f 1306/272/619 1292/272/619 1308/272/619 1324/272/619 
s 1
f 1325/272/462 1326/272/11 1327/272/11 1328/272/11 1329/272/576 1330/272/462 1331/272/462 1332/272/11 1333/272/11 1334/272/576 1335/272/11 1336/272/576 1337/272/462 1338/272/576 1339/272/462 1340/272/462 1341/272/11 1342/272/11 1343/272/11 1344/272/11 1345/272/11 1346/272/577 1347/272/462 1348/272/11 
s off
f 1349/272/667 1309/272/667 1310/272/667 1350/272/667 
f 1351/272/668 1352/272/668 1312/272/668 1311/272/668 
f 1296/272/659 1312/272/659 1353/272/659 1313/272/659 
f 1297/272/669 1313/272/669 1354/272/669 1314/272/669 
f 1298/272/670 1314/272/670 1355/272/670 1315/272/670 
f 1299/272/631 1315/272/631 1356/272/631 1316/272/631 
f 1300/272/671 1316/272/671 1357/272/671 1317/272/671 
f 1301/272/620 1317/272/620 1358/272/620 1318/272/620 
s 1
f 1359/272/576 1338/272/576 1337/272/462 1360/272/462 1361/272/11 1362/272/577 1363/272/577 1364/272/11 1365/272/576 1330/272/462 1329/272/576 1366/272/11 1367/272/11 1368/272/11 1369/272/576 1370/272/11 1371/272/576 1372/272/11 1373/272/11 1374/272/11 1375/272/11 1376/272/11 1377/272/576 1378/272/576 
s off
f 1350/272/667 1310/272/667 1319/272/667 1379/272/667 
f 1319/272/672 1302/272/672 1320/272/672 1380/272/672 
f 1320/272/673 1303/272/673 1321/272/673 1381/272/673 
f 1321/272/639 1304/272/639 1322/272/639 1382/272/639 
f 1322/272/674 1305/272/674 1323/272/674 1383/272/674 
f 1323/272/624 1306/272/624 1324/272/624 1384/272/624 
f 1385/272/639 1383/272/639 1386/272/639 1387/272/639 
f 1383/272/630 1323/272/630 1384/272/630 1386/272/630 
f 1388/272/60 1389/272/60 1390/272/60 1391/272/60 
f 1389/272/675 1392/272/675 1393/272/675 1390/272/675 
f 1392/272/676 1394/272/676 1395/272/676 1393/272/676 
f 1394/272/677 1396/272/677 1397/272/677 1395/272/677 
f 1396/272/678 1398/272/678 1399/272/678 1397/272/678 
f 1398/272/679 1400/272/679 1401/272/679 1399/272/679 
f 1400/272/680 1402/272/680 1403/272/680 1401/272/680 
f 1402/272/681 1404/272/681 1405/272/681 1403/272/681 
f 1404/272/658 1406/272/658 1407/272/658 1405/272/658 
f 1406/272/648 1385/272/648 1387/272/648 1407/272/648 
f 1408/272/682 1349/272/682 1350/272/682 1409/272/682 
f 1410/272/683 1411/272/683 1352/272/683 1351/272/683 
f 1312/272/668 1352/272/668 1412/272/668 1353/272/668 
f 1313/272/684 1353/272/684 1413/272/684 1354/272/684 
f 1314/272/685 1354/272/685 1414/272/685 1355/272/685 
f 1315/272/640 1355/272/640 1415/272/640 1356/272/640 
f 1316/272/686 1356/272/686 1416/272/686 1357/272/686 
f 1317/272/625 1357/272/625 1417/272/625 1358/272/625 
f 1418/272/687 1419/272/687 1420/272/687 1421/272/687 
f 1419/272/60 1388/272/60 1391/272/60 1420/272/60 
f 1357/272/631 1416/272/631 1422/272/631 1417/272/631 
f 1416/272/640 1423/272/640 1424/272/640 1422/272/640 
f 1423/272/649 1425/272/649 1426/272/649 1424/272/649 
f 1425/272/659 1427/272/659 1428/272/659 1426/272/659 
f 1427/272/668 1429/272/668 1430/272/668 1428/272/668 
f 1429/272/683 1431/272/683 1432/272/683 1430/272/683 
f 1431/272/688 1433/272/688 1434/272/688 1432/272/688 
f 1433/272/689 1435/272/689 1436/272/689 1434/272/689 
f 1435/272/690 1437/272/690 1438/272/690 1436/272/690 
f 1437/272/691 1418/272/691 1421/272/691 1438/272/691 
f 1409/272/682 1350/272/682 1379/272/682 1439/272/682 
f 1379/272/692 1319/272/692 1380/272/692 1440/272/692 
f 1380/272/693 1320/272/693 1381/272/693 1441/272/693 
f 1381/272/648 1321/272/648 1382/272/648 1442/272/648 
f 1382/272/694 1322/272/694 1383/272/694 1385/272/694 
f 1443/272/695 1444/272/695 1389/272/695 1388/272/695 
f 1444/272/696 1445/272/696 1392/272/696 1389/272/696 
f 1445/272/697 1446/272/697 1394/272/697 1392/272/697 
f 1446/272/698 1447/272/698 1396/272/698 1394/272/698 
f 1447/272/699 1448/272/699 1398/272/699 1396/272/699 
f 1448/272/700 1449/272/700 1400/272/700 1398/272/700 
f 1449/272/701 1450/272/701 1402/272/701 1400/272/701 
f 1450/272/702 1451/272/702 1404/272/702 1402/272/702 
f 1451/272/703 1442/272/703 1406/272/703 1404/272/703 
f 1442/272/704 1382/272/704 1385/272/704 1406/272/704 
f 1452/272/679 1408/272/679 1409/272/679 1453/272/679 
f 1454/272/688 1455/272/688 1411/272/688 1410/272/688 
f 1352/272/683 1411/272/683 1456/272/683 1412/272/683 
f 1353/272/705 1412/272/705 1457/272/705 1413/272/705 
f 1354/272/706 1413/272/706 1458/272/706 1414/272/706 
f 1355/272/649 1414/272/649 1459/272/649 1415/272/649 
f 1356/272/707 1415/272/707 1423/272/707 1416/272/707 
f 1460/272/708 1461/272/708 1419/272/708 1418/272/708 
f 1461/272/709 1443/272/709 1388/272/709 1419/272/709 
f 1415/272/710 1459/272/710 1425/272/710 1423/272/710 
f 1459/272/711 1462/272/711 1427/272/711 1425/272/711 
f 1462/272/712 1463/272/712 1429/272/712 1427/272/712 
f 1463/272/713 1464/272/713 1431/272/713 1429/272/713 
f 1464/272/714 1465/272/714 1433/272/714 1431/272/714 
f 1465/272/715 1466/272/715 1435/272/715 1433/272/715 
f 1466/272/716 1467/272/716 1437/272/716 1435/272/716 
f 1467/272/717 1460/272/717 1418/272/717 1437/272/717 
f 1453/272/679 1409/272/679 1439/272/679 1468/272/679 
f 1439/272/718 1379/272/718 1440/272/718 1469/272/718 
f 1440/272/719 1380/272/719 1441/272/719 1470/272/719 
f 1441/272/658 1381/272/658 1442/272/658 1451/272/658 
f 1471/272/60 1472/272/60 1444/272/60 1443/272/60 
f 1472/272/675 1473/272/675 1445/272/675 1444/272/675 
f 1473/272/676 1474/272/676 1446/272/676 1445/272/676 
f 1474/272/720 1475/272/720 1447/272/720 1446/272/720 
f 1475/272/721 1476/272/721 1448/272/721 1447/272/721 
f 1476/272/679 1477/272/679 1449/272/679 1448/272/679 
f 1477/272/682 1470/272/682 1450/272/682 1449/272/682 
f 1470/272/667 1441/272/667 1451/272/667 1450/272/667 
f 1478/272/721 1452/272/721 1453/272/721 1479/272/721 
f 1480/272/689 1481/272/689 1455/272/689 1454/272/689 
f 1411/272/688 1455/272/688 1482/272/688 1456/272/688 
f 1412/272/722 1456/272/722 1483/272/722 1457/272/722 
f 1413/272/723 1457/272/723 1484/272/723 1458/272/723 
f 1414/272/659 1458/272/659 1462/272/659 1459/272/659 
f 1485/272/687 1486/272/687 1461/272/687 1460/272/687 
f 1486/272/60 1471/272/60 1443/272/60 1461/272/60 
f 1458/272/668 1484/272/668 1463/272/668 1462/272/668 
f 1484/272/683 1487/272/683 1464/272/683 1463/272/683 
f 1487/272/724 1488/272/724 1465/272/724 1464/272/724 
f 1488/272/725 1489/272/725 1466/272/725 1465/272/725 
f 1489/272/690 1490/272/690 1467/272/690 1466/272/690 
f 1490/272/691 1485/272/691 1460/272/691 1467/272/691 
f 1479/272/721 1453/272/721 1468/272/721 1491/272/721 
f 1468/272/726 1439/272/726 1469/272/726 1492/272/726 
f 1469/272/727 1440/272/727 1470/272/727 1477/272/727 
f 1493/272/64 1494/272/64 1472/272/64 1471/272/64 
f 1494/272/728 1495/272/728 1473/272/728 1472/272/728 
f 1495/272/729 1496/272/729 1474/272/729 1473/272/729 
f 1496/272/730 1497/272/730 1475/272/730 1474/272/730 
f 1497/272/731 1492/272/731 1476/272/731 1475/272/731 
f 1492/272/732 1469/272/732 1477/272/732 1476/272/732 
f 1498/272/720 1478/272/720 1479/272/720 1499/272/720 
f 1500/272/690 1501/272/690 1481/272/690 1480/272/690 
f 1455/272/689 1481/272/689 1502/272/689 1482/272/689 
f 1456/272/733 1482/272/733 1503/272/733 1483/272/733 
f 1457/272/734 1483/272/734 1487/272/734 1484/272/734 
f 1504/272/735 1505/272/735 1486/272/735 1485/272/735 
f 1505/272/64 1493/272/64 1471/272/64 1486/272/64 
f 1483/272/736 1503/272/736 1488/272/736 1487/272/736 
f 1503/272/737 1506/272/737 1489/272/737 1488/272/737 
f 1506/272/738 1507/272/738 1490/272/738 1489/272/738 
f 1507/272/739 1504/272/739 1485/272/739 1490/272/739 
f 1499/272/720 1479/272/720 1491/272/720 1508/272/720 
f 1491/272/740 1468/272/740 1492/272/740 1497/272/740 
f 1509/272/741 1510/272/741 1494/272/741 1493/272/741 
f 1510/272/742 1511/272/742 1495/272/742 1494/272/742 
f 1511/272/743 1508/272/743 1496/272/743 1495/272/743 
f 1508/272/744 1491/272/744 1497/272/744 1496/272/744 
f 1512/272/676 1498/272/676 1499/272/676 1513/272/676 
f 1514/272/691 1515/272/691 1501/272/691 1500/272/691 
f 1481/272/690 1501/272/690 1516/272/690 1502/272/690 
f 1482/272/745 1502/272/745 1506/272/745 1503/272/745 
f 1517/272/746 1518/272/746 1505/272/746 1504/272/746 
f 1518/272/747 1509/272/747 1493/272/747 1505/272/747 
f 1502/272/748 1516/272/748 1507/272/748 1506/272/748 
f 1516/272/749 1517/272/749 1504/272/749 1507/272/749 
f 1513/272/676 1499/272/676 1508/272/676 1511/272/676 
f 1519/272/60 1520/272/60 1510/272/60 1509/272/60 
f 1520/272/675 1513/272/675 1511/272/675 1510/272/675 
f 1521/272/675 1512/272/675 1513/272/675 1520/272/675 
f 1522/272/687 1523/272/687 1515/272/687 1514/272/687 
f 1501/272/691 1515/272/691 1517/272/691 1516/272/691 
f 1515/272/687 1523/272/687 1518/272/687 1517/272/687 
f 1523/272/60 1519/272/60 1509/272/60 1518/272/60 
f 1521/272/60 1520/272/60 1519/272/60 1524/272/60 
f 1522/272/60 1524/272/60 1519/272/60 1523/272/60 
f 1308/272/657 1307/272/657 1329/272/657 1328/272/657 
f 1307/272/663 1318/272/663 1366/272/663 1329/272/663 
f 1318/272/620 1358/272/620 1367/272/620 1366/272/620 
f 1358/272/625 1417/272/625 1368/272/625 1367/272/625 
f 1417/272/631 1422/272/631 1369/272/631 1368/272/631 
f 1422/272/640 1424/272/640 1370/272/640 1369/272/640 
f 1424/272/649 1426/272/649 1371/272/649 1370/272/649 
f 1426/272/659 1428/272/659 1372/272/659 1371/272/659 
f 1428/272/668 1430/272/668 1373/272/668 1372/272/668 
f 1430/272/683 1432/272/683 1374/272/683 1373/272/683 
f 1432/272/724 1434/272/724 1375/272/724 1374/272/724 
f 1434/272/725 1436/272/725 1376/272/725 1375/272/725 
f 1436/272/690 1438/272/690 1377/272/690 1376/272/690 
f 1438/272/691 1421/272/691 1378/272/691 1377/272/691 
f 1421/272/687 1420/272/687 1359/272/687 1378/272/687 
f 1420/272/60 1391/272/60 1338/272/60 1359/272/60 
f 1391/272/60 1390/272/60 1339/272/60 1338/272/60 
f 1390/272/675 1393/272/675 1340/272/675 1339/272/675 
f 1393/272/676 1395/272/676 1341/272/676 1340/272/676 
f 1395/272/720 1397/272/720 1342/272/720 1341/272/720 
f 1397/272/721 1399/272/721 1343/272/721 1342/272/721 
f 1399/272/679 1401/272/679 1344/272/679 1343/272/679 
f 1401/272/682 1403/272/682 1345/272/682 1344/272/682 
f 1403/272/667 1405/272/667 1346/272/667 1345/272/667 
f 1405/272/658 1407/272/658 1347/272/658 1346/272/658 
f 1407/272/648 1387/272/648 1348/272/648 1347/272/648 
f 1387/272/639 1386/272/639 1325/272/639 1348/272/639 
f 1386/272/630 1384/272/630 1326/272/630 1325/272/630 
f 1384/272/624 1324/272/624 1327/272/624 1326/272/624 
f 1324/272/619 1308/272/619 1328/272/619 1327/272/619 
f 1525/272/60 1526/272/60 1331/272/60 1330/272/60 
f 1526/272/463 1527/272/463 1332/272/463 1331/272/463 
f 1527/272/60 1528/272/60 1333/272/60 1332/272/60 
f 1528/272/463 1529/272/463 1334/272/463 1333/272/463 
f 1529/272/64 1530/272/64 1335/272/64 1334/272/64 
f 1530/272/463 1531/272/463 1336/272/463 1335/272/463 
f 1531/272/64 1532/272/64 1337/272/64 1336/272/64 
f 1532/272/64 1533/272/64 1360/272/64 1337/272/64 
f 1533/272/24 1534/272/24 1361/272/24 1360/272/24 
f 1534/272/64 1535/272/64 1362/272/64 1361/272/64 
f 1535/272/24 1536/272/24 1363/272/24 1362/272/24 
f 1536/272/60 1537/272/60 1364/272/60 1363/272/60 
f 1537/272/24 1538/272/24 1365/272/24 1364/272/24 
f 1538/272/60 1525/272/60 1330/272/60 1365/272/60 
s 1
f 1539/550/62 1540/551/750 1541/552/751 1542/553/603 
f 1540/551/750 1543/554/752 1544/555/753 1541/552/751 
f 1543/554/752 1545/556/754 1546/557/755 1544/555/753 
f 1545/556/754 1547/558/756 1548/559/757 1546/557/755 
f 1547/558/756 1549/560/758 1550/561/759 1548/559/757 
f 1549/560/758 1551/562/760 1552/563/585 1550/561/759 
f 1551/562/760 1553/564/761 1554/565/762 1552/563/585 
f 1553/564/761 1555/566/763 1556/567/764 1554/565/762 
f 1555/566/763 1557/568/765 1558/569/766 1556/567/764 
f 1557/568/765 1559/570/767 1560/571/768 1558/569/766 
f 1559/570/767 1561/572/769 1562/573/770 1560/571/768 
f 1561/572/769 1539/574/62 1542/575/603 1562/573/770 
f 1542/553/603 1541/552/751 1563/576/771 1564/577/772 
f 1541/552/751 1544/555/753 1565/578/773 1563/576/771 
f 1544/555/753 1546/557/755 1566/579/774 1565/578/773 
f 1546/557/755 1548/559/757 1567/580/775 1566/579/774 
f 1548/559/757 1550/561/759 1568/581/776 1567/580/775 
f 1550/561/759 1552/563/585 1569/582/485 1568/581/776 
f 1552/563/585 1554/565/762 1570/583/777 1569/582/485 
f 1554/565/762 1556/567/764 1571/584/778 1570/583/777 
f 1556/567/764 1558/569/766 1572/585/779 1571/584/778 
f 1558/569/766 1560/571/768 1573/586/780 1572/585/779 
f 1560/571/768 1562/573/770 1574/587/781 1573/586/780 
f 1562/573/770 1542/575/603 1564/588/772 1574/587/781 
f 1564/577/772 1563/576/771 1575/589/782 1576/590/783 
f 1563/576/771 1565/578/773 1577/591/784 1575/589/782 
f 1565/578/773 1566/579/774 1578/592/785 1577/591/784 
f 1566/579/774 1567/580/775 1579/593/786 1578/592/785 
f 1567/580/775 1568/581/776 1580/594/787 1579/593/786 
f 1568/581/776 1569/582/485 1581/595/582 1580/594/787 
f 1569/582/485 1570/583/777 1582/596/788 1581/595/582 
f 1570/583/777 1571/584/778 1583/597/789 1582/596/788 
f 1571/584/778 1572/585/779 1584/598/790 1583/597/789 
f 1572/585/779 1573/586/780 1585/599/791 1584/598/790 
f 1573/586/780 1574/587/781 1586/600/792 1585/599/791 
f 1574/587/781 1564/588/772 1576/601/783 1586/600/792 
f 1576/590/783 1575/589/782 1587/602/793 1588/603/466 
f 1575/589/782 1577/591/784 1589/604/794 1587/602/793 
f 1577/591/784 1578/592/785 1590/605/795 1589/604/794 
f 1578/592/785 1579/593/786 1591/606/796 1590/605/795 
f 1579/593/786 1580/594/787 1592/607/797 1591/606/796 
f 1580/594/787 1581/595/582 1593/608/798 1592/607/797 
f 1581/595/582 1582/596/788 1594/609/799 1593/608/798 
f 1582/596/788 1583/597/789 1595/610/800 1594/609/799 
f 1583/597/789 1584/598/790 1596/611/801 1595/610/800 
f 1584/598/790 1585/599/791 1597/612/802 1596/611/801 
f 1585/599/791 1586/600/792 1598/613/803 1597/612/802 
f 1586/600/792 1576/601/783 1588/614/466 1598/613/803 
f 1588/603/466 1587/602/793 1599/615/804 1600/616/597 
f 1587/602/793 1589/604/794 1601/617/805 1599/615/804 
f 1589/604/794 1590/605/795 1602/618/806 1601/617/805 
f 1590/605/795 1591/606/796 1603/619/807 1602/618/806 
f 1591/606/796 1592/607/797 1604/620/808 1603/619/807 
f 1592/607/797 1593/608/798 1605/621/809 1604/620/808 
f 1593/608/798 1594/609/799 1606/622/810 1605/621/809 
f 1594/609/799 1595/610/800 1607/623/811 1606/622/810 
f 1595/610/800 1596/611/801 1608/624/812 1607/623/811 
f 1596/611/801 1597/612/802 1609/625/813 1608/624/812 
f 1597/612/802 1598/613/803 1610/626/814 1609/625/813 
f 1598/613/803 1588/614/466 1600/627/597 1610/626/814 
f 1600/616/597 1599/615/804 1611/628/815 1612/629/1 
f 1599/615/804 1601/617/805 1613/630/816 1611/628/815 
f 1601/617/805 1602/618/806 1614/631/817 1613/630/816 
f 1602/618/806 1603/619/807 1615/632/818 1614/631/817 
f 1603/619/807 1604/620/808 1616/633/819 1615/632/818 
f 1604/620/808 1605/621/809 1617/634/23 1616/633/819 
f 1605/621/809 1606/622/810 1618/635/820 1617/634/23 
f 1606/622/810 1607/623/811 1619/636/821 1618/635/820 
f 1607/623/811 1608/624/812 1620/637/822 1619/636/821 
f 1608/624/812 1609/625/813 1621/638/823 1620/637/822 
f 1609/625/813 1610/626/814 1622/639/824 1621/638/823 
f 1610/626/814 1600/627/597 1612/640/1 1622/639/824 
f 1612/629/1 1611/628/815 1623/641/825 1624/642/826 
f 1611/628/815 1613/630/816 1625/643/827 1623/641/825 
f 1613/630/816 1614/631/817 1626/644/828 1625/643/827 
f 1614/631/817 1615/632/818 1627/645/829 1626/644/828 
f 1615/632/818 1616/633/819 1628/646/830 1627/645/829 
f 1616/633/819 1617/634/23 1629/647/612 1628/646/830 
f 1617/634/23 1618/635/820 1630/648/831 1629/647/612 
f 1618/635/820 1619/636/821 1631/649/832 1630/648/831 
f 1619/636/821 1620/637/822 1632/650/833 1631/649/832 
f 1620/637/822 1621/638/823 1633/651/834 1632/650/833 
f 1621/638/823 1622/639/824 1634/652/835 1633/651/834 
f 1622/639/824 1612/640/1 1624/653/826 1634/652/835 
f 1624/642/826 1623/641/825 1635/654/836 1636/655/501 
f 1623/641/825 1625/643/827 1637/656/837 1635/654/836 
f 1625/643/827 1626/644/828 1638/657/838 1637/656/837 
f 1626/644/828 1627/645/829 1639/658/839 1638/657/838 
f 1627/645/829 1628/646/830 1640/659/840 1639/658/839 
f 1628/646/830 1629/647/612 1641/660/477 1640/659/840 
f 1629/647/612 1630/648/831 1642/661/841 1641/660/477 
f 1630/648/831 1631/649/832 1643/662/842 1642/661/841 
f 1631/649/832 1632/650/833 1644/663/843 1643/662/842 
f 1632/650/833 1633/651/834 1645/664/844 1644/663/843 
f 1633/651/834 1634/652/835 1646/665/845 1645/664/844 
f 1634/652/835 1624/653/826 1636/666/501 1646/665/845 
f 1636/655/501 1635/654/836 1647/667/846 1648/668/591 
f 1635/654/836 1637/656/837 1649/669/847 1647/667/846 
f 1637/656/837 1638/657/838 1650/670/848 1649/669/847 
f 1638/657/838 1639/658/839 1651/671/849 1650/670/848 
f 1639/658/839 1640/659/840 1652/672/850 1651/671/849 
f 1640/659/840 1641/660/477 1653/673/609 1652/672/850 
f 1641/660/477 1642/661/841 1654/674/851 1653/673/609 
f 1642/661/841 1643/662/842 1655/675/852 1654/674/851 
f 1643/662/842 1644/663/843 1656/676/853 1655/675/852 
f 1644/663/843 1645/664/844 1657/677/854 1656/676/853 
f 1645/664/844 1646/665/845 1658/678/855 1657/677/854 
f 1646/665/845 1636/666/501 1648/679/591 1658/678/855 
f 1648/668/591 1647/667/846 1659/680/856 1660/681/857 
f 1647/667/846 1649/669/847 1661/682/858 1659/680/856 
f 1649/669/847 1650/670/848 1662/683/859 1661/682/858 
f 1650/670/848 1651/671/849 1663/684/860 1662/683/859 
f 1651/671/849 1652/672/850 1664/685/861 1663/684/860 
f 1652/672/850 1653/673/609 1665/686/862 1664/685/861 
f 1653/673/609 1654/674/851 1666/687/863 1665/686/862 
f 1654/674/851 1655/675/852 1667/688/864 1666/687/863 
f 1655/675/852 1656/676/853 1668/689/865 1667/688/864 
f 1656/676/853 1657/677/854 1669/690/866 1668/689/865 
f 1657/677/854 1658/678/855 1670/691/867 1669/690/866 
f 1658/678/855 1648/679/591 1660/692/857 1670/691/867 
f 1660/681/857 1659/680/856 1671/693/868 1672/694/869 
f 1659/680/856 1661/682/858 1673/695/870 1671/693/868 
f 1661/682/858 1662/683/859 1674/696/871 1673/695/870 
f 1662/683/859 1663/684/860 1675/697/872 1674/696/871 
f 1663/684/860 1664/685/861 1676/698/873 1675/697/872 
f 1664/685/861 1665/686/862 1677/699/874 1676/698/873 
f 1665/686/862 1666/687/863 1678/700/875 1677/699/874 
f 1666/687/863 1667/688/864 1679/701/876 1678/700/875 
f 1667/688/864 1668/689/865 1680/702/877 1679/701/876 
f 1668/689/865 1669/690/866 1681/703/878 1680/702/877 
f 1669/690/866 1670/691/867 1682/704/879 1681/703/878 
f 1670/691/867 1660/692/857 1672/705/869 1682/704/879 
f 1672/694/869 1671/693/868 1683/706/880 1684/707/881 
f 1671/693/868 1673/695/870 1685/708/882 1683/706/880 
f 1673/695/870 1674/696/871 1686/709/883 1685/708/882 
f 1674/696/871 1675/697/872 1687/710/884 1686/709/883 
f 1675/697/872 1676/698/873 1688/711/885 1687/710/884 
f 1676/698/873 1677/699/874 1689/712/63 1688/711/885 
f 1677/699/874 1678/700/875 1690/713/886 1689/712/63 
f 1678/700/875 1679/701/876 1691/714/887 1690/713/886 
f 1679/701/876 1680/702/877 1692/715/888 1691/714/887 
f 1680/702/877 1681/703/878 1693/716/889 1692/715/888 
f 1681/703/878 1682/704/879 1694/717/890 1693/716/889 
f 1682/704/879 1672/705/869 1684/718/881 1694/717/890 
f 1684/707/881 1683/706/880 1695/719/891 1696/720/585 
f 1683/706/880 1685/708/882 1697/721/892 1695/719/891 
f 1685/708/882 1686/709/883 1698/722/893 1697/721/892 
f 1686/709/883 1687/710/884 1699/723/894 1698/722/893 
f 1687/710/884 1688/711/885 1700/724/895 1699/723/894 
f 1688/711/885 1689/712/63 1701/725/603 1700/724/895 
f 1689/712/63 1690/713/886 1702/726/896 1701/725/603 
f 1690/713/886 1691/714/887 1703/727/897 1702/726/896 
f 1691/714/887 1692/715/888 1704/728/898 1703/727/897 
f 1692/715/888 1693/716/889 1705/729/899 1704/728/898 
f 1693/716/889 1694/717/890 1706/730/900 1705/729/899 
f 1694/717/890 1684/718/881 1696/731/585 1706/730/900 
f 1696/720/585 1695/719/891 1707/732/901 1708/733/902 
f 1695/719/891 1697/721/892 1709/734/903 1707/732/901 
f 1697/721/892 1698/722/893 1710/735/904 1709/734/903 
f 1698/722/893 1699/723/894 1711/736/905 1710/735/904 
f 1699/723/894 1700/724/895 1712/737/906 1711/736/905 
f 1700/724/895 1701/725/603 1713/738/469 1712/737/906 
f 1701/725/603 1702/726/896 1714/739/907 1713/738/469 
f 1702/726/896 1703/727/897 1715/740/908 1714/739/907 
f 1703/727/897 1704/728/898 1716/741/909 1715/740/908 
f 1704/728/898 1705/729/899 1717/742/910 1716/741/909 
f 1705/729/899 1706/730/900 1718/743/911 1717/742/910 
f 1706/730/900 1696/731/585 1708/744/902 1718/743/911 
f 1708/733/902 1707/732/901 1719/745/912 1720/746/913 
f 1707/732/901 1709/734/903 1721/747/914 1719/745/912 
f 1709/734/903 1710/735/904 1722/748/915 1721/747/914 
f 1710/735/904 1711/736/905 1723/749/916 1722/748/915 
f 1711/736/905 1712/737/906 1724/750/917 1723/749/916 
f 1712/737/906 1713/738/469 1725/751/600 1724/750/917 
f 1713/738/469 1714/739/907 1726/752/918 1725/751/600 
f 1714/739/907 1715/740/908 1727/753/919 1726/752/918 
f 1715/740/908 1716/741/909 1728/754/920 1727/753/919 
f 1716/741/909 1717/742/910 1729/755/921 1728/754/920 
f 1717/742/910 1718/743/911 1730/756/922 1729/755/921 
f 1718/743/911 1708/744/902 1720/757/913 1730/756/922 
f 1720/746/913 1719/745/912 1731/758/923 1732/759/482 
f 1719/745/912 1721/747/914 1733/760/924 1731/758/923 
f 1721/747/914 1722/748/915 1734/761/925 1733/760/924 
f 1722/748/915 1723/749/916 1735/762/926 1734/761/925 
f 1723/749/916 1724/750/917 1736/763/927 1735/762/926 
f 1724/750/917 1725/751/600 1737/764/466 1736/763/927 
f 1725/751/600 1726/752/918 1738/765/928 1737/764/466 
f 1726/752/918 1727/753/919 1739/766/929 1738/765/928 
f 1727/753/919 1728/754/920 1740/767/930 1739/766/929 
f 1728/754/920 1729/755/921 1741/768/931 1740/767/930 
f 1729/755/921 1730/756/922 1742/769/932 1741/768/931 
f 1730/756/922 1720/757/913 1732/770/482 1742/769/932 
f 1732/759/482 1731/758/923 1743/771/933 1744/772/579 
f 1731/758/923 1733/760/924 1745/773/934 1743/771/933 
f 1733/760/924 1734/761/925 1746/774/935 1745/773/934 
f 1734/761/925 1735/762/926 1747/775/936 1746/774/935 
f 1735/762/926 1736/763/927 1748/776/937 1747/775/936 
f 1736/763/927 1737/764/466 1749/777/938 1748/776/937 
f 1737/764/466 1738/765/928 1750/778/939 1749/777/938 
f 1738/765/928 1739/766/929 1751/779/940 1750/778/939 
f 1739/766/929 1740/767/930 1752/780/941 1751/779/940 
f 1740/767/930 1741/768/931 1753/781/942 1752/780/941 
f 1741/768/931 1742/769/932 1754/782/943 1753/781/942 
f 1742/769/932 1732/770/482 1744/783/579 1754/782/943 
f 1744/772/579 1743/771/933 1755/784/944 1756/785/945 
f 1743/771/933 1745/773/934 1757/786/946 1755/784/944 
f 1745/773/934 1746/774/935 1758/787/947 1757/786/946 
f 1746/774/935 1747/775/936 1759/788/948 1758/787/947 
f 1747/775/936 1748/776/937 1760/789/949 1759/788/948 
f 1748/776/937 1749/777/938 1761/790/463 1760/789/949 
f 1749/777/938 1750/778/939 1762/791/950 1761/790/463 
f 1750/778/939 1751/779/940 1763/792/951 1762/791/950 
f 1751/779/940 1752/780/941 1764/793/952 1763/792/951 
f 1752/780/941 1753/781/942 1765/794/953 1764/793/952 
f 1753/781/942 1754/782/943 1766/795/954 1765/794/953 
f 1754/782/943 1744/783/579 1756/796/945 1766/795/954 
f 1756/785/945 1755/784/944 1767/797/955 1768/798/956 
f 1755/784/944 1757/786/946 1769/799/957 1767/797/955 
f 1757/786/946 1758/787/947 1770/800/958 1769/799/957 
f 1758/787/947 1759/788/948 1771/801/959 1770/800/958 
f 1759/788/948 1760/789/949 1772/802/960 1771/801/959 
f 1760/789/949 1761/790/463 1773/803/594 1772/802/960 
f 1761/790/463 1762/791/950 1774/804/961 1773/803/594 
f 1762/791/950 1763/792/951 1775/805/962 1774/804/961 
f 1763/792/951 1764/793/952 1776/806/963 1775/805/962 
f 1764/793/952 1765/794/953 1777/807/964 1776/806/963 
f 1765/794/953 1766/795/954 1778/808/965 1777/807/964 
f 1766/795/954 1756/796/945 1768/809/956 1778/808/965 
f 1768/798/956 1767/797/955 1779/810/966 1780/811/967 
f 1767/797/955 1769/799/957 1781/812/968 1779/810/966 
f 1769/799/957 1770/800/958 1782/813/969 1781/812/968 
f 1770/800/958 1771/801/959 1783/814/970 1782/813/969 
f 1771/801/959 1772/802/960 1784/815/971 1783/814/970 
f 1772/802/960 1773/803/594 1785/816/494 1784/815/971 
f 1773/803/594 1774/804/961 1786/817/972 1785/816/494 
f 1774/804/961 1775/805/962 1787/818/973 1786/817/972 
f 1775/805/962 1776/806/963 1788/819/974 1787/818/973 
f 1776/806/963 1777/807/964 1789/820/975 1788/819/974 
f 1777/807/964 1778/808/965 1790/821/976 1789/820/975 
f 1778/808/965 1768/809/956 1780/822/967 1790/821/976 
f 1780/811/967 1779/810/966 1791/823/977 1792/824/609 
f 1779/810/966 1781/812/968 1793/825/978 1791/823/977 
f 1781/812/968 1782/813/969 1794/826/979 1793/825/978 
f 1782/813/969 1783/814/970 1795/827/980 1794/826/979 
f 1783/814/970 1784/815/971 1796/828/981 1795/827/980 
f 1784/815/971 1785/816/494 1797/829/982 1796/828/981 
f 1785/816/494 1786/817/972 1798/830/983 1797/829/982 
f 1786/817/972 1787/818/973 1799/831/984 1798/830/983 
f 1787/818/973 1788/819/974 1800/832/985 1799/831/984 
f 1788/819/974 1789/820/975 1801/833/986 1800/832/985 
f 1789/820/975 1790/821/976 1802/834/987 1801/833/986 
f 1790/821/976 1780/822/967 1792/835/609 1802/834/987 
f 1792/824/609 1791/823/977 1803/836/988 1804/837/474 
f 1791/823/977 1793/825/978 1805/838/989 1803/836/988 
f 1793/825/978 1794/826/979 1806/839/990 1805/838/989 
f 1794/826/979 1795/827/980 1807/840/991 1806/839/990 
f 1795/827/980 1796/828/981 1808/841/992 1807/840/991 
f 1796/828/981 1797/829/982 1809/842/857 1808/841/992 
f 1797/829/982 1798/830/983 1810/843/993 1809/842/857 
f 1798/830/983 1799/831/984 1811/844/994 1810/843/993 
f 1799/831/984 1800/832/985 1812/845/995 1811/844/994 
f 1800/832/985 1801/833/986 1813/846/996 1812/845/995 
f 1801/833/986 1802/834/987 1814/847/997 1813/846/996 
f 1802/834/987 1792/835/609 1804/848/474 1814/847/997 
f 1804/837/474 1803/836/988 1815/849/998 1816/850/606 
f 1803/836/988 1805/838/989 1817/851/999 1815/849/998 
f 1805/838/989 1806/839/990 1818/852/1000 1817/851/999 
f 1806/839/990 1807/840/991 1819/853/1001 1818/852/1000 
f 1807/840/991 1808/841/992 1820/854/1002 1819/853/1001 
f 1808/841/992 1809/842/857 1821/855/869 1820/854/1002 
f 1809/842/857 1810/843/993 1822/856/1003 1821/855/869 
f 1810/843/993 1811/844/994 1823/857/1004 1822/856/1003 
f 1811/844/994 1812/845/995 1824/858/1005 1823/857/1004 
f 1812/845/995 1813/846/996 1825/859/1006 1824/858/1005 
f 1813/846/996 1814/847/997 1826/860/1007 1825/859/1006 
f 1814/847/997 1804/848/474 1816/861/606 1826/860/1007 
f 1816/850/606 1815/849/998 1540/862/750 1539/272/62 
f 1815/849/998 1817/851/999 1543/863/752 1540/862/750 
f 1817/851/999 1818/852/1000 1545/864/754 1543/863/752 
f 1818/852/1000 1819/853/1001 1547/865/756 1545/864/754 
f 1819/853/1001 1820/854/1002 1549/866/758 1547/865/756 
f 1820/854/1002 1821/855/869 1551/867/760 1549/866/758 
f 1821/855/869 1822/856/1003 1553/868/761 1551/867/760 
f 1822/856/1003 1823/857/1004 1555/869/763 1553/868/761 
f 1823/857/1004 1824/858/1005 1557/870/765 1555/869/763 
f 1824/858/1005 1825/859/1006 1559/871/767 1557/870/765 
f 1825/859/1006 1826/860/1007 1561/872/769 1559/871/767 
f 1826/860/1007 1816/861/606 1539/873/62 1561/872/769 
# 1710 polygons - 6 triangles

