# 3ds Max Wavefront OBJ Exporter v0.97b - (c)2007 guruware
# File Created: 04.02.2018 23:13:03

#
# object SwordKey
#

v  41.5213 4.2529 -9.6774
v  41.3188 4.2429 -9.6774
v  41.3192 4.2393 -3.4908
v  41.5213 4.2492 -3.4908
v  41.1183 4.2132 -9.6774
v  41.1190 4.2096 -3.4908
v  41.1190 4.2096 4.3588
v  41.3192 4.2393 4.3588
v  41.5213 4.2492 4.3588
v  40.9217 4.1639 -9.6774
v  40.9228 4.1604 -3.4908
v  40.7308 4.0957 -9.6774
v  40.7322 4.0923 -3.4908
v  40.7322 4.0923 4.3588
v  40.9228 4.1604 4.3588
v  40.5476 4.0090 -9.6774
v  40.5493 4.0057 -3.4908
v  40.3737 3.9048 -9.6774
v  40.3758 3.9017 -3.4908
v  40.3758 3.9017 4.3588
v  40.5493 4.0057 4.3588
v  40.2109 3.7840 -9.6774
v  40.2133 3.7812 -3.4908
v  40.0607 3.6479 -9.6774
v  40.0633 3.6453 -3.4908
v  40.0633 3.6453 4.3588
v  40.2133 3.7812 4.3588
v  39.9246 3.4977 -9.6774
v  39.9275 3.4954 -3.4908
v  39.8038 3.3349 -9.6774
v  39.8069 3.3329 -3.4908
v  39.8069 3.3329 4.3588
v  39.9275 3.4954 4.3588
v  39.6997 3.1610 -9.6774
v  39.7029 3.1593 -3.4908
v  39.6130 2.9778 -9.6774
v  39.6164 2.9764 -3.4908
v  39.6164 2.9764 4.3588
v  39.7029 3.1593 4.3588
v  39.5447 2.7869 -9.6774
v  39.5482 2.7859 -3.4908
v  39.4954 2.5903 -9.6774
v  39.4990 2.5896 -3.4908
v  39.4990 2.5896 4.3588
v  39.5482 2.7859 4.3588
v  39.4657 2.3898 -9.6774
v  39.4694 2.3894 -3.4908
v  39.4557 2.1873 -9.6774
v  39.4594 2.1873 -3.4908
v  39.4594 2.1873 4.3588
v  39.4694 2.3894 4.3588
v  39.4657 1.9849 -9.6774
v  39.4694 1.9852 -3.4908
v  39.4954 1.7844 -9.6774
v  39.4990 1.7851 -3.4908
v  39.4990 1.7851 4.3588
v  39.4694 1.9852 4.3588
v  39.5447 1.5878 -9.6774
v  39.5482 1.5888 -3.4908
v  39.6130 1.3969 -9.6774
v  39.6164 1.3983 -3.4908
v  39.6164 1.3983 4.3588
v  39.5482 1.5888 4.3588
v  39.6997 1.2137 -9.6774
v  39.7029 1.2154 -3.4908
v  39.8038 1.0398 -9.6774
v  39.8069 1.0418 -3.4908
v  39.8069 1.0418 4.3588
v  39.7029 1.2154 4.3588
v  39.9246 0.8770 -9.6774
v  39.9275 0.8793 -3.4908
v  40.0607 0.7268 -9.6774
v  40.0633 0.7294 -3.4908
v  40.0633 0.7294 4.3588
v  39.9275 0.8793 4.3588
v  40.2109 0.5907 -9.6774
v  40.2133 0.5935 -3.4908
v  40.3737 0.4699 -9.6774
v  40.3758 0.4730 -3.4908
v  40.3758 0.4730 4.3588
v  40.2133 0.5935 4.3588
v  40.5476 0.3657 -9.6774
v  40.5493 0.3690 -3.4908
v  40.7308 0.2790 -9.6774
v  40.7322 0.2824 -3.4908
v  40.7322 0.2824 4.3588
v  40.5493 0.3690 4.3588
v  40.9217 0.2108 -9.6774
v  40.9228 0.2143 -3.4908
v  41.1183 0.1615 -9.6774
v  41.1190 0.1651 -3.4908
v  41.1190 0.1651 4.3588
v  40.9228 0.2143 4.3588
v  41.3188 0.1318 -9.6774
v  41.3192 0.1354 -3.4908
v  41.5213 0.1218 -9.6774
v  41.5213 0.1255 -3.4908
v  41.5213 0.1255 4.3588
v  41.3192 0.1354 4.3588
v  41.7237 0.1318 -9.6774
v  41.7234 0.1354 -3.4908
v  41.9243 0.1615 -9.6774
v  41.9235 0.1651 -3.4908
v  41.9235 0.1651 4.3588
v  41.7234 0.1354 4.3588
v  42.1209 0.2108 -9.6774
v  42.1198 0.2143 -3.4908
v  42.3117 0.2790 -9.6774
v  42.3103 0.2824 -3.4908
v  42.3103 0.2824 4.3588
v  42.1198 0.2143 4.3588
v  42.4950 0.3657 -9.6774
v  42.4932 0.3690 -3.4908
v  42.6688 0.4699 -9.6774
v  42.6668 0.4730 -3.4908
v  42.6668 0.4730 4.3588
v  42.4932 0.3690 4.3588
v  42.8316 0.5907 -9.6774
v  42.8293 0.5935 -3.4908
v  42.9819 0.7268 -9.6774
v  42.9793 0.7294 -3.4908
v  42.9793 0.7294 4.3588
v  42.8293 0.5935 4.3588
v  43.1180 0.8770 -9.6774
v  43.1151 0.8793 -3.4908
v  43.2387 1.0398 -9.6774
v  43.2357 1.0418 -3.4908
v  43.2357 1.0418 4.3588
v  43.1151 0.8793 4.3588
v  43.3429 1.2137 -9.6774
v  43.3397 1.2154 -3.4908
v  43.4296 1.3969 -9.6774
v  43.4262 1.3983 -3.4908
v  43.4262 1.3983 4.3588
v  43.3397 1.2154 4.3588
v  43.4979 1.5878 -9.6774
v  43.4944 1.5888 -3.4908
v  43.5471 1.7844 -9.6774
v  43.5435 1.7851 -3.4908
v  43.5435 1.7851 4.3588
v  43.4944 1.5888 4.3588
v  43.5769 1.9849 -9.6774
v  43.5732 1.9852 -3.4908
v  43.5868 2.1873 -9.6774
v  43.5832 2.1873 -3.4908
v  43.5832 2.1873 4.3588
v  43.5732 1.9852 4.3588
v  43.5769 2.3898 -9.6774
v  43.5732 2.3894 -3.4908
v  43.5471 2.5903 -9.6774
v  43.5435 2.5896 -3.4908
v  43.5435 2.5896 4.3588
v  43.5732 2.3894 4.3588
v  43.4979 2.7869 -9.6774
v  43.4944 2.7859 -3.4908
v  43.4296 2.9778 -9.6774
v  43.4262 2.9764 -3.4908
v  43.4262 2.9764 4.3588
v  43.4944 2.7859 4.3588
v  43.3429 3.1610 -9.6774
v  43.3397 3.1593 -3.4908
v  43.2387 3.3349 -9.6774
v  43.2357 3.3329 -3.4908
v  43.2357 3.3329 4.3588
v  43.3397 3.1593 4.3588
v  43.1180 3.4977 -9.6774
v  43.1151 3.4954 -3.4908
v  42.9818 3.6479 -9.6774
v  42.9793 3.6453 -3.4908
v  42.9793 3.6453 4.3588
v  43.1151 3.4954 4.3588
v  42.8316 3.7840 -9.6774
v  42.8293 3.7812 -3.4908
v  42.6688 3.9048 -9.6774
v  42.6668 3.9017 -3.4908
v  42.6668 3.9017 4.3588
v  42.8293 3.7812 4.3588
v  42.4950 4.0090 -9.6774
v  42.4932 4.0057 -3.4908
v  42.3117 4.0957 -9.6774
v  42.3103 4.0923 -3.4908
v  42.3103 4.0923 4.3588
v  42.4932 4.0057 4.3588
v  42.1209 4.1639 -9.6774
v  42.1198 4.1604 -3.4908
v  41.9243 4.2132 -9.6774
v  41.9235 4.2096 -3.4908
v  41.9235 4.2096 4.3588
v  42.1198 4.1604 4.3588
v  41.7237 4.2429 -9.6774
v  41.7234 4.2393 -3.4908
v  41.7234 4.2393 4.3588
v  41.3192 4.2393 11.4426
v  41.5213 4.2492 11.4426
v  41.1190 4.2096 11.4426
v  41.1190 4.2096 16.7378
v  41.3192 4.2393 16.7378
v  41.5213 4.2492 16.7378
v  40.9228 4.1604 11.4426
v  40.7322 4.0923 11.4426
v  40.7322 4.0923 16.7378
v  40.9228 4.1604 16.7378
v  40.5493 4.0057 11.4426
v  40.3758 3.9017 11.4426
v  40.3758 3.9017 16.7378
v  40.5493 4.0057 16.7378
v  40.2133 3.7812 11.4426
v  40.0633 3.6453 11.4426
v  40.0633 3.6453 16.7378
v  40.2133 3.7812 16.7378
v  39.9275 3.4954 11.4426
v  39.8069 3.3329 11.4426
v  39.8069 3.3329 16.7378
v  39.9275 3.4954 16.7378
v  39.7029 3.1593 11.4426
v  39.6164 2.9764 11.4426
v  39.6164 2.9764 16.7378
v  39.7029 3.1593 16.7378
v  39.5482 2.7859 11.4426
v  39.4990 2.5896 11.4426
v  39.4990 2.5896 16.7378
v  39.5482 2.7859 16.7378
v  39.4694 2.3894 11.4426
v  39.4594 2.1873 11.4426
v  39.4594 2.1873 16.7378
v  39.4694 2.3894 16.7378
v  39.4694 1.9852 11.4426
v  39.4990 1.7851 11.4426
v  39.4990 1.7851 16.7378
v  39.4694 1.9852 16.7378
v  39.5482 1.5888 11.4426
v  39.6164 1.3983 11.4426
v  39.6164 1.3983 16.7378
v  39.5482 1.5888 16.7378
v  39.7029 1.2154 11.4426
v  39.8069 1.0418 11.4426
v  39.8069 1.0418 16.7378
v  39.7029 1.2154 16.7378
v  39.9275 0.8793 11.4426
v  40.0633 0.7294 11.4426
v  40.0633 0.7294 16.7378
v  39.9275 0.8793 16.7378
v  40.2133 0.5935 11.4426
v  40.3758 0.4730 11.4426
v  40.3758 0.4730 16.7378
v  40.2133 0.5935 16.7378
v  40.5493 0.3690 11.4426
v  40.7322 0.2824 11.4426
v  40.7322 0.2824 16.7378
v  40.5493 0.3690 16.7378
v  40.9228 0.2143 11.4426
v  41.1190 0.1651 11.4426
v  41.1190 0.1651 16.7378
v  40.9228 0.2143 16.7378
v  41.3192 0.1354 11.4426
v  41.5213 0.1255 11.4426
v  41.5213 0.1255 16.7378
v  41.3192 0.1354 16.7378
v  41.7234 0.1354 11.4426
v  41.9235 0.1651 11.4426
v  41.9235 0.1651 16.7378
v  41.7234 0.1354 16.7378
v  42.1198 0.2143 11.4426
v  42.3103 0.2824 11.4426
v  42.3103 0.2824 16.7378
v  42.1198 0.2143 16.7378
v  42.4932 0.3690 11.4426
v  42.6668 0.4730 11.4426
v  42.6668 0.4730 16.7378
v  42.4932 0.3690 16.7378
v  42.8293 0.5935 11.4426
v  42.9793 0.7294 11.4426
v  42.9793 0.7294 16.7378
v  42.8293 0.5935 16.7378
v  43.1151 0.8793 11.4426
v  43.2357 1.0418 11.4426
v  43.2357 1.0418 16.7378
v  43.1151 0.8793 16.7378
v  43.3397 1.2154 11.4426
v  43.4262 1.3983 11.4426
v  43.4262 1.3983 16.7378
v  43.3397 1.2154 16.7378
v  43.4944 1.5888 11.4426
v  43.5435 1.7851 11.4426
v  43.5435 1.7851 16.7378
v  43.4944 1.5888 16.7378
v  43.5732 1.9852 11.4426
v  43.5832 2.1873 11.4426
v  43.5832 2.1873 16.7378
v  43.5732 1.9852 16.7378
v  43.5732 2.3894 11.4426
v  43.5435 2.5896 11.4426
v  43.5435 2.5896 16.7378
v  43.5732 2.3894 16.7378
v  43.4944 2.7859 11.4426
v  43.4262 2.9764 11.4426
v  43.4262 2.9764 16.7378
v  43.4944 2.7859 16.7378
v  43.3397 3.1593 11.4426
v  43.2357 3.3329 11.4426
v  43.2357 3.3329 16.7378
v  43.3397 3.1593 16.7378
v  43.1151 3.4954 11.4426
v  42.9793 3.6453 11.4426
v  42.9793 3.6453 16.7378
v  43.1151 3.4954 16.7378
v  42.8293 3.7812 11.4426
v  42.6668 3.9017 11.4426
v  42.6668 3.9017 16.7378
v  42.8293 3.7812 16.7378
v  42.4932 4.0057 11.4426
v  42.3103 4.0923 11.4426
v  42.3103 4.0923 16.7378
v  42.4932 4.0057 16.7378
v  42.1198 4.1604 11.4426
v  41.9235 4.2096 11.4426
v  41.9235 4.2096 16.7378
v  42.1198 4.1604 16.7378
v  41.7234 4.2393 11.4426
v  41.7234 4.2393 16.7378
v  41.3192 4.2393 19.2215
v  41.5213 4.2492 19.2215
v  41.1190 4.2096 19.2215
v  41.1190 4.2096 22.0882
v  41.3192 4.2393 22.0882
v  41.5213 4.2492 22.0882
v  40.9228 4.1604 19.2215
v  40.7322 4.0923 19.2215
v  40.7322 4.0923 22.0882
v  40.9228 4.1604 22.0882
v  40.5493 4.0057 19.2215
v  40.3758 3.9017 19.2215
v  40.3758 3.9017 22.0882
v  40.5493 4.0057 22.0882
v  40.2133 3.7812 19.2215
v  40.0633 3.6453 19.2215
v  40.0633 3.6453 22.0882
v  40.2133 3.7812 22.0882
v  39.9275 3.4954 19.2215
v  39.8069 3.3329 19.2215
v  39.8069 3.3329 22.0882
v  39.9275 3.4954 22.0882
v  39.7029 3.1593 19.2215
v  39.6164 2.9764 19.2215
v  39.6164 2.9764 22.0882
v  39.7029 3.1593 22.0882
v  39.5482 2.7859 19.2215
v  39.4990 2.5896 19.2215
v  39.4990 2.5896 22.0882
v  39.5482 2.7859 22.0882
v  39.4694 2.3894 19.2215
v  39.4594 2.1873 19.2215
v  39.4594 2.1873 22.0882
v  39.4694 2.3894 22.0882
v  39.4694 1.9852 19.2215
v  39.4990 1.7851 19.2215
v  39.4990 1.7851 22.0882
v  39.4694 1.9852 22.0882
v  39.5482 1.5888 19.2215
v  39.6164 1.3983 19.2215
v  39.6164 1.3983 22.0882
v  39.5482 1.5888 22.0882
v  39.7029 1.2154 19.2215
v  39.8069 1.0418 19.2215
v  39.8069 1.0418 22.0882
v  39.7029 1.2154 22.0882
v  39.9275 0.8793 19.2215
v  40.0633 0.7294 19.2215
v  40.0633 0.7294 22.0882
v  39.9275 0.8793 22.0882
v  40.2133 0.5935 19.2215
v  40.3758 0.4730 19.2215
v  40.3758 0.4730 22.0882
v  40.2133 0.5935 22.0882
v  40.5493 0.3690 19.2215
v  40.7322 0.2824 19.2215
v  40.7322 0.2824 22.0882
v  40.5493 0.3690 22.0882
v  40.9228 0.2143 19.2215
v  41.1190 0.1651 19.2215
v  41.1190 0.1651 22.0882
v  40.9228 0.2143 22.0882
v  41.3192 0.1354 19.2215
v  41.5213 0.1255 19.2215
v  41.5213 0.1255 22.0882
v  41.3192 0.1354 22.0882
v  41.7234 0.1354 19.2215
v  41.9235 0.1651 19.2215
v  41.9235 0.1651 22.0882
v  41.7234 0.1354 22.0882
v  42.1198 0.2143 19.2215
v  42.3103 0.2824 19.2215
v  42.3103 0.2824 22.0882
v  42.1198 0.2143 22.0882
v  42.4932 0.3690 19.2215
v  42.6668 0.4730 19.2215
v  42.6668 0.4730 22.0882
v  42.4932 0.3690 22.0882
v  42.8293 0.5935 19.2215
v  42.9793 0.7294 19.2215
v  42.9793 0.7294 22.0882
v  42.8293 0.5935 22.0882
v  43.1151 0.8793 19.2215
v  43.2357 1.0418 19.2215
v  43.2357 1.0418 22.0882
v  43.1151 0.8793 22.0882
v  43.3397 1.2154 19.2215
v  43.4262 1.3983 19.2215
v  43.4262 1.3983 22.0882
v  43.3397 1.2154 22.0882
v  43.4944 1.5888 19.2215
v  43.5435 1.7851 19.2215
v  43.5435 1.7851 22.0882
v  43.4944 1.5888 22.0882
v  43.5732 1.9852 19.2215
v  43.5832 2.1873 19.2215
v  43.5832 2.1873 22.0882
v  43.5732 1.9852 22.0882
v  43.5732 2.3894 19.2215
v  43.5435 2.5896 19.2215
v  43.5435 2.5896 22.0882
v  43.5732 2.3894 22.0882
v  43.4944 2.7859 19.2215
v  43.4262 2.9764 19.2215
v  43.4262 2.9764 22.0882
v  43.4944 2.7859 22.0882
v  43.3397 3.1593 19.2215
v  43.2357 3.3329 19.2215
v  43.2357 3.3329 22.0882
v  43.3397 3.1593 22.0882
v  43.1151 3.4954 19.2215
v  42.9793 3.6453 19.2215
v  42.9793 3.6453 22.0882
v  43.1151 3.4954 22.0882
v  42.8293 3.7812 19.2215
v  42.6668 3.9017 19.2215
v  42.6668 3.9017 22.0882
v  42.8293 3.7812 22.0882
v  42.4932 4.0057 19.2215
v  42.3103 4.0923 19.2215
v  42.3103 4.0923 22.0882
v  42.4932 4.0057 22.0882
v  42.1198 4.1604 19.2215
v  41.9235 4.2096 19.2215
v  41.9235 4.2096 22.0882
v  42.1198 4.1604 22.0882
v  41.7234 4.2393 19.2215
v  41.7234 4.2393 22.0882
v  41.3192 4.2393 28.5320
v  41.5213 4.2492 28.5320
v  41.1190 4.2096 28.5320
v  41.1190 4.2096 35.5072
v  41.3192 4.2393 35.5072
v  41.5213 4.2492 35.5072
v  40.9228 4.1604 28.5320
v  40.7322 4.0923 28.5320
v  40.7322 4.0923 35.5072
v  40.9228 4.1604 35.5072
v  40.5493 4.0057 28.5320
v  40.3758 3.9017 28.5320
v  40.3758 3.9017 35.5072
v  40.5493 4.0057 35.5072
v  40.2133 3.7812 28.5320
v  40.0633 3.6453 28.5320
v  40.0633 3.6453 35.5072
v  40.2133 3.7812 35.5072
v  39.9275 3.4954 28.5320
v  39.8069 3.3329 28.5320
v  39.8069 3.3329 35.5072
v  39.9275 3.4954 35.5072
v  39.7029 3.1593 28.5320
v  39.6164 2.9764 28.5320
v  39.6164 2.9764 35.5072
v  39.7029 3.1593 35.5072
v  39.5482 2.7859 28.5320
v  39.4990 2.5896 28.5320
v  39.4990 2.5896 35.5072
v  39.5482 2.7859 35.5072
v  39.4694 2.3894 28.5320
v  39.4594 2.1873 28.5320
v  39.4594 2.1873 35.5072
v  39.4694 2.3894 35.5072
v  39.4694 1.9852 28.5320
v  39.4990 1.7851 28.5320
v  39.4990 1.7851 35.5072
v  39.4694 1.9852 35.5072
v  39.5482 1.5888 28.5320
v  39.6164 1.3983 28.5320
v  39.6164 1.3983 35.5072
v  39.5482 1.5888 35.5072
v  39.7029 1.2154 28.5320
v  39.8069 1.0418 28.5320
v  39.8069 1.0418 35.5072
v  39.7029 1.2154 35.5072
v  39.9275 0.8793 28.5320
v  40.0633 0.7294 28.5320
v  40.0633 0.7294 35.5072
v  39.9275 0.8793 35.5072
v  40.2133 0.5935 28.5320
v  40.3758 0.4730 28.5320
v  40.3758 0.4730 35.5072
v  40.2133 0.5935 35.5072
v  40.5493 0.3690 28.5320
v  40.7322 0.2824 28.5320
v  40.7322 0.2824 35.5072
v  40.5493 0.3690 35.5072
v  40.9228 0.2143 28.5320
v  41.1190 0.1651 28.5320
v  41.1190 0.1651 35.5072
v  40.9228 0.2143 35.5072
v  41.3192 0.1354 28.5320
v  41.5213 0.1255 28.5320
v  41.5213 0.1255 35.5072
v  41.3192 0.1354 35.5072
v  41.7234 0.1354 28.5320
v  41.9235 0.1651 28.5320
v  41.9235 0.1651 35.5072
v  41.7234 0.1354 35.5072
v  42.1198 0.2143 28.5320
v  42.3103 0.2824 28.5320
v  42.3103 0.2824 35.5072
v  42.1198 0.2143 35.5072
v  42.4932 0.3690 28.5320
v  42.6668 0.4730 28.5320
v  42.6668 0.4730 35.5072
v  42.4932 0.3690 35.5072
v  42.8293 0.5935 28.5320
v  42.9793 0.7294 28.5320
v  42.9793 0.7294 35.5072
v  42.8293 0.5935 35.5072
v  43.1151 0.8793 28.5320
v  43.2357 1.0418 28.5320
v  43.2357 1.0418 35.5072
v  43.1151 0.8793 35.5072
v  43.3397 1.2154 28.5320
v  43.4262 1.3983 28.5320
v  43.4262 1.3983 35.5072
v  43.3397 1.2154 35.5072
v  43.4944 1.5888 28.5320
v  43.5435 1.7851 28.5320
v  43.5435 1.7851 35.5072
v  43.4944 1.5888 35.5072
v  43.5732 1.9852 28.5320
v  43.5832 2.1873 28.5320
v  43.5832 2.1873 35.5072
v  43.5732 1.9852 35.5072
v  43.5732 2.3894 28.5320
v  43.5435 2.5896 28.5320
v  43.5435 2.5896 35.5072
v  43.5732 2.3894 35.5072
v  43.4944 2.7859 28.5320
v  43.4262 2.9764 28.5320
v  43.4262 2.9764 35.5072
v  43.4944 2.7859 35.5072
v  43.3397 3.1593 28.5320
v  43.2357 3.3329 28.5320
v  43.2357 3.3329 35.5072
v  43.3397 3.1593 35.5072
v  43.1151 3.4954 28.5320
v  42.9793 3.6453 28.5320
v  42.9793 3.6453 35.5072
v  43.1151 3.4954 35.5072
v  42.8293 3.7812 28.5320
v  42.6668 3.9017 28.5320
v  42.6668 3.9017 35.5072
v  42.8293 3.7812 35.5072
v  42.4932 4.0057 28.5320
v  42.3103 4.0923 28.5320
v  42.3103 4.0923 35.5072
v  42.4932 4.0057 35.5072
v  42.1198 4.1604 28.5320
v  41.9235 4.2096 28.5320
v  41.9235 4.2096 35.5072
v  42.1198 4.1604 35.5072
v  41.7234 4.2393 28.5320
v  41.7234 4.2393 35.5072
v  41.3192 4.2393 39.9681
v  41.5213 4.2492 39.9681
v  41.1190 4.2096 39.9681
v  41.1305 4.1521 42.5212
v  41.3249 4.1809 42.5212
v  41.5213 4.1905 42.5212
v  40.9228 4.1604 39.9681
v  40.7322 4.0923 39.9681
v  40.7547 4.0381 42.5212
v  40.9398 4.1043 42.5212
v  40.5493 4.0057 39.9681
v  40.3758 3.9017 39.9681
v  40.4084 3.8529 42.5212
v  40.5770 3.9540 42.5212
v  40.2133 3.7812 39.9681
v  40.0633 3.6453 39.9681
v  40.1048 3.6038 42.5212
v  40.2505 3.7358 42.5212
v  39.9275 3.4954 39.9681
v  39.8069 3.3329 39.9681
v  39.8557 3.3003 42.5212
v  39.9728 3.4581 42.5212
v  39.7029 3.1593 39.9681
v  39.6164 2.9764 39.9681
v  39.6706 2.9539 42.5212
v  39.7546 3.1316 42.5212
v  39.5482 2.7859 39.9681
v  39.4990 2.5896 39.9681
v  39.5566 2.5781 42.5212
v  39.6044 2.7688 42.5212
v  39.4694 2.3894 39.9681
v  39.4594 2.1873 39.9681
v  39.5181 2.1873 42.5212
v  39.5278 2.3837 42.5212
v  39.4694 1.9852 39.9681
v  39.4990 1.7851 39.9681
v  39.5566 1.7965 42.5212
v  39.5278 1.9910 42.5212
v  39.5482 1.5888 39.9681
v  39.6164 1.3983 39.9681
v  39.6706 1.4208 42.5212
v  39.6044 1.6059 42.5212
v  39.7029 1.2154 39.9681
v  39.8069 1.0418 39.9681
v  39.8557 1.0744 42.5212
v  39.7546 1.2431 42.5212
v  39.9275 0.8793 39.9681
v  40.0633 0.7294 39.9681
v  40.1048 0.7709 42.5212
v  39.9728 0.9165 42.5212
v  40.2133 0.5935 39.9681
v  40.3758 0.4730 39.9681
v  40.4084 0.5217 42.5212
v  40.2505 0.6389 42.5212
v  40.5493 0.3690 39.9681
v  40.7322 0.2824 39.9681
v  40.7547 0.3366 42.5212
v  40.5770 0.4207 42.5212
v  40.9228 0.2143 39.9681
v  41.1190 0.1651 39.9681
v  41.1305 0.2226 42.5212
v  40.9398 0.2704 42.5212
v  41.3192 0.1354 39.9681
v  41.5213 0.1255 39.9681
v  41.5213 0.1841 42.5212
v  41.3249 0.1938 42.5212
v  41.7234 0.1354 39.9681
v  41.9235 0.1651 39.9681
v  41.9121 0.2226 42.5212
v  41.7176 0.1938 42.5212
v  42.1198 0.2143 39.9681
v  42.3103 0.2824 39.9681
v  42.2879 0.3366 42.5212
v  42.1028 0.2704 42.5212
v  42.4932 0.3690 39.9681
v  42.6668 0.4730 39.9681
v  42.6342 0.5217 42.5212
v  42.4656 0.4207 42.5212
v  42.8293 0.5935 39.9681
v  42.9793 0.7294 39.9681
v  42.9378 0.7709 42.5212
v  42.7921 0.6389 42.5212
v  43.1151 0.8793 39.9681
v  43.2357 1.0418 39.9681
v  43.1869 1.0744 42.5212
v  43.0698 0.9165 42.5212
v  43.3397 1.2154 39.9681
v  43.4262 1.3983 39.9681
v  43.3720 1.4208 42.5212
v  43.2879 1.2431 42.5212
v  43.4944 1.5888 39.9681
v  43.5435 1.7851 39.9681
v  43.4860 1.7965 42.5212
v  43.4382 1.6059 42.5212
v  43.5732 1.9852 39.9681
v  43.5832 2.1873 39.9681
v  43.5245 2.1873 42.5212
v  43.5148 1.9910 42.5212
v  43.5732 2.3894 39.9681
v  43.5435 2.5896 39.9681
v  43.4860 2.5782 42.5212
v  43.5148 2.3837 42.5212
v  43.4944 2.7859 39.9681
v  43.4262 2.9764 39.9681
v  43.3720 2.9539 42.5212
v  43.4382 2.7688 42.5212
v  43.3397 3.1593 39.9681
v  43.2357 3.3329 39.9681
v  43.1869 3.3003 42.5212
v  43.2879 3.1316 42.5212
v  43.1151 3.4954 39.9681
v  42.9793 3.6453 39.9681
v  42.9378 3.6038 42.5212
v  43.0698 3.4581 42.5212
v  42.8293 3.7812 39.9681
v  42.6668 3.9017 39.9681
v  42.6342 3.8529 42.5212
v  42.7921 3.7358 42.5212
v  42.4932 4.0057 39.9681
v  42.3103 4.0923 39.9681
v  42.2879 4.0381 42.5212
v  42.4656 3.9540 42.5212
v  42.1198 4.1604 39.9681
v  41.9235 4.2096 39.9681
v  41.9121 4.1521 42.5212
v  42.1028 4.1043 42.5212
v  41.7234 4.2393 39.9681
v  41.7176 4.1809 42.5212
v  41.5213 2.9219 44.5612
v  41.4667 2.7417 44.5846
v  41.5213 2.1873 44.6147
v  41.5759 2.7417 44.5846
v  41.3780 2.9078 44.5612
v  41.3596 2.7204 44.5846
v  41.2402 2.8660 44.5612
v  41.2587 2.6786 44.5846
v  41.1132 2.7981 44.5612
v  41.1679 2.6180 44.5846
v  41.0019 2.7067 44.5612
v  41.0907 2.5407 44.5846
v  40.9106 2.5954 44.5612
v  41.0300 2.4499 44.5846
v  40.8427 2.4684 44.5612
v  40.9882 2.3490 44.5846
v  40.8009 2.3306 44.5612
v  40.9669 2.2419 44.5846
v  40.7868 2.1873 44.5612
v  40.9669 2.1327 44.5846
v  40.8009 2.0440 44.5612
v  40.9882 2.0256 44.5846
v  40.8427 1.9063 44.5612
v  41.0300 1.9247 44.5846
v  40.9106 1.7793 44.5612
v  41.0907 1.8339 44.5846
v  41.0019 1.6680 44.5612
v  41.1679 1.7567 44.5846
v  41.1132 1.5766 44.5612
v  41.2587 1.6961 44.5846
v  41.2402 1.5087 44.5612
v  41.3596 1.6543 44.5846
v  41.3780 1.4669 44.5612
v  41.4667 1.6330 44.5846
v  41.5213 1.4528 44.5612
v  41.5759 1.6330 44.5846
v  41.6646 1.4669 44.5612
v  41.6830 1.6543 44.5846
v  41.8024 1.5087 44.5612
v  41.7839 1.6961 44.5846
v  41.9294 1.5766 44.5612
v  41.8747 1.7567 44.5846
v  42.0407 1.6680 44.5612
v  41.9519 1.8339 44.5846
v  42.1320 1.7793 44.5612
v  42.0126 1.9247 44.5846
v  42.1999 1.9063 44.5612
v  42.0544 2.0256 44.5846
v  42.2417 2.0440 44.5612
v  42.0757 2.1327 44.5846
v  42.2558 2.1873 44.5612
v  42.0757 2.2419 44.5846
v  42.2417 2.3306 44.5612
v  42.0544 2.3491 44.5846
v  42.1999 2.4684 44.5612
v  42.0126 2.4499 44.5846
v  42.1320 2.5954 44.5612
v  41.9519 2.5407 44.5846
v  42.0407 2.7067 44.5612
v  41.8747 2.6180 44.5846
v  41.9294 2.7981 44.5612
v  41.7839 2.6786 44.5846
v  41.8024 2.8660 44.5612
v  41.6830 2.7204 44.5846
v  41.6646 2.9078 44.5612
v  41.3178 4.2539 -11.7723
v  41.1162 4.2240 -11.7723
v  41.5213 4.2639 -11.7723
v  41.5213 4.4545 -11.9990
v  41.2991 4.4436 -11.9990
v  41.0790 4.4110 -11.9990
v  41.7248 4.2539 -11.7723
v  41.9264 4.2240 -11.7723
v  41.9636 4.4110 -11.9990
v  41.7435 4.4436 -11.9990
v  42.1241 4.1745 -11.7723
v  42.3160 4.1058 -11.7723
v  42.3889 4.2820 -11.9990
v  42.1794 4.3569 -11.9990
v  42.5002 4.0187 -11.7723
v  42.6750 3.9139 -11.7723
v  42.7809 4.0724 -11.9990
v  42.5900 4.1868 -11.9990
v  42.8386 3.7925 -11.7723
v  42.9896 3.6557 -11.7723
v  43.1244 3.7905 -11.9990
v  42.9596 3.9399 -11.9990
v  43.1265 3.5047 -11.7723
v  43.2479 3.3410 -11.7723
v  43.4064 3.4469 -11.9990
v  43.2738 3.6256 -11.9990
v  43.3526 3.1662 -11.7723
v  43.4398 2.9820 -11.7723
v  43.6159 3.0550 -11.9990
v  43.5207 3.2561 -11.9990
v  43.5084 2.7901 -11.7723
v  43.5580 2.5925 -11.7723
v  43.7449 2.6297 -11.9990
v  43.6908 2.8455 -11.9990
v  43.5878 2.3909 -11.7723
v  43.5979 2.1873 -11.7723
v  43.7885 2.1873 -11.9990
v  43.7775 2.4096 -11.9990
v  43.5878 1.9838 -11.7723
v  43.5580 1.7822 -11.7723
v  43.7449 1.7450 -11.9990
v  43.7775 1.9651 -11.9990
v  43.5084 1.5846 -11.7723
v  43.4398 1.3927 -11.7723
v  43.6159 1.3197 -11.9990
v  43.6908 1.5292 -11.9990
v  43.3526 1.2085 -11.7723
v  43.2479 1.0337 -11.7723
v  43.4064 0.9278 -11.9990
v  43.5207 1.1186 -11.9990
v  43.1265 0.8700 -11.7723
v  42.9896 0.7190 -11.7723
v  43.1244 0.5842 -11.9990
v  43.2738 0.7491 -11.9990
v  42.8386 0.5822 -11.7723
v  42.6750 0.4607 -11.7723
v  42.7809 0.3022 -11.9990
v  42.9596 0.4348 -11.9990
v  42.5002 0.3560 -11.7723
v  42.3160 0.2688 -11.7723
v  42.3889 0.0927 -11.9990
v  42.5900 0.1879 -11.9990
v  42.1241 0.2002 -11.7723
v  41.9264 0.1507 -11.7723
v  41.9636 -0.0363 -11.9990
v  42.1794 0.0178 -11.9990
v  41.7248 0.1208 -11.7723
v  41.5213 0.1108 -11.7723
v  41.5213 -0.0798 -11.9990
v  41.7435 -0.0689 -11.9990
v  41.3178 0.1208 -11.7723
v  41.1162 0.1507 -11.7723
v  41.0790 -0.0363 -11.9990
v  41.2991 -0.0689 -11.9990
v  40.9185 0.2002 -11.7723
v  40.7266 0.2688 -11.7723
v  40.6537 0.0927 -11.9990
v  40.8632 0.0178 -11.9990
v  40.5424 0.3560 -11.7723
v  40.3676 0.4607 -11.7723
v  40.2617 0.3022 -11.9990
v  40.4526 0.1879 -11.9990
v  40.2039 0.5822 -11.7723
v  40.0529 0.7190 -11.7723
v  39.9181 0.5842 -11.9990
v  40.0830 0.4348 -11.9990
v  39.9161 0.8700 -11.7723
v  39.7947 1.0337 -11.7723
v  39.6362 0.9278 -11.9990
v  39.7687 0.7491 -11.9990
v  39.6899 1.2085 -11.7723
v  39.6028 1.3927 -11.7723
v  39.4267 1.3197 -11.9990
v  39.5218 1.1186 -11.9990
v  39.5342 1.5846 -11.7723
v  39.4846 1.7822 -11.7723
v  39.2977 1.7450 -11.9990
v  39.3517 1.5292 -11.9990
v  39.4548 1.9838 -11.7723
v  39.4447 2.1873 -11.7723
v  39.2541 2.1873 -11.9990
v  39.2650 1.9651 -11.9990
v  39.4548 2.3909 -11.7723
v  39.4846 2.5925 -11.7723
v  39.2977 2.6296 -11.9990
v  39.2650 2.4096 -11.9990
v  39.5342 2.7901 -11.7723
v  39.6028 2.9820 -11.7723
v  39.4267 3.0550 -11.9990
v  39.3517 2.8455 -11.9990
v  39.6899 3.1662 -11.7723
v  39.7947 3.3410 -11.7723
v  39.6362 3.4469 -11.9990
v  39.5218 3.2561 -11.9990
v  39.9161 3.5047 -11.7723
v  40.0529 3.6557 -11.7723
v  39.9181 3.7905 -11.9990
v  39.7687 3.6256 -11.9990
v  40.2039 3.7925 -11.7723
v  40.3676 3.9139 -11.7723
v  40.2617 4.0724 -11.9990
v  40.0830 3.9399 -11.9990
v  40.5424 4.0187 -11.7723
v  40.7266 4.1058 -11.7723
v  40.6537 4.2820 -11.9990
v  40.4526 4.1868 -11.9990
v  40.9185 4.1745 -11.7723
v  40.8632 4.3569 -11.9990
v  41.2459 4.9835 -12.5808
v  40.9731 4.9430 -12.5808
v  41.5213 4.9970 -12.5808
v  41.5213 5.5368 -13.1580
v  41.1930 5.5206 -13.1580
v  40.8678 5.4724 -13.1580
v  41.7967 4.9835 -12.5808
v  42.0694 4.9430 -12.5808
v  42.1747 5.4724 -13.1580
v  41.8496 5.5206 -13.1580
v  42.3369 4.8760 -12.5808
v  42.5965 4.7832 -12.5808
v  42.8031 5.2818 -13.1580
v  42.4936 5.3925 -13.1580
v  42.8457 4.6652 -12.5808
v  43.0823 4.5235 -12.5808
v  43.3821 4.9723 -13.1580
v  43.1002 5.1413 -13.1580
v  43.3037 4.3592 -12.5808
v  43.5080 4.1741 -12.5808
v  43.8897 4.5558 -13.1580
v  43.6461 4.7765 -13.1580
v  43.6932 3.9698 -12.5808
v  43.8575 3.7483 -12.5808
v  44.3063 4.0482 -13.1580
v  44.1104 4.3122 -13.1580
v  43.9992 3.5118 -12.5808
v  44.1171 3.2626 -12.5808
v  44.6158 3.4691 -13.1580
v  44.4752 3.7663 -13.1580
v  44.2100 3.0029 -12.5808
v  44.2770 2.7355 -12.5808
v  44.8064 2.8408 -13.1580
v  44.7265 3.1596 -13.1580
v  44.3174 2.4627 -12.5808
v  44.3310 2.1873 -12.5808
v  44.8707 2.1873 -13.1580
v  44.8546 2.5156 -13.1580
v  44.3174 1.9120 -12.5808
v  44.2770 1.6392 -12.5808
v  44.8064 1.5339 -13.1580
v  44.8546 1.8590 -13.1580
v  44.2100 1.3717 -12.5808
v  44.1171 1.1121 -12.5808
v  44.6158 0.9056 -13.1580
v  44.7265 1.2151 -13.1580
v  43.9992 0.8629 -12.5808
v  43.8575 0.6264 -12.5808
v  44.3063 0.3265 -13.1580
v  44.4752 0.6084 -13.1580
v  43.6932 0.4049 -12.5808
v  43.5080 0.2006 -12.5808
v  43.8897 -0.1811 -13.1580
v  44.1104 0.0625 -13.1580
v  43.3037 0.0155 -12.5808
v  43.0823 -0.1488 -12.5808
v  43.3821 -0.5976 -13.1580
v  43.6461 -0.4018 -13.1580
v  42.8458 -0.2905 -12.5808
v  42.5965 -0.4085 -12.5808
v  42.8031 -0.9071 -13.1580
v  43.1002 -0.7666 -13.1580
v  42.3369 -0.5013 -12.5808
v  42.0694 -0.5684 -12.5808
v  42.1747 -1.0978 -13.1580
v  42.4936 -1.0178 -13.1580
v  41.7967 -0.6088 -12.5808
v  41.5213 -0.6223 -12.5808
v  41.5213 -1.1621 -13.1580
v  41.8496 -1.1459 -13.1580
v  41.2459 -0.6088 -12.5808
v  40.9731 -0.5684 -12.5808
v  40.8678 -1.0978 -13.1580
v  41.1930 -1.1459 -13.1580
v  40.7057 -0.5013 -12.5808
v  40.4461 -0.4085 -12.5808
v  40.2395 -0.9072 -13.1580
v  40.5490 -1.0178 -13.1580
v  40.1968 -0.2905 -12.5808
v  39.9603 -0.1488 -12.5808
v  39.6604 -0.5976 -13.1580
v  39.9424 -0.7666 -13.1580
v  39.7389 0.0155 -12.5808
v  39.5345 0.2006 -12.5808
v  39.1529 -0.1811 -13.1580
v  39.3964 -0.4018 -13.1580
v  39.3494 0.4049 -12.5808
v  39.1851 0.6264 -12.5808
v  38.7363 0.3265 -13.1580
v  38.9322 0.0625 -13.1580
v  39.0434 0.8629 -12.5808
v  38.9255 1.1121 -12.5808
v  38.4268 0.9056 -13.1580
v  38.5674 0.6084 -13.1580
v  38.8326 1.3717 -12.5808
v  38.7656 1.6392 -12.5808
v  38.2362 1.5339 -13.1580
v  38.3161 1.2151 -13.1580
v  38.7252 1.9119 -12.5808
v  38.7116 2.1873 -12.5808
v  38.1718 2.1873 -13.1580
v  38.1880 1.8590 -13.1580
v  38.7252 2.4627 -12.5808
v  38.7656 2.7355 -12.5808
v  38.2362 2.8408 -13.1580
v  38.1880 2.5156 -13.1580
v  38.8326 3.0029 -12.5808
v  38.9255 3.2626 -12.5808
v  38.4268 3.4691 -13.1580
v  38.3161 3.1596 -13.1580
v  39.0434 3.5118 -12.5808
v  39.1851 3.7483 -12.5808
v  38.7363 4.0482 -13.1580
v  38.5674 3.7662 -13.1580
v  39.3494 3.9698 -12.5808
v  39.5345 4.1741 -12.5808
v  39.1529 4.5558 -13.1580
v  38.9322 4.3122 -13.1580
v  39.7389 4.3592 -12.5808
v  39.9603 4.5235 -12.5808
v  39.6604 4.9723 -13.1580
v  39.3964 4.7765 -13.1580
v  40.1968 4.6652 -12.5808
v  40.4461 4.7832 -12.5808
v  40.2395 5.2818 -13.1580
v  39.9424 5.1413 -13.1580
v  40.7057 4.8760 -12.5808
v  40.5490 5.3925 -13.1580
v  40.8695 5.4639 -13.5821
v  41.1938 5.5120 -13.5821
v  41.2508 4.9338 -14.1554
v  40.9829 4.8941 -14.1554
v  41.5213 5.5281 -13.5821
v  41.5213 4.9471 -14.1554
v  41.5213 4.1712 -14.9097
v  41.3268 4.1617 -14.9097
v  41.1343 4.1331 -14.9097
v  41.8487 5.5120 -13.5821
v  41.7918 4.9338 -14.1554
v  42.1730 5.4639 -13.5821
v  42.0597 4.8941 -14.1554
v  41.9083 4.1331 -14.9097
v  41.7157 4.1617 -14.9097
v  42.4911 5.3842 -13.5821
v  42.3224 4.8283 -14.1554
v  42.7997 5.2738 -13.5821
v  42.5774 4.7371 -14.1554
v  42.2805 4.0202 -14.9097
v  42.0972 4.0858 -14.9097
v  43.0961 5.1336 -13.5821
v  42.8222 4.6212 -14.1554
v  43.3773 4.9651 -13.5821
v  43.0546 4.4820 -14.1554
v  42.6235 3.8369 -14.9097
v  42.4565 3.9370 -14.9097
v  43.6406 4.7698 -13.5821
v  43.2721 4.3207 -14.1554
v  43.8836 4.5496 -13.5821
v  43.4728 4.1388 -14.1554
v  42.9241 3.5902 -14.9097
v  42.7798 3.7209 -14.9097
v  44.1037 4.3067 -13.5821
v  43.6546 3.9381 -14.1554
v  44.2990 4.0434 -13.5821
v  43.8160 3.7206 -14.1554
v  43.1708 3.2895 -14.9097
v  43.0548 3.4459 -14.9097
v  44.4676 3.7622 -13.5821
v  43.9552 3.4883 -14.1554
v  44.6078 3.4658 -13.5821
v  44.0710 3.2435 -14.1554
v  43.3542 2.9466 -14.9097
v  43.2709 3.1225 -14.9097
v  44.7182 3.1571 -13.5821
v  44.1622 2.9885 -14.1554
v  44.7979 2.8391 -13.5821
v  44.2281 2.7258 -14.1554
v  43.4671 2.5744 -14.9097
v  43.4197 2.7632 -14.9097
v  44.8459 2.5148 -13.5821
v  44.2678 2.4578 -14.1554
v  44.8621 2.1873 -13.5821
v  44.2811 2.1873 -14.1554
v  43.5052 2.1873 -14.9097
v  43.4956 2.3818 -14.9097
v  44.8459 1.8599 -13.5821
v  44.2678 1.9168 -14.1554
v  44.7979 1.5356 -13.5821
v  44.2281 1.6489 -14.1554
v  43.4671 1.8003 -14.9097
v  43.4956 1.9929 -14.9097
v  44.7182 1.2176 -13.5821
v  44.1622 1.3862 -14.1554
v  44.6078 0.9089 -13.5821
v  44.0710 1.1312 -14.1554
v  43.3542 1.4281 -14.9097
v  43.4197 1.6115 -14.9097
v  44.4676 0.6125 -13.5821
v  43.9552 0.8864 -14.1554
v  44.2990 0.3313 -13.5821
v  43.8160 0.6541 -14.1554
v  43.1708 1.0851 -14.9097
v  43.2709 1.2522 -14.9097
v  44.1037 0.0680 -13.5821
v  43.6546 0.4366 -14.1554
v  43.8836 -0.1749 -13.5821
v  43.4728 0.2359 -14.1554
v  42.9241 0.7845 -14.9097
v  43.0548 0.9288 -14.9097
v  43.6406 -0.3951 -13.5821
v  43.2721 0.0540 -14.1554
v  43.3773 -0.5904 -13.5821
v  43.0546 -0.1073 -14.1554
v  42.6235 0.5378 -14.9097
v  42.7799 0.6538 -14.9097
v  43.0961 -0.7589 -13.5821
v  42.8222 -0.2466 -14.1554
v  42.7998 -0.8991 -13.5821
v  42.5774 -0.3624 -14.1554
v  42.2805 0.3545 -14.9097
v  42.4565 0.4377 -14.9097
v  42.4911 -1.0095 -13.5821
v  42.3224 -0.4536 -14.1554
v  42.1730 -1.0892 -13.5821
v  42.0597 -0.5194 -14.1554
v  41.9083 0.2416 -14.9097
v  42.0972 0.2889 -14.9097
v  41.8487 -1.1373 -13.5821
v  41.7918 -0.5591 -14.1554
v  41.5213 -1.1534 -13.5821
v  41.5213 -0.5725 -14.1554
v  41.5213 0.2034 -14.9097
v  41.7157 0.2130 -14.9097
v  41.1938 -1.1373 -13.5821
v  41.2508 -0.5591 -14.1554
v  40.8695 -1.0892 -13.5821
v  40.9829 -0.5194 -14.1554
v  41.1343 0.2416 -14.9097
v  41.3268 0.2130 -14.9097
v  40.5515 -1.0095 -13.5821
v  40.7202 -0.4536 -14.1554
v  40.2428 -0.8991 -13.5821
v  40.4652 -0.3624 -14.1554
v  40.7621 0.3545 -14.9097
v  40.9454 0.2889 -14.9097
v  39.9465 -0.7589 -13.5821
v  40.2203 -0.2466 -14.1554
v  39.6653 -0.5904 -13.5821
v  39.9880 -0.1073 -14.1554
v  40.4191 0.5378 -14.9097
v  40.5861 0.4377 -14.9097
v  39.4019 -0.3951 -13.5821
v  39.7705 0.0540 -14.1554
v  39.1590 -0.1749 -13.5821
v  39.5698 0.2359 -14.1554
v  40.1185 0.7845 -14.9097
v  40.2627 0.6538 -14.9097
v  38.9389 0.0680 -13.5821
v  39.3880 0.4366 -14.1554
v  38.7435 0.3313 -13.5821
v  39.2266 0.6541 -14.1554
v  39.8717 1.0851 -14.9097
v  39.9877 0.9288 -14.9097
v  38.5750 0.6125 -13.5821
v  39.0874 0.8864 -14.1554
v  38.4348 0.9089 -13.5821
v  38.9716 1.1312 -14.1554
v  39.6884 1.4281 -14.9097
v  39.7717 1.2522 -14.9097
v  38.3244 1.2176 -13.5821
v  38.8804 1.3862 -14.1554
v  38.2447 1.5356 -13.5821
v  38.8145 1.6489 -14.1554
v  39.5755 1.8003 -14.9097
v  39.6228 1.6115 -14.9097
v  38.1966 1.8599 -13.5821
v  38.7748 1.9168 -14.1554
v  38.1805 2.1873 -13.5821
v  38.7615 2.1873 -14.1554
v  39.5374 2.1873 -14.9097
v  39.5470 1.9929 -14.9097
v  38.1966 2.5148 -13.5821
v  38.7748 2.4578 -14.1554
v  38.2447 2.8391 -13.5821
v  38.8145 2.7258 -14.1554
v  39.5755 2.5744 -14.9097
v  39.5470 2.3818 -14.9097
v  38.3244 3.1571 -13.5821
v  38.8804 2.9885 -14.1554
v  38.4348 3.4658 -13.5821
v  38.9716 3.2435 -14.1554
v  39.6884 2.9465 -14.9097
v  39.6228 2.7632 -14.9097
v  38.5750 3.7622 -13.5821
v  39.0874 3.4883 -14.1554
v  38.7435 4.0434 -13.5821
v  39.2266 3.7206 -14.1554
v  39.8717 3.2895 -14.9097
v  39.7717 3.1225 -14.9097
v  38.9389 4.3067 -13.5821
v  39.3880 3.9381 -14.1554
v  39.1590 4.5496 -13.5821
v  39.5698 4.1388 -14.1554
v  40.1185 3.5902 -14.9097
v  39.9877 3.4459 -14.9097
v  39.4019 4.7698 -13.5821
v  39.7705 4.3207 -14.1554
v  39.6653 4.9651 -13.5821
v  39.9880 4.4820 -14.1554
v  40.4191 3.8369 -14.9097
v  40.2627 3.7209 -14.9097
v  39.9465 5.1336 -13.5821
v  40.2203 4.6212 -14.1554
v  40.2428 5.2738 -13.5821
v  40.4652 4.7371 -14.1554
v  40.7621 4.0202 -14.9097
v  40.5861 3.9370 -14.9097
v  40.5515 5.3842 -13.5821
v  40.7202 4.8283 -14.1554
v  40.9454 4.0858 -14.9097
v  40.8322 5.6514 -13.3707
v  41.1751 5.7022 -13.3707
v  41.5213 5.7193 -13.3707
v  41.8675 5.7022 -13.3707
v  42.2103 5.6514 -13.3707
v  42.5465 5.5671 -13.3707
v  42.8729 5.4504 -13.3707
v  43.1862 5.3022 -13.3707
v  43.4835 5.1240 -13.3707
v  43.7619 4.9175 -13.3707
v  44.0187 4.6848 -13.3707
v  44.2515 4.4279 -13.3707
v  44.4580 4.1496 -13.3707
v  44.6361 3.8523 -13.3707
v  44.7843 3.5389 -13.3707
v  44.9011 3.2126 -13.3707
v  44.9853 2.8764 -13.3707
v  45.0361 2.5335 -13.3707
v  45.0532 2.1873 -13.3707
v  45.0361 1.8412 -13.3707
v  44.9853 1.4983 -13.3707
v  44.9011 1.1621 -13.3707
v  44.7843 0.8357 -13.3707
v  44.6361 0.5224 -13.3707
v  44.4580 0.2251 -13.3707
v  44.2515 -0.0532 -13.3707
v  44.0187 -0.3101 -13.3707
v  43.7619 -0.5428 -13.3707
v  43.4835 -0.7493 -13.3707
v  43.1862 -0.9275 -13.3707
v  42.8729 -1.0757 -13.3707
v  42.5465 -1.1924 -13.3707
v  42.2103 -1.2767 -13.3707
v  41.8675 -1.3275 -13.3707
v  41.5213 -1.3446 -13.3707
v  41.1751 -1.3275 -13.3707
v  40.8322 -1.2767 -13.3707
v  40.4960 -1.1924 -13.3707
v  40.1697 -1.0757 -13.3707
v  39.8564 -0.9275 -13.3707
v  39.5591 -0.7493 -13.3707
v  39.2807 -0.5428 -13.3707
v  39.0239 -0.3101 -13.3707
v  38.7911 -0.0532 -13.3707
v  38.5846 0.2251 -13.3707
v  38.4065 0.5224 -13.3707
v  38.2582 0.8357 -13.3707
v  38.1415 1.1621 -13.3707
v  38.0572 1.4983 -13.3707
v  38.0064 1.8412 -13.3707
v  37.9894 2.1873 -13.3707
v  38.0064 2.5335 -13.3707
v  38.0572 2.8764 -13.3707
v  38.1415 3.2126 -13.3707
v  38.2582 3.5389 -13.3707
v  38.4065 3.8523 -13.3707
v  38.5846 4.1496 -13.3707
v  38.7911 4.4279 -13.3707
v  39.0239 4.6848 -13.3707
v  39.2807 4.9175 -13.3707
v  39.5591 5.1240 -13.3707
v  39.8564 5.3022 -13.3707
v  40.1697 5.4504 -13.3707
v  40.4960 5.5671 -13.3707
v  41.3422 4.0057 43.7730
v  41.5213 4.0145 43.7730
v  41.1648 3.9794 43.7730
v  41.2240 3.6818 44.2539
v  41.3719 3.7037 44.2539
v  41.5213 3.7111 44.2539
v  40.9909 3.9358 43.7730
v  40.8221 3.8754 43.7730
v  40.9382 3.5951 44.2539
v  41.0790 3.6454 44.2539
v  40.6600 3.7988 43.7730
v  40.5062 3.7066 43.7730
v  40.6748 3.4543 44.2539
v  40.8030 3.5311 44.2539
v  40.3621 3.5998 43.7730
v  40.2293 3.4794 43.7730
v  40.4439 3.2648 44.2539
v  40.5547 3.3652 44.2539
v  40.1089 3.3465 43.7730
v  40.0020 3.2025 43.7730
v  40.2544 3.0339 44.2539
v  40.3435 3.1540 44.2539
v  39.9099 3.0487 43.7730
v  39.8332 2.8866 43.7730
v  40.1136 2.7704 44.2539
v  40.1775 2.9056 44.2539
v  39.7728 2.7177 43.7730
v  39.7292 2.5438 43.7730
v  40.0269 2.4846 44.2539
v  40.0632 2.6297 44.2539
v  39.7029 2.3664 43.7730
v  39.6941 2.1873 43.7730
v  39.9976 2.1873 44.2539
v  40.0049 2.3367 44.2539
v  39.7029 2.0082 43.7730
v  39.7292 1.8309 43.7730
v  40.0269 1.8901 44.2539
v  40.0049 2.0380 44.2539
v  39.7728 1.6569 43.7730
v  39.8332 1.4881 43.7730
v  40.1136 1.6042 44.2539
v  40.0632 1.7450 44.2539
v  39.9099 1.3260 43.7730
v  40.0020 1.1722 43.7730
v  40.2544 1.3408 44.2539
v  40.1775 1.4691 44.2539
v  40.1089 1.0282 43.7730
v  40.2293 0.8953 43.7730
v  40.4439 1.1099 44.2539
v  40.3435 1.2207 44.2539
v  40.3621 0.7749 43.7730
v  40.5062 0.6681 43.7730
v  40.6748 0.9204 44.2539
v  40.5547 1.0095 44.2539
v  40.6600 0.5759 43.7730
v  40.8221 0.4992 43.7730
v  40.9382 0.7796 44.2539
v  40.8030 0.8436 44.2539
v  40.9909 0.4388 43.7730
v  41.1648 0.3953 43.7730
v  41.2240 0.6929 44.2539
v  41.0790 0.7293 44.2539
v  41.3422 0.3690 43.7730
v  41.5213 0.3602 43.7730
v  41.5213 0.6636 44.2539
v  41.3719 0.6710 44.2539
v  41.7004 0.3690 43.7730
v  41.8778 0.3953 43.7730
v  41.8186 0.6929 44.2539
v  41.6706 0.6710 44.2539
v  42.0517 0.4388 43.7730
v  42.2205 0.4992 43.7730
v  42.1044 0.7796 44.2539
v  41.9636 0.7293 44.2539
v  42.3826 0.5759 43.7730
v  42.5364 0.6681 43.7730
v  42.3678 0.9204 44.2539
v  42.2396 0.8436 44.2539
v  42.6804 0.7749 43.7730
v  42.8133 0.8953 43.7730
v  42.5987 1.1099 44.2539
v  42.4879 1.0095 44.2539
v  42.9337 1.0282 43.7730
v  43.0406 1.1722 43.7730
v  42.7882 1.3408 44.2539
v  42.6991 1.2207 44.2539
v  43.1327 1.3260 43.7730
v  43.2094 1.4881 43.7730
v  42.9290 1.6042 44.2539
v  42.8651 1.4691 44.2539
v  43.2698 1.6569 43.7730
v  43.3134 1.8309 43.7730
v  43.0157 1.8901 44.2539
v  42.9794 1.7450 44.2539
v  43.3397 2.0083 43.7730
v  43.3485 2.1873 43.7730
v  43.0450 2.1873 44.2539
v  43.0377 2.0380 44.2539
v  43.3397 2.3664 43.7730
v  43.3134 2.5438 43.7730
v  43.0157 2.4846 44.2539
v  43.0377 2.3367 44.2539
v  43.2698 2.7177 43.7730
v  43.2094 2.8866 43.7730
v  42.9290 2.7704 44.2539
v  42.9794 2.6297 44.2539
v  43.1327 3.0487 43.7730
v  43.0405 3.2025 43.7730
v  42.7882 3.0339 44.2539
v  42.8651 2.9056 44.2539
v  42.9337 3.3465 43.7730
v  42.8133 3.4794 43.7730
v  42.5987 3.2648 44.2539
v  42.6991 3.1540 44.2539
v  42.6804 3.5998 43.7730
v  42.5364 3.7066 43.7730
v  42.3678 3.4543 44.2539
v  42.4879 3.3652 44.2539
v  42.3826 3.7988 43.7730
v  42.2205 3.8754 43.7730
v  42.1044 3.5951 44.2539
v  42.2396 3.5311 44.2539
v  42.0517 3.9358 43.7730
v  41.8778 3.9794 43.7730
v  41.8186 3.6818 44.2539
v  41.9636 3.6454 44.2539
v  41.7004 4.0057 43.7730
v  41.6706 3.7037 44.2539
v  41.4152 3.2648 44.4944
v  41.5213 3.2700 44.4944
v  41.3101 3.2492 44.4944
v  41.2070 3.2234 44.4944
v  41.1070 3.1876 44.4944
v  41.0109 3.1422 44.4944
v  40.9198 3.0875 44.4944
v  40.8345 3.0242 44.4944
v  40.7557 2.9529 44.4944
v  40.6844 2.8742 44.4944
v  40.6211 2.7888 44.4944
v  40.5665 2.6977 44.4944
v  40.5210 2.6017 44.4944
v  40.4853 2.5016 44.4944
v  40.4594 2.3986 44.4944
v  40.4439 2.2935 44.4944
v  40.4386 2.1873 44.4944
v  40.4439 2.0812 44.4944
v  40.4594 1.9761 44.4944
v  40.4853 1.8731 44.4944
v  40.5210 1.7730 44.4944
v  40.5665 1.6770 44.4944
v  40.6211 1.5859 44.4944
v  40.6844 1.5005 44.4944
v  40.7557 1.4218 44.4944
v  40.8345 1.3504 44.4944
v  40.9198 1.2871 44.4944
v  41.0109 1.2325 44.4944
v  41.1070 1.1871 44.4944
v  41.2070 1.1513 44.4944
v  41.3101 1.1255 44.4944
v  41.4152 1.1099 44.4944
v  41.5213 1.1047 44.4944
v  41.6274 1.1099 44.4944
v  41.7325 1.1255 44.4944
v  41.8356 1.1513 44.4944
v  41.9356 1.1871 44.4944
v  42.0317 1.2325 44.4944
v  42.1228 1.2871 44.4944
v  42.2081 1.3504 44.4944
v  42.2868 1.4218 44.4944
v  42.3582 1.5005 44.4944
v  42.4215 1.5859 44.4944
v  42.4761 1.6770 44.4944
v  42.5215 1.7730 44.4944
v  42.5573 1.8731 44.4944
v  42.5831 1.9761 44.4944
v  42.5987 2.0812 44.4944
v  42.6040 2.1873 44.4944
v  42.5987 2.2935 44.4944
v  42.5831 2.3986 44.4944
v  42.5573 2.5016 44.4944
v  42.5215 2.6017 44.4944
v  42.4761 2.6977 44.4944
v  42.4215 2.7888 44.4944
v  42.3582 2.8742 44.4944
v  42.2868 2.9529 44.4944
v  42.2081 3.0242 44.4944
v  42.1228 3.0875 44.4944
v  42.0316 3.1422 44.4944
v  41.9356 3.1876 44.4944
v  41.8356 3.2234 44.4944
v  41.7325 3.2492 44.4944
v  41.6274 3.2648 44.4944
v  26.1897 0.0000 -31.0413
v  41.3472 0.0000 -50.0821
v  56.5046 0.0000 -31.0413
v  41.3472 0.0000 -12.0005
v  28.9487 1.6527 -31.0413
v  41.3472 1.6527 -15.4663
v  53.7457 1.6527 -31.0413
v  41.3472 1.6527 -46.6163
v  41.3472 4.0521 -12.0005
v  26.1897 4.0521 -31.0413
v  56.5046 4.0521 -31.0413
v  41.3472 4.0521 -50.0821
v  41.3472 4.4581 -15.4663
v  28.9487 4.4581 -31.0413
v  53.7457 4.4581 -31.0413
v  41.3472 4.4581 -46.6163
v  42.5539 1.6061 -33.6961
v  42.5539 2.9270 -33.6961
v  42.9521 2.9270 -22.5289
v  42.9521 1.6061 -22.5289
v  42.5539 2.9270 -33.8633
v  42.5539 4.0177 -33.8633
v  42.5539 4.0177 -33.6961
v  42.9521 4.0177 -22.5289
v  41.2591 4.0177 -18.6329
v  41.2591 2.9270 -18.6329
v  42.5539 1.6061 -33.8633
v  42.7965 4.2478 -22.5917
v  42.4008 4.2478 -33.6961
v  42.4008 4.2478 -34.0934
v  41.2591 4.7154 -33.6961
v  41.2591 4.3401 -18.8803
v  41.2591 1.6061 -18.6329
v  41.2591 4.7154 -34.0934
v  39.9643 1.6061 -33.6961
v  39.5662 1.6061 -22.5289
v  39.5662 2.9270 -22.5289
v  39.9643 2.9270 -33.6961
v  39.9643 4.0177 -33.6961
v  39.9643 4.0177 -33.8633
v  39.9643 2.9270 -33.8633
v  39.5662 4.0177 -22.5289
v  39.9643 1.6061 -33.8633
v  39.7218 4.2478 -22.5917
v  40.1175 4.2478 -33.6961
v  40.1175 4.2478 -34.0934
v  45.2090 4.0575 -34.6656
v  45.5855 3.5730 -34.6628
v  45.3457 3.5874 -35.2858
v  44.9967 4.0827 -35.2858
v  45.5855 2.9234 -34.6628
v  45.3457 2.9270 -35.2858
v  45.0676 2.9234 -35.9088
v  45.0676 3.5730 -35.9088
v  44.7534 4.0575 -35.9061
v  42.7231 3.9642 -36.2785
v  42.8321 3.4723 -36.3040
v  42.5539 3.4723 -36.3785
v  42.5348 3.9101 -36.3785
v  42.8321 2.8982 -36.3040
v  42.5539 2.8982 -36.3785
v  42.4976 2.8982 -36.9248
v  42.4976 3.4723 -36.9248
v  42.4785 3.9101 -36.9248
v  42.3287 3.4723 -38.3651
v  42.3096 3.9101 -38.3651
v  42.3287 2.8982 -38.3651
v  42.1599 2.8982 -39.8302
v  42.1599 3.4723 -39.8302
v  42.1407 3.9101 -39.8302
v  42.1036 3.4723 -40.4510
v  42.0844 3.9101 -40.4510
v  42.1036 2.8982 -40.4510
v  42.1036 2.8982 -40.6497
v  42.1036 3.4723 -40.6497
v  42.0844 3.9101 -40.6497
v  43.0346 3.9101 -34.2920
v  43.0502 3.4723 -34.2637
v  44.1563 3.4723 -34.2925
v  44.1512 3.9101 -34.3191
v  43.0502 2.8982 -34.2637
v  44.1563 2.8982 -34.2925
v  45.2522 2.9018 -34.3169
v  45.2522 3.4867 -34.3169
v  44.9712 3.8200 -34.3369
v  42.8321 1.6061 -36.3040
v  42.8321 2.2665 -36.3040
v  43.6668 2.2665 -36.2791
v  43.6668 1.6061 -36.2791
v  43.6668 2.8982 -36.2791
v  44.5307 2.9018 -36.2547
v  44.5307 2.2665 -36.2547
v  44.5307 1.6061 -36.2547
v  42.8252 4.2214 -35.9065
v  42.7822 4.2478 -35.2858
v  43.9498 4.2478 -35.2858
v  43.8107 4.2190 -35.8979
v  42.9051 4.2190 -34.6604
v  44.0793 4.2190 -34.6738
v  45.5855 2.2665 -34.6628
v  45.3457 2.2665 -35.2858
v  45.5855 1.6061 -34.6628
v  45.3457 1.6061 -35.2858
v  45.0676 1.6061 -35.9088
v  45.0676 2.2665 -35.9088
v  42.5539 2.2665 -36.3785
v  42.5539 1.6061 -36.3785
v  42.4976 1.6061 -36.9248
v  42.4976 2.2665 -36.9248
v  42.3287 2.2665 -38.3651
v  42.3287 1.6061 -38.3651
v  42.1599 1.6061 -39.8302
v  42.1599 2.2665 -39.8302
v  42.1036 2.2665 -40.4510
v  42.1036 1.6061 -40.4510
v  42.1036 1.6061 -40.6497
v  42.1036 2.2665 -40.6497
v  43.0502 2.2665 -34.2637
v  44.1563 2.2665 -34.2925
v  43.0502 1.6061 -34.2637
v  44.1563 1.6061 -34.2925
v  45.2522 1.6061 -34.3169
v  45.2522 2.2665 -34.3169
v  43.6668 3.4723 -36.2791
v  43.6814 3.9101 -36.2526
v  44.3306 3.8200 -36.2348
v  44.5307 3.4867 -36.2547
v  42.5348 3.9101 -34.0911
v  42.6113 3.9101 -34.2062
v  42.5539 4.1327 -34.2925
v  42.4774 4.1327 -34.1774
v  42.9877 4.1327 -34.3766
v  42.3950 4.2190 -34.5984
v  42.2772 4.2190 -34.2637
v  42.8340 4.1423 -36.1758
v  42.5029 4.1711 -36.2024
v  42.3822 4.2286 -35.9541
v  42.4837 4.1423 -36.2848
v  42.3035 4.2214 -36.2227
v  42.6305 3.4723 -34.1774
v  42.5539 3.4723 -34.0624
v  42.5539 2.8982 -34.0624
v  42.6305 2.8982 -34.1774
v  42.4774 4.1327 -36.3785
v  42.2772 4.2190 -36.3785
v  42.4211 4.1327 -36.9248
v  42.2280 4.2190 -36.9248
v  42.2522 4.1327 -38.3651
v  42.0802 4.2190 -38.3651
v  42.0833 4.1327 -39.8302
v  41.9324 4.2190 -39.8302
v  42.0270 4.1327 -40.4510
v  41.8832 4.2190 -40.4510
v  42.0270 4.1327 -40.6497
v  41.8832 4.2190 -40.6497
v  45.2651 3.9820 -34.3923
v  45.6415 3.5299 -34.3901
v  45.6415 2.9126 -34.3901
v  44.8968 1.6061 -36.1816
v  44.8968 2.2665 -36.1816
v  44.8968 2.9126 -36.1816
v  44.1360 4.1327 -34.3988
v  43.7253 4.1327 -36.1728
v  44.6039 3.9820 -36.1794
v  42.6305 2.2665 -34.1774
v  42.5539 2.2665 -34.0624
v  42.5539 1.6061 -34.0624
v  42.6305 1.6061 -34.1774
v  45.6415 2.2665 -34.3901
v  45.6415 1.6061 -34.3901
v  44.8968 3.5299 -36.1816
v  41.2591 4.2478 -34.2925
v  41.8300 4.2478 -34.2925
v  42.0713 4.2478 -35.2858
v  41.2591 4.2478 -35.2858
v  41.8903 4.2478 -36.0556
v  41.2591 4.2478 -36.0556
v  41.8300 4.2478 -36.3785
v  41.2591 4.2478 -36.3785
v  41.8018 4.2478 -36.9248
v  41.2591 4.2478 -36.9248
v  41.7174 4.2478 -38.3651
v  41.2591 4.2478 -38.3651
v  41.6329 4.2478 -39.8302
v  41.2591 4.2478 -39.8302
v  41.6048 4.2478 -40.4510
v  41.2591 4.2478 -40.4510
v  41.6048 4.2478 -40.6497
v  41.2591 4.2478 -40.6497
v  37.3093 4.0575 -34.6656
v  37.5215 4.0827 -35.2858
v  37.1726 3.5874 -35.2858
v  36.9327 3.5730 -34.6628
v  37.7649 4.0575 -35.9061
v  37.4507 3.5730 -35.9088
v  37.4507 2.9234 -35.9088
v  37.1726 2.9270 -35.2858
v  36.9327 2.9234 -34.6628
v  39.7952 3.9642 -36.2785
v  39.9835 3.9101 -36.3785
v  39.9643 3.4723 -36.3785
v  39.6861 3.4723 -36.3040
v  40.0398 3.9101 -36.9248
v  40.0206 3.4723 -36.9248
v  40.0206 2.8982 -36.9248
v  39.9643 2.8982 -36.3785
v  39.6861 2.8982 -36.3040
v  40.2087 3.9101 -38.3651
v  40.1895 3.4723 -38.3651
v  40.3775 3.9101 -39.8302
v  40.3584 3.4723 -39.8302
v  40.3584 2.8982 -39.8302
v  40.1895 2.8982 -38.3651
v  40.4338 3.9101 -40.4510
v  40.4147 3.4723 -40.4510
v  40.4338 3.9101 -40.6497
v  40.4147 3.4723 -40.6497
v  40.4147 2.8982 -40.6497
v  40.4147 2.8982 -40.4510
v  39.4837 3.9101 -34.2920
v  38.3671 3.9101 -34.3191
v  38.3620 3.4723 -34.2925
v  39.4681 3.4723 -34.2637
v  37.5471 3.8200 -34.3369
v  37.2660 3.4867 -34.3169
v  37.2660 2.9018 -34.3169
v  38.3620 2.8982 -34.2925
v  39.4681 2.8982 -34.2637
v  39.6861 1.6061 -36.3040
v  38.8515 1.6061 -36.2791
v  38.8515 2.2665 -36.2791
v  39.6861 2.2665 -36.3040
v  37.9875 1.6061 -36.2547
v  37.9875 2.2665 -36.2547
v  37.9875 2.9018 -36.2547
v  38.8515 2.8982 -36.2791
v  39.6931 4.2214 -35.9065
v  38.7075 4.2190 -35.8979
v  38.5685 4.2478 -35.2858
v  39.7360 4.2478 -35.2858
v  38.4390 4.2190 -34.6738
v  39.6132 4.2190 -34.6604
v  37.1726 2.2665 -35.2858
v  36.9327 2.2665 -34.6628
v  37.4507 2.2665 -35.9088
v  37.4507 1.6061 -35.9088
v  37.1726 1.6061 -35.2858
v  36.9327 1.6061 -34.6628
v  39.9643 2.2665 -36.3785
v  40.0206 2.2665 -36.9248
v  40.0206 1.6061 -36.9248
v  39.9643 1.6061 -36.3785
v  40.1895 2.2665 -38.3651
v  40.3584 2.2665 -39.8302
v  40.3584 1.6061 -39.8302
v  40.1895 1.6061 -38.3651
v  40.4147 2.2665 -40.4510
v  40.4147 2.2665 -40.6497
v  40.4147 1.6061 -40.6497
v  40.4147 1.6061 -40.4510
v  38.3620 2.2665 -34.2925
v  39.4681 2.2665 -34.2637
v  37.2660 2.2665 -34.3169
v  37.2660 1.6061 -34.3169
v  38.3620 1.6061 -34.2925
v  39.4681 1.6061 -34.2637
v  38.8515 3.4723 -36.2791
v  37.9875 3.4867 -36.2547
v  38.1877 3.8200 -36.2348
v  38.8368 3.9101 -36.2526
v  39.9835 3.9101 -34.0911
v  40.0409 4.1327 -34.1774
v  39.9643 4.1327 -34.2925
v  39.9069 3.9101 -34.2062
v  40.2410 4.2190 -34.2637
v  40.1233 4.2190 -34.5984
v  39.5306 4.1327 -34.3766
v  40.1360 4.2286 -35.9541
v  40.0154 4.1711 -36.2024
v  39.6842 4.1423 -36.1758
v  40.2148 4.2214 -36.2227
v  40.0345 4.1423 -36.2848
v  39.8878 3.4723 -34.1774
v  39.8878 2.8982 -34.1774
v  39.9643 2.8982 -34.0624
v  39.9643 3.4723 -34.0624
v  40.2410 4.2190 -36.3785
v  40.0409 4.1327 -36.3785
v  40.2903 4.2190 -36.9248
v  40.0972 4.1327 -36.9248
v  40.4380 4.2190 -38.3651
v  40.2661 4.1327 -38.3651
v  40.5858 4.2190 -39.8302
v  40.4349 4.1327 -39.8302
v  40.6351 4.2190 -40.4510
v  40.4912 4.1327 -40.4510
v  40.6351 4.2190 -40.6497
v  40.4912 4.1327 -40.6497
v  36.8767 3.5299 -34.3901
v  37.2531 3.9820 -34.3923
v  36.8767 2.9126 -34.3901
v  37.6215 2.2665 -36.1816
v  37.6215 1.6061 -36.1816
v  37.6215 2.9126 -36.1816
v  38.3823 4.1327 -34.3988
v  38.7929 4.1327 -36.1728
v  37.9143 3.9820 -36.1794
v  39.8878 2.2665 -34.1774
v  39.8878 1.6061 -34.1774
v  39.9643 1.6061 -34.0624
v  39.9643 2.2665 -34.0624
v  36.8767 2.2665 -34.3901
v  36.8767 1.6061 -34.3901
v  37.6215 3.5299 -36.1816
v  40.4470 4.2478 -35.2858
v  40.6883 4.2478 -34.2925
v  40.6280 4.2478 -36.0556
v  40.6883 4.2478 -36.3785
v  40.7164 4.2478 -36.9248
v  40.8009 4.2478 -38.3651
v  40.8853 4.2478 -39.8302
v  40.9135 4.2478 -40.4510
v  40.9135 4.2478 -40.6497
v  41.2470 4.7090 -40.7509
v  41.2470 4.6811 -40.9710
v  41.2040 4.6811 -40.9668
v  41.1627 4.6811 -40.9543
v  41.1247 4.6811 -40.9339
v  41.0913 4.6811 -40.9065
v  41.0639 4.6811 -40.8732
v  41.0436 4.6811 -40.8351
v  41.0310 4.6811 -40.7938
v  41.0268 4.6811 -40.7509
v  41.0310 4.6811 -40.7079
v  41.0436 4.6811 -40.6666
v  41.0639 4.6811 -40.6285
v  41.0913 4.6811 -40.5952
v  41.1247 4.6811 -40.5678
v  41.1627 4.6811 -40.5474
v  41.2040 4.6811 -40.5349
v  41.2470 4.6811 -40.5307
v  41.2900 4.6811 -40.5349
v  41.3313 4.6811 -40.5474
v  41.3693 4.6811 -40.5678
v  41.4027 4.6811 -40.5952
v  41.4301 4.6811 -40.6285
v  41.4504 4.6811 -40.6666
v  41.4629 4.6811 -40.7079
v  41.4672 4.6811 -40.7509
v  41.4629 4.6811 -40.7938
v  41.4504 4.6811 -40.8351
v  41.4301 4.6811 -40.8732
v  41.4027 4.6811 -40.9066
v  41.3693 4.6811 -40.9339
v  41.3313 4.6811 -40.9543
v  41.2899 4.6811 -40.9668
v  41.1627 4.5985 -41.1745
v  41.2470 4.5985 -41.1828
v  41.0817 4.5985 -41.1499
v  41.0070 4.5985 -41.1100
v  40.9416 4.5985 -41.0563
v  40.8879 4.5985 -40.9908
v  40.8480 4.5985 -40.9161
v  40.8234 4.5985 -40.8351
v  40.8151 4.5985 -40.7509
v  40.8234 4.5985 -40.6666
v  40.8480 4.5985 -40.5856
v  40.8879 4.5985 -40.5109
v  40.9416 4.5985 -40.4455
v  41.0070 4.5985 -40.3918
v  41.0817 4.5985 -40.3518
v  41.1627 4.5985 -40.3273
v  41.2470 4.5985 -40.3190
v  41.3313 4.5985 -40.3273
v  41.4123 4.5985 -40.3518
v  41.4869 4.5985 -40.3918
v  41.5524 4.5985 -40.4455
v  41.6061 4.5985 -40.5109
v  41.6460 4.5985 -40.5856
v  41.6706 4.5985 -40.6666
v  41.6789 4.5985 -40.7509
v  41.6706 4.5985 -40.8351
v  41.6460 4.5985 -40.9161
v  41.6061 4.5985 -40.9908
v  41.5524 4.5985 -41.0563
v  41.4869 4.5985 -41.1100
v  41.4123 4.5985 -41.1499
v  41.3313 4.5985 -41.1745
v  41.1247 4.4644 -41.3658
v  41.2470 4.4644 -41.3779
v  41.0070 4.4644 -41.3302
v  40.8986 4.4644 -41.2722
v  40.8036 4.4644 -41.1942
v  40.7256 4.4644 -41.0992
v  40.6677 4.4644 -40.9908
v  40.6320 4.4644 -40.8732
v  40.6200 4.4644 -40.7509
v  40.6320 4.4644 -40.6285
v  40.6677 4.4644 -40.5109
v  40.7256 4.4644 -40.4025
v  40.8036 4.4644 -40.3075
v  40.8986 4.4644 -40.2295
v  41.0070 4.4644 -40.1716
v  41.1247 4.4644 -40.1359
v  41.2470 4.4644 -40.1238
v  41.3693 4.4644 -40.1359
v  41.4869 4.4644 -40.1716
v  41.5953 4.4644 -40.2295
v  41.6904 4.4644 -40.3075
v  41.7683 4.4644 -40.4025
v  41.8263 4.4644 -40.5109
v  41.8620 4.4644 -40.6285
v  41.8740 4.4644 -40.7509
v  41.8620 4.4644 -40.8732
v  41.8263 4.4644 -40.9908
v  41.7683 4.4644 -41.0992
v  41.6904 4.4644 -41.1942
v  41.5953 4.4644 -41.2722
v  41.4869 4.4644 -41.3302
v  41.3693 4.4644 -41.3658
v  41.0913 4.2840 -41.5336
v  41.2470 4.2840 -41.5489
v  40.9416 4.2840 -41.4882
v  40.8036 4.2840 -41.4144
v  40.6827 4.2840 -41.3152
v  40.5834 4.2840 -41.1942
v  40.5097 4.2840 -41.0563
v  40.4643 4.2840 -40.9065
v  40.4490 4.2840 -40.7509
v  40.4643 4.2840 -40.5952
v  40.5097 4.2840 -40.4455
v  40.5834 4.2840 -40.3075
v  40.6827 4.2840 -40.1866
v  40.8036 4.2840 -40.0873
v  40.9416 4.2840 -40.0136
v  41.0913 4.2840 -39.9682
v  41.2470 4.2840 -39.9528
v  41.4027 4.2840 -39.9682
v  41.5524 4.2840 -40.0136
v  41.6904 4.2840 -40.0873
v  41.8113 4.2840 -40.1866
v  41.9105 4.2840 -40.3075
v  41.9843 4.2840 -40.4455
v  42.0297 4.2840 -40.5952
v  42.0450 4.2840 -40.7509
v  42.0297 4.2840 -40.9066
v  41.9843 4.2840 -41.0563
v  41.9105 4.2840 -41.1942
v  41.8113 4.2840 -41.3152
v  41.6904 4.2840 -41.4144
v  41.5524 4.2840 -41.4882
v  41.4027 4.2840 -41.5336
v  41.0639 4.0641 -41.6712
v  41.2470 4.0641 -41.6893
v  40.8879 4.0641 -41.6178
v  40.7256 4.0641 -41.5311
v  40.5834 4.0641 -41.4144
v  40.4667 4.0641 -41.2722
v  40.3800 4.0641 -41.1100
v  40.3266 4.0641 -40.9339
v  40.3086 4.0641 -40.7509
v  40.3266 4.0641 -40.5678
v  40.3800 4.0641 -40.3918
v  40.4667 4.0641 -40.2295
v  40.5834 4.0641 -40.0873
v  40.7256 4.0641 -39.9706
v  40.8879 4.0641 -39.8839
v  41.0639 4.0641 -39.8305
v  41.2470 4.0641 -39.8125
v  41.4301 4.0641 -39.8305
v  41.6061 4.0641 -39.8839
v  41.7683 4.0641 -39.9706
v  41.9105 4.0641 -40.0873
v  42.0272 4.0641 -40.2295
v  42.1140 4.0641 -40.3918
v  42.1674 4.0641 -40.5678
v  42.1854 4.0641 -40.7509
v  42.1674 4.0641 -40.9339
v  42.1140 4.0641 -41.1100
v  42.0272 4.0641 -41.2722
v  41.9105 4.0641 -41.4144
v  41.7683 4.0641 -41.5311
v  41.6061 4.0641 -41.6178
v  41.4301 4.0641 -41.6712
v  41.0436 3.8133 -41.7735
v  41.2470 3.8133 -41.7936
v  40.8480 3.8133 -41.7142
v  40.6677 3.8133 -41.6178
v  40.5097 3.8133 -41.4882
v  40.3800 3.8133 -41.3302
v  40.2837 3.8133 -41.1499
v  40.2243 3.8133 -40.9543
v  40.2043 3.8133 -40.7509
v  40.2243 3.8133 -40.5474
v  40.2837 3.8133 -40.3518
v  40.3800 3.8133 -40.1716
v  40.5097 3.8133 -40.0136
v  40.6677 3.8133 -39.8839
v  40.8480 3.8133 -39.7875
v  41.0436 3.8133 -39.7282
v  41.2470 3.8133 -39.7082
v  41.4504 3.8133 -39.7282
v  41.6460 3.8133 -39.7875
v  41.8263 3.8133 -39.8839
v  41.9843 3.8133 -40.0136
v  42.1140 3.8133 -40.1716
v  42.2103 3.8133 -40.3518
v  42.2697 3.8133 -40.5474
v  42.2897 3.8133 -40.7509
v  42.2697 3.8133 -40.9543
v  42.2103 3.8133 -41.1499
v  42.1140 3.8133 -41.3302
v  41.9843 3.8133 -41.4882
v  41.8263 3.8133 -41.6178
v  41.6460 3.8133 -41.7142
v  41.4504 3.8133 -41.7735
v  41.0310 3.5411 -41.8365
v  41.2470 3.5411 -41.8578
v  40.8234 3.5411 -41.7735
v  40.6320 3.5411 -41.6712
v  40.4643 3.5411 -41.5336
v  40.3266 3.5411 -41.3658
v  40.2243 3.5411 -41.1745
v  40.1613 3.5411 -40.9668
v  40.1401 3.5411 -40.7509
v  40.1613 3.5411 -40.5349
v  40.2243 3.5411 -40.3273
v  40.3266 3.5411 -40.1359
v  40.4643 3.5411 -39.9682
v  40.6320 3.5411 -39.8305
v  40.8234 3.5411 -39.7282
v  41.0310 3.5411 -39.6652
v  41.2470 3.5411 -39.6439
v  41.4629 3.5411 -39.6652
v  41.6706 3.5411 -39.7282
v  41.8620 3.5411 -39.8305
v  42.0297 3.5411 -39.9682
v  42.1674 3.5411 -40.1359
v  42.2697 3.5411 -40.3273
v  42.3326 3.5411 -40.5349
v  42.3539 3.5411 -40.7509
v  42.3326 3.5411 -40.9668
v  42.2697 3.5411 -41.1745
v  42.1674 3.5411 -41.3658
v  42.0297 3.5411 -41.5336
v  41.8620 3.5411 -41.6712
v  41.6706 3.5411 -41.7735
v  41.4629 3.5411 -41.8365
v  41.0268 3.2581 -41.8578
v  41.2470 3.2581 -41.8795
v  40.8151 3.2581 -41.7936
v  40.6200 3.2581 -41.6893
v  40.4490 3.2581 -41.5489
v  40.3086 3.2581 -41.3779
v  40.2043 3.2581 -41.1828
v  40.1401 3.2581 -40.9710
v  40.1184 3.2581 -40.7509
v  40.1401 3.2581 -40.5307
v  40.2043 3.2581 -40.3190
v  40.3086 3.2581 -40.1238
v  40.4490 3.2581 -39.9528
v  40.6200 3.2581 -39.8125
v  40.8151 3.2581 -39.7082
v  41.0268 3.2581 -39.6439
v  41.2470 3.2581 -39.6223
v  41.4672 3.2581 -39.6439
v  41.6789 3.2581 -39.7082
v  41.8740 3.2581 -39.8125
v  42.0450 3.2581 -39.9528
v  42.1854 3.2581 -40.1238
v  42.2897 3.2581 -40.3190
v  42.3539 3.2581 -40.5307
v  42.3756 3.2581 -40.7509
v  42.3539 3.2581 -40.9710
v  42.2897 3.2581 -41.1828
v  42.1854 3.2581 -41.3779
v  42.0450 3.2581 -41.5489
v  41.8740 3.2581 -41.6893
v  41.6789 3.2581 -41.7936
v  41.4672 3.2581 -41.8578
v  41.0310 2.9750 -41.8365
v  41.2470 2.9750 -41.8578
v  40.8234 2.9750 -41.7735
v  40.6320 2.9750 -41.6712
v  40.4643 2.9750 -41.5336
v  40.3266 2.9750 -41.3658
v  40.2243 2.9750 -41.1745
v  40.1613 2.9750 -40.9668
v  40.1401 2.9750 -40.7509
v  40.1613 2.9750 -40.5349
v  40.2243 2.9750 -40.3273
v  40.3266 2.9750 -40.1359
v  40.4643 2.9750 -39.9682
v  40.6320 2.9750 -39.8305
v  40.8234 2.9750 -39.7282
v  41.0310 2.9750 -39.6652
v  41.2470 2.9750 -39.6439
v  41.4629 2.9750 -39.6652
v  41.6706 2.9750 -39.7282
v  41.8620 2.9750 -39.8305
v  42.0297 2.9750 -39.9682
v  42.1674 2.9750 -40.1359
v  42.2697 2.9750 -40.3273
v  42.3326 2.9750 -40.5349
v  42.3539 2.9750 -40.7509
v  42.3326 2.9750 -40.9668
v  42.2697 2.9750 -41.1745
v  42.1674 2.9750 -41.3658
v  42.0297 2.9750 -41.5336
v  41.8620 2.9750 -41.6712
v  41.6706 2.9750 -41.7735
v  41.4629 2.9750 -41.8365
v  41.0436 2.7029 -41.7735
v  41.2470 2.7029 -41.7936
v  40.8480 2.7029 -41.7142
v  40.6677 2.7029 -41.6178
v  40.5097 2.7029 -41.4882
v  40.3800 2.7029 -41.3302
v  40.2837 2.7029 -41.1499
v  40.2243 2.7029 -40.9543
v  40.2043 2.7029 -40.7509
v  40.2243 2.7029 -40.5474
v  40.2837 2.7029 -40.3518
v  40.3800 2.7029 -40.1716
v  40.5097 2.7029 -40.0136
v  40.6677 2.7029 -39.8839
v  40.8480 2.7029 -39.7875
v  41.0436 2.7029 -39.7282
v  41.2470 2.7029 -39.7082
v  41.4504 2.7029 -39.7282
v  41.6460 2.7029 -39.7875
v  41.8263 2.7029 -39.8839
v  41.9843 2.7029 -40.0136
v  42.1140 2.7029 -40.1716
v  42.2103 2.7029 -40.3518
v  42.2697 2.7029 -40.5474
v  42.2897 2.7029 -40.7509
v  42.2697 2.7029 -40.9543
v  42.2103 2.7029 -41.1499
v  42.1140 2.7029 -41.3302
v  41.9843 2.7029 -41.4882
v  41.8263 2.7029 -41.6178
v  41.6460 2.7029 -41.7142
v  41.4504 2.7029 -41.7735
v  41.0639 2.4520 -41.6712
v  41.2470 2.4520 -41.6893
v  40.8879 2.4520 -41.6178
v  40.7256 2.4520 -41.5311
v  40.5834 2.4520 -41.4144
v  40.4667 2.4520 -41.2722
v  40.3800 2.4520 -41.1100
v  40.3266 2.4520 -40.9339
v  40.3086 2.4520 -40.7509
v  40.3266 2.4520 -40.5678
v  40.3800 2.4520 -40.3918
v  40.4667 2.4520 -40.2295
v  40.5834 2.4520 -40.0873
v  40.7256 2.4520 -39.9706
v  40.8879 2.4520 -39.8839
v  41.0639 2.4520 -39.8305
v  41.2470 2.4520 -39.8125
v  41.4301 2.4520 -39.8305
v  41.6061 2.4520 -39.8839
v  41.7683 2.4520 -39.9706
v  41.9105 2.4520 -40.0873
v  42.0272 2.4520 -40.2295
v  42.1140 2.4520 -40.3918
v  42.1674 2.4520 -40.5678
v  42.1854 2.4520 -40.7509
v  42.1674 2.4520 -40.9339
v  42.1140 2.4520 -41.1100
v  42.0272 2.4520 -41.2722
v  41.9105 2.4520 -41.4144
v  41.7683 2.4520 -41.5311
v  41.6061 2.4520 -41.6178
v  41.4301 2.4520 -41.6712
v  41.0913 2.2322 -41.5336
v  41.2470 2.2322 -41.5489
v  40.9416 2.2322 -41.4882
v  40.8036 2.2322 -41.4144
v  40.6827 2.2322 -41.3152
v  40.5834 2.2322 -41.1942
v  40.5097 2.2322 -41.0563
v  40.4643 2.2322 -40.9065
v  40.4490 2.2322 -40.7509
v  40.4643 2.2322 -40.5952
v  40.5097 2.2322 -40.4455
v  40.5834 2.2322 -40.3075
v  40.6827 2.2322 -40.1866
v  40.8036 2.2322 -40.0873
v  40.9416 2.2322 -40.0136
v  41.0913 2.2322 -39.9682
v  41.2470 2.2322 -39.9528
v  41.4027 2.2322 -39.9682
v  41.5524 2.2322 -40.0136
v  41.6904 2.2322 -40.0873
v  41.8113 2.2322 -40.1866
v  41.9105 2.2322 -40.3075
v  41.9843 2.2322 -40.4455
v  42.0297 2.2322 -40.5952
v  42.0450 2.2322 -40.7509
v  42.0297 2.2322 -40.9066
v  41.9843 2.2322 -41.0563
v  41.9105 2.2322 -41.1942
v  41.8113 2.2322 -41.3152
v  41.6904 2.2322 -41.4144
v  41.5524 2.2322 -41.4882
v  41.4027 2.2322 -41.5336
v  41.1247 2.0517 -41.3658
v  41.2470 2.0517 -41.3779
v  41.0070 2.0517 -41.3302
v  40.8986 2.0517 -41.2722
v  40.8036 2.0517 -41.1942
v  40.7256 2.0517 -41.0992
v  40.6677 2.0517 -40.9908
v  40.6320 2.0517 -40.8732
v  40.6200 2.0517 -40.7509
v  40.6320 2.0517 -40.6285
v  40.6677 2.0517 -40.5109
v  40.7256 2.0517 -40.4025
v  40.8036 2.0517 -40.3075
v  40.8986 2.0517 -40.2295
v  41.0070 2.0517 -40.1716
v  41.1247 2.0517 -40.1359
v  41.2470 2.0517 -40.1238
v  41.3693 2.0517 -40.1359
v  41.4869 2.0517 -40.1716
v  41.5953 2.0517 -40.2295
v  41.6904 2.0517 -40.3075
v  41.7683 2.0517 -40.4025
v  41.8263 2.0517 -40.5109
v  41.8620 2.0517 -40.6285
v  41.8740 2.0517 -40.7509
v  41.8620 2.0517 -40.8732
v  41.8263 2.0517 -40.9908
v  41.7683 2.0517 -41.0992
v  41.6904 2.0517 -41.1942
v  41.5953 2.0517 -41.2722
v  41.4869 2.0517 -41.3302
v  41.3693 2.0517 -41.3658
v  41.1627 1.9177 -41.1745
v  41.2470 1.9177 -41.1828
v  41.0817 1.9177 -41.1499
v  41.0070 1.9177 -41.1100
v  40.9416 1.9177 -41.0563
v  40.8879 1.9177 -40.9908
v  40.8480 1.9177 -40.9161
v  40.8234 1.9177 -40.8351
v  40.8151 1.9177 -40.7509
v  40.8234 1.9177 -40.6666
v  40.8480 1.9177 -40.5856
v  40.8879 1.9177 -40.5109
v  40.9416 1.9177 -40.4455
v  41.0070 1.9177 -40.3918
v  41.0817 1.9177 -40.3518
v  41.1627 1.9177 -40.3273
v  41.2470 1.9177 -40.3190
v  41.3313 1.9177 -40.3273
v  41.4123 1.9177 -40.3518
v  41.4869 1.9177 -40.3918
v  41.5524 1.9177 -40.4455
v  41.6061 1.9177 -40.5109
v  41.6460 1.9177 -40.5856
v  41.6706 1.9177 -40.6666
v  41.6789 1.9177 -40.7509
v  41.6706 1.9177 -40.8351
v  41.6460 1.9177 -40.9161
v  41.6061 1.9177 -40.9908
v  41.5524 1.9177 -41.0563
v  41.4869 1.9177 -41.1100
v  41.4123 1.9177 -41.1499
v  41.3313 1.9177 -41.1745
v  41.2040 1.8351 -40.9668
v  41.2470 1.8351 -40.9710
v  41.1627 1.8351 -40.9543
v  41.1247 1.8351 -40.9339
v  41.0913 1.8351 -40.9065
v  41.0639 1.8351 -40.8732
v  41.0436 1.8351 -40.8351
v  41.0310 1.8351 -40.7938
v  41.0268 1.8351 -40.7509
v  41.0310 1.8351 -40.7079
v  41.0436 1.8351 -40.6666
v  41.0639 1.8351 -40.6285
v  41.0913 1.8351 -40.5952
v  41.1247 1.8351 -40.5678
v  41.1627 1.8351 -40.5474
v  41.2040 1.8351 -40.5349
v  41.2470 1.8351 -40.5307
v  41.2900 1.8351 -40.5349
v  41.3313 1.8351 -40.5474
v  41.3693 1.8351 -40.5678
v  41.4027 1.8351 -40.5952
v  41.4301 1.8351 -40.6285
v  41.4504 1.8351 -40.6666
v  41.4629 1.8351 -40.7079
v  41.4672 1.8351 -40.7509
v  41.4629 1.8351 -40.7938
v  41.4504 1.8351 -40.8351
v  41.4301 1.8351 -40.8732
v  41.4027 1.8351 -40.9065
v  41.3693 1.8351 -40.9339
v  41.3313 1.8351 -40.9543
v  41.2899 1.8351 -40.9668
v  41.2470 1.8072 -40.7509
v  43.0237 0.8055 40.5484
v  43.0237 0.8055 37.6706
v  56.6930 0.8055 37.6706
v  56.6930 0.8055 40.5484
v  43.0237 3.7860 40.5484
v  56.6930 3.7860 40.5484
v  56.6930 3.7860 37.6706
v  43.0237 3.7860 37.6706
v  43.3154 1.3251 35.1971
v  43.3154 1.3251 31.9665
v  44.8807 1.3251 31.9665
v  47.2754 1.3251 32.3310
v  56.5736 1.3251 35.1971
v  56.5736 3.0486 35.1971
v  47.2754 3.0486 32.3310
v  44.8807 3.0486 31.9665
v  43.3154 3.0486 31.9665
v  43.3154 3.0486 35.1971
v  43.3154 1.3251 38.4929
v  56.5736 1.3251 38.4929
v  56.5736 3.0486 38.4929
v  43.3154 3.0486 38.4929
v  56.5736 1.3251 25.4402
v  43.3154 1.3251 25.4402
v  43.3154 3.0486 25.4402
v  56.5736 3.0486 25.4402
v  43.3154 1.3251 28.7360
v  43.3154 3.0486 28.7360
v  56.5736 1.3251 28.7360
v  47.2754 1.3251 31.6020
v  56.5736 3.0486 28.7360
v  47.2754 3.0486 31.6020
v  43.0237 0.8055 26.1253
v  43.0237 0.8055 23.2475
v  56.6930 0.8055 23.2475
v  56.6930 0.8055 26.1253
v  43.0237 3.7860 26.1253
v  56.6930 3.7860 26.1253
v  56.6930 3.7860 23.2475
v  43.0237 3.7860 23.2475
v  41.3882 2.0185 -57.8497
v  41.3882 2.9499 -57.6616
v  42.7137 2.9499 -57.4870
v  42.7624 2.0185 -57.6688
v  41.3882 3.6318 -57.1475
v  42.5807 3.6318 -56.9905
v  41.3882 3.8813 -56.4452
v  42.3989 3.8813 -56.3121
v  41.3882 3.6318 -55.7430
v  42.2172 3.6318 -55.6338
v  41.3882 2.9499 -55.2289
v  42.0841 2.9499 -55.1372
v  41.3882 2.0185 -55.0407
v  42.0354 2.0185 -54.9555
v  41.3882 1.0871 -55.2289
v  42.0841 1.0871 -55.1372
v  41.3882 0.4053 -55.7430
v  42.2172 0.4053 -55.6338
v  41.3882 0.1557 -56.4452
v  42.3989 0.1557 -56.3121
v  41.3882 0.4053 -57.1475
v  42.5807 0.4053 -56.9905
v  41.3882 1.0871 -57.6616
v  42.7137 1.0871 -57.4870
v  43.9490 2.9499 -56.9754
v  44.0430 2.0185 -57.1384
v  43.6919 3.6318 -56.5302
v  43.3408 3.8813 -55.9220
v  42.9896 3.6318 -55.3139
v  42.7326 2.9499 -54.8686
v  42.6385 2.0185 -54.7057
v  42.7326 1.0871 -54.8686
v  42.9896 0.4053 -55.3138
v  43.3408 0.1557 -55.9220
v  43.6919 0.4053 -56.5302
v  43.9490 1.0871 -56.9754
v  45.0097 2.9499 -56.1615
v  45.1427 2.0185 -56.2946
v  44.6461 3.6318 -55.7980
v  44.1496 3.8813 -55.3014
v  43.6530 3.6318 -54.8048
v  43.2895 2.9499 -54.4413
v  43.1564 2.0185 -54.3083
v  43.2895 1.0871 -54.4413
v  43.6530 0.4053 -54.8048
v  44.1496 0.1557 -55.3014
v  44.6461 0.4053 -55.7980
v  45.0097 1.0871 -56.1615
v  45.8236 2.9499 -55.1008
v  45.9865 2.0185 -55.1949
v  45.3783 3.6318 -54.8438
v  44.7702 3.8813 -54.4926
v  44.1620 3.6318 -54.1415
v  43.7168 2.9499 -53.8844
v  43.5538 2.0185 -53.7904
v  43.7168 1.0871 -53.8844
v  44.1620 0.4053 -54.1415
v  44.7702 0.1557 -54.4926
v  45.3783 0.4053 -54.8438
v  45.8236 1.0871 -55.1008
v  46.3352 2.9499 -53.8656
v  46.5170 2.0185 -53.9143
v  45.8386 3.6318 -53.7325
v  45.1603 3.8813 -53.5508
v  44.4820 3.6318 -53.3690
v  43.9854 2.9499 -53.2360
v  43.8036 2.0185 -53.1872
v  43.9854 1.0871 -53.2360
v  44.4820 0.4053 -53.3690
v  45.1603 0.1557 -53.5508
v  45.8386 0.4053 -53.7325
v  46.3352 1.0871 -53.8656
v  46.5097 2.9499 -52.5400
v  46.6979 2.0185 -52.5400
v  45.9956 3.6318 -52.5400
v  45.2934 3.8813 -52.5400
v  44.5911 3.6318 -52.5400
v  44.0770 2.9499 -52.5400
v  43.8889 2.0185 -52.5400
v  44.0770 1.0871 -52.5400
v  44.5911 0.4053 -52.5400
v  45.2934 0.1557 -52.5400
v  45.9956 0.4053 -52.5400
v  46.5097 1.0871 -52.5400
v  46.3352 2.9499 -51.2145
v  46.5170 2.0185 -51.1658
v  45.8386 3.6318 -51.3475
v  45.1603 3.8813 -51.5293
v  44.4820 3.6318 -51.7110
v  43.9854 2.9499 -51.8441
v  43.8036 2.0185 -51.8928
v  43.9854 1.0871 -51.8441
v  44.4820 0.4053 -51.7110
v  45.1603 0.1557 -51.5293
v  45.8386 0.4053 -51.3475
v  46.3352 1.0871 -51.2145
v  45.8236 2.9499 -49.9793
v  45.9865 2.0185 -49.8852
v  45.3783 3.6318 -50.2363
v  44.7702 3.8813 -50.5874
v  44.1620 3.6318 -50.9386
v  43.7168 2.9499 -51.1956
v  43.5538 2.0185 -51.2897
v  43.7168 1.0871 -51.1956
v  44.1620 0.4053 -50.9386
v  44.7702 0.1557 -50.5874
v  45.3783 0.4053 -50.2363
v  45.8236 1.0871 -49.9793
v  45.0097 2.9499 -48.9186
v  45.1427 2.0185 -48.7855
v  44.6461 3.6318 -49.2821
v  44.1496 3.8813 -49.7786
v  43.6530 3.6318 -50.2752
v  43.2895 2.9499 -50.6387
v  43.1564 2.0185 -50.7718
v  43.2895 1.0871 -50.6387
v  43.6530 0.4053 -50.2752
v  44.1496 0.1557 -49.7786
v  44.6461 0.4053 -49.2821
v  45.0097 1.0871 -48.9186
v  43.9490 2.9499 -48.1046
v  44.0430 2.0185 -47.9417
v  43.6919 3.6318 -48.5499
v  43.3408 3.8813 -49.1580
v  42.9896 3.6318 -49.7662
v  42.7326 2.9499 -50.2114
v  42.6385 2.0185 -50.3744
v  42.7326 1.0871 -50.2114
v  42.9896 0.4053 -49.7662
v  43.3408 0.1557 -49.1580
v  43.6919 0.4053 -48.5499
v  43.9490 1.0871 -48.1046
v  42.7137 2.9499 -47.5930
v  42.7624 2.0185 -47.4112
v  42.5807 3.6318 -48.0896
v  42.3989 3.8813 -48.7679
v  42.2172 3.6318 -49.4462
v  42.0841 2.9499 -49.9428
v  42.0354 2.0185 -50.1246
v  42.0841 1.0871 -49.9428
v  42.2172 0.4053 -49.4462
v  42.3989 0.1557 -48.7679
v  42.5807 0.4053 -48.0896
v  42.7137 1.0871 -47.5930
v  41.3882 2.9499 -47.4185
v  41.3882 2.0185 -47.2303
v  41.3882 3.6318 -47.9326
v  41.3882 3.8813 -48.6348
v  41.3882 3.6318 -49.3371
v  41.3882 2.9499 -49.8512
v  41.3882 2.0185 -50.0394
v  41.3882 1.0871 -49.8512
v  41.3882 0.4053 -49.3371
v  41.3882 0.1557 -48.6348
v  41.3882 0.4053 -47.9326
v  41.3882 1.0871 -47.4185
v  40.0626 2.9499 -47.5930
v  40.0139 2.0185 -47.4112
v  40.1957 3.6318 -48.0896
v  40.3774 3.8813 -48.7679
v  40.5592 3.6318 -49.4462
v  40.6923 2.9499 -49.9428
v  40.7410 2.0185 -50.1246
v  40.6923 1.0871 -49.9428
v  40.5592 0.4053 -49.4462
v  40.3774 0.1557 -48.7679
v  40.1957 0.4053 -48.0896
v  40.0626 1.0871 -47.5930
v  38.8274 2.9499 -48.1046
v  38.7333 2.0185 -47.9417
v  39.0845 3.6318 -48.5499
v  39.4356 3.8813 -49.1580
v  39.7867 3.6318 -49.7662
v  40.0438 2.9499 -50.2114
v  40.1378 2.0185 -50.3744
v  40.0438 1.0871 -50.2114
v  39.7867 0.4053 -49.7662
v  39.4356 0.1557 -49.1580
v  39.0845 0.4053 -48.5499
v  38.8274 1.0871 -48.1046
v  37.7667 2.9499 -48.9186
v  37.6337 2.0185 -48.7855
v  38.1302 3.6318 -49.2821
v  38.6268 3.8813 -49.7786
v  39.1234 3.6318 -50.2752
v  39.4869 2.9499 -50.6387
v  39.6199 2.0185 -50.7718
v  39.4869 1.0871 -50.6387
v  39.1234 0.4053 -50.2752
v  38.6268 0.1557 -49.7786
v  38.1302 0.4053 -49.2821
v  37.7667 1.0871 -48.9186
v  36.9528 2.9499 -49.9793
v  36.7898 2.0185 -49.8852
v  37.3980 3.6318 -50.2363
v  38.0062 3.8813 -50.5874
v  38.6144 3.6318 -50.9386
v  39.0596 2.9499 -51.1956
v  39.2225 2.0185 -51.2897
v  39.0596 1.0871 -51.1956
v  38.6144 0.4053 -50.9386
v  38.0062 0.1557 -50.5874
v  37.3980 0.4053 -50.2363
v  36.9528 1.0871 -49.9793
v  36.4412 2.9499 -51.2145
v  36.2594 2.0185 -51.1658
v  36.9377 3.6318 -51.3475
v  37.6161 3.8813 -51.5293
v  38.2944 3.6318 -51.7110
v  38.7910 2.9499 -51.8441
v  38.9727 2.0185 -51.8928
v  38.7910 1.0871 -51.8441
v  38.2944 0.4053 -51.7110
v  37.6161 0.1557 -51.5293
v  36.9377 0.4053 -51.3475
v  36.4412 1.0871 -51.2145
v  36.2666 2.9499 -52.5400
v  36.0785 2.0185 -52.5400
v  36.7807 3.6318 -52.5400
v  37.4830 3.8813 -52.5400
v  38.1852 3.6318 -52.5400
v  38.6993 2.9499 -52.5400
v  38.8875 2.0185 -52.5400
v  38.6993 1.0871 -52.5400
v  38.1852 0.4053 -52.5400
v  37.4830 0.1557 -52.5400
v  36.7807 0.4053 -52.5400
v  36.2666 1.0871 -52.5400
v  36.4412 2.9499 -53.8656
v  36.2594 2.0185 -53.9143
v  36.9377 3.6318 -53.7325
v  37.6161 3.8813 -53.5508
v  38.2944 3.6318 -53.3690
v  38.7910 2.9499 -53.2360
v  38.9727 2.0185 -53.1872
v  38.7910 1.0871 -53.2360
v  38.2944 0.4053 -53.3690
v  37.6161 0.1557 -53.5508
v  36.9377 0.4053 -53.7325
v  36.4412 1.0871 -53.8656
v  36.9528 2.9499 -55.1008
v  36.7898 2.0185 -55.1949
v  37.3980 3.6318 -54.8438
v  38.0062 3.8813 -54.4926
v  38.6144 3.6318 -54.1415
v  39.0596 2.9499 -53.8844
v  39.2225 2.0185 -53.7904
v  39.0596 1.0871 -53.8844
v  38.6144 0.4053 -54.1415
v  38.0062 0.1557 -54.4926
v  37.3980 0.4053 -54.8438
v  36.9528 1.0871 -55.1008
v  37.7667 2.9499 -56.1615
v  37.6336 2.0185 -56.2946
v  38.1302 3.6318 -55.7980
v  38.6268 3.8813 -55.3014
v  39.1234 3.6318 -54.8048
v  39.4869 2.9499 -54.4413
v  39.6199 2.0185 -54.3083
v  39.4869 1.0871 -54.4413
v  39.1234 0.4053 -54.8048
v  38.6268 0.1557 -55.3014
v  38.1302 0.4053 -55.7980
v  37.7667 1.0871 -56.1615
v  38.8274 2.9499 -56.9754
v  38.7333 2.0185 -57.1384
v  39.0845 3.6318 -56.5302
v  39.4356 3.8813 -55.9220
v  39.7867 3.6318 -55.3138
v  40.0438 2.9499 -54.8686
v  40.1378 2.0185 -54.7057
v  40.0438 1.0871 -54.8686
v  39.7867 0.4053 -55.3138
v  39.4356 0.1557 -55.9220
v  39.0845 0.4053 -56.5302
v  38.8274 1.0871 -56.9754
v  40.0626 2.9499 -57.4870
v  40.0139 2.0185 -57.6688
v  40.1957 3.6318 -56.9905
v  40.3774 3.8813 -56.3121
v  40.5592 3.6318 -55.6338
v  40.6923 2.9499 -55.1372
v  40.7410 2.0185 -54.9555
v  40.6923 1.0871 -55.1372
v  40.5592 0.4053 -55.6338
v  40.3774 0.1557 -56.3121
v  40.1957 0.4053 -56.9905
v  40.0626 1.0871 -57.4870
# 2606 vertices

vn -0.0000 1.0000 0.0039
vn -0.0958 0.9954 0.0039
vn -0.0958 0.9954 0.0004
vn -0.0000 1.0000 0.0004
vn -0.1908 0.9816 0.0039
vn -0.1908 0.9816 0.0004
vn -0.1908 0.9816 0.0000
vn -0.0958 0.9954 0.0000
vn -0.0000 1.0000 -0.0000
vn -0.2843 0.9587 0.0039
vn -0.2843 0.9587 0.0004
vn -0.3753 0.9269 0.0039
vn -0.3753 0.9269 0.0004
vn -0.3753 0.9269 0.0000
vn -0.2843 0.9587 0.0000
vn -0.4630 0.8863 0.0039
vn -0.4630 0.8863 0.0004
vn -0.5468 0.8373 0.0039
vn -0.5468 0.8373 0.0004
vn -0.5468 0.8373 0.0000
vn -0.4630 0.8863 0.0000
vn -0.6257 0.7801 0.0039
vn -0.6257 0.7801 0.0004
vn -0.6990 0.7151 0.0040
vn -0.6990 0.7151 0.0004
vn -0.6990 0.7151 0.0000
vn -0.6257 0.7801 0.0000
vn -0.7658 0.6430 0.0040
vn -0.7658 0.6430 0.0004
vn -0.8255 0.5644 0.0040
vn -0.8255 0.5644 0.0004
vn -0.8255 0.5644 0.0000
vn -0.7658 0.6430 0.0000
vn -0.8774 0.4798 0.0040
vn -0.8774 0.4798 0.0004
vn -0.9207 0.3902 0.0040
vn -0.9207 0.3902 0.0004
vn -0.9207 0.3902 0.0000
vn -0.8774 0.4798 0.0000
vn -0.9551 0.2964 0.0040
vn -0.9551 0.2964 0.0004
vn -0.9799 0.1994 0.0040
vn -0.9799 0.1994 0.0004
vn -0.9799 0.1994 0.0000
vn -0.9551 0.2964 0.0000
vn -0.9950 0.1003 0.0040
vn -0.9950 0.1003 0.0004
vn -1.0000 -0.0000 0.0040
vn -1.0000 0.0000 0.0004
vn -1.0000 0.0000 0.0000
vn -0.9950 0.1003 0.0000
vn -0.9950 -0.1003 0.0040
vn -0.9950 -0.1003 0.0004
vn -0.9799 -0.1994 0.0040
vn -0.9799 -0.1994 0.0004
vn -0.9799 -0.1994 0.0000
vn -0.9950 -0.1003 0.0000
vn -0.9551 -0.2964 0.0040
vn -0.9551 -0.2964 0.0004
vn -0.9207 -0.3902 0.0040
vn -0.9207 -0.3902 0.0004
vn -0.9207 -0.3902 0.0000
vn -0.9551 -0.2964 0.0000
vn -0.8774 -0.4798 0.0040
vn -0.8774 -0.4798 0.0004
vn -0.8255 -0.5644 0.0040
vn -0.8255 -0.5644 0.0004
vn -0.8255 -0.5644 0.0000
vn -0.8774 -0.4798 0.0000
vn -0.7658 -0.6430 0.0040
vn -0.7658 -0.6430 0.0004
vn -0.6990 -0.7151 0.0040
vn -0.6990 -0.7151 0.0004
vn -0.6990 -0.7151 0.0000
vn -0.7658 -0.6430 0.0000
vn -0.6257 -0.7801 0.0039
vn -0.6257 -0.7801 0.0004
vn -0.5468 -0.8373 0.0039
vn -0.5468 -0.8373 0.0004
vn -0.5468 -0.8373 0.0000
vn -0.6257 -0.7801 0.0000
vn -0.4630 -0.8863 0.0039
vn -0.4630 -0.8863 0.0004
vn -0.3753 -0.9269 0.0039
vn -0.3753 -0.9269 0.0004
vn -0.3753 -0.9269 -0.0000
vn -0.4630 -0.8863 0.0000
vn -0.2843 -0.9587 0.0039
vn -0.2843 -0.9587 0.0004
vn -0.1908 -0.9816 0.0039
vn -0.1908 -0.9816 0.0004
vn -0.1908 -0.9816 0.0000
vn -0.2843 -0.9587 0.0000
vn -0.0958 -0.9954 0.0039
vn -0.0958 -0.9954 0.0004
vn -0.0000 -1.0000 0.0039
vn -0.0000 -1.0000 0.0004
vn 0.0000 -1.0000 -0.0000
vn -0.0958 -0.9954 -0.0000
vn 0.0958 -0.9954 0.0039
vn 0.0958 -0.9954 0.0004
vn 0.1908 -0.9816 0.0039
vn 0.1908 -0.9816 0.0004
vn 0.1908 -0.9816 -0.0000
vn 0.0958 -0.9954 -0.0000
vn 0.2843 -0.9587 0.0039
vn 0.2843 -0.9587 0.0004
vn 0.3753 -0.9269 0.0039
vn 0.3753 -0.9269 0.0004
vn 0.3753 -0.9269 -0.0000
vn 0.2843 -0.9587 -0.0000
vn 0.4630 -0.8863 0.0039
vn 0.4630 -0.8863 0.0004
vn 0.5468 -0.8373 0.0039
vn 0.5468 -0.8373 0.0004
vn 0.5468 -0.8373 -0.0000
vn 0.4630 -0.8863 -0.0000
vn 0.6257 -0.7801 0.0039
vn 0.6257 -0.7801 0.0004
vn 0.6990 -0.7151 0.0040
vn 0.6990 -0.7151 0.0004
vn 0.6990 -0.7151 -0.0000
vn 0.6257 -0.7801 -0.0000
vn 0.7658 -0.6430 0.0040
vn 0.7658 -0.6430 0.0004
vn 0.8255 -0.5644 0.0040
vn 0.8255 -0.5644 0.0004
vn 0.8255 -0.5644 -0.0000
vn 0.7658 -0.6430 -0.0000
vn 0.8774 -0.4798 0.0040
vn 0.8774 -0.4798 0.0004
vn 0.9207 -0.3902 0.0040
vn 0.9207 -0.3902 0.0004
vn 0.9207 -0.3902 -0.0000
vn 0.8774 -0.4798 -0.0000
vn 0.9551 -0.2964 0.0040
vn 0.9551 -0.2964 0.0004
vn 0.9799 -0.1994 0.0040
vn 0.9799 -0.1994 0.0004
vn 0.9799 -0.1994 -0.0000
vn 0.9551 -0.2964 -0.0000
vn 0.9950 -0.1003 0.0040
vn 0.9950 -0.1003 0.0004
vn 1.0000 0.0000 0.0040
vn 1.0000 0.0000 0.0004
vn 1.0000 0.0000 -0.0000
vn 0.9950 -0.1003 -0.0000
vn 0.9950 0.1003 0.0040
vn 0.9950 0.1003 0.0004
vn 0.9799 0.1994 0.0040
vn 0.9799 0.1994 0.0004
vn 0.9799 0.1994 -0.0000
vn 0.9950 0.1003 -0.0000
vn 0.9551 0.2964 0.0040
vn 0.9551 0.2964 0.0004
vn 0.9207 0.3902 0.0040
vn 0.9207 0.3902 0.0004
vn 0.9207 0.3902 -0.0000
vn 0.9551 0.2964 -0.0000
vn 0.8774 0.4798 0.0040
vn 0.8774 0.4798 0.0004
vn 0.8255 0.5644 0.0040
vn 0.8255 0.5644 0.0004
vn 0.8255 0.5644 -0.0000
vn 0.8774 0.4798 -0.0000
vn 0.7658 0.6430 0.0040
vn 0.7658 0.6430 0.0004
vn 0.6990 0.7151 0.0040
vn 0.6990 0.7151 0.0004
vn 0.6990 0.7151 -0.0000
vn 0.7658 0.6430 -0.0000
vn 0.6257 0.7801 0.0039
vn 0.6257 0.7801 0.0004
vn 0.5468 0.8373 0.0039
vn 0.5468 0.8373 0.0004
vn 0.5468 0.8373 -0.0000
vn 0.6257 0.7801 -0.0000
vn 0.4630 0.8863 0.0039
vn 0.4630 0.8863 0.0004
vn 0.3753 0.9269 0.0039
vn 0.3753 0.9269 0.0004
vn 0.3753 0.9269 -0.0000
vn 0.4630 0.8863 -0.0000
vn 0.2843 0.9587 0.0039
vn 0.2843 0.9587 0.0004
vn 0.1908 0.9816 0.0039
vn 0.1908 0.9816 0.0004
vn 0.1908 0.9816 -0.0000
vn 0.2843 0.9587 -0.0000
vn 0.0958 0.9954 0.0039
vn 0.0958 0.9954 0.0004
vn 0.0958 0.9954 -0.0000
vn -0.0000 1.0000 0.0000
vn -1.0000 -0.0000 0.0000
vn -0.3753 -0.9269 0.0000
vn -0.0958 -0.9954 0.0000
vn -0.0000 -1.0000 -0.0000
vn 0.0000 -1.0000 0.0000
vn 0.9207 -0.3902 0.0000
vn -0.5468 0.8373 -0.0000
vn -0.4630 -0.8863 -0.0000
vn -0.0000 -1.0000 0.0000
vn 0.7658 0.6430 0.0000
vn 0.5468 0.8373 0.0000
vn -0.0958 0.9953 0.0153
vn -0.0000 0.9999 0.0153
vn -0.1908 0.9815 0.0154
vn -0.1898 0.9759 0.1078
vn -0.0953 0.9896 0.1077
vn -0.0000 0.9942 0.1077
vn -0.2842 0.9586 0.0154
vn -0.3752 0.9268 0.0154
vn -0.3731 0.9215 0.1081
vn -0.2826 0.9531 0.1079
vn -0.4630 0.8862 0.0154
vn -0.5467 0.8372 0.0154
vn -0.5436 0.8323 0.1085
vn -0.4604 0.8811 0.1082
vn -0.6256 0.7800 0.0155
vn -0.6989 0.7150 0.0155
vn -0.6949 0.7109 0.1089
vn -0.6220 0.7754 0.1087
vn -0.7657 0.6430 0.0155
vn -0.8254 0.5643 0.0156
vn -0.8206 0.5609 0.1094
vn -0.7613 0.6392 0.1092
vn -0.8773 0.4797 0.0156
vn -0.9206 0.3901 0.0156
vn -0.9152 0.3878 0.1098
vn -0.8721 0.4769 0.1096
vn -0.9549 0.2964 0.0157
vn -0.9798 0.1994 0.0157
vn -0.9740 0.1982 0.1101
vn -0.9493 0.2946 0.1099
vn -0.9948 0.1002 0.0157
vn -0.9999 0.0000 0.0157
vn -0.9939 0.0000 0.1101
vn -0.9889 0.0996 0.1101
vn -0.9948 -0.1002 0.0157
vn -0.9798 -0.1994 0.0157
vn -0.9740 -0.1982 0.1101
vn -0.9889 -0.0996 0.1101
vn -0.9549 -0.2964 0.0157
vn -0.9206 -0.3901 0.0156
vn -0.9152 -0.3878 0.1098
vn -0.9493 -0.2946 0.1099
vn -0.8773 -0.4797 0.0156
vn -0.8254 -0.5643 0.0156
vn -0.8206 -0.5609 0.1094
vn -0.8721 -0.4769 0.1096
vn -0.7657 -0.6430 0.0155
vn -0.6989 -0.7150 0.0155
vn -0.6949 -0.7109 0.1089
vn -0.7613 -0.6392 0.1092
vn -0.6256 -0.7800 0.0155
vn -0.5467 -0.8372 0.0154
vn -0.5436 -0.8323 0.1085
vn -0.6220 -0.7754 0.1087
vn -0.4630 -0.8862 0.0154
vn -0.3752 -0.9268 0.0154
vn -0.3731 -0.9215 0.1081
vn -0.4604 -0.8811 0.1082
vn -0.2842 -0.9586 0.0154
vn -0.1908 -0.9815 0.0154
vn -0.1897 -0.9759 0.1078
vn -0.2826 -0.9531 0.1079
vn -0.0958 -0.9953 0.0153
vn 0.0000 -0.9999 0.0153
vn -0.0000 -0.9942 0.1077
vn -0.0953 -0.9896 0.1077
vn 0.0958 -0.9953 0.0153
vn 0.1908 -0.9815 0.0154
vn 0.1898 -0.9759 0.1078
vn 0.0953 -0.9896 0.1077
vn 0.2842 -0.9586 0.0154
vn 0.3752 -0.9268 0.0154
vn 0.3731 -0.9215 0.1081
vn 0.2826 -0.9531 0.1079
vn 0.4630 -0.8862 0.0154
vn 0.5467 -0.8372 0.0154
vn 0.5436 -0.8323 0.1085
vn 0.4604 -0.8811 0.1082
vn 0.6256 -0.7800 0.0155
vn 0.6989 -0.7150 0.0155
vn 0.6949 -0.7109 0.1089
vn 0.6220 -0.7754 0.1087
vn 0.7657 -0.6430 0.0155
vn 0.8254 -0.5643 0.0156
vn 0.8206 -0.5609 0.1094
vn 0.7613 -0.6392 0.1092
vn 0.8773 -0.4797 0.0156
vn 0.9206 -0.3901 0.0156
vn 0.9152 -0.3878 0.1098
vn 0.8721 -0.4769 0.1096
vn 0.9549 -0.2964 0.0157
vn 0.9798 -0.1994 0.0157
vn 0.9740 -0.1982 0.1101
vn 0.9493 -0.2946 0.1099
vn 0.9948 -0.1002 0.0157
vn 0.9999 0.0000 0.0157
vn 0.9939 0.0000 0.1101
vn 0.9889 -0.0996 0.1101
vn 0.9948 0.1002 0.0157
vn 0.9798 0.1994 0.0157
vn 0.9740 0.1982 0.1101
vn 0.9889 0.0996 0.1101
vn 0.9549 0.2964 0.0157
vn 0.9206 0.3901 0.0156
vn 0.9152 0.3878 0.1098
vn 0.9493 0.2946 0.1099
vn 0.8773 0.4797 0.0156
vn 0.8254 0.5643 0.0156
vn 0.8206 0.5609 0.1094
vn 0.8721 0.4769 0.1096
vn 0.7657 0.6430 0.0155
vn 0.6989 0.7150 0.0155
vn 0.6949 0.7109 0.1089
vn 0.7613 0.6392 0.1092
vn 0.6256 0.7800 0.0155
vn 0.5467 0.8372 0.0154
vn 0.5436 0.8323 0.1085
vn 0.6220 0.7754 0.1087
vn 0.4630 0.8862 0.0154
vn 0.3752 0.9268 0.0154
vn 0.3731 0.9215 0.1081
vn 0.4604 0.8811 0.1082
vn 0.2842 0.9586 0.0154
vn 0.1908 0.9815 0.0154
vn 0.1897 0.9759 0.1078
vn 0.2826 0.9531 0.1079
vn 0.0958 0.9953 0.0153
vn 0.0953 0.9896 0.1077
vn -0.0352 0.1249 0.9916
vn 0.0525 0.0692 0.9962
vn 0.0000 0.0000 1.0000
vn -0.0522 0.0692 0.9962
vn -0.0591 0.1194 0.9911
vn -0.0742 0.0435 0.9963
vn -0.0791 0.1017 0.9917
vn 0.0227 0.0843 0.9962
vn -0.0992 0.0872 0.9912
vn -0.0850 0.0110 0.9963
vn -0.1112 0.0630 0.9918
vn -0.0104 0.0868 0.9962
vn -0.1244 0.0418 0.9914
vn -0.0826 -0.0232 0.9963
vn -0.1264 0.0147 0.9919
vn -0.0420 0.0763 0.9962
vn -0.1305 -0.0101 0.9914
vn -0.0674 -0.0538 0.9963
vn -0.1223 -0.0360 0.9918
vn -0.0674 0.0541 0.9963
vn -0.1168 -0.0605 0.9913
vn -0.0421 -0.0759 0.9962
vn -0.0995 -0.0812 0.9917
vn -0.0827 0.0236 0.9963
vn -0.0853 -0.1016 0.9912
vn -0.0106 -0.0865 0.9962
vn -0.0614 -0.1139 0.9916
vn -0.0852 -0.0108 0.9963
vn -0.0408 -0.1272 0.9910
vn 0.0224 -0.0841 0.9962
vn -0.0142 -0.1292 0.9915
vn -0.0746 -0.0434 0.9963
vn 0.0099 -0.1334 0.9910
vn 0.0522 -0.0692 0.9962
vn 0.0352 -0.1249 0.9916
vn -0.0525 -0.0692 0.9962
vn 0.0591 -0.1194 0.9911
vn 0.0742 -0.0435 0.9963
vn 0.0791 -0.1017 0.9917
vn -0.0227 -0.0843 0.9962
vn 0.0992 -0.0872 0.9912
vn 0.0850 -0.0110 0.9963
vn 0.1112 -0.0630 0.9918
vn 0.0104 -0.0868 0.9962
vn 0.1244 -0.0418 0.9914
vn 0.0826 0.0232 0.9963
vn 0.1264 -0.0147 0.9919
vn 0.0420 -0.0763 0.9962
vn 0.1305 0.0101 0.9914
vn 0.0674 0.0538 0.9963
vn 0.1223 0.0360 0.9918
vn 0.0674 -0.0541 0.9963
vn 0.1168 0.0605 0.9913
vn 0.0421 0.0759 0.9962
vn 0.0995 0.0812 0.9917
vn 0.0827 -0.0236 0.9963
vn 0.0853 0.1016 0.9912
vn 0.0106 0.0865 0.9962
vn 0.0614 0.1139 0.9916
vn 0.0852 0.0108 0.9963
vn 0.0408 0.1272 0.9910
vn -0.0224 0.0841 0.9962
vn 0.0142 0.1292 0.9915
vn 0.0746 0.0434 0.9963
vn -0.0099 0.1334 0.9910
vn -0.0958 0.9954 0.0070
vn -0.1908 0.9816 0.0070
vn -0.0000 1.0000 0.0070
vn -0.0000 0.6452 0.7640
vn -0.0618 0.6422 0.7641
vn -0.0636 0.6617 0.7470
vn -0.0000 0.6649 0.7470
vn -0.1231 0.6330 0.7643
vn -0.1267 0.6524 0.7473
vn 0.0958 0.9954 0.0070
vn 0.1908 0.9816 0.0070
vn 0.1231 0.6330 0.7643
vn 0.0618 0.6422 0.7641
vn 0.0636 0.6617 0.7470
vn 0.1267 0.6524 0.7473
vn 0.2843 0.9587 0.0070
vn 0.3753 0.9269 0.0070
vn 0.2416 0.5969 0.7651
vn 0.1832 0.6179 0.7646
vn 0.1886 0.6368 0.7476
vn 0.2488 0.6152 0.7481
vn 0.4630 0.8863 0.0071
vn 0.5468 0.8372 0.0071
vn 0.3513 0.5380 0.7662
vn 0.2979 0.5702 0.7656
vn 0.3067 0.5878 0.7486
vn 0.3618 0.5547 0.7493
vn 0.6257 0.7800 0.0071
vn 0.6990 0.7151 0.0071
vn 0.4480 0.4584 0.7676
vn 0.4015 0.5006 0.7669
vn 0.4136 0.5162 0.7500
vn 0.4615 0.4727 0.7507
vn 0.7658 0.6430 0.0071
vn 0.8255 0.5643 0.0071
vn 0.5277 0.3608 0.7690
vn 0.4902 0.4116 0.7683
vn 0.5051 0.4246 0.7514
vn 0.5438 0.3722 0.7521
vn 0.8774 0.4798 0.0072
vn 0.9207 0.3902 0.0072
vn 0.5872 0.2489 0.7702
vn 0.5602 0.3064 0.7696
vn 0.5774 0.3161 0.7528
vn 0.6054 0.2568 0.7534
vn 0.9550 0.2964 0.0072
vn 0.9799 0.1994 0.0072
vn 0.6240 0.1270 0.7710
vn 0.6086 0.1889 0.7706
vn 0.6275 0.1950 0.7539
vn 0.6434 0.1311 0.7542
vn 0.9949 0.1003 0.0072
vn 1.0000 0.0000 0.0072
vn 0.6365 0.0000 0.7713
vn 0.6334 0.0638 0.7712
vn 0.6531 0.0659 0.7544
vn 0.6563 0.0000 0.7545
vn 0.9949 -0.1003 0.0072
vn 0.9799 -0.1994 0.0072
vn 0.6240 -0.1270 0.7710
vn 0.6334 -0.0638 0.7712
vn 0.6531 -0.0659 0.7544
vn 0.6434 -0.1311 0.7542
vn 0.9550 -0.2964 0.0072
vn 0.9207 -0.3902 0.0072
vn 0.5872 -0.2489 0.7702
vn 0.6086 -0.1889 0.7706
vn 0.6275 -0.1950 0.7539
vn 0.6054 -0.2568 0.7534
vn 0.8774 -0.4798 0.0072
vn 0.8255 -0.5643 0.0071
vn 0.5277 -0.3608 0.7690
vn 0.5602 -0.3064 0.7696
vn 0.5774 -0.3161 0.7528
vn 0.5438 -0.3722 0.7521
vn 0.7658 -0.6430 0.0071
vn 0.6990 -0.7151 0.0071
vn 0.4480 -0.4584 0.7676
vn 0.4902 -0.4116 0.7683
vn 0.5051 -0.4246 0.7514
vn 0.4615 -0.4727 0.7507
vn 0.6257 -0.7800 0.0071
vn 0.5468 -0.8372 0.0071
vn 0.3513 -0.5380 0.7662
vn 0.4015 -0.5006 0.7669
vn 0.4136 -0.5162 0.7500
vn 0.3618 -0.5547 0.7493
vn 0.4630 -0.8863 0.0071
vn 0.3753 -0.9269 0.0070
vn 0.2416 -0.5969 0.7651
vn 0.2979 -0.5702 0.7656
vn 0.3067 -0.5878 0.7486
vn 0.2488 -0.6152 0.7481
vn 0.2843 -0.9587 0.0070
vn 0.1908 -0.9816 0.0070
vn 0.1231 -0.6330 0.7643
vn 0.1832 -0.6179 0.7646
vn 0.1886 -0.6368 0.7476
vn 0.1267 -0.6524 0.7473
vn 0.0958 -0.9954 0.0070
vn -0.0000 -1.0000 0.0070
vn -0.0000 -0.6452 0.7640
vn 0.0618 -0.6422 0.7641
vn 0.0636 -0.6617 0.7470
vn -0.0000 -0.6649 0.7470
vn -0.0958 -0.9954 0.0070
vn -0.1908 -0.9816 0.0070
vn -0.1231 -0.6330 0.7643
vn -0.0618 -0.6422 0.7641
vn -0.0636 -0.6617 0.7470
vn -0.1267 -0.6524 0.7473
vn -0.2843 -0.9587 0.0070
vn -0.3753 -0.9269 0.0070
vn -0.2416 -0.5969 0.7651
vn -0.1832 -0.6179 0.7646
vn -0.1886 -0.6368 0.7476
vn -0.2488 -0.6152 0.7481
vn -0.4630 -0.8863 0.0071
vn -0.5468 -0.8372 0.0071
vn -0.3513 -0.5380 0.7662
vn -0.2979 -0.5702 0.7656
vn -0.3067 -0.5878 0.7486
vn -0.3618 -0.5547 0.7493
vn -0.6257 -0.7800 0.0071
vn -0.6990 -0.7151 0.0071
vn -0.4480 -0.4583 0.7676
vn -0.4015 -0.5006 0.7669
vn -0.4136 -0.5162 0.7500
vn -0.4615 -0.4727 0.7507
vn -0.7658 -0.6430 0.0071
vn -0.8255 -0.5643 0.0071
vn -0.5277 -0.3608 0.7690
vn -0.4902 -0.4116 0.7683
vn -0.5051 -0.4246 0.7514
vn -0.5438 -0.3722 0.7521
vn -0.8774 -0.4798 0.0072
vn -0.9207 -0.3902 0.0072
vn -0.5872 -0.2489 0.7702
vn -0.5602 -0.3064 0.7696
vn -0.5774 -0.3161 0.7528
vn -0.6054 -0.2568 0.7534
vn -0.9550 -0.2964 0.0072
vn -0.9799 -0.1994 0.0072
vn -0.6240 -0.1270 0.7710
vn -0.6086 -0.1889 0.7706
vn -0.6275 -0.1950 0.7539
vn -0.6434 -0.1311 0.7542
vn -0.9949 -0.1003 0.0072
vn -1.0000 -0.0000 0.0072
vn -0.6365 0.0000 0.7713
vn -0.6334 -0.0638 0.7712
vn -0.6531 -0.0659 0.7544
vn -0.6563 -0.0000 0.7545
vn -0.9949 0.1003 0.0072
vn -0.9799 0.1994 0.0072
vn -0.6240 0.1270 0.7710
vn -0.6334 0.0638 0.7712
vn -0.6531 0.0659 0.7544
vn -0.6434 0.1311 0.7542
vn -0.9550 0.2964 0.0072
vn -0.9207 0.3902 0.0072
vn -0.5872 0.2489 0.7702
vn -0.6086 0.1889 0.7706
vn -0.6275 0.1950 0.7539
vn -0.6054 0.2568 0.7534
vn -0.8774 0.4798 0.0072
vn -0.8255 0.5643 0.0071
vn -0.5277 0.3608 0.7690
vn -0.5602 0.3064 0.7696
vn -0.5774 0.3161 0.7528
vn -0.5438 0.3722 0.7521
vn -0.7658 0.6430 0.0071
vn -0.6990 0.7151 0.0071
vn -0.4480 0.4583 0.7676
vn -0.4902 0.4116 0.7683
vn -0.5051 0.4246 0.7514
vn -0.4615 0.4727 0.7507
vn -0.6257 0.7800 0.0071
vn -0.5468 0.8372 0.0071
vn -0.3513 0.5380 0.7662
vn -0.4015 0.5006 0.7669
vn -0.4136 0.5162 0.7500
vn -0.3618 0.5547 0.7493
vn -0.4630 0.8863 0.0071
vn -0.3753 0.9269 0.0070
vn -0.2416 0.5969 0.7651
vn -0.2979 0.5702 0.7656
vn -0.3067 0.5878 0.7486
vn -0.2488 0.6152 0.7481
vn -0.2843 0.9587 0.0070
vn -0.1832 0.6179 0.7646
vn -0.1886 0.6368 0.7476
vn -0.0599 0.6225 0.7803
vn -0.1193 0.6136 0.7805
vn -0.0000 0.6254 0.7803
vn -0.0000 0.6417 0.7670
vn -0.0615 0.6387 0.7670
vn -0.1224 0.6296 0.7672
vn 0.0599 0.6225 0.7803
vn 0.1193 0.6136 0.7805
vn 0.1224 0.6296 0.7672
vn 0.0615 0.6387 0.7670
vn 0.1776 0.5989 0.7809
vn 0.2342 0.5786 0.7813
vn 0.2403 0.5936 0.7680
vn 0.1822 0.6145 0.7676
vn 0.2887 0.5527 0.7818
vn 0.3405 0.5214 0.7824
vn 0.3494 0.5351 0.7692
vn 0.2962 0.5671 0.7685
vn 0.3892 0.4852 0.7830
vn 0.4341 0.4442 0.7837
vn 0.4455 0.4559 0.7705
vn 0.3993 0.4979 0.7698
vn 0.4750 0.3989 0.7844
vn 0.5113 0.3496 0.7851
vn 0.5248 0.3588 0.7719
vn 0.4875 0.4094 0.7712
vn 0.5428 0.2969 0.7857
vn 0.5690 0.2411 0.7862
vn 0.5840 0.2475 0.7731
vn 0.5571 0.3047 0.7725
vn 0.5897 0.1830 0.7866
vn 0.6046 0.1231 0.7870
vn 0.6206 0.1263 0.7739
vn 0.6053 0.1879 0.7735
vn 0.6137 0.0618 0.7872
vn 0.6167 0.0000 0.7872
vn 0.6330 0.0000 0.7741
vn 0.6299 0.0635 0.7741
vn 0.6137 -0.0618 0.7872
vn 0.6046 -0.1231 0.7870
vn 0.6206 -0.1263 0.7739
vn 0.6299 -0.0635 0.7741
vn 0.5897 -0.1830 0.7866
vn 0.5690 -0.2411 0.7862
vn 0.5840 -0.2475 0.7731
vn 0.6053 -0.1879 0.7735
vn 0.5428 -0.2969 0.7857
vn 0.5113 -0.3496 0.7851
vn 0.5248 -0.3588 0.7719
vn 0.5571 -0.3047 0.7725
vn 0.4750 -0.3989 0.7844
vn 0.4341 -0.4442 0.7837
vn 0.4455 -0.4559 0.7705
vn 0.4875 -0.4093 0.7712
vn 0.3892 -0.4852 0.7830
vn 0.3405 -0.5214 0.7824
vn 0.3494 -0.5351 0.7692
vn 0.3993 -0.4979 0.7698
vn 0.2887 -0.5527 0.7818
vn 0.2342 -0.5786 0.7813
vn 0.2403 -0.5936 0.7680
vn 0.2962 -0.5671 0.7685
vn 0.1776 -0.5989 0.7809
vn 0.1193 -0.6136 0.7805
vn 0.1224 -0.6296 0.7672
vn 0.1822 -0.6145 0.7676
vn 0.0599 -0.6225 0.7803
vn 0.0000 -0.6254 0.7803
vn 0.0000 -0.6417 0.7670
vn 0.0615 -0.6387 0.7670
vn -0.0599 -0.6225 0.7803
vn -0.1193 -0.6136 0.7805
vn -0.1224 -0.6296 0.7672
vn -0.0615 -0.6387 0.7670
vn -0.1776 -0.5989 0.7809
vn -0.2342 -0.5786 0.7813
vn -0.2403 -0.5936 0.7680
vn -0.1822 -0.6145 0.7676
vn -0.2887 -0.5527 0.7818
vn -0.3405 -0.5214 0.7824
vn -0.3494 -0.5351 0.7692
vn -0.2962 -0.5671 0.7685
vn -0.3892 -0.4852 0.7830
vn -0.4341 -0.4442 0.7837
vn -0.4455 -0.4559 0.7705
vn -0.3993 -0.4979 0.7698
vn -0.4750 -0.3989 0.7844
vn -0.5113 -0.3496 0.7851
vn -0.5248 -0.3588 0.7719
vn -0.4875 -0.4094 0.7712
vn -0.5428 -0.2969 0.7857
vn -0.5690 -0.2411 0.7862
vn -0.5840 -0.2475 0.7731
vn -0.5571 -0.3047 0.7725
vn -0.5897 -0.1830 0.7866
vn -0.6046 -0.1231 0.7870
vn -0.6206 -0.1263 0.7739
vn -0.6053 -0.1879 0.7735
vn -0.6137 -0.0618 0.7872
vn -0.6167 0.0000 0.7872
vn -0.6330 0.0000 0.7741
vn -0.6299 -0.0635 0.7741
vn -0.6137 0.0618 0.7872
vn -0.6046 0.1231 0.7870
vn -0.6206 0.1263 0.7739
vn -0.6299 0.0635 0.7741
vn -0.5897 0.1830 0.7866
vn -0.5690 0.2411 0.7862
vn -0.5840 0.2475 0.7731
vn -0.6053 0.1879 0.7735
vn -0.5428 0.2969 0.7857
vn -0.5113 0.3496 0.7851
vn -0.5248 0.3588 0.7719
vn -0.5571 0.3047 0.7725
vn -0.4750 0.3989 0.7844
vn -0.4341 0.4442 0.7837
vn -0.4455 0.4559 0.7705
vn -0.4875 0.4094 0.7712
vn -0.3892 0.4852 0.7830
vn -0.3405 0.5214 0.7824
vn -0.3494 0.5351 0.7692
vn -0.3993 0.4979 0.7698
vn -0.2887 0.5527 0.7818
vn -0.2342 0.5786 0.7813
vn -0.2403 0.5936 0.7680
vn -0.2962 0.5671 0.7685
vn -0.1776 0.5989 0.7809
vn -0.1822 0.6145 0.7676
vn -0.1176 0.6050 -0.7875
vn -0.0591 0.6138 -0.7873
vn -0.0567 0.5885 -0.8065
vn -0.1128 0.5802 -0.8067
vn -0.0000 0.6167 -0.7872
vn -0.0000 0.5913 -0.8064
vn -0.0000 0.5884 -0.8086
vn -0.0563 0.5856 -0.8086
vn -0.1121 0.5773 -0.8088
vn 0.0591 0.6138 -0.7873
vn 0.0567 0.5885 -0.8065
vn 0.1176 0.6050 -0.7875
vn 0.1128 0.5802 -0.8067
vn 0.1121 0.5773 -0.8088
vn 0.0563 0.5856 -0.8086
vn 0.1751 0.5906 -0.7878
vn 0.1679 0.5663 -0.8069
vn 0.2309 0.5705 -0.7882
vn 0.2214 0.5470 -0.8073
vn 0.2201 0.5443 -0.8095
vn 0.1669 0.5635 -0.8091
vn 0.2847 0.5449 -0.7887
vn 0.2729 0.5224 -0.8078
vn 0.3357 0.5141 -0.7893
vn 0.3219 0.4929 -0.8084
vn 0.3200 0.4906 -0.8105
vn 0.2713 0.5199 -0.8100
vn 0.3837 0.4784 -0.7899
vn 0.3678 0.4586 -0.8090
vn 0.4280 0.4379 -0.7906
vn 0.4103 0.4198 -0.8096
vn 0.4080 0.4179 -0.8117
vn 0.3657 0.4565 -0.8111
vn 0.4683 0.3932 -0.7912
vn 0.4489 0.3769 -0.8102
vn 0.5041 0.3447 -0.7919
vn 0.4832 0.3303 -0.8108
vn 0.4805 0.3289 -0.8130
vn 0.4464 0.3753 -0.8124
vn 0.5351 0.2927 -0.7925
vn 0.5128 0.2805 -0.8114
vn 0.5609 0.2377 -0.7930
vn 0.5375 0.2278 -0.8119
vn 0.5347 0.2269 -0.8140
vn 0.5101 0.2793 -0.8135
vn 0.5813 0.1804 -0.7934
vn 0.5571 0.1729 -0.8123
vn 0.5961 0.1213 -0.7937
vn 0.5711 0.1162 -0.8126
vn 0.5682 0.1158 -0.8147
vn 0.5542 0.1722 -0.8144
vn 0.6050 0.0610 -0.7939
vn 0.5797 0.0584 -0.8128
vn 0.6079 0.0000 -0.7940
vn 0.5825 0.0000 -0.8128
vn 0.5796 0.0000 -0.8149
vn 0.5767 0.0582 -0.8149
vn 0.6050 -0.0610 -0.7939
vn 0.5797 -0.0584 -0.8128
vn 0.5961 -0.1213 -0.7937
vn 0.5711 -0.1162 -0.8126
vn 0.5682 -0.1158 -0.8147
vn 0.5767 -0.0582 -0.8149
vn 0.5813 -0.1804 -0.7934
vn 0.5571 -0.1729 -0.8123
vn 0.5609 -0.2377 -0.7930
vn 0.5375 -0.2278 -0.8119
vn 0.5347 -0.2269 -0.8140
vn 0.5542 -0.1722 -0.8144
vn 0.5351 -0.2927 -0.7925
vn 0.5128 -0.2805 -0.8114
vn 0.5041 -0.3447 -0.7919
vn 0.4832 -0.3303 -0.8108
vn 0.4805 -0.3289 -0.8130
vn 0.5101 -0.2793 -0.8135
vn 0.4683 -0.3932 -0.7912
vn 0.4489 -0.3769 -0.8102
vn 0.4280 -0.4379 -0.7906
vn 0.4103 -0.4198 -0.8096
vn 0.4080 -0.4179 -0.8117
vn 0.4464 -0.3753 -0.8124
vn 0.3837 -0.4784 -0.7899
vn 0.3678 -0.4586 -0.8090
vn 0.3357 -0.5141 -0.7893
vn 0.3219 -0.4929 -0.8084
vn 0.3200 -0.4906 -0.8105
vn 0.3657 -0.4565 -0.8111
vn 0.2847 -0.5449 -0.7887
vn 0.2729 -0.5224 -0.8078
vn 0.2309 -0.5705 -0.7882
vn 0.2214 -0.5470 -0.8073
vn 0.2201 -0.5443 -0.8095
vn 0.2713 -0.5199 -0.8100
vn 0.1751 -0.5906 -0.7878
vn 0.1679 -0.5663 -0.8069
vn 0.1176 -0.6050 -0.7875
vn 0.1128 -0.5802 -0.8067
vn 0.1121 -0.5773 -0.8088
vn 0.1669 -0.5635 -0.8091
vn 0.0591 -0.6138 -0.7873
vn 0.0567 -0.5885 -0.8065
vn 0.0000 -0.6167 -0.7872
vn 0.0000 -0.5913 -0.8064
vn 0.0000 -0.5884 -0.8086
vn 0.0563 -0.5856 -0.8086
vn -0.0591 -0.6138 -0.7873
vn -0.0567 -0.5885 -0.8065
vn -0.1176 -0.6050 -0.7875
vn -0.1128 -0.5802 -0.8067
vn -0.1121 -0.5773 -0.8088
vn -0.0563 -0.5856 -0.8086
vn -0.1751 -0.5906 -0.7878
vn -0.1679 -0.5663 -0.8069
vn -0.2309 -0.5705 -0.7882
vn -0.2214 -0.5470 -0.8073
vn -0.2201 -0.5443 -0.8095
vn -0.1669 -0.5635 -0.8091
vn -0.2847 -0.5449 -0.7887
vn -0.2729 -0.5224 -0.8078
vn -0.3357 -0.5141 -0.7893
vn -0.3219 -0.4929 -0.8084
vn -0.3200 -0.4906 -0.8105
vn -0.2713 -0.5199 -0.8100
vn -0.3837 -0.4784 -0.7899
vn -0.3678 -0.4586 -0.8090
vn -0.4280 -0.4379 -0.7906
vn -0.4103 -0.4198 -0.8096
vn -0.4080 -0.4179 -0.8117
vn -0.3657 -0.4565 -0.8111
vn -0.4683 -0.3932 -0.7912
vn -0.4489 -0.3769 -0.8102
vn -0.5041 -0.3447 -0.7919
vn -0.4832 -0.3303 -0.8108
vn -0.4805 -0.3289 -0.8130
vn -0.4464 -0.3753 -0.8124
vn -0.5351 -0.2927 -0.7925
vn -0.5128 -0.2805 -0.8114
vn -0.5609 -0.2377 -0.7930
vn -0.5375 -0.2278 -0.8119
vn -0.5347 -0.2269 -0.8140
vn -0.5101 -0.2793 -0.8135
vn -0.5813 -0.1804 -0.7934
vn -0.5571 -0.1729 -0.8123
vn -0.5961 -0.1213 -0.7937
vn -0.5711 -0.1162 -0.8126
vn -0.5682 -0.1158 -0.8147
vn -0.5542 -0.1722 -0.8144
vn -0.6050 -0.0610 -0.7939
vn -0.5797 -0.0584 -0.8128
vn -0.6079 0.0000 -0.7940
vn -0.5825 0.0000 -0.8128
vn -0.5796 0.0000 -0.8149
vn -0.5767 -0.0582 -0.8149
vn -0.6050 0.0610 -0.7939
vn -0.5797 0.0584 -0.8128
vn -0.5961 0.1213 -0.7937
vn -0.5711 0.1162 -0.8126
vn -0.5682 0.1158 -0.8147
vn -0.5767 0.0582 -0.8149
vn -0.5813 0.1804 -0.7934
vn -0.5571 0.1729 -0.8123
vn -0.5609 0.2377 -0.7930
vn -0.5375 0.2278 -0.8119
vn -0.5347 0.2269 -0.8140
vn -0.5542 0.1722 -0.8144
vn -0.5351 0.2927 -0.7925
vn -0.5128 0.2805 -0.8114
vn -0.5041 0.3447 -0.7919
vn -0.4832 0.3303 -0.8108
vn -0.4805 0.3289 -0.8130
vn -0.5101 0.2793 -0.8135
vn -0.4683 0.3932 -0.7912
vn -0.4489 0.3769 -0.8102
vn -0.4280 0.4379 -0.7906
vn -0.4103 0.4198 -0.8096
vn -0.4080 0.4179 -0.8117
vn -0.4464 0.3753 -0.8124
vn -0.3837 0.4784 -0.7899
vn -0.3678 0.4586 -0.8090
vn -0.3357 0.5141 -0.7893
vn -0.3219 0.4929 -0.8084
vn -0.3200 0.4906 -0.8105
vn -0.3657 0.4565 -0.8111
vn -0.2847 0.5449 -0.7887
vn -0.2729 0.5224 -0.8078
vn -0.2309 0.5705 -0.7882
vn -0.2214 0.5470 -0.8073
vn -0.2201 0.5443 -0.8095
vn -0.2713 0.5199 -0.8100
vn -0.1751 0.5906 -0.7878
vn -0.1679 0.5663 -0.8069
vn -0.1669 0.5635 -0.8091
vn -0.1218 0.6256 -0.7706
vn -0.0612 0.6347 -0.7704
vn -0.1255 0.6450 0.7538
vn -0.0631 0.6543 0.7536
vn -0.0000 0.6574 0.7535
vn -0.0000 0.6377 -0.7703
vn 0.0612 0.6347 -0.7704
vn 0.0631 0.6543 0.7536
vn 0.1255 0.6450 0.7538
vn 0.1218 0.6256 -0.7706
vn 0.1812 0.6107 -0.7709
vn 0.1869 0.6296 0.7541
vn 0.2465 0.6082 0.7546
vn 0.2391 0.5898 -0.7713
vn 0.2946 0.5634 -0.7719
vn 0.3038 0.5809 0.7551
vn 0.3583 0.5481 0.7558
vn 0.3475 0.5315 -0.7725
vn 0.3971 0.4945 -0.7731
vn 0.4095 0.5100 0.7565
vn 0.4568 0.4669 0.7572
vn 0.4430 0.4527 -0.7738
vn 0.4846 0.4065 -0.7745
vn 0.4998 0.4192 0.7579
vn 0.5380 0.3674 0.7586
vn 0.5217 0.3563 -0.7752
vn 0.5537 0.3025 -0.7758
vn 0.5711 0.3120 0.7593
vn 0.5987 0.2535 0.7598
vn 0.5804 0.2457 -0.7764
vn 0.6015 0.1865 -0.7768
vn 0.6204 0.1924 0.7603
vn 0.6362 0.1293 0.7606
vn 0.6167 0.1254 -0.7771
vn 0.6259 0.0630 -0.7773
vn 0.6457 0.0650 0.7609
vn 0.6488 0.0000 0.7609
vn 0.6290 0.0000 -0.7774
vn 0.6259 -0.0630 -0.7773
vn 0.6457 -0.0650 0.7609
vn 0.6362 -0.1293 0.7606
vn 0.6167 -0.1254 -0.7771
vn 0.6015 -0.1865 -0.7768
vn 0.6204 -0.1924 0.7603
vn 0.5987 -0.2534 0.7598
vn 0.5804 -0.2457 -0.7764
vn 0.5537 -0.3025 -0.7758
vn 0.5711 -0.3120 0.7593
vn 0.5380 -0.3674 0.7586
vn 0.5217 -0.3563 -0.7752
vn 0.4846 -0.4065 -0.7745
vn 0.4998 -0.4192 0.7579
vn 0.4568 -0.4669 0.7572
vn 0.4430 -0.4527 -0.7738
vn 0.3971 -0.4945 -0.7731
vn 0.4095 -0.5100 0.7565
vn 0.3583 -0.5481 0.7558
vn 0.3475 -0.5315 -0.7725
vn 0.2947 -0.5634 -0.7719
vn 0.3038 -0.5809 0.7551
vn 0.2465 -0.6082 0.7546
vn 0.2391 -0.5898 -0.7713
vn 0.1812 -0.6107 -0.7709
vn 0.1869 -0.6296 0.7541
vn 0.1255 -0.6450 0.7538
vn 0.1218 -0.6256 -0.7706
vn 0.0612 -0.6347 -0.7704
vn 0.0631 -0.6543 0.7536
vn 0.0000 -0.6574 0.7535
vn 0.0000 -0.6377 -0.7703
vn -0.0612 -0.6347 -0.7704
vn -0.0631 -0.6543 0.7536
vn -0.1255 -0.6450 0.7538
vn -0.1218 -0.6256 -0.7706
vn -0.1812 -0.6107 -0.7709
vn -0.1869 -0.6296 0.7541
vn -0.2465 -0.6082 0.7546
vn -0.2391 -0.5898 -0.7713
vn -0.2947 -0.5634 -0.7719
vn -0.3038 -0.5809 0.7551
vn -0.3583 -0.5481 0.7558
vn -0.3475 -0.5315 -0.7725
vn -0.3971 -0.4945 -0.7731
vn -0.4095 -0.5100 0.7565
vn -0.4568 -0.4669 0.7572
vn -0.4430 -0.4527 -0.7738
vn -0.4846 -0.4065 -0.7745
vn -0.4998 -0.4192 0.7579
vn -0.5380 -0.3674 0.7586
vn -0.5217 -0.3563 -0.7752
vn -0.5537 -0.3025 -0.7758
vn -0.5711 -0.3120 0.7593
vn -0.5987 -0.2534 0.7598
vn -0.5804 -0.2457 -0.7764
vn -0.6015 -0.1865 -0.7768
vn -0.6204 -0.1924 0.7603
vn -0.6362 -0.1293 0.7606
vn -0.6167 -0.1254 -0.7771
vn -0.6259 -0.0630 -0.7773
vn -0.6457 -0.0650 0.7609
vn -0.6488 0.0000 0.7609
vn -0.6290 0.0000 -0.7774
vn -0.6259 0.0630 -0.7773
vn -0.6457 0.0650 0.7609
vn -0.6362 0.1293 0.7606
vn -0.6167 0.1254 -0.7771
vn -0.6015 0.1865 -0.7768
vn -0.6204 0.1924 0.7603
vn -0.5987 0.2534 0.7598
vn -0.5804 0.2457 -0.7764
vn -0.5537 0.3025 -0.7758
vn -0.5711 0.3120 0.7593
vn -0.5380 0.3674 0.7586
vn -0.5217 0.3563 -0.7752
vn -0.4846 0.4065 -0.7745
vn -0.4998 0.4192 0.7579
vn -0.4568 0.4669 0.7572
vn -0.4430 0.4527 -0.7738
vn -0.3971 0.4945 -0.7731
vn -0.4095 0.5100 0.7565
vn -0.3583 0.5481 0.7558
vn -0.3475 0.5315 -0.7725
vn -0.2947 0.5634 -0.7719
vn -0.3038 0.5809 0.7551
vn -0.2465 0.6082 0.7546
vn -0.2391 0.5898 -0.7713
vn -0.1812 0.6107 -0.7709
vn -0.1869 0.6296 0.7541
vn -0.0867 0.9007 0.4258
vn -0.0000 0.9049 0.4257
vn -0.1727 0.8881 0.4260
vn -0.1131 0.5818 0.8054
vn -0.0568 0.5902 0.8053
vn -0.0000 0.5930 0.8052
vn -0.2572 0.8673 0.4263
vn -0.3395 0.8383 0.4267
vn -0.2221 0.5487 0.8060
vn -0.1684 0.5679 0.8057
vn -0.4187 0.8013 0.4272
vn -0.4943 0.7567 0.4278
vn -0.3229 0.4946 0.8069
vn -0.2738 0.5242 0.8064
vn -0.5655 0.7048 0.4284
vn -0.6314 0.6459 0.4291
vn -0.4118 0.4215 0.8079
vn -0.3691 0.4603 0.8074
vn -0.6916 0.5806 0.4297
vn -0.7452 0.5093 0.4304
vn -0.4852 0.3318 0.8090
vn -0.4507 0.3785 0.8085
vn -0.7918 0.4329 0.4310
vn -0.8306 0.3519 0.4315
vn -0.5401 0.2289 0.8099
vn -0.5151 0.2818 0.8095
vn -0.8614 0.2673 0.4319
vn -0.8837 0.1798 0.4322
vn -0.5740 0.1168 0.8105
vn -0.5597 0.1738 0.8103
vn -0.8971 0.0904 0.4324
vn -0.9016 -0.0000 0.4325
vn -0.5854 0.0000 0.8107
vn -0.5825 0.0587 0.8107
vn -0.8971 -0.0904 0.4324
vn -0.8837 -0.1798 0.4322
vn -0.5740 -0.1168 0.8105
vn -0.5825 -0.0587 0.8107
vn -0.8614 -0.2673 0.4319
vn -0.8306 -0.3519 0.4315
vn -0.5401 -0.2289 0.8099
vn -0.5597 -0.1738 0.8103
vn -0.7918 -0.4329 0.4310
vn -0.7452 -0.5093 0.4304
vn -0.4852 -0.3318 0.8090
vn -0.5151 -0.2818 0.8095
vn -0.6916 -0.5806 0.4297
vn -0.6314 -0.6459 0.4291
vn -0.4118 -0.4215 0.8079
vn -0.4507 -0.3785 0.8085
vn -0.5655 -0.7048 0.4284
vn -0.4943 -0.7567 0.4278
vn -0.3229 -0.4946 0.8069
vn -0.3691 -0.4603 0.8074
vn -0.4187 -0.8013 0.4272
vn -0.3395 -0.8383 0.4267
vn -0.2221 -0.5487 0.8060
vn -0.2738 -0.5242 0.8064
vn -0.2572 -0.8673 0.4263
vn -0.1727 -0.8881 0.4260
vn -0.1131 -0.5818 0.8054
vn -0.1684 -0.5679 0.8057
vn -0.0867 -0.9007 0.4258
vn 0.0000 -0.9049 0.4257
vn 0.0000 -0.5930 0.8052
vn -0.0568 -0.5902 0.8053
vn 0.0867 -0.9007 0.4258
vn 0.1727 -0.8881 0.4260
vn 0.1131 -0.5818 0.8054
vn 0.0568 -0.5902 0.8053
vn 0.2572 -0.8673 0.4263
vn 0.3395 -0.8383 0.4267
vn 0.2221 -0.5487 0.8060
vn 0.1684 -0.5679 0.8057
vn 0.4187 -0.8013 0.4272
vn 0.4943 -0.7567 0.4278
vn 0.3229 -0.4946 0.8069
vn 0.2738 -0.5242 0.8064
vn 0.5655 -0.7048 0.4284
vn 0.6314 -0.6459 0.4291
vn 0.4118 -0.4215 0.8079
vn 0.3691 -0.4603 0.8074
vn 0.6916 -0.5806 0.4297
vn 0.7452 -0.5093 0.4304
vn 0.4852 -0.3318 0.8090
vn 0.4507 -0.3785 0.8085
vn 0.7918 -0.4329 0.4310
vn 0.8306 -0.3519 0.4315
vn 0.5401 -0.2289 0.8099
vn 0.5151 -0.2818 0.8095
vn 0.8614 -0.2673 0.4319
vn 0.8837 -0.1798 0.4322
vn 0.5740 -0.1168 0.8105
vn 0.5597 -0.1738 0.8103
vn 0.8971 -0.0904 0.4324
vn 0.9016 -0.0000 0.4325
vn 0.5854 -0.0000 0.8107
vn 0.5825 -0.0587 0.8107
vn 0.8971 0.0904 0.4324
vn 0.8837 0.1798 0.4322
vn 0.5740 0.1168 0.8105
vn 0.5825 0.0587 0.8107
vn 0.8614 0.2673 0.4319
vn 0.8306 0.3519 0.4315
vn 0.5401 0.2289 0.8099
vn 0.5597 0.1738 0.8103
vn 0.7918 0.4329 0.4310
vn 0.7452 0.5093 0.4304
vn 0.4852 0.3318 0.8090
vn 0.5151 0.2818 0.8095
vn 0.6916 0.5806 0.4297
vn 0.6314 0.6459 0.4291
vn 0.4118 0.4215 0.8079
vn 0.4507 0.3785 0.8085
vn 0.5655 0.7048 0.4284
vn 0.4943 0.7567 0.4278
vn 0.3229 0.4946 0.8069
vn 0.3691 0.4603 0.8074
vn 0.4187 0.8013 0.4272
vn 0.3395 0.8383 0.4267
vn 0.2221 0.5487 0.8060
vn 0.2738 0.5242 0.8064
vn 0.2572 0.8673 0.4263
vn 0.1727 0.8881 0.4260
vn 0.1131 0.5818 0.8054
vn 0.1684 0.5679 0.8057
vn 0.0867 0.9007 0.4258
vn 0.0568 0.5902 0.8053
vn -0.0229 0.2604 0.9652
vn -0.0022 0.2622 0.9650
vn -0.0521 0.2567 0.9651
vn -0.0721 0.2510 0.9653
vn -0.1001 0.2415 0.9652
vn -0.1186 0.2319 0.9655
vn -0.1442 0.2170 0.9655
vn -0.1606 0.2038 0.9657
vn -0.1829 0.1841 0.9657
vn -0.1965 0.1679 0.9660
vn -0.2146 0.1442 0.9660
vn -0.2249 0.1255 0.9663
vn -0.2381 0.0986 0.9662
vn -0.2446 0.0782 0.9665
vn -0.2524 0.0492 0.9664
vn -0.2548 0.0278 0.9666
vn -0.2570 -0.0022 0.9664
vn -0.2552 -0.0236 0.9666
vn -0.2516 -0.0534 0.9664
vn -0.2458 -0.0741 0.9665
vn -0.2365 -0.1026 0.9662
vn -0.2268 -0.1217 0.9663
vn -0.2123 -0.1478 0.9660
vn -0.1991 -0.1645 0.9661
vn -0.1799 -0.1873 0.9657
vn -0.1639 -0.2010 0.9658
vn -0.1406 -0.2195 0.9654
vn -0.1224 -0.2297 0.9655
vn -0.0960 -0.2432 0.9652
vn -0.0762 -0.2496 0.9653
vn -0.0478 -0.2576 0.9651
vn -0.0272 -0.2600 0.9652
vn 0.0022 -0.2622 0.9650
vn 0.0229 -0.2604 0.9652
vn 0.0521 -0.2567 0.9651
vn 0.0721 -0.2510 0.9653
vn 0.1001 -0.2415 0.9652
vn 0.1186 -0.2319 0.9655
vn 0.1442 -0.2170 0.9655
vn 0.1606 -0.2038 0.9657
vn 0.1829 -0.1841 0.9657
vn 0.1965 -0.1679 0.9660
vn 0.2146 -0.1442 0.9660
vn 0.2249 -0.1255 0.9663
vn 0.2381 -0.0986 0.9662
vn 0.2446 -0.0782 0.9665
vn 0.2524 -0.0492 0.9664
vn 0.2548 -0.0278 0.9666
vn 0.2570 0.0022 0.9664
vn 0.2552 0.0236 0.9666
vn 0.2516 0.0534 0.9664
vn 0.2458 0.0741 0.9665
vn 0.2365 0.1026 0.9662
vn 0.2268 0.1217 0.9663
vn 0.2123 0.1478 0.9660
vn 0.1991 0.1645 0.9661
vn 0.1799 0.1873 0.9657
vn 0.1639 0.2010 0.9658
vn 0.1406 0.2195 0.9654
vn 0.1224 0.2297 0.9655
vn 0.0960 0.2432 0.9652
vn 0.0762 0.2496 0.9653
vn 0.0478 0.2576 0.9651
vn 0.0272 0.2600 0.9652
vn 0.0000 1.0000 -0.0000
vn -0.6766 0.0000 0.7363
vn 0.6766 0.0000 0.7363
vn 0.6766 0.0000 -0.7363
vn -0.6766 0.0000 -0.7363
vn -0.1424 0.9898 0.0000
vn 0.0000 0.9880 0.1546
vn -0.0000 0.9880 0.1546
vn -0.1424 0.9898 -0.0000
vn 0.1424 0.9898 0.0000
vn 0.1424 0.9898 -0.0000
vn 0.0000 0.9880 -0.1546
vn -0.6766 -0.0000 0.7363
vn 0.6766 -0.0000 0.7363
vn 0.9997 0.0000 -0.0243
vn 0.9988 0.0000 -0.0487
vn 0.8650 0.3849 0.3219
vn 0.8537 0.1189 0.5071
vn 0.8598 0.0000 0.5107
vn 0.7924 0.5840 0.1759
vn 0.8265 0.5626 -0.0203
vn 0.8265 0.5626 -0.0199
vn 0.8267 0.5627 -0.0000
vn 0.1324 0.9907 0.0307
vn 0.3716 0.9283 -0.0092
vn -0.0000 1.0000 -0.0064
vn -0.0000 0.9994 0.0338
vn 0.3716 0.9284 -0.0000
vn 0.8222 0.2950 0.4867
vn -0.9997 0.0000 -0.0243
vn -0.9988 0.0000 -0.0487
vn -1.0000 0.0000 -0.0000
vn -0.8650 0.3849 0.3219
vn -0.8598 0.0000 0.5107
vn -0.8537 0.1189 0.5071
vn -0.7924 0.5840 0.1759
vn -0.8265 0.5626 -0.0199
vn -0.8265 0.5626 -0.0203
vn -0.8267 0.5627 -0.0000
vn -0.1324 0.9907 0.0307
vn -0.3716 0.9283 -0.0092
vn -0.3716 0.9284 -0.0000
vn -0.8222 0.2950 0.4867
vn 0.7675 0.6021 -0.2198
vn 0.8935 0.3314 -0.3030
vn 0.8380 0.2894 -0.4627
vn 0.7508 0.5285 -0.3962
vn 0.9290 0.0000 -0.3700
vn 0.8697 0.0000 -0.4936
vn 0.8092 0.0000 -0.5875
vn 0.7786 0.2538 -0.5739
vn 0.6959 0.4641 -0.5481
vn 0.1697 0.1979 -0.9654
vn 0.1015 0.0302 -0.9944
vn 0.2137 0.0331 -0.9763
vn 0.3884 0.1737 -0.9050
vn 0.1074 0.0000 -0.9942
vn 0.1922 0.0000 -0.9814
vn 0.9889 0.0000 -0.1489
vn 0.9886 0.0221 -0.1488
vn 0.9900 0.0221 -0.1394
vn 0.9902 0.0000 -0.1395
vn 0.9778 0.1491 -0.1471
vn 0.9793 0.1479 -0.1379
vn 0.9874 0.0221 -0.1569
vn 0.9766 0.1490 -0.1552
vn 0.9876 0.0000 -0.1570
vn 0.9902 0.0000 -0.1394
vn 0.9900 0.0221 -0.1393
vn 0.9791 0.1495 -0.1379
vn 0.9978 0.0223 -0.0617
vn 0.9866 0.1511 -0.0612
vn 0.9981 0.0000 -0.0616
vn 0.9998 0.0223 -0.0000
vn 0.9886 0.1508 -0.0000
vn 0.0786 0.1714 0.9821
vn 0.0834 0.0256 0.9962
vn 0.0173 0.0229 0.9996
vn 0.0239 0.1590 0.9870
vn 0.0841 0.0000 0.9965
vn 0.0177 -0.0000 0.9998
vn 0.0764 -0.0000 0.9971
vn 0.0806 0.0458 0.9957
vn 0.0355 0.1348 0.9902
vn 0.0212 0.0000 -0.9998
vn 0.0212 -0.0000 -0.9998
vn 0.0828 -0.0000 -0.9966
vn 0.0828 0.0000 -0.9966
vn 0.0258 0.9792 -0.2014
vn 0.0026 1.0000 0.0052
vn 0.0748 0.9969 -0.0239
vn 0.0800 0.9643 -0.2524
vn 0.0146 0.9778 0.2091
vn 0.0678 0.9762 0.2060
vn 0.1384 0.9710 0.1948
vn 0.1549 0.9863 -0.0573
vn 0.1589 0.9571 -0.2423
vn 0.9290 -0.0000 -0.3700
vn 0.8697 -0.0000 -0.4936
vn 0.8092 -0.0000 -0.5875
vn 0.0177 0.0000 0.9998
vn 0.0764 0.0000 0.9971
vn 0.0221 0.0231 -0.9995
vn 0.0299 0.1492 -0.9884
vn 0.0531 0.1116 -0.9923
vn 0.0888 0.0489 -0.9949
vn 0.7225 0.2154 0.6570
vn 0.7218 0.2193 0.6564
vn 0.6892 0.3637 0.6267
vn 0.1417 0.1911 0.9713
vn 0.0846 0.2904 0.9532
vn 0.1336 0.3085 0.9418
vn 0.0793 0.9905 0.1127
vn 0.1234 0.9527 0.2777
vn 0.0242 0.9295 0.3681
vn 0.1807 0.9797 0.0869
vn 0.2792 0.9426 0.1835
vn 0.0518 0.9297 -0.3646
vn 0.1572 0.9356 -0.3162
vn 0.0484 0.9943 -0.0954
vn 0.0751 0.3920 -0.9169
vn 0.5209 0.5607 -0.6436
vn 0.1017 0.8887 -0.4470
vn 0.1759 0.9798 -0.0952
vn 0.3092 0.9005 -0.3058
vn 0.1481 0.0274 0.9886
vn 0.7394 0.0330 0.6724
vn 0.7394 0.0331 0.6724
vn 0.7398 0.0000 0.6728
vn 0.1487 0.0000 0.9889
vn 0.3765 0.9209 -0.1007
vn 0.2223 0.9738 -0.0480
vn 0.9594 0.2532 -0.1240
vn 0.9568 0.2525 -0.1443
vn 0.9581 0.2528 -0.1350
vn 0.3977 0.9158 -0.0569
vn 0.2380 0.9707 -0.0330
vn 0.4369 0.8971 -0.0652
vn 0.2636 0.9639 -0.0378
vn 0.9557 0.2522 -0.1519
vn 0.9581 0.2528 -0.1345
vn 0.4844 0.8725 -0.0641
vn 0.2953 0.9547 -0.0365
vn 0.5036 0.8635 -0.0289
vn 0.3029 0.9529 -0.0153
vn 0.9652 0.2547 -0.0590
vn 0.9669 0.2551 -0.0000
vn 0.5059 0.8626 -0.0000
vn 0.3103 0.9506 -0.0000
vn 0.7610 0.6483 0.0256
vn 0.9415 0.2742 -0.1958
vn 0.0772 0.1360 0.9877
vn 0.1315 0.0438 0.9904
vn 0.1362 -0.0000 0.9907
vn 0.9628 0.0000 -0.2701
vn 0.7597 0.0000 -0.6503
vn 0.1447 0.0000 -0.9895
vn 0.1447 -0.0000 -0.9895
vn 0.0715 0.9271 0.3680
vn 0.0257 0.2566 0.9662
vn 0.1285 0.9396 0.3173
vn 0.0335 0.2612 -0.9647
vn 0.0644 0.9101 -0.4093
vn 0.1464 0.8874 -0.4371
vn 0.0859 0.1126 -0.9899
vn 0.9628 -0.0000 -0.2701
vn 0.1362 0.0000 0.9907
vn 0.7168 0.2227 -0.6607
vn 0.1333 0.0431 -0.9901
vn 0.6408 0.4277 -0.6375
vn 0.0238 0.9997 0.0091
vn 0.0144 0.9999 0.0024
vn 0.0289 0.9995 -0.0091
vn 0.0300 0.9995 -0.0050
vn 0.0337 0.9994 -0.0034
vn 0.0394 0.9992 -0.0041
vn 0.0472 0.9989 -0.0040
vn 0.0493 0.9988 -0.0015
vn 0.0503 0.9987 -0.0000
vn -0.7675 0.6021 -0.2198
vn -0.7508 0.5285 -0.3962
vn -0.8380 0.2894 -0.4627
vn -0.8935 0.3314 -0.3030
vn -0.6959 0.4641 -0.5481
vn -0.7786 0.2538 -0.5739
vn -0.8092 0.0000 -0.5875
vn -0.8697 0.0000 -0.4936
vn -0.9290 0.0000 -0.3700
vn -0.1556 0.2342 -0.9597
vn -0.3884 0.1737 -0.9050
vn -0.2137 0.0331 -0.9763
vn -0.1015 0.0302 -0.9944
vn -0.9793 0.1479 -0.1379
vn -0.9778 0.1491 -0.1471
vn -0.9886 0.0221 -0.1488
vn -0.9900 0.0221 -0.1394
vn -0.9889 0.0000 -0.1489
vn -0.9902 0.0000 -0.1395
vn -0.1922 0.0000 -0.9814
vn -0.1074 0.0000 -0.9942
vn -0.9766 0.1490 -0.1552
vn -0.9874 0.0221 -0.1569
vn -0.9791 0.1495 -0.1379
vn -0.9900 0.0221 -0.1393
vn -0.9902 0.0000 -0.1394
vn -0.9876 0.0000 -0.1570
vn -0.9866 0.1511 -0.0612
vn -0.9978 0.0223 -0.0617
vn -0.9886 0.1508 -0.0000
vn -0.9998 0.0223 -0.0000
vn -0.9981 0.0000 -0.0616
vn -0.0786 0.1714 0.9821
vn -0.0239 0.1590 0.9870
vn -0.0173 0.0229 0.9996
vn -0.0834 0.0256 0.9962
vn -0.0355 0.1348 0.9902
vn -0.0806 0.0458 0.9957
vn -0.0764 0.0000 0.9971
vn -0.0177 0.0000 0.9998
vn -0.0841 0.0000 0.9965
vn -0.0212 0.0000 -0.9998
vn -0.0828 0.0000 -0.9966
vn -0.0828 -0.0000 -0.9966
vn -0.0258 0.9792 -0.2014
vn -0.0800 0.9643 -0.2524
vn -0.0748 0.9969 -0.0239
vn -0.0026 1.0000 0.0052
vn -0.1589 0.9571 -0.2423
vn -0.1549 0.9863 -0.0573
vn -0.1384 0.9710 0.1948
vn -0.0678 0.9762 0.2060
vn -0.0146 0.9778 0.2091
vn -0.8092 -0.0000 -0.5875
vn -0.0177 -0.0000 0.9998
vn -0.0764 -0.0000 0.9971
vn -0.0221 0.0231 -0.9995
vn -0.0888 0.0489 -0.9949
vn -0.0531 0.1116 -0.9923
vn -0.0299 0.1492 -0.9884
vn -0.7225 0.2154 0.6570
vn -0.6892 0.3637 0.6267
vn -0.7218 0.2193 0.6564
vn -0.2792 0.9426 0.1835
vn -0.1807 0.9797 0.0869
vn -0.0793 0.9905 0.1127
vn -0.1234 0.9527 0.2777
vn -0.0242 0.9295 0.3681
vn -0.0846 0.2904 0.9532
vn -0.1417 0.1911 0.9713
vn -0.1336 0.3085 0.9418
vn -0.0510 0.9928 -0.1088
vn 0.0505 0.9383 -0.3422
vn -0.0518 0.9297 -0.3646
vn -0.2002 0.9760 -0.0859
vn -0.2592 0.9422 -0.2125
vn -0.0333 0.3779 -0.9253
vn -0.3929 0.6158 -0.6830
vn -0.6793 0.5245 -0.5132
vn -0.1481 0.0274 0.9886
vn -0.1487 0.0000 0.9889
vn -0.7398 0.0000 0.6728
vn -0.7394 0.0330 0.6724
vn -0.7394 0.0331 0.6724
vn -0.2223 0.9738 -0.0480
vn -0.3765 0.9209 -0.1007
vn -0.2380 0.9707 -0.0330
vn -0.3977 0.9158 -0.0569
vn -0.9581 0.2528 -0.1350
vn -0.9568 0.2525 -0.1443
vn -0.9595 0.2532 -0.1239
vn -0.2636 0.9639 -0.0378
vn -0.4369 0.8971 -0.0652
vn -0.2953 0.9547 -0.0365
vn -0.4844 0.8725 -0.0641
vn -0.9557 0.2522 -0.1519
vn -0.9581 0.2528 -0.1345
vn -0.3029 0.9529 -0.0153
vn -0.5036 0.8635 -0.0289
vn -0.3103 0.9506 -0.0000
vn -0.5059 0.8626 -0.0000
vn -0.9652 0.2547 -0.0590
vn -0.9669 0.2551 -0.0000
vn -0.9415 0.2742 -0.1958
vn -0.7610 0.6483 0.0256
vn -0.9628 0.0000 -0.2701
vn -0.1315 0.0438 0.9904
vn -0.1362 0.0000 0.9907
vn -0.0772 0.1360 0.9877
vn -0.7597 -0.0000 -0.6503
vn -0.7597 0.0000 -0.6503
vn -0.1447 -0.0000 -0.9895
vn -0.1447 0.0000 -0.9895
vn -0.0715 0.9271 0.3680
vn -0.1285 0.9396 0.3173
vn -0.0257 0.2566 0.9662
vn -0.0335 0.2612 -0.9647
vn -0.0859 0.1126 -0.9899
vn -0.0644 0.9101 -0.4093
vn -0.1464 0.8874 -0.4371
vn -0.1362 -0.0000 0.9907
vn -0.7168 0.2227 -0.6607
vn -0.6408 0.4277 -0.6375
vn -0.1333 0.0431 -0.9901
vn -0.0144 0.9999 0.0024
vn -0.0238 0.9997 0.0091
vn -0.0289 0.9995 -0.0091
vn -0.0300 0.9995 -0.0050
vn -0.0337 0.9994 -0.0034
vn -0.0394 0.9992 -0.0041
vn -0.0472 0.9989 -0.0040
vn -0.0493 0.9988 -0.0015
vn -0.0503 0.9987 -0.0000
vn 0.0000 0.9458 -0.3247
vn -0.0458 0.9466 -0.3191
vn -0.0903 0.9489 -0.3025
vn -0.1325 0.9523 -0.2750
vn -0.1707 0.9565 -0.2368
vn -0.2034 0.9608 -0.1886
vn -0.2288 0.9645 -0.1316
vn -0.2452 0.9671 -0.0677
vn -0.2508 0.9680 0.0000
vn -0.2452 0.9671 0.0677
vn -0.2288 0.9645 0.1316
vn -0.2034 0.9608 0.1886
vn -0.1707 0.9565 0.2368
vn -0.1325 0.9523 0.2750
vn -0.0903 0.9489 0.3025
vn -0.0458 0.9466 0.3191
vn -0.0000 0.9458 0.3247
vn 0.0458 0.9466 0.3191
vn 0.0903 0.9489 0.3025
vn 0.1325 0.9523 0.2750
vn 0.1707 0.9565 0.2368
vn 0.2034 0.9608 0.1886
vn 0.2288 0.9645 0.1316
vn 0.2452 0.9671 0.0677
vn 0.2508 0.9680 -0.0000
vn 0.2452 0.9671 -0.0677
vn 0.2288 0.9645 -0.1316
vn 0.2034 0.9608 -0.1886
vn 0.1707 0.9565 -0.2368
vn 0.1324 0.9523 -0.2750
vn 0.0903 0.9489 -0.3025
vn 0.0458 0.9466 -0.3191
vn -0.0826 0.8183 -0.5689
vn 0.0000 0.8160 -0.5781
vn -0.1637 0.8249 -0.5411
vn -0.2411 0.8351 -0.4943
vn -0.3127 0.8478 -0.4284
vn -0.3750 0.8611 -0.3435
vn -0.4243 0.8729 -0.2410
vn -0.4562 0.8811 -0.1245
vn -0.4673 0.8841 0.0000
vn -0.4562 0.8811 0.1245
vn -0.4243 0.8729 0.2410
vn -0.3750 0.8611 0.3435
vn -0.3126 0.8478 0.4284
vn -0.2412 0.8351 0.4943
vn -0.1637 0.8249 0.5411
vn -0.0826 0.8183 0.5689
vn -0.0000 0.8160 0.5781
vn 0.0826 0.8183 0.5689
vn 0.1637 0.8249 0.5411
vn 0.2411 0.8351 0.4943
vn 0.3127 0.8478 0.4284
vn 0.3750 0.8611 0.3435
vn 0.4243 0.8729 0.2410
vn 0.4562 0.8811 0.1245
vn 0.4673 0.8841 -0.0000
vn 0.4562 0.8811 -0.1245
vn 0.4243 0.8729 -0.2410
vn 0.3750 0.8611 -0.3435
vn 0.3127 0.8478 -0.4284
vn 0.2412 0.8351 -0.4943
vn 0.1637 0.8249 -0.5411
vn 0.0826 0.8183 -0.5689
vn -0.1082 0.6622 -0.7415
vn 0.0000 0.6590 -0.7522
vn -0.2155 0.6716 -0.7088
vn -0.3201 0.6866 -0.6528
vn -0.4193 0.7054 -0.5715
vn -0.5085 0.7259 -0.4631
vn -0.5811 0.7447 -0.3282
vn -0.6293 0.7582 -0.1707
vn -0.6463 0.7630 -0.0000
vn -0.6293 0.7582 0.1707
vn -0.5811 0.7447 0.3282
vn -0.5085 0.7259 0.4631
vn -0.4193 0.7054 0.5715
vn -0.3201 0.6866 0.6528
vn -0.2155 0.6716 0.7088
vn -0.1082 0.6622 0.7415
vn 0.0000 0.6590 0.7522
vn 0.1082 0.6622 0.7415
vn 0.2155 0.6716 0.7088
vn 0.3201 0.6866 0.6528
vn 0.4193 0.7054 0.5715
vn 0.5085 0.7259 0.4631
vn 0.5811 0.7447 0.3282
vn 0.6293 0.7582 0.1707
vn 0.6463 0.7630 0.0000
vn 0.6293 0.7582 -0.1707
vn 0.5811 0.7447 -0.3282
vn 0.5085 0.7259 -0.4631
vn 0.4193 0.7054 -0.5715
vn 0.3201 0.6866 -0.6528
vn 0.2155 0.6716 -0.7088
vn 0.1082 0.6622 -0.7415
vn -0.1246 0.5084 -0.8521
vn -0.0000 0.5051 -0.8631
vn -0.2492 0.5182 -0.8182
vn -0.3729 0.5339 -0.7588
vn -0.4932 0.5544 -0.6704
vn -0.6045 0.5772 -0.5490
vn -0.6979 0.5988 -0.3928
vn -0.7615 0.6146 -0.2058
vn -0.7842 0.6205 -0.0000
vn -0.7615 0.6146 0.2058
vn -0.6979 0.5988 0.3928
vn -0.6045 0.5772 0.5490
vn -0.4932 0.5544 0.6704
vn -0.3729 0.5339 0.7588
vn -0.2492 0.5182 0.8182
vn -0.1246 0.5084 0.8521
vn 0.0000 0.5051 0.8631
vn 0.1246 0.5084 0.8521
vn 0.2492 0.5182 0.8182
vn 0.3729 0.5339 0.7588
vn 0.4932 0.5544 0.6704
vn 0.6045 0.5772 0.5490
vn 0.6979 0.5988 0.3928
vn 0.7615 0.6146 0.2058
vn 0.7842 0.6205 0.0000
vn 0.7615 0.6146 -0.2058
vn 0.6979 0.5988 -0.3928
vn 0.6045 0.5772 -0.5490
vn 0.4932 0.5544 -0.6704
vn 0.3729 0.5339 -0.7588
vn 0.2492 0.5182 -0.8182
vn 0.1246 0.5084 -0.8521
vn -0.1348 0.3668 -0.9205
vn -0.0000 0.3640 -0.9314
vn -0.2704 0.3752 -0.8866
vn -0.4068 0.3888 -0.8267
vn -0.5418 0.4068 -0.7355
vn -0.6698 0.4274 -0.6072
vn -0.7797 0.4474 -0.4379
vn -0.8561 0.4624 -0.2308
vn -0.8838 0.4679 -0.0000
vn -0.8561 0.4624 0.2308
vn -0.7797 0.4474 0.4379
vn -0.6698 0.4274 0.6072
vn -0.5418 0.4068 0.7355
vn -0.4068 0.3888 0.8267
vn -0.2704 0.3752 0.8866
vn -0.1348 0.3668 0.9205
vn 0.0000 0.3640 0.9314
vn 0.1348 0.3668 0.9205
vn 0.2704 0.3752 0.8866
vn 0.4068 0.3888 0.8267
vn 0.5418 0.4068 0.7355
vn 0.6698 0.4274 0.6072
vn 0.7797 0.4474 0.4379
vn 0.8561 0.4624 0.2308
vn 0.8838 0.4679 -0.0000
vn 0.8561 0.4624 -0.2308
vn 0.7797 0.4474 -0.4379
vn 0.6698 0.4274 -0.6072
vn 0.5418 0.4068 -0.7355
vn 0.4068 0.3888 -0.8267
vn 0.2704 0.3752 -0.8866
vn 0.1348 0.3668 -0.9205
vn -0.1408 0.2374 -0.9612
vn -0.0000 0.2354 -0.9719
vn -0.2830 0.2433 -0.9277
vn -0.4273 0.2531 -0.8680
vn -0.5720 0.2662 -0.7759
vn -0.7113 0.2814 -0.6441
vn -0.8330 0.2964 -0.4672
vn -0.9187 0.3078 -0.2473
vn -0.9500 0.3121 -0.0000
vn -0.9187 0.3078 0.2473
vn -0.8330 0.2964 0.4672
vn -0.7113 0.2814 0.6441
vn -0.5720 0.2662 0.7758
vn -0.4273 0.2531 0.8680
vn -0.2830 0.2433 0.9277
vn -0.1408 0.2374 0.9612
vn 0.0000 0.2354 0.9719
vn 0.1408 0.2374 0.9612
vn 0.2830 0.2433 0.9277
vn 0.4273 0.2531 0.8680
vn 0.5720 0.2662 0.7758
vn 0.7113 0.2814 0.6441
vn 0.8330 0.2964 0.4672
vn 0.9187 0.3078 0.2473
vn 0.9500 0.3121 -0.0000
vn 0.9187 0.3078 -0.2473
vn 0.8330 0.2964 -0.4672
vn 0.7113 0.2814 -0.6441
vn 0.5720 0.2662 -0.7759
vn 0.4273 0.2531 -0.8680
vn 0.2830 0.2433 -0.9277
vn 0.1408 0.2374 -0.9612
vn -0.1440 0.1165 -0.9827
vn -0.0000 0.1155 -0.9933
vn -0.2898 0.1196 -0.9496
vn -0.4384 0.1246 -0.8901
vn -0.5884 0.1315 -0.7978
vn -0.7342 0.1395 -0.6645
vn -0.8628 0.1475 -0.4836
vn -0.9542 0.1536 -0.2567
vn -0.9878 0.1559 -0.0000
vn -0.9542 0.1536 0.2567
vn -0.8628 0.1475 0.4836
vn -0.7342 0.1395 0.6645
vn -0.5884 0.1315 0.7978
vn -0.4384 0.1246 0.8901
vn -0.2898 0.1196 0.9496
vn -0.1440 0.1165 0.9827
vn 0.0000 0.1155 0.9933
vn 0.1440 0.1165 0.9827
vn 0.2898 0.1196 0.9496
vn 0.4384 0.1246 0.8901
vn 0.5884 0.1315 0.7978
vn 0.7342 0.1395 0.6645
vn 0.8628 0.1475 0.4836
vn 0.9542 0.1536 0.2567
vn 0.9878 0.1559 -0.0000
vn 0.9542 0.1536 -0.2567
vn 0.8628 0.1475 -0.4836
vn 0.7342 0.1395 -0.6645
vn 0.5884 0.1315 -0.7978
vn 0.4384 0.1246 -0.8901
vn 0.2898 0.1196 -0.9496
vn 0.1440 0.1165 -0.9827
vn -0.1450 -0.0000 -0.9894
vn 0.0000 0.0000 -1.0000
vn -0.2919 0.0000 -0.9565
vn -0.4418 0.0000 -0.8971
vn -0.5936 0.0000 -0.8047
vn -0.7415 -0.0000 -0.6710
vn -0.8723 -0.0000 -0.4889
vn -0.9657 -0.0000 -0.2597
vn -0.9657 0.0000 0.2597
vn -0.8723 -0.0000 0.4889
vn -0.7415 0.0000 0.6710
vn -0.5936 0.0000 0.8047
vn -0.4418 0.0000 0.8971
vn -0.2919 0.0000 0.9565
vn -0.1450 0.0000 0.9894
vn 0.1450 -0.0000 0.9894
vn 0.2919 -0.0000 0.9565
vn 0.4418 0.0000 0.8971
vn 0.5936 0.0000 0.8047
vn 0.7415 -0.0000 0.6710
vn 0.8723 0.0000 0.4889
vn 0.9657 0.0000 0.2597
vn 1.0000 -0.0000 -0.0000
vn 0.9657 0.0000 -0.2597
vn 0.8723 -0.0000 -0.4889
vn 0.7415 0.0000 -0.6710
vn 0.5936 -0.0000 -0.8047
vn 0.4418 0.0000 -0.8971
vn 0.2919 0.0000 -0.9565
vn 0.1450 -0.0000 -0.9894
vn -0.1440 -0.1165 -0.9827
vn -0.0000 -0.1155 -0.9933
vn -0.2898 -0.1196 -0.9496
vn -0.4384 -0.1246 -0.8901
vn -0.5884 -0.1315 -0.7978
vn -0.7342 -0.1395 -0.6645
vn -0.8628 -0.1475 -0.4836
vn -0.9542 -0.1536 -0.2567
vn -0.9878 -0.1559 0.0000
vn -0.9542 -0.1536 0.2567
vn -0.8628 -0.1475 0.4836
vn -0.7342 -0.1395 0.6645
vn -0.5884 -0.1315 0.7978
vn -0.4384 -0.1246 0.8901
vn -0.2898 -0.1196 0.9496
vn -0.1440 -0.1165 0.9827
vn 0.0000 -0.1155 0.9933
vn 0.1440 -0.1165 0.9827
vn 0.2898 -0.1196 0.9496
vn 0.4384 -0.1246 0.8901
vn 0.5884 -0.1315 0.7978
vn 0.7342 -0.1395 0.6645
vn 0.8628 -0.1475 0.4836
vn 0.9542 -0.1536 0.2567
vn 0.9878 -0.1559 -0.0000
vn 0.9542 -0.1536 -0.2567
vn 0.8628 -0.1475 -0.4836
vn 0.7342 -0.1395 -0.6645
vn 0.5884 -0.1315 -0.7978
vn 0.4384 -0.1246 -0.8901
vn 0.2898 -0.1196 -0.9496
vn 0.1440 -0.1165 -0.9827
vn -0.1408 -0.2374 -0.9612
vn -0.0000 -0.2354 -0.9719
vn -0.2830 -0.2433 -0.9277
vn -0.4273 -0.2531 -0.8680
vn -0.5720 -0.2662 -0.7758
vn -0.7113 -0.2814 -0.6441
vn -0.8330 -0.2964 -0.4672
vn -0.9187 -0.3078 -0.2473
vn -0.9500 -0.3121 0.0000
vn -0.9187 -0.3078 0.2473
vn -0.8330 -0.2964 0.4672
vn -0.7113 -0.2814 0.6441
vn -0.5720 -0.2662 0.7759
vn -0.4273 -0.2531 0.8680
vn -0.2830 -0.2433 0.9277
vn -0.1408 -0.2374 0.9612
vn -0.0000 -0.2354 0.9719
vn 0.1408 -0.2374 0.9612
vn 0.2830 -0.2433 0.9277
vn 0.4273 -0.2531 0.8680
vn 0.5720 -0.2662 0.7758
vn 0.7113 -0.2814 0.6441
vn 0.8330 -0.2964 0.4672
vn 0.9187 -0.3078 0.2473
vn 0.9500 -0.3121 0.0000
vn 0.9187 -0.3078 -0.2473
vn 0.8330 -0.2964 -0.4672
vn 0.7113 -0.2814 -0.6441
vn 0.5720 -0.2662 -0.7759
vn 0.4273 -0.2531 -0.8680
vn 0.2830 -0.2433 -0.9277
vn 0.1408 -0.2374 -0.9612
vn -0.1348 -0.3668 -0.9205
vn -0.0000 -0.3640 -0.9314
vn -0.2704 -0.3752 -0.8866
vn -0.4068 -0.3888 -0.8267
vn -0.5418 -0.4068 -0.7355
vn -0.6698 -0.4274 -0.6072
vn -0.7797 -0.4474 -0.4379
vn -0.8561 -0.4624 -0.2308
vn -0.8838 -0.4679 -0.0000
vn -0.8561 -0.4624 0.2308
vn -0.7797 -0.4474 0.4379
vn -0.6698 -0.4274 0.6072
vn -0.5418 -0.4068 0.7355
vn -0.4068 -0.3888 0.8267
vn -0.2704 -0.3752 0.8866
vn -0.1348 -0.3668 0.9205
vn -0.0000 -0.3640 0.9314
vn 0.1348 -0.3668 0.9205
vn 0.2704 -0.3752 0.8866
vn 0.4068 -0.3888 0.8267
vn 0.5418 -0.4068 0.7355
vn 0.6698 -0.4274 0.6072
vn 0.7797 -0.4474 0.4379
vn 0.8561 -0.4624 0.2308
vn 0.8838 -0.4679 -0.0000
vn 0.8561 -0.4624 -0.2308
vn 0.7797 -0.4474 -0.4380
vn 0.6698 -0.4274 -0.6072
vn 0.5418 -0.4068 -0.7355
vn 0.4068 -0.3888 -0.8267
vn 0.2704 -0.3752 -0.8866
vn 0.1348 -0.3668 -0.9205
vn -0.1246 -0.5084 -0.8521
vn 0.0000 -0.5051 -0.8631
vn -0.2492 -0.5182 -0.8182
vn -0.3729 -0.5339 -0.7588
vn -0.4932 -0.5544 -0.6704
vn -0.6045 -0.5772 -0.5490
vn -0.6979 -0.5988 -0.3928
vn -0.7615 -0.6146 -0.2058
vn -0.7842 -0.6205 -0.0000
vn -0.7615 -0.6146 0.2058
vn -0.6979 -0.5988 0.3928
vn -0.6045 -0.5772 0.5490
vn -0.4932 -0.5544 0.6704
vn -0.3729 -0.5339 0.7588
vn -0.2492 -0.5182 0.8182
vn -0.1246 -0.5084 0.8521
vn -0.0000 -0.5051 0.8631
vn 0.1246 -0.5084 0.8521
vn 0.2492 -0.5182 0.8182
vn 0.3729 -0.5339 0.7588
vn 0.4932 -0.5544 0.6704
vn 0.6045 -0.5772 0.5490
vn 0.6979 -0.5988 0.3928
vn 0.7615 -0.6146 0.2058
vn 0.7842 -0.6205 0.0000
vn 0.7615 -0.6146 -0.2058
vn 0.6979 -0.5988 -0.3928
vn 0.6045 -0.5772 -0.5490
vn 0.4932 -0.5544 -0.6704
vn 0.3729 -0.5339 -0.7588
vn 0.2492 -0.5182 -0.8182
vn 0.1246 -0.5084 -0.8521
vn -0.1082 -0.6622 -0.7415
vn 0.0000 -0.6590 -0.7522
vn -0.2155 -0.6716 -0.7088
vn -0.3201 -0.6866 -0.6528
vn -0.4193 -0.7054 -0.5715
vn -0.5085 -0.7259 -0.4631
vn -0.5811 -0.7447 -0.3282
vn -0.6293 -0.7582 -0.1707
vn -0.6463 -0.7630 -0.0000
vn -0.6293 -0.7582 0.1707
vn -0.5811 -0.7447 0.3282
vn -0.5085 -0.7259 0.4631
vn -0.4193 -0.7054 0.5715
vn -0.3201 -0.6866 0.6528
vn -0.2155 -0.6716 0.7088
vn -0.1082 -0.6622 0.7415
vn -0.0000 -0.6590 0.7522
vn 0.1082 -0.6622 0.7415
vn 0.2155 -0.6716 0.7088
vn 0.3201 -0.6866 0.6528
vn 0.4193 -0.7054 0.5715
vn 0.5085 -0.7259 0.4631
vn 0.5811 -0.7447 0.3282
vn 0.6293 -0.7582 0.1707
vn 0.6463 -0.7630 0.0000
vn 0.6293 -0.7582 -0.1707
vn 0.5811 -0.7447 -0.3282
vn 0.5085 -0.7259 -0.4632
vn 0.4193 -0.7054 -0.5715
vn 0.3201 -0.6866 -0.6528
vn 0.2155 -0.6716 -0.7088
vn 0.1082 -0.6622 -0.7415
vn -0.0826 -0.8183 -0.5689
vn -0.0000 -0.8160 -0.5781
vn -0.1637 -0.8249 -0.5411
vn -0.2412 -0.8351 -0.4943
vn -0.3127 -0.8478 -0.4284
vn -0.3750 -0.8611 -0.3435
vn -0.4243 -0.8729 -0.2410
vn -0.4562 -0.8811 -0.1245
vn -0.4673 -0.8841 -0.0000
vn -0.4562 -0.8811 0.1245
vn -0.4243 -0.8729 0.2410
vn -0.3750 -0.8611 0.3435
vn -0.3127 -0.8478 0.4284
vn -0.2411 -0.8351 0.4944
vn -0.1637 -0.8249 0.5411
vn -0.0826 -0.8183 0.5689
vn 0.0000 -0.8160 0.5781
vn 0.0826 -0.8183 0.5689
vn 0.1637 -0.8249 0.5411
vn 0.2412 -0.8351 0.4943
vn 0.3127 -0.8478 0.4284
vn 0.3750 -0.8611 0.3435
vn 0.4243 -0.8729 0.2410
vn 0.4562 -0.8811 0.1245
vn 0.4673 -0.8841 -0.0000
vn 0.4562 -0.8811 -0.1245
vn 0.4243 -0.8729 -0.2410
vn 0.3750 -0.8611 -0.3435
vn 0.3127 -0.8478 -0.4284
vn 0.2411 -0.8351 -0.4943
vn 0.1637 -0.8249 -0.5411
vn 0.0826 -0.8183 -0.5689
vn -0.0458 -0.9466 -0.3191
vn -0.0000 -0.9458 -0.3247
vn -0.0903 -0.9489 -0.3025
vn -0.1325 -0.9523 -0.2750
vn -0.1707 -0.9565 -0.2368
vn -0.2034 -0.9608 -0.1886
vn -0.2288 -0.9645 -0.1316
vn -0.2452 -0.9671 -0.0677
vn -0.2508 -0.9680 0.0000
vn -0.2452 -0.9671 0.0677
vn -0.2288 -0.9645 0.1316
vn -0.2034 -0.9608 0.1886
vn -0.1707 -0.9565 0.2368
vn -0.1325 -0.9523 0.2750
vn -0.0903 -0.9489 0.3025
vn -0.0458 -0.9466 0.3191
vn 0.0000 -0.9458 0.3247
vn 0.0458 -0.9466 0.3191
vn 0.0903 -0.9489 0.3025
vn 0.1325 -0.9523 0.2750
vn 0.1707 -0.9565 0.2368
vn 0.2034 -0.9608 0.1886
vn 0.2288 -0.9645 0.1316
vn 0.2452 -0.9671 0.0677
vn 0.2508 -0.9680 -0.0000
vn 0.2452 -0.9671 -0.0677
vn 0.2288 -0.9645 -0.1316
vn 0.2034 -0.9608 -0.1886
vn 0.1707 -0.9565 -0.2368
vn 0.1325 -0.9523 -0.2750
vn 0.0903 -0.9489 -0.3025
vn 0.0458 -0.9466 -0.3191
vn 0.2200 0.0000 -0.9755
vn 0.2200 0.0000 0.9755
vn 0.2200 -0.0000 0.9755
vn 0.0000 0.3225 -0.9466
vn 0.1845 0.3269 -0.9269
vn 0.1953 0.0000 -0.9807
vn 0.0000 0.4915 -0.8709
vn 0.1638 0.4972 -0.8520
vn -0.0000 0.9034 -0.4289
vn 0.0781 0.9057 -0.4166
vn 0.0854 0.9062 -0.4141
vn 0.0000 0.9034 0.4289
vn -0.0781 0.9057 0.4166
vn -0.0854 0.9062 0.4141
vn 0.0000 0.4915 0.8709
vn 0.0000 0.3293 0.9442
vn -0.1812 0.3338 0.9251
vn -0.1721 0.4978 0.8501
vn -0.0000 0.0000 1.0000
vn -0.1924 -0.0000 0.9813
vn -0.0000 -0.3293 0.9442
vn -0.1812 -0.3338 0.9251
vn -0.0000 -0.4915 0.8709
vn -0.1721 -0.4978 0.8501
vn -0.0000 -0.9034 0.4289
vn -0.0854 -0.9062 0.4141
vn -0.0781 -0.9057 0.4166
vn 0.0000 -0.9034 -0.4289
vn 0.0854 -0.9062 -0.4141
vn 0.0781 -0.9057 -0.4166
vn 0.0000 -0.4915 -0.8709
vn -0.0000 -0.3225 -0.9466
vn 0.1845 -0.3269 -0.9269
vn 0.1638 -0.4972 -0.8520
vn 0.3709 0.3395 -0.8644
vn 0.3947 -0.0000 -0.9188
vn 0.3283 0.5140 -0.7925
vn 0.1534 0.9125 -0.3792
vn 0.1649 0.9139 -0.3709
vn -0.1534 0.9125 0.3792
vn -0.1649 0.9139 0.3709
vn -0.3648 0.3470 0.8640
vn -0.3430 0.5160 0.7849
vn -0.3893 0.0000 0.9211
vn -0.3648 -0.3470 0.8640
vn -0.3430 -0.5160 0.7849
vn -0.1649 -0.9139 0.3709
vn -0.1534 -0.9125 0.3792
vn 0.1649 -0.9139 -0.3709
vn 0.1534 -0.9125 -0.3792
vn 0.3709 -0.3395 -0.8644
vn 0.3283 -0.5140 -0.7925
vn 0.5572 0.3590 -0.7488
vn 0.5977 -0.0000 -0.8017
vn 0.4905 0.5404 -0.6837
vn 0.2217 0.9224 -0.3162
vn 0.2329 0.9243 -0.3022
vn -0.2217 0.9224 0.3162
vn -0.2329 0.9243 0.3022
vn -0.5492 0.3681 0.7502
vn -0.5073 0.5436 0.6687
vn -0.5909 0.0000 0.8067
vn -0.5492 -0.3681 0.7502
vn -0.5073 -0.5436 0.6687
vn -0.2329 -0.9243 0.3022
vn -0.2217 -0.9224 0.3162
vn 0.2329 -0.9243 -0.3022
vn 0.2217 -0.9224 -0.3162
vn 0.5572 -0.3590 -0.7488
vn 0.4905 -0.5404 -0.6837
vn 0.7307 0.3816 -0.5661
vn 0.7914 -0.0000 -0.6113
vn 0.6389 0.5720 -0.5143
vn 0.2777 0.9331 -0.2285
vn 0.2849 0.9346 -0.2129
vn -0.2777 0.9331 0.2285
vn -0.2849 0.9346 0.2129
vn -0.7220 0.3942 0.5687
vn -0.6518 0.5750 0.4945
vn -0.7857 0.0000 0.6186
vn -0.7220 -0.3942 0.5687
vn -0.6518 -0.5750 0.4945
vn -0.2849 -0.9346 0.2129
vn -0.2777 -0.9331 0.2285
vn 0.2849 -0.9346 -0.2129
vn 0.2777 -0.9331 -0.2285
vn 0.7307 -0.3816 -0.5661
vn 0.6389 -0.5720 -0.5143
vn 0.8624 0.4005 -0.3096
vn 0.9416 -0.0000 -0.3368
vn 0.7497 0.5996 -0.2801
vn 0.3149 0.9415 -0.1203
vn 0.3172 0.9420 -0.1098
vn -0.3149 0.9415 0.1203
vn -0.3172 0.9420 0.1098
vn -0.8535 0.4175 0.3117
vn -0.7543 0.6008 0.2648
vn -0.9394 0.0000 0.3429
vn -0.8535 -0.4175 0.3117
vn -0.7543 -0.6008 0.2648
vn -0.3172 -0.9420 0.1098
vn -0.3149 -0.9415 0.1203
vn 0.3172 -0.9420 -0.1098
vn 0.3149 -0.9415 -0.1203
vn 0.8624 -0.4005 -0.3096
vn 0.7497 -0.5996 -0.2801
vn 0.9130 0.4080 0.0000
vn 0.7918 0.6108 -0.0000
vn 0.3281 0.9446 -0.0000
vn -0.3281 0.9446 -0.0000
vn -0.9041 0.4272 0.0000
vn -0.7918 0.6108 0.0000
vn -0.9041 -0.4272 0.0000
vn -0.7918 -0.6108 -0.0000
vn -0.3281 -0.9446 -0.0000
vn 0.3281 -0.9446 0.0000
vn 0.9130 -0.4080 -0.0000
vn 0.7918 -0.6108 0.0000
vn 0.8624 0.4005 0.3096
vn 0.9416 -0.0000 0.3368
vn 0.7497 0.5996 0.2801
vn 0.3149 0.9415 0.1203
vn 0.3172 0.9420 0.1098
vn -0.3149 0.9415 -0.1203
vn -0.3172 0.9420 -0.1098
vn -0.8535 0.4175 -0.3117
vn -0.7543 0.6008 -0.2648
vn -0.9394 0.0000 -0.3429
vn -0.8535 -0.4175 -0.3117
vn -0.7543 -0.6008 -0.2648
vn -0.3172 -0.9420 -0.1098
vn -0.3149 -0.9415 -0.1203
vn 0.3172 -0.9420 0.1098
vn 0.3149 -0.9415 0.1203
vn 0.8624 -0.4005 0.3096
vn 0.7497 -0.5996 0.2801
vn 0.7307 0.3816 0.5661
vn 0.7914 -0.0000 0.6113
vn 0.6389 0.5720 0.5143
vn 0.2777 0.9331 0.2285
vn 0.2849 0.9346 0.2129
vn -0.2777 0.9331 -0.2285
vn -0.2849 0.9346 -0.2129
vn -0.7220 0.3942 -0.5687
vn -0.6518 0.5750 -0.4945
vn -0.7857 0.0000 -0.6186
vn -0.7220 -0.3942 -0.5687
vn -0.6518 -0.5750 -0.4945
vn -0.2849 -0.9346 -0.2129
vn -0.2777 -0.9331 -0.2285
vn 0.2849 -0.9346 0.2129
vn 0.2777 -0.9331 0.2285
vn 0.7307 -0.3816 0.5661
vn 0.6389 -0.5720 0.5143
vn 0.5572 0.3590 0.7488
vn 0.5977 -0.0000 0.8017
vn 0.4905 0.5404 0.6837
vn 0.2217 0.9224 0.3162
vn 0.2329 0.9243 0.3022
vn -0.2217 0.9224 -0.3162
vn -0.2329 0.9243 -0.3022
vn -0.5492 0.3681 -0.7502
vn -0.5073 0.5436 -0.6687
vn -0.5909 -0.0000 -0.8067
vn -0.5492 -0.3681 -0.7502
vn -0.5073 -0.5436 -0.6687
vn -0.2329 -0.9243 -0.3022
vn -0.2217 -0.9224 -0.3162
vn 0.2329 -0.9243 0.3022
vn 0.2217 -0.9224 0.3162
vn 0.5572 -0.3590 0.7488
vn 0.4905 -0.5404 0.6837
vn 0.3709 0.3395 0.8644
vn 0.3947 0.0000 0.9188
vn 0.3283 0.5140 0.7925
vn 0.1534 0.9125 0.3792
vn 0.1649 0.9139 0.3709
vn -0.1534 0.9125 -0.3792
vn -0.1649 0.9139 -0.3709
vn -0.3648 0.3470 -0.8640
vn -0.3430 0.5160 -0.7849
vn -0.3893 -0.0000 -0.9211
vn -0.3648 -0.3470 -0.8640
vn -0.3430 -0.5160 -0.7849
vn -0.1649 -0.9139 -0.3709
vn -0.1534 -0.9125 -0.3792
vn 0.1649 -0.9139 0.3709
vn 0.1534 -0.9125 0.3792
vn 0.3709 -0.3395 0.8644
vn 0.3283 -0.5140 0.7925
vn 0.1845 0.3269 0.9269
vn 0.1953 -0.0000 0.9807
vn 0.1638 0.4972 0.8520
vn 0.0781 0.9057 0.4166
vn 0.0854 0.9062 0.4141
vn -0.0781 0.9057 -0.4166
vn -0.0854 0.9062 -0.4141
vn -0.1812 0.3338 -0.9251
vn -0.1721 0.4978 -0.8501
vn -0.1924 0.0000 -0.9813
vn -0.1812 -0.3338 -0.9251
vn -0.1721 -0.4978 -0.8501
vn -0.0854 -0.9062 -0.4141
vn -0.0781 -0.9057 -0.4166
vn 0.0854 -0.9062 0.4141
vn 0.0781 -0.9057 0.4166
vn 0.1845 -0.3269 0.9269
vn 0.1638 -0.4972 0.8520
vn -0.0000 0.3225 0.9466
vn -0.0000 0.4915 0.8709
vn -0.0000 0.3293 -0.9442
vn -0.0000 0.4915 -0.8709
vn 0.0000 -0.3293 -0.9442
vn 0.0000 -0.3225 0.9466
vn 0.0000 -0.4915 0.8709
vn -0.1845 0.3269 0.9269
vn -0.1953 0.0000 0.9807
vn -0.1638 0.4972 0.8520
vn 0.1812 0.3338 -0.9251
vn 0.1721 0.4978 -0.8501
vn 0.1924 -0.0000 -0.9813
vn 0.1812 -0.3338 -0.9251
vn 0.1721 -0.4978 -0.8501
vn -0.1845 -0.3269 0.9269
vn -0.1638 -0.4972 0.8520
vn -0.3709 0.3395 0.8644
vn -0.3947 -0.0000 0.9188
vn -0.3283 0.5140 0.7925
vn 0.3648 0.3470 -0.8640
vn 0.3430 0.5160 -0.7849
vn 0.3893 0.0000 -0.9211
vn 0.3648 -0.3470 -0.8640
vn 0.3430 -0.5160 -0.7849
vn -0.3709 -0.3395 0.8644
vn -0.3283 -0.5140 0.7925
vn -0.5572 0.3590 0.7488
vn -0.5977 -0.0000 0.8017
vn -0.4905 0.5404 0.6837
vn 0.5492 0.3681 -0.7502
vn 0.5073 0.5436 -0.6687
vn 0.5909 0.0000 -0.8067
vn 0.5492 -0.3681 -0.7502
vn 0.5073 -0.5436 -0.6687
vn -0.5572 -0.3590 0.7488
vn -0.4905 -0.5404 0.6837
vn -0.7307 0.3816 0.5661
vn -0.7914 -0.0000 0.6113
vn -0.6389 0.5720 0.5143
vn 0.7220 0.3942 -0.5687
vn 0.6518 0.5750 -0.4945
vn 0.7857 -0.0000 -0.6186
vn 0.7219 -0.3942 -0.5687
vn 0.6518 -0.5750 -0.4945
vn -0.7307 -0.3816 0.5661
vn -0.6389 -0.5720 0.5143
vn -0.8624 0.4005 0.3096
vn -0.9416 -0.0000 0.3368
vn -0.7497 0.5996 0.2801
vn 0.8535 0.4175 -0.3117
vn 0.7543 0.6008 -0.2648
vn 0.9394 0.0000 -0.3429
vn 0.8535 -0.4175 -0.3117
vn 0.7543 -0.6008 -0.2648
vn -0.8624 -0.4005 0.3096
vn -0.7497 -0.5996 0.2801
vn -0.9130 0.4080 0.0000
vn -0.3281 0.9446 0.0000
vn 0.9041 0.4272 -0.0000
vn 0.9041 -0.4272 -0.0000
vn 0.7918 -0.6108 -0.0000
vn 0.3281 -0.9446 -0.0000
vn -0.3281 -0.9446 0.0000
vn -0.9130 -0.4080 0.0000
vn -0.7918 -0.6108 0.0000
vn -0.8624 0.4005 -0.3096
vn -0.9416 -0.0000 -0.3368
vn -0.7497 0.5996 -0.2801
vn 0.8535 0.4175 0.3117
vn 0.7543 0.6008 0.2648
vn 0.9394 -0.0000 0.3429
vn 0.8535 -0.4175 0.3117
vn 0.7543 -0.6008 0.2648
vn -0.8624 -0.4005 -0.3096
vn -0.7497 -0.5996 -0.2801
vn -0.7307 0.3816 -0.5661
vn -0.7914 -0.0000 -0.6113
vn -0.6389 0.5720 -0.5143
vn 0.7220 0.3942 0.5687
vn 0.6518 0.5750 0.4945
vn 0.7857 0.0000 0.6186
vn 0.7219 -0.3942 0.5687
vn 0.6518 -0.5750 0.4945
vn -0.7307 -0.3816 -0.5661
vn -0.6389 -0.5720 -0.5143
vn -0.5572 0.3590 -0.7488
vn -0.5977 0.0000 -0.8017
vn -0.4905 0.5404 -0.6837
vn 0.5492 0.3681 0.7502
vn 0.5073 0.5436 0.6687
vn 0.5909 0.0000 0.8067
vn 0.5492 -0.3681 0.7502
vn 0.5073 -0.5436 0.6687
vn -0.5572 -0.3590 -0.7488
vn -0.4905 -0.5404 -0.6837
vn -0.3709 0.3395 -0.8644
vn -0.3947 -0.0000 -0.9188
vn -0.3283 0.5140 -0.7925
vn 0.3648 0.3470 0.8640
vn 0.3430 0.5160 0.7849
vn 0.3893 -0.0000 0.9211
vn 0.3648 -0.3470 0.8640
vn 0.3430 -0.5160 0.7849
vn -0.3709 -0.3395 -0.8644
vn -0.3283 -0.5140 -0.7925
vn -0.1845 0.3269 -0.9269
vn -0.1953 0.0000 -0.9807
vn -0.1638 0.4972 -0.8520
vn 0.1812 0.3338 0.9251
vn 0.1721 0.4978 0.8501
vn 0.1924 0.0000 0.9813
vn 0.1812 -0.3338 0.9251
vn 0.1721 -0.4978 0.8501
vn -0.1845 -0.3269 -0.9269
vn -0.1638 -0.4972 -0.8520
# 2343 vertex normals

vt 9.7633 0.0000 1.0000
vt 9.9667 0.0000 1.0000
vt 9.9667 8.2324 1.0000
vt 9.7633 8.2324 1.0000
vt 10.1701 0.0000 1.0000
vt 10.1701 8.2324 1.0000
vt 10.1701 16.4648 1.0000
vt 9.9667 16.4648 1.0000
vt 9.7633 16.4648 1.0000
vt 10.3735 0.0000 1.0000
vt 10.3735 8.2324 1.0000
vt 10.5769 0.0000 1.0000
vt 10.5769 8.2324 1.0000
vt 10.5769 16.4648 1.0000
vt 10.3735 16.4648 1.0000
vt 10.7803 0.0000 1.0000
vt 10.7803 8.2324 1.0000
vt 10.9837 0.0000 1.0000
vt 10.9837 8.2324 1.0000
vt 10.9837 16.4648 1.0000
vt 10.7803 16.4648 1.0000
vt 11.1871 0.0000 1.0000
vt 11.1871 8.2324 1.0000
vt 11.3905 0.0000 1.0000
vt 11.3905 8.2324 1.0000
vt 11.3905 16.4648 1.0000
vt 11.1871 16.4648 1.0000
vt 11.5939 0.0000 1.0000
vt 11.5939 8.2324 1.0000
vt 11.7973 0.0000 1.0000
vt 11.7973 8.2324 1.0000
vt 11.7973 16.4648 1.0000
vt 11.5939 16.4648 1.0000
vt 12.0007 0.0000 1.0000
vt 12.0007 8.2324 1.0000
vt 12.2041 0.0000 1.0000
vt 12.2041 8.2324 1.0000
vt 12.2041 16.4648 1.0000
vt 12.0007 16.4648 1.0000
vt 12.4075 0.0000 1.0000
vt 12.4075 8.2324 1.0000
vt 12.6109 0.0000 1.0000
vt 12.6109 8.2324 1.0000
vt 12.6109 16.4648 1.0000
vt 12.4075 16.4648 1.0000
vt 12.8143 0.0000 1.0000
vt 12.8143 8.2324 1.0000
vt 13.0177 0.0000 1.0000
vt 13.0177 8.2324 1.0000
vt 13.0177 16.4648 1.0000
vt 12.8143 16.4648 1.0000
vt 13.2211 0.0000 1.0000
vt 13.2211 8.2324 1.0000
vt 13.4245 0.0000 1.0000
vt 13.4245 8.2324 1.0000
vt 13.4245 16.4648 1.0000
vt 13.2211 16.4648 1.0000
vt 0.4068 0.0000 1.0000
vt 0.6102 2.0581 1.0000
vt 0.6102 8.2324 1.0000
vt 0.4068 8.2324 1.0000
vt 0.8136 2.0581 1.0000
vt 0.8136 8.2324 1.0000
vt 0.8136 16.4648 1.0000
vt 0.6102 16.4648 1.0000
vt 0.4068 16.4648 1.0000
vt 1.0170 2.0581 1.0000
vt 1.0170 8.2324 1.0000
vt 1.2204 2.0581 1.0000
vt 1.2204 8.2324 1.0000
vt 1.2204 16.4648 1.0000
vt 1.0170 16.4648 1.0000
vt 1.4238 2.0581 1.0000
vt 1.4238 8.2324 1.0000
vt 1.6272 2.0581 1.0000
vt 1.6272 8.2324 1.0000
vt 1.6272 16.4648 1.0000
vt 1.4238 16.4648 1.0000
vt 1.8306 2.0581 1.0000
vt 1.8306 8.2324 1.0000
vt 2.0340 2.0581 1.0000
vt 2.0340 8.2324 1.0000
vt 2.0340 16.4648 1.0000
vt 1.8306 16.4648 1.0000
vt 2.2374 2.0581 1.0000
vt 2.2374 8.2324 1.0000
vt 2.4408 2.0581 1.0000
vt 2.4408 8.2324 1.0000
vt 2.4408 16.4648 1.0000
vt 2.2374 16.4648 1.0000
vt 2.6442 2.0581 1.0000
vt 2.6442 8.2324 1.0000
vt 2.8476 2.0581 1.0000
vt 2.8476 8.2324 1.0000
vt 2.8476 16.4648 1.0000
vt 2.6442 16.4648 1.0000
vt 3.0510 2.0581 1.0000
vt 3.0510 8.2324 1.0000
vt 3.2544 2.0581 1.0000
vt 3.2544 8.2324 1.0000
vt 3.2544 16.4648 1.0000
vt 3.0510 16.4648 1.0000
vt 3.4578 2.0581 1.0000
vt 3.4578 8.2324 1.0000
vt 3.6612 2.0581 1.0000
vt 3.6612 8.2324 1.0000
vt 3.6612 16.4648 1.0000
vt 3.4578 16.4648 1.0000
vt 3.8646 2.0581 1.0000
vt 3.8646 8.2324 1.0000
vt 4.0680 2.0581 1.0000
vt 4.0680 8.2324 1.0000
vt 4.0680 16.4648 1.0000
vt 3.8646 16.4648 1.0000
vt 4.2714 2.0581 1.0000
vt 4.2714 8.2324 1.0000
vt 4.4748 2.0581 1.0000
vt 4.4748 8.2324 1.0000
vt 4.4748 16.4648 1.0000
vt 4.2714 16.4648 1.0000
vt 4.6782 2.0581 1.0000
vt 4.6782 8.2324 1.0000
vt 4.8816 2.0581 1.0000
vt 4.8816 8.2324 1.0000
vt 4.8816 16.4648 1.0000
vt 4.6782 16.4648 1.0000
vt 5.0850 2.0581 1.0000
vt 5.0850 8.2324 1.0000
vt 5.2884 2.0581 1.0000
vt 5.2884 8.2324 1.0000
vt 5.2884 16.4648 1.0000
vt 5.0850 16.4648 1.0000
vt 5.4918 2.0581 1.0000
vt 5.4918 8.2324 1.0000
vt 5.6952 2.0581 1.0000
vt 5.6952 8.2324 1.0000
vt 5.6952 16.4648 1.0000
vt 5.4918 16.4648 1.0000
vt 5.8986 2.0581 1.0000
vt 5.8986 8.2324 1.0000
vt 6.1020 2.0581 1.0000
vt 6.1020 8.2324 1.0000
vt 6.1020 16.4648 1.0000
vt 5.8986 16.4648 1.0000
vt 6.3054 2.0581 1.0000
vt 6.3054 8.2324 1.0000
vt 6.5088 2.0581 1.0000
vt 6.5088 8.2324 1.0000
vt 6.5088 16.4648 1.0000
vt 6.3054 16.4648 1.0000
vt 6.7122 2.0581 1.0000
vt 6.7122 8.2324 1.0000
vt 6.9156 2.0581 1.0000
vt 6.9156 8.2324 1.0000
vt 6.9156 16.4648 1.0000
vt 6.7122 16.4648 1.0000
vt 7.1190 2.0581 1.0000
vt 7.1190 8.2324 1.0000
vt 7.3224 2.0581 1.0000
vt 7.3224 8.2324 1.0000
vt 7.3224 16.4648 1.0000
vt 7.1190 16.4648 1.0000
vt 7.5258 2.0581 1.0000
vt 7.5258 8.2324 1.0000
vt 7.7292 2.0581 1.0000
vt 7.7292 8.2324 1.0000
vt 7.7292 16.4648 1.0000
vt 7.5258 16.4648 1.0000
vt 7.9326 2.0581 1.0000
vt 7.9326 8.2324 1.0000
vt 8.1360 2.0581 1.0000
vt 8.1360 8.2324 1.0000
vt 8.1360 16.4648 1.0000
vt 7.9326 16.4648 1.0000
vt 8.3394 2.0581 1.0000
vt 8.3394 8.2324 1.0000
vt 8.5428 2.0581 1.0000
vt 8.5428 8.2324 1.0000
vt 8.5428 16.4648 1.0000
vt 8.3394 16.4648 1.0000
vt 8.7463 2.0581 1.0000
vt 8.7463 8.2324 1.0000
vt 8.9497 8.2324 1.0000
vt 8.9497 16.4648 1.0000
vt 8.7463 16.4648 1.0000
vt 9.1531 0.0000 1.0000
vt 9.1531 8.2324 1.0000
vt 9.3565 0.0000 1.0000
vt 9.3565 8.2324 1.0000
vt 9.3565 16.4648 1.0000
vt 9.1531 16.4648 1.0000
vt 9.5599 0.0000 1.0000
vt 9.5599 8.2324 1.0000
vt 9.5599 16.4648 1.0000
vt 9.9667 24.6973 1.0000
vt 9.7633 24.6973 1.0000
vt 10.1701 24.6973 1.0000
vt 10.1701 32.9297 1.0000
vt 9.9667 32.9297 1.0000
vt 9.7633 32.9297 1.0000
vt 10.3735 24.6973 1.0000
vt 10.5769 24.6973 1.0000
vt 10.5769 32.9297 1.0000
vt 10.3735 32.9297 1.0000
vt 10.7803 24.6973 1.0000
vt 10.9837 24.6973 1.0000
vt 10.9837 32.9297 1.0000
vt 10.7803 32.9297 1.0000
vt 11.1871 24.6973 1.0000
vt 11.3905 24.6973 1.0000
vt 11.3905 32.9297 1.0000
vt 11.1871 32.9297 1.0000
vt 11.5939 24.6973 1.0000
vt 11.7973 24.6973 1.0000
vt 11.7973 32.9297 1.0000
vt 11.5939 32.9297 1.0000
vt 12.0007 24.6973 1.0000
vt 12.2041 24.6973 1.0000
vt 12.2041 32.9297 1.0000
vt 12.0007 32.9297 1.0000
vt 12.4075 24.6973 1.0000
vt 12.6109 24.6973 1.0000
vt 12.6109 32.9297 1.0000
vt 12.4075 32.9297 1.0000
vt 12.8143 24.6973 1.0000
vt 13.0177 24.6973 1.0000
vt 13.0177 32.9297 1.0000
vt 12.8143 32.9297 1.0000
vt 13.2211 24.6973 1.0000
vt 13.4245 24.6973 1.0000
vt 13.4245 32.9297 1.0000
vt 13.2211 32.9297 1.0000
vt 0.6102 24.6973 1.0000
vt 0.4068 24.6973 1.0000
vt 0.8136 24.6973 1.0000
vt 0.8136 32.9297 1.0000
vt 0.6102 32.9297 1.0000
vt 0.4068 32.9297 1.0000
vt 1.0170 24.6973 1.0000
vt 1.2204 24.6973 1.0000
vt 1.2204 32.9297 1.0000
vt 1.0170 32.9297 1.0000
vt 1.4238 24.6973 1.0000
vt 1.6272 24.6973 1.0000
vt 1.6272 32.9297 1.0000
vt 1.4238 32.9297 1.0000
vt 1.8306 24.6973 1.0000
vt 2.0340 24.6973 1.0000
vt 2.0340 32.9297 1.0000
vt 1.8306 32.9297 1.0000
vt 2.2374 24.6973 1.0000
vt 2.4408 24.6973 1.0000
vt 2.4408 32.9297 1.0000
vt 2.2374 32.9297 1.0000
vt 2.6442 24.6973 1.0000
vt 2.8476 24.6973 1.0000
vt 2.8476 32.9297 1.0000
vt 2.6442 32.9297 1.0000
vt 3.0510 24.6973 1.0000
vt 3.2544 24.6973 1.0000
vt 3.2544 32.9297 1.0000
vt 3.0510 32.9297 1.0000
vt 3.4578 24.6973 1.0000
vt 3.6612 24.6973 1.0000
vt 3.6612 32.9297 1.0000
vt 3.4578 32.9297 1.0000
vt 3.8646 24.6973 1.0000
vt 4.0680 24.6973 1.0000
vt 4.0680 32.9297 1.0000
vt 3.8646 32.9297 1.0000
vt 4.2714 24.6973 1.0000
vt 4.4748 24.6973 1.0000
vt 4.4748 32.9297 1.0000
vt 4.2714 32.9297 1.0000
vt 4.6782 24.6973 1.0000
vt 4.8816 24.6973 1.0000
vt 4.8816 32.9297 1.0000
vt 4.6782 32.9297 1.0000
vt 5.0850 24.6973 1.0000
vt 5.2884 24.6973 1.0000
vt 5.2884 32.9297 1.0000
vt 5.0850 32.9297 1.0000
vt 5.4918 24.6973 1.0000
vt 5.6952 24.6973 1.0000
vt 5.6952 32.9297 1.0000
vt 5.4918 32.9297 1.0000
vt 5.8986 24.6973 1.0000
vt 6.1020 24.6973 1.0000
vt 6.1020 32.9297 1.0000
vt 5.8986 32.9297 1.0000
vt 6.3054 24.6973 1.0000
vt 6.5088 24.6973 1.0000
vt 6.5088 32.9297 1.0000
vt 6.3054 32.9297 1.0000
vt 6.7122 24.6973 1.0000
vt 6.9156 24.6973 1.0000
vt 6.9156 32.9297 1.0000
vt 6.7122 32.9297 1.0000
vt 7.1190 24.6973 1.0000
vt 7.3224 24.6973 1.0000
vt 7.3224 32.9297 1.0000
vt 7.1190 32.9297 1.0000
vt 7.5258 24.6973 1.0000
vt 7.7292 24.6973 1.0000
vt 7.7292 32.9297 1.0000
vt 7.5258 32.9297 1.0000
vt 7.9326 24.6973 1.0000
vt 8.1360 24.6973 1.0000
vt 8.1360 32.9297 1.0000
vt 7.9326 32.9297 1.0000
vt 8.3394 24.6973 1.0000
vt 8.5428 24.6973 1.0000
vt 8.5428 32.9297 1.0000
vt 8.3394 32.9297 1.0000
vt 8.7463 24.6973 1.0000
vt 8.9497 24.6973 1.0000
vt 8.9497 32.9297 1.0000
vt 8.7463 32.9297 1.0000
vt 9.1531 24.6973 1.0000
vt 9.3565 24.6973 1.0000
vt 9.3565 32.9297 1.0000
vt 9.1531 32.9297 1.0000
vt 9.5599 24.6973 1.0000
vt 9.5599 32.9297 1.0000
vt 9.9667 41.1621 1.0000
vt 9.7633 41.1621 1.0000
vt 10.1701 41.1621 1.0000
vt 10.1701 49.3945 1.0000
vt 9.9667 49.3945 1.0000
vt 9.7633 49.3945 1.0000
vt 10.3735 41.1621 1.0000
vt 10.5769 41.1621 1.0000
vt 10.5769 49.3945 1.0000
vt 10.3735 49.3945 1.0000
vt 10.7803 41.1621 1.0000
vt 10.9837 41.1621 1.0000
vt 10.9837 49.3945 1.0000
vt 10.7803 49.3945 1.0000
vt 11.1871 41.1621 1.0000
vt 11.3905 41.1621 1.0000
vt 11.3905 49.3945 1.0000
vt 11.1871 49.3945 1.0000
vt 11.5939 41.1621 1.0000
vt 11.7973 41.1621 1.0000
vt 11.7973 49.3945 1.0000
vt 11.5939 49.3945 1.0000
vt 12.0007 41.1621 1.0000
vt 12.2041 41.1621 1.0000
vt 12.2041 49.3945 1.0000
vt 12.0007 49.3945 1.0000
vt 12.4075 41.1621 1.0000
vt 12.6109 41.1621 1.0000
vt 12.6109 49.3945 1.0000
vt 12.4075 49.3945 1.0000
vt 12.8143 41.1621 1.0000
vt 13.0177 41.1621 1.0000
vt 13.0177 49.3945 1.0000
vt 12.8143 49.3945 1.0000
vt 13.2211 41.1621 1.0000
vt 13.4245 41.1621 1.0000
vt 13.4245 49.3945 1.0000
vt 13.2211 49.3945 1.0000
vt 0.6102 41.1621 1.0000
vt 0.4068 41.1621 1.0000
vt 0.8136 41.1621 1.0000
vt 0.8136 49.3945 1.0000
vt 0.6102 49.3945 1.0000
vt 0.4068 49.3945 1.0000
vt 1.0170 41.1621 1.0000
vt 1.2204 41.1621 1.0000
vt 1.2204 49.3945 1.0000
vt 1.0170 49.3945 1.0000
vt 1.4238 41.1621 1.0000
vt 1.6272 41.1621 1.0000
vt 1.6272 49.3945 1.0000
vt 1.4238 49.3945 1.0000
vt 1.8306 41.1621 1.0000
vt 2.0340 41.1621 1.0000
vt 2.0340 49.3945 1.0000
vt 1.8306 49.3945 1.0000
vt 2.2374 41.1621 1.0000
vt 2.4408 41.1621 1.0000
vt 2.4408 49.3945 1.0000
vt 2.2374 49.3945 1.0000
vt 2.6442 41.1621 1.0000
vt 2.8476 41.1621 1.0000
vt 2.8476 49.3945 1.0000
vt 2.6442 49.3945 1.0000
vt 3.0510 41.1621 1.0000
vt 3.2544 41.1621 1.0000
vt 3.2544 49.3945 1.0000
vt 3.0510 49.3945 1.0000
vt 3.4578 41.1621 1.0000
vt 3.6612 41.1621 1.0000
vt 3.6612 49.3945 1.0000
vt 3.4578 49.3945 1.0000
vt 3.8646 41.1621 1.0000
vt 4.0680 41.1621 1.0000
vt 4.0680 49.3945 1.0000
vt 3.8646 49.3945 1.0000
vt 4.2714 41.1621 1.0000
vt 4.4748 41.1621 1.0000
vt 4.4748 49.3945 1.0000
vt 4.2714 49.3945 1.0000
vt 4.6782 41.1621 1.0000
vt 4.8816 41.1621 1.0000
vt 4.8816 49.3945 1.0000
vt 4.6782 49.3945 1.0000
vt 5.0850 41.1621 1.0000
vt 5.2884 41.1621 1.0000
vt 5.2884 49.3945 1.0000
vt 5.0850 49.3945 1.0000
vt 5.4918 41.1621 1.0000
vt 5.6952 41.1621 1.0000
vt 5.6952 49.3945 1.0000
vt 5.4918 49.3945 1.0000
vt 5.8986 41.1621 1.0000
vt 6.1020 41.1621 1.0000
vt 6.1020 49.3945 1.0000
vt 5.8986 49.3945 1.0000
vt 6.3054 41.1621 1.0000
vt 6.5088 41.1621 1.0000
vt 6.5088 49.3945 1.0000
vt 6.3054 49.3945 1.0000
vt 6.7122 41.1621 1.0000
vt 6.9156 41.1621 1.0000
vt 6.9156 49.3945 1.0000
vt 6.7122 49.3945 1.0000
vt 7.1190 41.1621 1.0000
vt 7.3224 41.1621 1.0000
vt 7.3224 49.3945 1.0000
vt 7.1190 49.3945 1.0000
vt 7.5258 41.1621 1.0000
vt 7.7292 41.1621 1.0000
vt 7.7292 49.3945 1.0000
vt 7.5258 49.3945 1.0000
vt 7.9326 41.1621 1.0000
vt 8.1360 41.1621 1.0000
vt 8.1360 49.3945 1.0000
vt 7.9326 49.3945 1.0000
vt 8.3394 41.1621 1.0000
vt 8.5428 41.1621 1.0000
vt 8.5428 49.3945 1.0000
vt 8.3394 49.3945 1.0000
vt 8.7463 41.1621 1.0000
vt 8.9497 41.1621 1.0000
vt 8.9497 49.3945 1.0000
vt 8.7463 49.3945 1.0000
vt 9.1531 41.1621 1.0000
vt 9.3565 41.1621 1.0000
vt 9.3565 49.3945 1.0000
vt 9.1531 49.3945 1.0000
vt 9.5599 41.1621 1.0000
vt 9.5599 49.3945 1.0000
vt 9.9667 57.6269 1.0000
vt 9.7633 57.6269 1.0000
vt 10.1701 57.6269 1.0000
vt 10.1701 65.8593 1.0000
vt 9.9667 65.8593 1.0000
vt 9.7633 65.8593 1.0000
vt 10.3735 57.6269 1.0000
vt 10.5769 57.6269 1.0000
vt 10.5769 65.8593 1.0000
vt 10.3735 65.8593 1.0000
vt 10.7803 57.6269 1.0000
vt 10.9837 57.6269 1.0000
vt 10.9837 65.8593 1.0000
vt 10.7803 65.8593 1.0000
vt 11.1871 57.6269 1.0000
vt 11.3905 57.6269 1.0000
vt 11.3905 65.8593 1.0000
vt 11.1871 65.8593 1.0000
vt 11.5939 57.6269 1.0000
vt 11.7973 57.6269 1.0000
vt 11.7973 65.8593 1.0000
vt 11.5939 65.8593 1.0000
vt 12.0007 57.6269 1.0000
vt 12.2041 57.6269 1.0000
vt 12.2041 65.8593 1.0000
vt 12.0007 65.8593 1.0000
vt 12.4075 57.6269 1.0000
vt 12.6109 57.6269 1.0000
vt 12.6109 65.8593 1.0000
vt 12.4075 65.8593 1.0000
vt 12.8143 57.6269 1.0000
vt 13.0177 57.6269 1.0000
vt 13.0177 65.8593 1.0000
vt 12.8143 65.8593 1.0000
vt 13.2211 57.6269 1.0000
vt 13.4245 57.6269 1.0000
vt 13.4245 65.8593 1.0000
vt 13.2211 65.8593 1.0000
vt 0.6102 57.6269 1.0000
vt 0.4068 57.6269 1.0000
vt 0.8136 57.6269 1.0000
vt 0.8136 65.8593 1.0000
vt 0.6102 65.8593 1.0000
vt 0.4068 65.8593 1.0000
vt 1.0170 57.6269 1.0000
vt 1.2204 57.6269 1.0000
vt 1.2204 65.8593 1.0000
vt 1.0170 65.8593 1.0000
vt 1.4238 57.6269 1.0000
vt 1.6272 57.6269 1.0000
vt 1.6272 65.8593 1.0000
vt 1.4238 65.8593 1.0000
vt 1.8306 57.6269 1.0000
vt 2.0340 57.6269 1.0000
vt 2.0340 65.8593 1.0000
vt 1.8306 65.8593 1.0000
vt 2.2374 57.6269 1.0000
vt 2.4408 57.6269 1.0000
vt 2.4408 65.8593 1.0000
vt 2.2374 65.8593 1.0000
vt 2.6442 57.6269 1.0000
vt 2.8476 57.6269 1.0000
vt 2.8476 65.8593 1.0000
vt 2.6442 65.8593 1.0000
vt 3.0510 57.6269 1.0000
vt 3.2544 57.6269 1.0000
vt 3.2544 65.8593 1.0000
vt 3.0510 65.8593 1.0000
vt 3.4578 57.6269 1.0000
vt 3.6612 57.6269 1.0000
vt 3.6612 65.8593 1.0000
vt 3.4578 65.8593 1.0000
vt 3.8646 57.6269 1.0000
vt 4.0680 57.6269 1.0000
vt 4.0680 65.8593 1.0000
vt 3.8646 65.8593 1.0000
vt 4.2714 57.6269 1.0000
vt 4.4748 57.6269 1.0000
vt 4.4748 65.8593 1.0000
vt 4.2714 65.8593 1.0000
vt 4.6782 57.6269 1.0000
vt 4.8816 57.6269 1.0000
vt 4.8816 65.8593 1.0000
vt 4.6782 65.8593 1.0000
vt 5.0850 57.6269 1.0000
vt 5.2884 57.6269 1.0000
vt 5.2884 65.8593 1.0000
vt 5.0850 65.8593 1.0000
vt 5.4918 57.6269 1.0000
vt 5.6952 57.6269 1.0000
vt 5.6952 65.8593 1.0000
vt 5.4918 65.8593 1.0000
vt 5.8986 57.6269 1.0000
vt 6.1020 57.6269 1.0000
vt 6.1020 65.8593 1.0000
vt 5.8986 65.8593 1.0000
vt 6.3054 57.6269 1.0000
vt 6.5088 57.6269 1.0000
vt 6.5088 65.8593 1.0000
vt 6.3054 65.8593 1.0000
vt 6.7122 57.6269 1.0000
vt 6.9156 57.6269 1.0000
vt 6.9156 65.8593 1.0000
vt 6.7122 65.8593 1.0000
vt 7.1190 57.6269 1.0000
vt 7.3224 57.6269 1.0000
vt 7.3224 65.8593 1.0000
vt 7.1190 65.8593 1.0000
vt 7.5258 57.6269 1.0000
vt 7.7292 57.6269 1.0000
vt 7.7292 65.8593 1.0000
vt 7.5258 65.8593 1.0000
vt 7.9326 57.6269 1.0000
vt 8.1360 57.6269 1.0000
vt 8.1360 65.8593 1.0000
vt 7.9326 65.8593 1.0000
vt 8.3394 57.6269 1.0000
vt 8.5428 57.6269 1.0000
vt 8.5428 65.8593 1.0000
vt 8.3394 65.8593 1.0000
vt 8.7463 57.6269 1.0000
vt 8.9497 57.6269 1.0000
vt 8.9497 65.8593 1.0000
vt 8.7463 65.8593 1.0000
vt 9.1531 57.6269 1.0000
vt 9.3565 57.6269 1.0000
vt 9.3565 65.8593 1.0000
vt 9.1531 65.8593 1.0000
vt 9.5599 57.6269 1.0000
vt 9.5599 65.8593 1.0000
vt 9.9667 74.0918 1.0000
vt 9.7633 74.0918 1.0000
vt 10.1701 74.0918 1.0000
vt 10.9837 80.2661 1.0000
vt 9.9667 82.3242 1.0000
vt 9.7633 82.3242 1.0000
vt 10.3735 74.0918 1.0000
vt 10.5769 74.0918 1.0000
vt 10.5769 80.2661 1.0000
vt 10.3735 80.2661 1.0000
vt 10.7803 74.0918 1.0000
vt 10.9837 74.0918 1.0000
vt 10.7803 80.2661 1.0000
vt 11.1871 74.0918 1.0000
vt 11.3905 74.0918 1.0000
vt 11.3905 80.2661 1.0000
vt 11.1871 80.2661 1.0000
vt 11.5939 74.0918 1.0000
vt 11.7973 74.0918 1.0000
vt 11.7973 80.2661 1.0000
vt 11.5939 80.2661 1.0000
vt 12.0007 74.0918 1.0000
vt 12.2041 74.0918 1.0000
vt 12.2041 80.2661 1.0000
vt 12.0007 80.2661 1.0000
vt 12.4075 74.0918 1.0000
vt 12.6109 74.0918 1.0000
vt 12.6109 80.2661 1.0000
vt 12.4075 80.2661 1.0000
vt 12.8143 74.0918 1.0000
vt 13.0177 74.0918 1.0000
vt 13.0177 80.2661 1.0000
vt 12.8143 80.2661 1.0000
vt 13.2211 74.0918 1.0000
vt 13.4245 74.0918 1.0000
vt 13.4245 82.3242 1.0000
vt 13.2211 82.3242 1.0000
vt 0.6102 74.0918 1.0000
vt 0.4068 74.0918 1.0000
vt 0.8136 74.0918 1.0000
vt 0.8136 82.3242 1.0000
vt 0.6102 82.3242 1.0000
vt 0.4068 82.3242 1.0000
vt 1.0170 74.0918 1.0000
vt 1.2204 74.0918 1.0000
vt 1.2204 82.3242 1.0000
vt 1.0170 82.3242 1.0000
vt 1.4238 74.0918 1.0000
vt 1.6272 74.0918 1.0000
vt 1.6272 82.3242 1.0000
vt 1.4238 82.3242 1.0000
vt 1.8306 74.0918 1.0000
vt 2.0340 74.0918 1.0000
vt 2.0340 82.3242 1.0000
vt 1.8306 82.3242 1.0000
vt 2.2374 74.0918 1.0000
vt 2.4408 74.0918 1.0000
vt 2.4408 82.3242 1.0000
vt 2.2374 82.3242 1.0000
vt 2.6442 74.0918 1.0000
vt 2.8476 74.0918 1.0000
vt 2.8476 82.3242 1.0000
vt 2.6442 82.3242 1.0000
vt 3.0510 74.0918 1.0000
vt 3.2544 74.0918 1.0000
vt 3.2544 82.3242 1.0000
vt 3.0510 82.3242 1.0000
vt 3.4578 74.0918 1.0000
vt 3.6612 74.0918 1.0000
vt 3.6612 82.3242 1.0000
vt 3.4578 82.3242 1.0000
vt 3.8646 74.0918 1.0000
vt 4.0680 74.0918 1.0000
vt 4.0680 82.3242 1.0000
vt 3.8646 82.3242 1.0000
vt 4.2714 74.0918 1.0000
vt 4.4748 74.0918 1.0000
vt 4.4748 82.3242 1.0000
vt 4.2714 82.3242 1.0000
vt 4.6782 74.0918 1.0000
vt 4.8816 74.0918 1.0000
vt 4.8816 82.3242 1.0000
vt 4.6782 82.3242 1.0000
vt 5.0850 74.0918 1.0000
vt 5.2884 74.0918 1.0000
vt 5.2884 82.3242 1.0000
vt 5.0850 82.3242 1.0000
vt 5.4918 74.0918 1.0000
vt 5.6952 74.0918 1.0000
vt 5.6952 82.3242 1.0000
vt 5.4918 82.3242 1.0000
vt 5.8986 74.0918 1.0000
vt 6.1020 74.0918 1.0000
vt 6.1020 82.3242 1.0000
vt 5.8986 82.3242 1.0000
vt 6.3054 74.0918 1.0000
vt 6.5088 74.0918 1.0000
vt 6.5088 82.3242 1.0000
vt 6.3054 82.3242 1.0000
vt 6.7122 74.0918 1.0000
vt 6.9156 74.0918 1.0000
vt 6.9156 82.3242 1.0000
vt 6.7122 82.3242 1.0000
vt 7.1190 74.0918 1.0000
vt 7.3224 74.0918 1.0000
vt 7.3224 82.3242 1.0000
vt 7.1190 82.3242 1.0000
vt 7.5258 74.0918 1.0000
vt 7.7292 74.0918 1.0000
vt 7.7292 82.3242 1.0000
vt 7.5258 82.3242 1.0000
vt 7.9326 74.0918 1.0000
vt 8.1360 74.0918 1.0000
vt 8.1360 82.3242 1.0000
vt 7.9326 82.3242 1.0000
vt 8.3394 74.0918 1.0000
vt 8.5428 74.0918 1.0000
vt 8.5428 82.3242 1.0000
vt 8.3394 82.3242 1.0000
vt 8.7463 74.0918 1.0000
vt 8.9497 74.0918 1.0000
vt 8.9497 82.3242 1.0000
vt 8.7463 82.3242 1.0000
vt 9.1531 74.0918 1.0000
vt 9.3565 74.0918 1.0000
vt 9.3565 82.3242 1.0000
vt 9.1531 82.3242 1.0000
vt 9.5599 74.0918 1.0000
vt 9.5599 82.3242 1.0000
vt 19.9107 82.3242 1.0000
vt 16.4755 82.3242 1.0000
vt 21.0520 82.3242 1.0000
vt 13.0403 82.3242 1.0000
vt 11.8990 82.3242 1.0000
vt 11.2323 82.3242 1.0000
vt 12.2041 82.3242 1.0000
vt 11.5939 82.3242 1.0000
vt 12.5092 82.3242 1.0000
vt 11.9555 82.3242 1.0000
vt 12.8143 82.3242 1.0000
vt 12.3171 82.3242 1.0000
vt 13.1194 82.3242 1.0000
vt 12.6787 82.3242 1.0000
vt 13.7296 82.3242 1.0000
vt 13.4019 82.3242 1.0000
vt 14.0347 82.3242 1.0000
vt 13.7635 82.3242 1.0000
vt 14.3398 82.3242 1.0000
vt 14.1251 82.3242 1.0000
vt 14.6449 82.3242 1.0000
vt 14.4867 82.3242 1.0000
vt 14.9500 82.3242 1.0000
vt 14.8483 82.3242 1.0000
vt 15.2551 82.3242 1.0000
vt 15.2099 82.3242 1.0000
vt 15.5602 82.3242 1.0000
vt 15.5715 82.3242 1.0000
vt 15.8653 82.3242 1.0000
vt 15.9331 82.3242 1.0000
vt 16.1704 82.3242 1.0000
vt 16.2947 82.3242 1.0000
vt 16.6563 82.3242 1.0000
vt 16.7806 82.3242 1.0000
vt 17.0179 82.3242 1.0000
vt 17.0857 82.3242 1.0000
vt 17.3795 82.3242 1.0000
vt 17.3908 82.3242 1.0000
vt 17.7411 82.3242 1.0000
vt 17.6959 82.3242 1.0000
vt 18.1027 82.3242 1.0000
vt 18.0010 82.3242 1.0000
vt 18.4643 82.3242 1.0000
vt 18.3061 82.3242 1.0000
vt 18.8259 82.3242 1.0000
vt 18.6112 82.3242 1.0000
vt 19.1875 82.3242 1.0000
vt 18.9163 82.3242 1.0000
vt 19.5491 82.3242 1.0000
vt 19.2214 82.3242 1.0000
vt 19.5265 82.3242 1.0000
vt 20.2723 82.3242 1.0000
vt 19.8316 82.3242 1.0000
vt 20.6339 82.3242 1.0000
vt 20.1367 82.3242 1.0000
vt 20.9955 82.3242 1.0000
vt 20.4418 82.3242 1.0000
vt 21.3571 82.3242 1.0000
vt 20.7469 82.3242 1.0000
vt 21.7187 82.3242 1.0000
vt -2.8476 0.0000 1.0000
vt -3.0510 0.0000 1.0000
vt -3.2544 0.0000 1.0000
vt -3.4578 0.0000 1.0000
vt -3.6612 0.0000 1.0000
vt -2.0340 0.0000 1.0000
vt 2.6442 0.0000 1.0000
vt 7.3224 0.0000 1.0000
vt 8.7463 0.0000 1.0000
vt 8.5428 0.0000 1.0000
vt 8.3394 0.0000 1.0000
vt 8.1360 0.0000 1.0000
vt 7.9326 0.0000 1.0000
vt 7.7292 0.0000 1.0000
vt 7.5258 0.0000 1.0000
vt 7.1190 0.0000 1.0000
vt 6.9156 0.0000 1.0000
vt 6.7122 0.0000 1.0000
vt 6.5088 0.0000 1.0000
vt 6.3054 0.0000 1.0000
vt 6.1020 0.0000 1.0000
vt 5.8986 0.0000 1.0000
vt 5.6952 0.0000 1.0000
vt 5.4918 0.0000 1.0000
vt 5.2884 0.0000 1.0000
vt 5.0850 0.0000 1.0000
vt 4.8816 0.0000 1.0000
vt 4.6782 0.0000 1.0000
vt 4.4748 0.0000 1.0000
vt 4.2714 0.0000 1.0000
vt 4.0680 0.0000 1.0000
vt 3.8646 0.0000 1.0000
vt 3.6612 0.0000 1.0000
vt 3.4578 0.0000 1.0000
vt 3.2544 0.0000 1.0000
vt 3.0510 0.0000 1.0000
vt 2.8476 0.0000 1.0000
vt 2.4408 0.0000 1.0000
vt 2.2374 0.0000 1.0000
vt 2.0340 0.0000 1.0000
vt 1.8306 0.0000 1.0000
vt 1.6272 0.0000 1.0000
vt 1.4238 0.0000 1.0000
vt 1.2204 0.0000 1.0000
vt 1.0170 0.0000 1.0000
vt 0.8136 0.0000 1.0000
vt 0.6102 0.0000 1.0000
vt 0.2034 0.0000 1.0000
vt 0.0000 0.0000 1.0000
vt -0.2034 0.0000 1.0000
vt -0.4068 0.0000 1.0000
vt -0.6102 0.0000 1.0000
vt -0.8136 0.0000 1.0000
vt -1.0170 0.0000 1.0000
vt -1.2204 0.0000 1.0000
vt -1.4238 0.0000 1.0000
vt -1.6272 0.0000 1.0000
vt -1.8306 0.0000 1.0000
vt -2.2374 0.0000 1.0000
vt -2.4408 0.0000 1.0000
vt -2.6442 0.0000 1.0000
vt 22.7809 82.3242 1.0000
vt 21.1537 82.3242 1.0000
vt 11.7973 82.3242 1.0000
vt 10.3735 82.3242 1.0000
vt 10.5769 82.3242 1.0000
vt 10.7803 82.3242 1.0000
vt 10.9837 82.3242 1.0000
vt 11.1871 82.3242 1.0000
vt 11.3905 82.3242 1.0000
vt 12.0007 82.3242 1.0000
vt 12.4075 82.3242 1.0000
vt 12.6109 82.3242 1.0000
vt 13.0177 82.3242 1.0000
vt 13.6279 82.3242 1.0000
vt 13.8313 82.3242 1.0000
vt 14.2381 82.3242 1.0000
vt 14.4415 82.3242 1.0000
vt 15.0517 82.3242 1.0000
vt 15.4585 82.3242 1.0000
vt 15.6619 82.3242 1.0000
vt 16.0687 82.3242 1.0000
vt 16.2721 82.3242 1.0000
vt 16.6789 82.3242 1.0000
vt 16.8823 82.3242 1.0000
vt 17.2891 82.3242 1.0000
vt 17.4925 82.3242 1.0000
vt 17.8993 82.3242 1.0000
vt 18.5095 82.3242 1.0000
vt 18.7129 82.3242 1.0000
vt 19.1197 82.3242 1.0000
vt 19.3231 82.3242 1.0000
vt 19.7299 82.3242 1.0000
vt 19.9333 82.3242 1.0000
vt 20.3401 82.3242 1.0000
vt 20.5435 82.3242 1.0000
vt 20.9503 82.3242 1.0000
vt 21.5605 82.3242 1.0000
vt 21.7639 82.3242 1.0000
vt 21.9673 82.3242 1.0000
vt 22.1707 82.3242 1.0000
vt 22.3741 82.3242 1.0000
vt 22.5775 82.3242 1.0000
vt 1.0000 0.0000 0.0000
vt 1.0000 30.0000 0.0000
vt -29.0000 30.0000 0.0000
vt -29.0000 0.0000 0.0000
vt 0.0000 0.0000 0.0000
vt 30.0000 0.0000 0.0000
vt 30.0000 30.0000 0.0000
vt 0.0000 30.0000 0.0000
vt 30.0000 9.6000 0.0000
vt 0.0000 9.6000 0.0000
vt 13.5174 0.0000 0.0000
vt 13.5174 1.5988 0.0000
vt 0.0000 1.5988 0.0000
vt 0.0000 2.9750 0.0000
vt 0.0000 2.9191 0.0000
vt 13.5174 2.9191 0.0000
vt 5.3779 2.9191 0.0000
vt 2.8936 2.9191 0.0000
vt 2.8936 1.5988 0.0000
vt 5.3779 1.5988 0.0000
vt 0.0900 3.4087 0.0000
vt 13.5349 3.3500 0.0000
vt 0.2786 3.1977 0.0000
vt 5.1700 0.4708 0.0000
vt 5.0993 13.5174 0.0000
vt 3.0220 13.5174 0.0000
vt 2.8962 0.2247 0.0000
vt 5.3779 0.0000 0.0000
vt 2.8936 0.0000 0.0000
vt 2.3559 3.1977 0.0000
vt 5.3595 2.9874 0.0000
vt 3.0201 3.0957 0.0000
vt 0.0000 2.9673 0.0000
vt 0.0000 2.3808 0.0000
vt 0.0000 2.3983 0.0000
vt 0.0000 2.9978 0.0000
vt 0.0000 1.5945 0.0000
vt 0.0204 2.8543 0.0000
vt 0.0000 2.2590 0.0000
vt 0.0348 2.7889 0.0000
vt 0.0000 1.5640 0.0000
vt 0.0367 2.7889 0.0000
vt 0.0425 2.7889 0.0000
vt 0.0482 2.7889 0.0000
vt 0.0501 2.7889 0.0000
vt 0.0044 2.7941 0.0000
vt 0.0000 2.2625 0.0000
vt 0.0000 2.7889 0.0000
vt 0.0000 1.5649 0.0000
vt 0.0000 1.5684 0.0000
vt 0.0000 2.2764 0.0000
vt 0.0000 2.6799 0.0000
vt 0.0000 0.7994 0.0000
vt 0.0781 3.1658 0.0000
vt 0.2195 3.1977 0.0000
vt 0.0000 3.1977 0.0000
vt 0.0000 3.1629 0.0000
vt 0.0766 3.1637 0.0000
vt 0.0348 2.8308 0.0000
vt 0.0174 2.8098 0.0000
vt 0.0696 3.0724 0.0000
vt 0.1393 3.0863 0.0000
vt 0.0174 3.0619 0.0000
vt 0.3066 3.1663 0.0000
vt 0.5034 3.1698 0.0000
vt 0.0232 3.0700 0.0000
vt 0.0929 3.1048 0.0000
vt 0.3124 3.1745 0.0000
vt 0.1277 3.0700 0.0000
vt 0.4557 3.1658 0.0000
vt 0.0000 2.2729 0.0000
vt 0.0000 2.2869 0.0000
vt 0.0000 1.5710 0.0000
vt 0.0000 1.5675 0.0000
vt 0.1393 3.0584 0.0000
vt 0.5034 3.1629 0.0000
vt 0.1469 3.0584 0.0000
vt 0.5126 3.1629 0.0000
vt 0.1698 3.0584 0.0000
vt 0.5401 3.1629 0.0000
vt 0.1927 3.0584 0.0000
vt 0.5676 3.1629 0.0000
vt 0.2003 3.0584 0.0000
vt 0.5768 3.1629 0.0000
vt 0.0000 2.8759 0.0000
vt 0.0000 2.3286 0.0000
vt 0.0000 1.5814 0.0000
vt 0.0000 3.0584 0.0000
vt 1.3173 3.1977 0.0000
vt 0.8782 3.1977 0.0000
vt 1.2075 3.1977 0.0000
vt 1.3158 3.1977 0.0000
vt 1.3113 3.1977 0.0000
vt 2.2830 3.1977 0.0000
vt 1.3068 3.1977 0.0000
vt 2.2100 3.1977 0.0000
vt 1.3053 3.1977 0.0000
vt 0.0000 3.7167 0.0000
vt 0.0000 3.4844 0.0000
vt 0.2323 3.4844 0.0000
vt 0.2323 3.7167 0.0000
vt 0.4646 3.4844 0.0000
vt 0.4646 3.7167 0.0000
vt 0.6969 3.4844 0.0000
vt 0.6969 3.7167 0.0000
vt 0.9292 3.4844 0.0000
vt 0.9292 3.7167 0.0000
vt 1.1615 3.4844 0.0000
vt 1.1615 3.7167 0.0000
vt 1.3938 3.4844 0.0000
vt 1.3938 3.7167 0.0000
vt 1.6260 3.4844 0.0000
vt 1.6260 3.7167 0.0000
vt 1.8583 3.4844 0.0000
vt 1.8583 3.7167 0.0000
vt 2.0906 3.4844 0.0000
vt 2.0906 3.7167 0.0000
vt 2.3229 3.4844 0.0000
vt 2.3229 3.7167 0.0000
vt 2.5552 3.4844 0.0000
vt 2.5552 3.7167 0.0000
vt 2.7875 3.4844 0.0000
vt 2.7875 3.7167 0.0000
vt 3.0198 3.4844 0.0000
vt 3.0198 3.7167 0.0000
vt 3.2521 3.4844 0.0000
vt 3.2521 3.7167 0.0000
vt 3.4844 3.4844 0.0000
vt 3.4844 3.7167 0.0000
vt 3.7167 3.4844 0.0000
vt 3.7167 3.7167 0.0000
vt 3.9490 3.4844 0.0000
vt 3.9490 3.7167 0.0000
vt 4.1813 3.4844 0.0000
vt 4.1813 3.7167 0.0000
vt 4.4136 3.4844 0.0000
vt 4.4136 3.7167 0.0000
vt 4.6458 3.4844 0.0000
vt 4.6458 3.7167 0.0000
vt 4.8781 3.4844 0.0000
vt 4.8781 3.7167 0.0000
vt 5.1104 3.4844 0.0000
vt 5.1104 3.7167 0.0000
vt 5.3427 3.4844 0.0000
vt 5.3427 3.7167 0.0000
vt 5.5750 3.4844 0.0000
vt 5.5750 3.7167 0.0000
vt 5.8073 3.4844 0.0000
vt 5.8073 3.7167 0.0000
vt 6.0396 3.4844 0.0000
vt 6.0396 3.7167 0.0000
vt 6.2719 3.4844 0.0000
vt 6.2719 3.7167 0.0000
vt 6.5042 3.4844 0.0000
vt 6.5042 3.7167 0.0000
vt 6.7365 3.4844 0.0000
vt 6.7365 3.7167 0.0000
vt 6.9688 3.4844 0.0000
vt 6.9688 3.7167 0.0000
vt 7.2011 3.4844 0.0000
vt 7.2011 3.7167 0.0000
vt 7.4334 3.4844 0.0000
vt 0.2323 3.2521 0.0000
vt 0.0000 3.2521 0.0000
vt 0.4646 3.2521 0.0000
vt 0.6969 3.2521 0.0000
vt 0.9292 3.2521 0.0000
vt 1.1615 3.2521 0.0000
vt 1.3938 3.2521 0.0000
vt 1.6260 3.2521 0.0000
vt 1.8583 3.2521 0.0000
vt 2.0906 3.2521 0.0000
vt 2.3229 3.2521 0.0000
vt 2.5552 3.2521 0.0000
vt 2.7875 3.2521 0.0000
vt 3.0198 3.2521 0.0000
vt 3.2521 3.2521 0.0000
vt 3.4844 3.2521 0.0000
vt 3.7167 3.2521 0.0000
vt 3.9490 3.2521 0.0000
vt 4.1813 3.2521 0.0000
vt 4.4136 3.2521 0.0000
vt 4.6458 3.2521 0.0000
vt 4.8781 3.2521 0.0000
vt 5.1104 3.2521 0.0000
vt 5.3427 3.2521 0.0000
vt 5.5750 3.2521 0.0000
vt 5.8073 3.2521 0.0000
vt 6.0396 3.2521 0.0000
vt 6.2719 3.2521 0.0000
vt 6.5042 3.2521 0.0000
vt 6.7365 3.2521 0.0000
vt 6.9688 3.2521 0.0000
vt 7.2011 3.2521 0.0000
vt 7.4334 3.2521 0.0000
vt 0.2323 3.0198 0.0000
vt 0.0000 3.0198 0.0000
vt 0.4646 3.0198 0.0000
vt 0.6969 3.0198 0.0000
vt 0.9292 3.0198 0.0000
vt 1.1615 3.0198 0.0000
vt 1.3938 3.0198 0.0000
vt 1.6260 3.0198 0.0000
vt 1.8583 3.0198 0.0000
vt 2.0906 3.0198 0.0000
vt 2.3229 3.0198 0.0000
vt 2.5552 3.0198 0.0000
vt 2.7875 3.0198 0.0000
vt 3.0198 3.0198 0.0000
vt 3.2521 3.0198 0.0000
vt 3.4844 3.0198 0.0000
vt 3.7167 3.0198 0.0000
vt 3.9490 3.0198 0.0000
vt 4.1813 3.0198 0.0000
vt 4.4136 3.0198 0.0000
vt 4.6458 3.0198 0.0000
vt 4.8781 3.0198 0.0000
vt 5.1104 3.0198 0.0000
vt 5.3427 3.0198 0.0000
vt 5.5750 3.0198 0.0000
vt 5.8073 3.0198 0.0000
vt 6.0396 3.0198 0.0000
vt 6.2719 3.0198 0.0000
vt 6.5042 3.0198 0.0000
vt 6.7365 3.0198 0.0000
vt 6.9688 3.0198 0.0000
vt 7.2011 3.0198 0.0000
vt 7.4334 3.0198 0.0000
vt 0.2323 2.7875 0.0000
vt 0.0000 2.7875 0.0000
vt 0.4646 2.7875 0.0000
vt 0.6969 2.7875 0.0000
vt 0.9292 2.7875 0.0000
vt 1.1615 2.7875 0.0000
vt 1.3938 2.7875 0.0000
vt 1.6260 2.7875 0.0000
vt 1.8583 2.7875 0.0000
vt 2.0906 2.7875 0.0000
vt 2.3229 2.7875 0.0000
vt 2.5552 2.7875 0.0000
vt 2.7875 2.7875 0.0000
vt 3.0198 2.7875 0.0000
vt 3.2521 2.7875 0.0000
vt 3.4844 2.7875 0.0000
vt 3.7167 2.7875 0.0000
vt 3.9490 2.7875 0.0000
vt 4.1813 2.7875 0.0000
vt 4.4136 2.7875 0.0000
vt 4.6458 2.7875 0.0000
vt 4.8781 2.7875 0.0000
vt 5.1104 2.7875 0.0000
vt 5.3427 2.7875 0.0000
vt 5.5750 2.7875 0.0000
vt 5.8073 2.7875 0.0000
vt 6.0396 2.7875 0.0000
vt 6.2719 2.7875 0.0000
vt 6.5042 2.7875 0.0000
vt 6.7365 2.7875 0.0000
vt 6.9688 2.7875 0.0000
vt 7.2011 2.7875 0.0000
vt 7.4334 2.7875 0.0000
vt 0.2323 2.5552 0.0000
vt 0.0000 2.5552 0.0000
vt 0.4646 2.5552 0.0000
vt 0.6969 2.5552 0.0000
vt 0.9292 2.5552 0.0000
vt 1.1615 2.5552 0.0000
vt 1.3938 2.5552 0.0000
vt 1.6260 2.5552 0.0000
vt 1.8583 2.5552 0.0000
vt 2.0906 2.5552 0.0000
vt 2.3229 2.5552 0.0000
vt 2.5552 2.5552 0.0000
vt 2.7875 2.5552 0.0000
vt 3.0198 2.5552 0.0000
vt 3.2521 2.5552 0.0000
vt 3.4844 2.5552 0.0000
vt 3.7167 2.5552 0.0000
vt 3.9490 2.5552 0.0000
vt 4.1813 2.5552 0.0000
vt 4.4136 2.5552 0.0000
vt 4.6458 2.5552 0.0000
vt 4.8781 2.5552 0.0000
vt 5.1104 2.5552 0.0000
vt 5.3427 2.5552 0.0000
vt 5.5750 2.5552 0.0000
vt 5.8073 2.5552 0.0000
vt 6.0396 2.5552 0.0000
vt 6.2719 2.5552 0.0000
vt 6.5042 2.5552 0.0000
vt 6.7365 2.5552 0.0000
vt 6.9688 2.5552 0.0000
vt 7.2011 2.5552 0.0000
vt 7.4334 2.5552 0.0000
vt 0.2323 2.3229 0.0000
vt 0.0000 2.3229 0.0000
vt 0.4646 2.3229 0.0000
vt 0.6969 2.3229 0.0000
vt 0.9292 2.3229 0.0000
vt 1.1615 2.3229 0.0000
vt 1.3938 2.3229 0.0000
vt 1.6260 2.3229 0.0000
vt 1.8583 2.3229 0.0000
vt 2.0906 2.3229 0.0000
vt 2.3229 2.3229 0.0000
vt 2.5552 2.3229 0.0000
vt 2.7875 2.3229 0.0000
vt 3.0198 2.3229 0.0000
vt 3.2521 2.3229 0.0000
vt 3.4844 2.3229 0.0000
vt 3.7167 2.3229 0.0000
vt 3.9490 2.3229 0.0000
vt 4.1813 2.3229 0.0000
vt 4.4136 2.3229 0.0000
vt 4.6458 2.3229 0.0000
vt 4.8781 2.3229 0.0000
vt 5.1104 2.3229 0.0000
vt 5.3427 2.3229 0.0000
vt 5.5750 2.3229 0.0000
vt 5.8073 2.3229 0.0000
vt 6.0396 2.3229 0.0000
vt 6.2719 2.3229 0.0000
vt 6.5042 2.3229 0.0000
vt 6.7365 2.3229 0.0000
vt 6.9688 2.3229 0.0000
vt 7.2011 2.3229 0.0000
vt 7.4334 2.3229 0.0000
vt 0.2323 2.0906 0.0000
vt 0.0000 2.0906 0.0000
vt 0.4646 2.0906 0.0000
vt 0.6969 2.0906 0.0000
vt 0.9292 2.0906 0.0000
vt 1.1615 2.0906 0.0000
vt 1.3938 2.0906 0.0000
vt 1.6260 2.0906 0.0000
vt 1.8583 2.0906 0.0000
vt 2.0906 2.0906 0.0000
vt 2.3229 2.0906 0.0000
vt 2.5552 2.0906 0.0000
vt 2.7875 2.0906 0.0000
vt 3.0198 2.0906 0.0000
vt 3.2521 2.0906 0.0000
vt 3.4844 2.0906 0.0000
vt 3.7167 2.0906 0.0000
vt 3.9490 2.0906 0.0000
vt 4.1813 2.0906 0.0000
vt 4.4136 2.0906 0.0000
vt 4.6458 2.0906 0.0000
vt 4.8781 2.0906 0.0000
vt 5.1104 2.0906 0.0000
vt 5.3427 2.0906 0.0000
vt 5.5750 2.0906 0.0000
vt 5.8073 2.0906 0.0000
vt 6.0396 2.0906 0.0000
vt 6.2719 2.0906 0.0000
vt 6.5042 2.0906 0.0000
vt 6.7365 2.0906 0.0000
vt 6.9688 2.0906 0.0000
vt 7.2011 2.0906 0.0000
vt 7.4334 2.0906 0.0000
vt 0.2323 1.8583 0.0000
vt 0.0000 1.8583 0.0000
vt 0.4646 1.8583 0.0000
vt 0.6969 1.8583 0.0000
vt 0.9292 1.8583 0.0000
vt 1.1615 1.8583 0.0000
vt 1.3938 1.8583 0.0000
vt 1.6260 1.8583 0.0000
vt 1.8583 1.8583 0.0000
vt 2.0906 1.8583 0.0000
vt 2.3229 1.8583 0.0000
vt 2.5552 1.8583 0.0000
vt 2.7875 1.8583 0.0000
vt 3.0198 1.8583 0.0000
vt 3.2521 1.8583 0.0000
vt 3.4844 1.8583 0.0000
vt 3.7167 1.8583 0.0000
vt 3.9490 1.8583 0.0000
vt 4.1813 1.8583 0.0000
vt 4.4136 1.8583 0.0000
vt 4.6458 1.8583 0.0000
vt 4.8781 1.8583 0.0000
vt 5.1104 1.8583 0.0000
vt 5.3427 1.8583 0.0000
vt 5.5750 1.8583 0.0000
vt 5.8073 1.8583 0.0000
vt 6.0396 1.8583 0.0000
vt 6.2719 1.8583 0.0000
vt 6.5042 1.8583 0.0000
vt 6.7365 1.8583 0.0000
vt 6.9688 1.8583 0.0000
vt 7.2011 1.8583 0.0000
vt 7.4334 1.8583 0.0000
vt 0.2323 1.6260 0.0000
vt 0.0000 1.6260 0.0000
vt 0.4646 1.6260 0.0000
vt 0.6969 1.6260 0.0000
vt 0.9292 1.6260 0.0000
vt 1.1615 1.6260 0.0000
vt 1.3938 1.6260 0.0000
vt 1.6260 1.6260 0.0000
vt 1.8583 1.6260 0.0000
vt 2.0906 1.6260 0.0000
vt 2.3229 1.6260 0.0000
vt 2.5552 1.6260 0.0000
vt 2.7875 1.6260 0.0000
vt 3.0198 1.6260 0.0000
vt 3.2521 1.6260 0.0000
vt 3.4844 1.6260 0.0000
vt 3.7167 1.6260 0.0000
vt 3.9490 1.6260 0.0000
vt 4.1813 1.6260 0.0000
vt 4.4136 1.6260 0.0000
vt 4.6458 1.6260 0.0000
vt 4.8781 1.6260 0.0000
vt 5.1104 1.6260 0.0000
vt 5.3427 1.6260 0.0000
vt 5.5750 1.6260 0.0000
vt 5.8073 1.6260 0.0000
vt 6.0396 1.6260 0.0000
vt 6.2719 1.6260 0.0000
vt 6.5042 1.6260 0.0000
vt 6.7365 1.6260 0.0000
vt 6.9688 1.6260 0.0000
vt 7.2011 1.6260 0.0000
vt 7.4334 1.6260 0.0000
vt 0.2323 1.3938 0.0000
vt 0.0000 1.3938 0.0000
vt 0.4646 1.3938 0.0000
vt 0.6969 1.3938 0.0000
vt 0.9292 1.3938 0.0000
vt 1.1615 1.3938 0.0000
vt 1.3938 1.3938 0.0000
vt 1.6260 1.3938 0.0000
vt 1.8583 1.3938 0.0000
vt 2.0906 1.3938 0.0000
vt 2.3229 1.3938 0.0000
vt 2.5552 1.3938 0.0000
vt 2.7875 1.3938 0.0000
vt 3.0198 1.3938 0.0000
vt 3.2521 1.3938 0.0000
vt 3.4844 1.3938 0.0000
vt 3.7167 1.3938 0.0000
vt 3.9490 1.3938 0.0000
vt 4.1813 1.3938 0.0000
vt 4.4136 1.3938 0.0000
vt 4.6458 1.3938 0.0000
vt 4.8781 1.3938 0.0000
vt 5.1104 1.3938 0.0000
vt 5.3427 1.3938 0.0000
vt 5.5750 1.3938 0.0000
vt 5.8073 1.3938 0.0000
vt 6.0396 1.3938 0.0000
vt 6.2719 1.3938 0.0000
vt 6.5042 1.3938 0.0000
vt 6.7365 1.3938 0.0000
vt 6.9688 1.3938 0.0000
vt 7.2011 1.3938 0.0000
vt 7.4334 1.3938 0.0000
vt 0.2323 1.1615 0.0000
vt 0.0000 1.1615 0.0000
vt 0.4646 1.1615 0.0000
vt 0.6969 1.1615 0.0000
vt 0.9292 1.1615 0.0000
vt 1.1615 1.1615 0.0000
vt 1.3938 1.1615 0.0000
vt 1.6260 1.1615 0.0000
vt 1.8583 1.1615 0.0000
vt 2.0906 1.1615 0.0000
vt 2.3229 1.1615 0.0000
vt 2.5552 1.1615 0.0000
vt 2.7875 1.1615 0.0000
vt 3.0198 1.1615 0.0000
vt 3.2521 1.1615 0.0000
vt 3.4844 1.1615 0.0000
vt 3.7167 1.1615 0.0000
vt 3.9490 1.1615 0.0000
vt 4.1813 1.1615 0.0000
vt 4.4136 1.1615 0.0000
vt 4.6458 1.1615 0.0000
vt 4.8781 1.1615 0.0000
vt 5.1104 1.1615 0.0000
vt 5.3427 1.1615 0.0000
vt 5.5750 1.1615 0.0000
vt 5.8073 1.1615 0.0000
vt 6.0396 1.1615 0.0000
vt 6.2719 1.1615 0.0000
vt 6.5042 1.1615 0.0000
vt 6.7365 1.1615 0.0000
vt 6.9688 1.1615 0.0000
vt 7.2011 1.1615 0.0000
vt 7.4334 1.1615 0.0000
vt 0.2323 0.9292 0.0000
vt 0.0000 0.9292 0.0000
vt 0.4646 0.9292 0.0000
vt 0.6969 0.9292 0.0000
vt 0.9292 0.9292 0.0000
vt 1.1615 0.9292 0.0000
vt 1.3938 0.9292 0.0000
vt 1.6260 0.9292 0.0000
vt 1.8583 0.9292 0.0000
vt 2.0906 0.9292 0.0000
vt 2.3229 0.9292 0.0000
vt 2.5552 0.9292 0.0000
vt 2.7875 0.9292 0.0000
vt 3.0198 0.9292 0.0000
vt 3.2521 0.9292 0.0000
vt 3.4844 0.9292 0.0000
vt 3.7167 0.9292 0.0000
vt 3.9490 0.9292 0.0000
vt 4.1813 0.9292 0.0000
vt 4.4136 0.9292 0.0000
vt 4.6458 0.9292 0.0000
vt 4.8781 0.9292 0.0000
vt 5.1104 0.9292 0.0000
vt 5.3427 0.9292 0.0000
vt 5.5750 0.9292 0.0000
vt 5.8073 0.9292 0.0000
vt 6.0396 0.9292 0.0000
vt 6.2719 0.9292 0.0000
vt 6.5042 0.9292 0.0000
vt 6.7365 0.9292 0.0000
vt 6.9688 0.9292 0.0000
vt 7.2011 0.9292 0.0000
vt 7.4334 0.9292 0.0000
vt 0.2323 0.6969 0.0000
vt 0.0000 0.6969 0.0000
vt 0.4646 0.6969 0.0000
vt 0.6969 0.6969 0.0000
vt 0.9292 0.6969 0.0000
vt 1.1615 0.6969 0.0000
vt 1.3938 0.6969 0.0000
vt 1.6260 0.6969 0.0000
vt 1.8583 0.6969 0.0000
vt 2.0906 0.6969 0.0000
vt 2.3229 0.6969 0.0000
vt 2.5552 0.6969 0.0000
vt 2.7875 0.6969 0.0000
vt 3.0198 0.6969 0.0000
vt 3.2521 0.6969 0.0000
vt 3.4844 0.6969 0.0000
vt 3.7167 0.6969 0.0000
vt 3.9490 0.6969 0.0000
vt 4.1813 0.6969 0.0000
vt 4.4136 0.6969 0.0000
vt 4.6458 0.6969 0.0000
vt 4.8781 0.6969 0.0000
vt 5.1104 0.6969 0.0000
vt 5.3427 0.6969 0.0000
vt 5.5750 0.6969 0.0000
vt 5.8073 0.6969 0.0000
vt 6.0396 0.6969 0.0000
vt 6.2719 0.6969 0.0000
vt 6.5042 0.6969 0.0000
vt 6.7365 0.6969 0.0000
vt 6.9688 0.6969 0.0000
vt 7.2011 0.6969 0.0000
vt 7.4334 0.6969 0.0000
vt 0.2323 0.4646 0.0000
vt 0.0000 0.4646 0.0000
vt 0.4646 0.4646 0.0000
vt 0.6969 0.4646 0.0000
vt 0.9292 0.4646 0.0000
vt 1.1615 0.4646 0.0000
vt 1.3938 0.4646 0.0000
vt 1.6260 0.4646 0.0000
vt 1.8583 0.4646 0.0000
vt 2.0906 0.4646 0.0000
vt 2.3229 0.4646 0.0000
vt 2.5552 0.4646 0.0000
vt 2.7875 0.4646 0.0000
vt 3.0198 0.4646 0.0000
vt 3.2521 0.4646 0.0000
vt 3.4844 0.4646 0.0000
vt 3.7167 0.4646 0.0000
vt 3.9490 0.4646 0.0000
vt 4.1813 0.4646 0.0000
vt 4.4136 0.4646 0.0000
vt 4.6458 0.4646 0.0000
vt 4.8781 0.4646 0.0000
vt 5.1104 0.4646 0.0000
vt 5.3427 0.4646 0.0000
vt 5.5750 0.4646 0.0000
vt 5.8073 0.4646 0.0000
vt 6.0396 0.4646 0.0000
vt 6.2719 0.4646 0.0000
vt 6.5042 0.4646 0.0000
vt 6.7365 0.4646 0.0000
vt 6.9688 0.4646 0.0000
vt 7.2011 0.4646 0.0000
vt 7.4334 0.4646 0.0000
vt 0.2323 0.2323 0.0000
vt 0.0000 0.2323 0.0000
vt 0.4646 0.2323 0.0000
vt 0.6969 0.2323 0.0000
vt 0.9292 0.2323 0.0000
vt 1.1615 0.2323 0.0000
vt 1.3938 0.2323 0.0000
vt 1.6260 0.2323 0.0000
vt 1.8583 0.2323 0.0000
vt 2.0906 0.2323 0.0000
vt 2.3229 0.2323 0.0000
vt 2.5552 0.2323 0.0000
vt 2.7875 0.2323 0.0000
vt 3.0198 0.2323 0.0000
vt 3.2521 0.2323 0.0000
vt 3.4844 0.2323 0.0000
vt 3.7167 0.2323 0.0000
vt 3.9490 0.2323 0.0000
vt 4.1813 0.2323 0.0000
vt 4.4136 0.2323 0.0000
vt 4.6458 0.2323 0.0000
vt 4.8781 0.2323 0.0000
vt 5.1104 0.2323 0.0000
vt 5.3427 0.2323 0.0000
vt 5.5750 0.2323 0.0000
vt 5.8073 0.2323 0.0000
vt 6.0396 0.2323 0.0000
vt 6.2719 0.2323 0.0000
vt 6.5042 0.2323 0.0000
vt 6.7365 0.2323 0.0000
vt 6.9688 0.2323 0.0000
vt 7.2011 0.2323 0.0000
vt 7.4334 0.2323 0.0000
vt 0.0000 -0.0000 0.0000
vt 0.2323 -0.0000 0.0000
vt 0.4646 -0.0000 0.0000
vt 0.6969 -0.0000 0.0000
vt 0.9292 -0.0000 0.0000
vt 1.1615 -0.0000 0.0000
vt 1.3938 -0.0000 0.0000
vt 1.6260 -0.0000 0.0000
vt 1.8583 -0.0000 0.0000
vt 2.0906 -0.0000 0.0000
vt 2.3229 -0.0000 0.0000
vt 2.5552 -0.0000 0.0000
vt 2.7875 -0.0000 0.0000
vt 3.0198 -0.0000 0.0000
vt 3.2521 -0.0000 0.0000
vt 3.4844 -0.0000 0.0000
vt 3.7167 -0.0000 0.0000
vt 3.9490 -0.0000 0.0000
vt 4.1813 -0.0000 0.0000
vt 4.4136 -0.0000 0.0000
vt 4.6458 -0.0000 0.0000
vt 4.8781 -0.0000 0.0000
vt 5.1104 -0.0000 0.0000
vt 5.3427 -0.0000 0.0000
vt 5.5750 -0.0000 0.0000
vt 5.8073 -0.0000 0.0000
vt 6.0396 -0.0000 0.0000
vt 6.2719 -0.0000 0.0000
vt 6.5042 -0.0000 0.0000
vt 6.7365 -0.0000 0.0000
vt 6.9688 -0.0000 0.0000
vt 7.2011 -0.0000 0.0000
vt 1.0000 2.8778 0.0000
vt -12.6694 2.8778 0.0000
vt -12.6694 0.0000 0.0000
vt 13.6694 0.0000 0.0000
vt 13.6694 2.8778 0.0000
vt 0.0000 2.8778 0.0000
vt 13.6694 2.9805 0.0000
vt 0.0000 2.9805 0.0000
vt 2.8778 0.0000 0.0000
vt 2.8778 2.9805 0.0000
vt 1.0000 3.2958 0.0000
vt 1.0000 6.5263 0.0000
vt -6.4720 6.5263 0.0000
vt -12.2583 6.1619 0.0000
vt -12.2583 3.2958 0.0000
vt 13.2583 3.2958 0.0000
vt 13.2583 6.1619 0.0000
vt 7.4720 6.5263 0.0000
vt 0.0000 6.5263 0.0000
vt 0.0000 3.2958 0.0000
vt 13.2583 0.0000 0.0000
vt 13.2583 2.1583 0.0000
vt 0.0000 2.1583 0.0000
vt 3.2958 0.0000 0.0000
vt 6.1619 0.0000 0.0000
vt 6.1619 2.1583 0.0000
vt 3.2958 2.1583 0.0000
vt 6.5263 0.0000 0.0000
vt 6.5263 2.1583 0.0000
vt 1.0000 9.7569 0.0000
vt 1.0000 13.0527 0.0000
vt -12.2583 13.0527 0.0000
vt -12.2583 9.7569 0.0000
vt -12.2583 6.8908 0.0000
vt -12.2583 0.0000 0.0000
vt 13.2583 9.7569 0.0000
vt 13.2583 13.0527 0.0000
vt 0.0000 13.0527 0.0000
vt 0.0000 9.7569 0.0000
vt 13.2583 6.8908 0.0000
vt 9.7569 0.0000 0.0000
vt 13.0527 0.0000 0.0000
vt 13.0527 2.1583 0.0000
vt 9.7569 2.1583 0.0000
vt 6.8908 0.0000 0.0000
vt 6.8908 2.1583 0.0000
vt 24.5370 0.0000 0.0000
vt 24.5370 0.7354 0.0000
vt 23.5147 0.7354 0.0000
vt 23.5147 0.0000 0.0000
vt 24.5370 1.4708 0.0000
vt 23.5147 1.4708 0.0000
vt 24.5370 2.2062 0.0000
vt 23.5147 2.2062 0.0000
vt 24.5370 2.9416 0.0000
vt 23.5147 2.9416 0.0000
vt 24.5370 3.6770 0.0000
vt 23.5147 3.6770 0.0000
vt 24.5370 4.4124 0.0000
vt 23.5147 4.4124 0.0000
vt 24.5370 5.1478 0.0000
vt 23.5147 5.1478 0.0000
vt 24.5370 5.8832 0.0000
vt 23.5147 5.8832 0.0000
vt 24.5370 6.6186 0.0000
vt 23.5147 6.6186 0.0000
vt 24.5370 7.3540 0.0000
vt 23.5147 7.3540 0.0000
vt 24.5370 8.0894 0.0000
vt 23.5147 8.0894 0.0000
vt 24.5370 8.8248 0.0000
vt 23.5147 8.8248 0.0000
vt 22.4923 0.7354 0.0000
vt 22.4923 0.0000 0.0000
vt 22.4923 1.4708 0.0000
vt 22.4923 2.2062 0.0000
vt 22.4923 2.9416 0.0000
vt 22.4923 3.6770 0.0000
vt 22.4923 4.4124 0.0000
vt 22.4923 5.1478 0.0000
vt 22.4923 5.8832 0.0000
vt 22.4923 6.6186 0.0000
vt 22.4923 7.3540 0.0000
vt 22.4923 8.0894 0.0000
vt 22.4923 8.8248 0.0000
vt 21.4699 0.7354 0.0000
vt 21.4699 0.0000 0.0000
vt 21.4699 1.4708 0.0000
vt 21.4699 2.2062 0.0000
vt 21.4699 2.9416 0.0000
vt 21.4699 3.6770 0.0000
vt 21.4699 4.4124 0.0000
vt 21.4699 5.1478 0.0000
vt 21.4699 5.8832 0.0000
vt 21.4699 6.6186 0.0000
vt 21.4699 7.3540 0.0000
vt 21.4699 8.0894 0.0000
vt 21.4699 8.8248 0.0000
vt 20.4475 0.7354 0.0000
vt 20.4475 0.0000 0.0000
vt 20.4475 1.4708 0.0000
vt 20.4475 2.2062 0.0000
vt 20.4475 2.9416 0.0000
vt 20.4475 3.6770 0.0000
vt 20.4475 4.4124 0.0000
vt 20.4475 5.1478 0.0000
vt 20.4475 5.8832 0.0000
vt 20.4475 6.6186 0.0000
vt 20.4475 7.3540 0.0000
vt 20.4475 8.0894 0.0000
vt 20.4475 8.8248 0.0000
vt 19.4252 0.7354 0.0000
vt 19.4252 0.0000 0.0000
vt 19.4252 1.4708 0.0000
vt 19.4252 2.2062 0.0000
vt 19.4252 2.9416 0.0000
vt 19.4252 3.6770 0.0000
vt 19.4252 4.4124 0.0000
vt 19.4252 5.1478 0.0000
vt 19.4252 5.8832 0.0000
vt 19.4252 6.6186 0.0000
vt 19.4252 7.3540 0.0000
vt 19.4252 8.0894 0.0000
vt 19.4252 8.8248 0.0000
vt 18.4028 0.7354 0.0000
vt 18.4028 0.0000 0.0000
vt 18.4028 1.4708 0.0000
vt 18.4028 2.2062 0.0000
vt 18.4028 2.9416 0.0000
vt 18.4028 3.6770 0.0000
vt 18.4028 4.4124 0.0000
vt 18.4028 5.1478 0.0000
vt 18.4028 5.8832 0.0000
vt 18.4028 6.6186 0.0000
vt 18.4028 7.3540 0.0000
vt 18.4028 8.0894 0.0000
vt 18.4028 8.8248 0.0000
vt 17.3804 0.7354 0.0000
vt 17.3804 0.0000 0.0000
vt 17.3804 1.4708 0.0000
vt 17.3804 2.2062 0.0000
vt 17.3804 2.9416 0.0000
vt 17.3804 3.6770 0.0000
vt 17.3804 4.4124 0.0000
vt 17.3804 5.1478 0.0000
vt 17.3804 5.8832 0.0000
vt 17.3804 6.6186 0.0000
vt 17.3804 7.3540 0.0000
vt 17.3804 8.0894 0.0000
vt 17.3804 8.8248 0.0000
vt 16.3580 0.7354 0.0000
vt 16.3580 0.0000 0.0000
vt 16.3580 1.4708 0.0000
vt 16.3580 2.2062 0.0000
vt 16.3580 2.9416 0.0000
vt 16.3580 3.6770 0.0000
vt 16.3580 4.4124 0.0000
vt 16.3580 5.1478 0.0000
vt 16.3580 5.8832 0.0000
vt 16.3580 6.6186 0.0000
vt 16.3580 7.3540 0.0000
vt 16.3580 8.0894 0.0000
vt 16.3580 8.8248 0.0000
vt 15.3357 0.7354 0.0000
vt 15.3357 0.0000 0.0000
vt 15.3357 1.4708 0.0000
vt 15.3357 2.2062 0.0000
vt 15.3357 2.9416 0.0000
vt 15.3357 3.6770 0.0000
vt 15.3357 4.4124 0.0000
vt 15.3357 5.1478 0.0000
vt 15.3357 5.8832 0.0000
vt 15.3357 6.6186 0.0000
vt 15.3357 7.3540 0.0000
vt 15.3357 8.0894 0.0000
vt 15.3357 8.8248 0.0000
vt 14.3133 0.7354 0.0000
vt 14.3133 0.0000 0.0000
vt 14.3133 1.4708 0.0000
vt 14.3133 2.2062 0.0000
vt 14.3133 2.9416 0.0000
vt 14.3133 3.6770 0.0000
vt 14.3133 4.4124 0.0000
vt 14.3133 5.1478 0.0000
vt 14.3133 5.8832 0.0000
vt 14.3133 6.6186 0.0000
vt 14.3133 7.3540 0.0000
vt 14.3133 8.0894 0.0000
vt 14.3133 8.8248 0.0000
vt 13.2909 0.7354 0.0000
vt 13.2909 0.0000 0.0000
vt 13.2909 1.4708 0.0000
vt 13.2909 2.2062 0.0000
vt 13.2909 2.9416 0.0000
vt 13.2909 3.6770 0.0000
vt 13.2909 4.4124 0.0000
vt 13.2909 5.1478 0.0000
vt 13.2909 5.8832 0.0000
vt 13.2909 6.6186 0.0000
vt 13.2909 7.3540 0.0000
vt 13.2909 8.0894 0.0000
vt 13.2909 8.8248 0.0000
vt 12.2685 0.7354 0.0000
vt 12.2685 0.0000 0.0000
vt 12.2685 1.4708 0.0000
vt 12.2685 2.2062 0.0000
vt 12.2685 2.9416 0.0000
vt 12.2685 3.6770 0.0000
vt 12.2685 4.4124 0.0000
vt 12.2685 5.1478 0.0000
vt 12.2685 5.8832 0.0000
vt 12.2685 6.6186 0.0000
vt 12.2685 7.3540 0.0000
vt 12.2685 8.0894 0.0000
vt 12.2685 8.8248 0.0000
vt 11.2461 0.7354 0.0000
vt 11.2461 0.0000 0.0000
vt 11.2461 1.4708 0.0000
vt 11.2461 2.2062 0.0000
vt 11.2461 2.9416 0.0000
vt 11.2461 3.6770 0.0000
vt 11.2461 4.4124 0.0000
vt 11.2461 5.1478 0.0000
vt 11.2461 5.8832 0.0000
vt 11.2461 6.6186 0.0000
vt 11.2461 7.3540 0.0000
vt 11.2461 8.0894 0.0000
vt 11.2461 8.8248 0.0000
vt 10.2238 0.7354 0.0000
vt 10.2238 0.0000 0.0000
vt 10.2238 1.4708 0.0000
vt 10.2238 2.2062 0.0000
vt 10.2238 2.9416 0.0000
vt 10.2238 3.6770 0.0000
vt 10.2238 4.4124 0.0000
vt 10.2238 5.1478 0.0000
vt 10.2238 5.8832 0.0000
vt 10.2238 6.6186 0.0000
vt 10.2238 7.3540 0.0000
vt 10.2238 8.0894 0.0000
vt 10.2238 8.8248 0.0000
vt 9.2014 0.7354 0.0000
vt 9.2014 0.0000 0.0000
vt 9.2014 1.4708 0.0000
vt 9.2014 2.2062 0.0000
vt 9.2014 2.9416 0.0000
vt 9.2014 3.6770 0.0000
vt 9.2014 4.4124 0.0000
vt 9.2014 5.1478 0.0000
vt 9.2014 5.8832 0.0000
vt 9.2014 6.6186 0.0000
vt 9.2014 7.3540 0.0000
vt 9.2014 8.0894 0.0000
vt 9.2014 8.8248 0.0000
vt 8.1790 0.7354 0.0000
vt 8.1790 0.0000 0.0000
vt 8.1790 1.4708 0.0000
vt 8.1790 2.2062 0.0000
vt 8.1790 2.9416 0.0000
vt 8.1790 3.6770 0.0000
vt 8.1790 4.4124 0.0000
vt 8.1790 5.1478 0.0000
vt 8.1790 5.8832 0.0000
vt 8.1790 6.6186 0.0000
vt 8.1790 7.3540 0.0000
vt 8.1790 8.0894 0.0000
vt 8.1790 8.8248 0.0000
vt 7.1566 0.7354 0.0000
vt 7.1566 0.0000 0.0000
vt 7.1566 1.4708 0.0000
vt 7.1566 2.2062 0.0000
vt 7.1566 2.9416 0.0000
vt 7.1566 3.6770 0.0000
vt 7.1566 4.4124 0.0000
vt 7.1566 5.1478 0.0000
vt 7.1566 5.8832 0.0000
vt 7.1566 6.6186 0.0000
vt 7.1566 7.3540 0.0000
vt 7.1566 8.0894 0.0000
vt 7.1566 8.8248 0.0000
vt 6.1343 0.7354 0.0000
vt 6.1343 0.0000 0.0000
vt 6.1343 1.4708 0.0000
vt 6.1343 2.2062 0.0000
vt 6.1343 2.9416 0.0000
vt 6.1343 3.6770 0.0000
vt 6.1343 4.4124 0.0000
vt 6.1343 5.1478 0.0000
vt 6.1343 5.8832 0.0000
vt 6.1343 6.6186 0.0000
vt 6.1343 7.3540 0.0000
vt 6.1343 8.0894 0.0000
vt 6.1343 8.8248 0.0000
vt 5.1119 0.7354 0.0000
vt 5.1119 0.0000 0.0000
vt 5.1119 1.4708 0.0000
vt 5.1119 2.2062 0.0000
vt 5.1119 2.9416 0.0000
vt 5.1119 3.6770 0.0000
vt 5.1119 4.4124 0.0000
vt 5.1119 5.1478 0.0000
vt 5.1119 5.8832 0.0000
vt 5.1119 6.6186 0.0000
vt 5.1119 7.3540 0.0000
vt 5.1119 8.0894 0.0000
vt 5.1119 8.8248 0.0000
vt 4.0895 0.7354 0.0000
vt 4.0895 0.0000 0.0000
vt 4.0895 1.4708 0.0000
vt 4.0895 2.2062 0.0000
vt 4.0895 2.9416 0.0000
vt 4.0895 3.6770 0.0000
vt 4.0895 4.4124 0.0000
vt 4.0895 5.1478 0.0000
vt 4.0895 5.8832 0.0000
vt 4.0895 6.6186 0.0000
vt 4.0895 7.3540 0.0000
vt 4.0895 8.0894 0.0000
vt 4.0895 8.8248 0.0000
vt 3.0671 0.7354 0.0000
vt 3.0671 0.0000 0.0000
vt 3.0671 1.4708 0.0000
vt 3.0671 2.2062 0.0000
vt 3.0671 2.9416 0.0000
vt 3.0671 3.6770 0.0000
vt 3.0671 4.4124 0.0000
vt 3.0671 5.1478 0.0000
vt 3.0671 5.8832 0.0000
vt 3.0671 6.6186 0.0000
vt 3.0671 7.3540 0.0000
vt 3.0671 8.0894 0.0000
vt 3.0671 8.8248 0.0000
vt 2.0448 0.7354 0.0000
vt 2.0448 0.0000 0.0000
vt 2.0448 1.4708 0.0000
vt 2.0448 2.2062 0.0000
vt 2.0448 2.9416 0.0000
vt 2.0448 3.6770 0.0000
vt 2.0448 4.4124 0.0000
vt 2.0448 5.1478 0.0000
vt 2.0448 5.8832 0.0000
vt 2.0448 6.6186 0.0000
vt 2.0448 7.3540 0.0000
vt 2.0448 8.0894 0.0000
vt 2.0448 8.8248 0.0000
vt 1.0224 0.7354 0.0000
vt 1.0224 0.0000 0.0000
vt 1.0224 1.4708 0.0000
vt 1.0224 2.2062 0.0000
vt 1.0224 2.9416 0.0000
vt 1.0224 3.6770 0.0000
vt 1.0224 4.4124 0.0000
vt 1.0224 5.1478 0.0000
vt 1.0224 5.8832 0.0000
vt 1.0224 6.6186 0.0000
vt 1.0224 7.3540 0.0000
vt 1.0224 8.0894 0.0000
vt 1.0224 8.8248 0.0000
vt 0.0000 0.7354 0.0000
vt 0.0000 1.4708 0.0000
vt 0.0000 2.2062 0.0000
vt 0.0000 2.9416 0.0000
vt 0.0000 3.6770 0.0000
vt 0.0000 4.4124 0.0000
vt 0.0000 5.1478 0.0000
vt 0.0000 5.8832 0.0000
vt 0.0000 6.6186 0.0000
vt 0.0000 7.3540 0.0000
vt 0.0000 8.0894 0.0000
vt 0.0000 8.8248 0.0000
# 1902 texture coords

g SwordKey
s 1
f 1/1/1 2/2/2 3/3/3 4/4/4 
f 2/2/2 5/5/5 6/6/6 3/3/3 
f 7/7/7 8/8/8 3/3/3 6/6/6 
f 8/8/8 9/9/9 4/4/4 3/3/3 
f 5/5/5 10/10/10 11/11/11 6/6/6 
f 10/10/10 12/12/12 13/13/13 11/11/11 
f 14/14/14 15/15/15 11/11/11 13/13/13 
f 15/15/15 7/7/7 6/6/6 11/11/11 
f 12/12/12 16/16/16 17/17/17 13/13/13 
f 16/16/16 18/18/18 19/19/19 17/17/17 
f 20/20/20 21/21/21 17/17/17 19/19/19 
f 21/21/21 14/14/14 13/13/13 17/17/17 
f 18/18/18 22/22/22 23/23/23 19/19/19 
f 22/22/22 24/24/24 25/25/25 23/23/23 
f 26/26/26 27/27/27 23/23/23 25/25/25 
f 27/27/27 20/20/20 19/19/19 23/23/23 
f 24/24/24 28/28/28 29/29/29 25/25/25 
f 28/28/28 30/30/30 31/31/31 29/29/29 
f 32/32/32 33/33/33 29/29/29 31/31/31 
f 33/33/33 26/26/26 25/25/25 29/29/29 
f 30/30/30 34/34/34 35/35/35 31/31/31 
f 34/34/34 36/36/36 37/37/37 35/35/35 
f 38/38/38 39/39/39 35/35/35 37/37/37 
f 39/39/39 32/32/32 31/31/31 35/35/35 
f 36/36/36 40/40/40 41/41/41 37/37/37 
f 40/40/40 42/42/42 43/43/43 41/41/41 
f 44/44/44 45/45/45 41/41/41 43/43/43 
f 45/45/45 38/38/38 37/37/37 41/41/41 
f 42/42/42 46/46/46 47/47/47 43/43/43 
f 46/46/46 48/48/48 49/49/49 47/47/47 
f 50/50/50 51/51/51 47/47/47 49/49/49 
f 51/51/51 44/44/44 43/43/43 47/47/47 
f 48/48/48 52/52/52 53/53/53 49/49/49 
f 52/52/52 54/54/54 55/55/55 53/53/53 
f 56/56/56 57/57/57 53/53/53 55/55/55 
f 57/57/57 50/50/50 49/49/49 53/53/53 
f 54/58/54 58/59/58 59/60/59 55/61/55 
f 58/59/58 60/62/60 61/63/61 59/60/59 
f 62/64/62 63/65/63 59/60/59 61/63/61 
f 63/65/63 56/66/56 55/61/55 59/60/59 
f 60/62/60 64/67/64 65/68/65 61/63/61 
f 64/67/64 66/69/66 67/70/67 65/68/65 
f 68/71/68 69/72/69 65/68/65 67/70/67 
f 69/72/69 62/64/62 61/63/61 65/68/65 
f 66/69/66 70/73/70 71/74/71 67/70/67 
f 70/73/70 72/75/72 73/76/73 71/74/71 
f 74/77/74 75/78/75 71/74/71 73/76/73 
f 75/78/75 68/71/68 67/70/67 71/74/71 
f 72/75/72 76/79/76 77/80/77 73/76/73 
f 76/79/76 78/81/78 79/82/79 77/80/77 
f 80/83/80 81/84/81 77/80/77 79/82/79 
f 81/84/81 74/77/74 73/76/73 77/80/77 
f 78/81/78 82/85/82 83/86/83 79/82/79 
f 82/85/82 84/87/84 85/88/85 83/86/83 
f 86/89/86 87/90/87 83/86/83 85/88/85 
f 87/90/87 80/83/80 79/82/79 83/86/83 
f 84/87/84 88/91/88 89/92/89 85/88/85 
f 88/91/88 90/93/90 91/94/91 89/92/89 
f 92/95/92 93/96/93 89/92/89 91/94/91 
f 93/96/93 86/89/86 85/88/85 89/92/89 
f 90/93/90 94/97/94 95/98/95 91/94/91 
f 94/97/94 96/99/96 97/100/97 95/98/95 
f 98/101/98 99/102/99 95/98/95 97/100/97 
f 99/102/99 92/95/92 91/94/91 95/98/95 
f 96/99/96 100/103/100 101/104/101 97/100/97 
f 100/103/100 102/105/102 103/106/103 101/104/101 
f 104/107/104 105/108/105 101/104/101 103/106/103 
f 105/108/105 98/101/98 97/100/97 101/104/101 
f 102/105/102 106/109/106 107/110/107 103/106/103 
f 106/109/106 108/111/108 109/112/109 107/110/107 
f 110/113/110 111/114/111 107/110/107 109/112/109 
f 111/114/111 104/107/104 103/106/103 107/110/107 
f 108/111/108 112/115/112 113/116/113 109/112/109 
f 112/115/112 114/117/114 115/118/115 113/116/113 
f 116/119/116 117/120/117 113/116/113 115/118/115 
f 117/120/117 110/113/110 109/112/109 113/116/113 
f 114/117/114 118/121/118 119/122/119 115/118/115 
f 118/121/118 120/123/120 121/124/121 119/122/119 
f 122/125/122 123/126/123 119/122/119 121/124/121 
f 123/126/123 116/119/116 115/118/115 119/122/119 
f 120/123/120 124/127/124 125/128/125 121/124/121 
f 124/127/124 126/129/126 127/130/127 125/128/125 
f 128/131/128 129/132/129 125/128/125 127/130/127 
f 129/132/129 122/125/122 121/124/121 125/128/125 
f 126/129/126 130/133/130 131/134/131 127/130/127 
f 130/133/130 132/135/132 133/136/133 131/134/131 
f 134/137/134 135/138/135 131/134/131 133/136/133 
f 135/138/135 128/131/128 127/130/127 131/134/131 
f 132/135/132 136/139/136 137/140/137 133/136/133 
f 136/139/136 138/141/138 139/142/139 137/140/137 
f 140/143/140 141/144/141 137/140/137 139/142/139 
f 141/144/141 134/137/134 133/136/133 137/140/137 
f 138/141/138 142/145/142 143/146/143 139/142/139 
f 142/145/142 144/147/144 145/148/145 143/146/143 
f 146/149/146 147/150/147 143/146/143 145/148/145 
f 147/150/147 140/143/140 139/142/139 143/146/143 
f 144/147/144 148/151/148 149/152/149 145/148/145 
f 148/151/148 150/153/150 151/154/151 149/152/149 
f 152/155/152 153/156/153 149/152/149 151/154/151 
f 153/156/153 146/149/146 145/148/145 149/152/149 
f 150/153/150 154/157/154 155/158/155 151/154/151 
f 154/157/154 156/159/156 157/160/157 155/158/155 
f 158/161/158 159/162/159 155/158/155 157/160/157 
f 159/162/159 152/155/152 151/154/151 155/158/155 
f 156/159/156 160/163/160 161/164/161 157/160/157 
f 160/163/160 162/165/162 163/166/163 161/164/161 
f 164/167/164 165/168/165 161/164/161 163/166/163 
f 165/168/165 158/161/158 157/160/157 161/164/161 
f 162/165/162 166/169/166 167/170/167 163/166/163 
f 166/169/166 168/171/168 169/172/169 167/170/167 
f 170/173/170 171/174/171 167/170/167 169/172/169 
f 171/174/171 164/167/164 163/166/163 167/170/167 
f 168/171/168 172/175/172 173/176/173 169/172/169 
f 172/175/172 174/177/174 175/178/175 173/176/173 
f 176/179/176 177/180/177 173/176/173 175/178/175 
f 177/180/177 170/173/170 169/172/169 173/176/173 
f 174/177/174 178/181/178 179/182/179 175/178/175 
f 178/181/178 180/171/180 181/183/181 179/182/179 
f 182/184/182 183/185/183 179/182/179 181/183/181 
f 183/185/183 176/179/176 175/178/175 179/182/179 
f 180/171/180 184/186/184 185/187/185 181/183/181 
f 184/186/184 186/188/186 187/189/187 185/187/185 
f 188/190/188 189/191/189 185/187/185 187/189/187 
f 189/191/189 182/184/182 181/183/181 185/187/185 
f 186/188/186 190/192/190 191/193/191 187/189/187 
f 190/192/190 1/1/1 4/4/4 191/193/191 
f 9/9/9 192/194/192 191/193/191 4/4/4 
f 192/194/192 188/190/188 187/189/187 191/193/191 
f 9/9/9 8/8/8 193/195/8 194/196/193 
f 8/8/8 7/7/7 195/197/7 193/195/8 
f 196/198/7 197/199/8 193/195/8 195/197/7 
f 197/199/8 198/200/9 194/196/193 193/195/8 
f 7/7/7 15/15/15 199/201/15 195/197/7 
f 15/15/15 14/14/14 200/202/14 199/201/15 
f 201/203/14 202/204/15 199/201/15 200/202/14 
f 202/204/15 196/198/7 195/197/7 199/201/15 
f 14/14/14 21/21/21 203/205/21 200/202/14 
f 21/21/21 20/20/20 204/206/20 203/205/21 
f 205/207/20 206/208/21 203/205/21 204/206/20 
f 206/208/21 201/203/14 200/202/14 203/205/21 
f 20/20/20 27/27/27 207/209/27 204/206/20 
f 27/27/27 26/26/26 208/210/26 207/209/27 
f 209/211/26 210/212/27 207/209/27 208/210/26 
f 210/212/27 205/207/20 204/206/20 207/209/27 
f 26/26/26 33/33/33 211/213/33 208/210/26 
f 33/33/33 32/32/32 212/214/32 211/213/33 
f 213/215/32 214/216/33 211/213/33 212/214/32 
f 214/216/33 209/211/26 208/210/26 211/213/33 
f 32/32/32 39/39/39 215/217/39 212/214/32 
f 39/39/39 38/38/38 216/218/38 215/217/39 
f 217/219/38 218/220/39 215/217/39 216/218/38 
f 218/220/39 213/215/32 212/214/32 215/217/39 
f 38/38/38 45/45/45 219/221/45 216/218/38 
f 45/45/45 44/44/44 220/222/44 219/221/45 
f 221/223/44 222/224/45 219/221/45 220/222/44 
f 222/224/45 217/219/38 216/218/38 219/221/45 
f 44/44/44 51/51/51 223/225/51 220/222/44 
f 51/51/51 50/50/50 224/226/194 223/225/51 
f 225/227/50 226/228/51 223/225/51 224/226/194 
f 226/228/51 221/223/44 220/222/44 223/225/51 
f 50/50/50 57/57/57 227/229/57 224/226/194 
f 57/57/57 56/56/56 228/230/56 227/229/57 
f 229/231/56 230/232/57 227/229/57 228/230/56 
f 230/232/57 225/227/50 224/226/194 227/229/57 
f 56/66/56 63/65/63 231/233/63 228/234/56 
f 63/65/63 62/64/62 232/235/62 231/233/63 
f 233/236/62 234/237/63 231/233/63 232/235/62 
f 234/237/63 229/238/56 228/234/56 231/233/63 
f 62/64/62 69/72/69 235/239/69 232/235/62 
f 69/72/69 68/71/68 236/240/68 235/239/69 
f 237/241/68 238/242/69 235/239/69 236/240/68 
f 238/242/69 233/236/62 232/235/62 235/239/69 
f 68/71/68 75/78/75 239/243/75 236/240/68 
f 75/78/75 74/77/74 240/244/74 239/243/75 
f 241/245/74 242/246/75 239/243/75 240/244/74 
f 242/246/75 237/241/68 236/240/68 239/243/75 
f 74/77/74 81/84/81 243/247/81 240/244/74 
f 81/84/81 80/83/80 244/248/80 243/247/81 
f 245/249/80 246/250/81 243/247/81 244/248/80 
f 246/250/81 241/245/74 240/244/74 243/247/81 
f 80/83/80 87/90/87 247/251/87 244/248/80 
f 87/90/87 86/89/86 248/252/195 247/251/87 
f 249/253/195 250/254/87 247/251/87 248/252/195 
f 250/254/87 245/249/80 244/248/80 247/251/87 
f 86/89/86 93/96/93 251/255/93 248/252/195 
f 93/96/93 92/95/92 252/256/92 251/255/93 
f 253/257/92 254/258/93 251/255/93 252/256/92 
f 254/258/93 249/253/195 248/252/195 251/255/93 
f 92/95/92 99/102/99 255/259/196 252/256/92 
f 99/102/99 98/101/98 256/260/197 255/259/196 
f 257/261/198 258/262/99 255/259/196 256/260/197 
f 258/262/99 253/257/92 252/256/92 255/259/196 
f 98/101/98 105/108/105 259/263/105 256/260/197 
f 105/108/105 104/107/104 260/264/104 259/263/105 
f 261/265/104 262/266/105 259/263/105 260/264/104 
f 262/266/105 257/261/198 256/260/197 259/263/105 
f 104/107/104 111/114/111 263/267/111 260/264/104 
f 111/114/111 110/113/110 264/268/110 263/267/111 
f 265/269/110 266/270/111 263/267/111 264/268/110 
f 266/270/111 261/265/104 260/264/104 263/267/111 
f 110/113/110 117/120/117 267/271/117 264/268/110 
f 117/120/117 116/119/116 268/272/116 267/271/117 
f 269/273/116 270/274/117 267/271/117 268/272/116 
f 270/274/117 265/269/110 264/268/110 267/271/117 
f 116/119/116 123/126/123 271/275/123 268/272/116 
f 123/126/123 122/125/122 272/276/122 271/275/123 
f 273/277/122 274/278/123 271/275/123 272/276/122 
f 274/278/123 269/273/116 268/272/116 271/275/123 
f 122/125/122 129/132/129 275/279/129 272/276/122 
f 129/132/129 128/131/128 276/280/128 275/279/129 
f 277/281/128 278/282/129 275/279/129 276/280/128 
f 278/282/129 273/277/122 272/276/122 275/279/129 
f 128/131/128 135/138/135 279/283/135 276/280/128 
f 135/138/135 134/137/134 280/284/199 279/283/135 
f 281/285/134 282/286/135 279/283/135 280/284/199 
f 282/286/135 277/281/128 276/280/128 279/283/135 
f 134/137/134 141/144/141 283/287/141 280/284/199 
f 141/144/141 140/143/140 284/288/140 283/287/141 
f 285/289/140 286/290/141 283/287/141 284/288/140 
f 286/290/141 281/285/134 280/284/199 283/287/141 
f 140/143/140 147/150/147 287/291/147 284/288/140 
f 147/150/147 146/149/146 288/292/146 287/291/147 
f 289/293/146 290/294/147 287/291/147 288/292/146 
f 290/294/147 285/289/140 284/288/140 287/291/147 
f 146/149/146 153/156/153 291/295/153 288/292/146 
f 153/156/153 152/155/152 292/296/152 291/295/153 
f 293/297/152 294/298/153 291/295/153 292/296/152 
f 294/298/153 289/293/146 288/292/146 291/295/153 
f 152/155/152 159/162/159 295/299/159 292/296/152 
f 159/162/159 158/161/158 296/300/158 295/299/159 
f 297/301/158 298/302/159 295/299/159 296/300/158 
f 298/302/159 293/297/152 292/296/152 295/299/159 
f 158/161/158 165/168/165 299/303/165 296/300/158 
f 165/168/165 164/167/164 300/304/164 299/303/165 
f 301/305/164 302/306/165 299/303/165 300/304/164 
f 302/306/165 297/301/158 296/300/158 299/303/165 
f 164/167/164 171/174/171 303/307/171 300/304/164 
f 171/174/171 170/173/170 304/308/170 303/307/171 
f 305/309/170 306/310/171 303/307/171 304/308/170 
f 306/310/171 301/305/164 300/304/164 303/307/171 
f 170/173/170 177/180/177 307/311/177 304/308/170 
f 177/180/177 176/179/176 308/312/176 307/311/177 
f 309/313/176 310/314/177 307/311/177 308/312/176 
f 310/314/177 305/309/170 304/308/170 307/311/177 
f 176/179/176 183/185/183 311/315/183 308/312/176 
f 183/185/183 182/184/182 312/316/182 311/315/183 
f 313/317/182 314/318/183 311/315/183 312/316/182 
f 314/318/183 309/313/176 308/312/176 311/315/183 
f 182/184/182 189/191/189 315/319/189 312/316/182 
f 189/191/189 188/190/188 316/320/188 315/319/189 
f 317/321/188 318/322/189 315/319/189 316/320/188 
f 318/322/189 313/317/182 312/316/182 315/319/189 
f 188/190/188 192/194/192 319/323/192 316/320/188 
f 192/194/192 9/9/9 194/196/193 319/323/192 
f 198/200/9 320/324/192 319/323/192 194/196/193 
f 320/324/192 317/321/188 316/320/188 319/323/192 
f 198/200/9 197/199/8 321/325/8 322/326/193 
f 197/199/8 196/198/7 323/327/7 321/325/8 
f 324/328/7 325/329/8 321/325/8 323/327/7 
f 325/329/8 326/330/9 322/326/193 321/325/8 
f 196/198/7 202/204/15 327/331/15 323/327/7 
f 202/204/15 201/203/14 328/332/14 327/331/15 
f 329/333/14 330/334/15 327/331/15 328/332/14 
f 330/334/15 324/328/7 323/327/7 327/331/15 
f 201/203/14 206/208/21 331/335/21 328/332/14 
f 206/208/21 205/207/20 332/336/200 331/335/21 
f 333/337/20 334/338/21 331/335/21 332/336/200 
f 334/338/21 329/333/14 328/332/14 331/335/21 
f 205/207/20 210/212/27 335/339/27 332/336/200 
f 210/212/27 209/211/26 336/340/26 335/339/27 
f 337/341/26 338/342/27 335/339/27 336/340/26 
f 338/342/27 333/337/20 332/336/200 335/339/27 
f 209/211/26 214/216/33 339/343/33 336/340/26 
f 214/216/33 213/215/32 340/344/32 339/343/33 
f 341/345/32 342/346/33 339/343/33 340/344/32 
f 342/346/33 337/341/26 336/340/26 339/343/33 
f 213/215/32 218/220/39 343/347/39 340/344/32 
f 218/220/39 217/219/38 344/348/38 343/347/39 
f 345/349/38 346/350/39 343/347/39 344/348/38 
f 346/350/39 341/345/32 340/344/32 343/347/39 
f 217/219/38 222/224/45 347/351/45 344/348/38 
f 222/224/45 221/223/44 348/352/44 347/351/45 
f 349/353/44 350/354/45 347/351/45 348/352/44 
f 350/354/45 345/349/38 344/348/38 347/351/45 
f 221/223/44 226/228/51 351/355/51 348/352/44 
f 226/228/51 225/227/50 352/356/50 351/355/51 
f 353/357/50 354/358/51 351/355/51 352/356/50 
f 354/358/51 349/353/44 348/352/44 351/355/51 
f 225/227/50 230/232/57 355/359/57 352/356/50 
f 230/232/57 229/231/56 356/360/56 355/359/57 
f 357/361/56 358/362/57 355/359/57 356/360/56 
f 358/362/57 353/357/50 352/356/50 355/359/57 
f 229/238/56 234/237/63 359/363/63 356/364/56 
f 234/237/63 233/236/62 360/365/62 359/363/63 
f 361/366/62 362/367/63 359/363/63 360/365/62 
f 362/367/63 357/368/56 356/364/56 359/363/63 
f 233/236/62 238/242/69 363/369/69 360/365/62 
f 238/242/69 237/241/68 364/370/68 363/369/69 
f 365/371/68 366/372/69 363/369/69 364/370/68 
f 366/372/69 361/366/62 360/365/62 363/369/69 
f 237/241/68 242/246/75 367/373/75 364/370/68 
f 242/246/75 241/245/74 368/374/74 367/373/75 
f 369/375/74 370/376/75 367/373/75 368/374/74 
f 370/376/75 365/371/68 364/370/68 367/373/75 
f 241/245/74 246/250/81 371/377/81 368/374/74 
f 246/250/81 245/249/80 372/378/80 371/377/81 
f 373/379/80 374/380/81 371/377/81 372/378/80 
f 374/380/81 369/375/74 368/374/74 371/377/81 
f 245/249/80 250/254/87 375/381/87 372/378/80 
f 250/254/87 249/253/195 376/382/195 375/381/87 
f 377/383/86 378/384/201 375/381/87 376/382/195 
f 378/384/201 373/379/80 372/378/80 375/381/87 
f 249/253/195 254/258/93 379/385/93 376/382/195 
f 254/258/93 253/257/92 380/386/92 379/385/93 
f 381/387/92 382/388/93 379/385/93 380/386/92 
f 382/388/93 377/383/86 376/382/195 379/385/93 
f 253/257/92 258/262/99 383/389/196 380/386/92 
f 258/262/99 257/261/198 384/390/202 383/389/196 
f 385/391/98 386/392/99 383/389/196 384/390/202 
f 386/392/99 381/387/92 380/386/92 383/389/196 
f 257/261/198 262/266/105 387/393/105 384/390/202 
f 262/266/105 261/265/104 388/394/104 387/393/105 
f 389/395/104 390/396/105 387/393/105 388/394/104 
f 390/396/105 385/391/98 384/390/202 387/393/105 
f 261/265/104 266/270/111 391/397/111 388/394/104 
f 266/270/111 265/269/110 392/398/110 391/397/111 
f 393/399/110 394/400/111 391/397/111 392/398/110 
f 394/400/111 389/395/104 388/394/104 391/397/111 
f 265/269/110 270/274/117 395/401/117 392/398/110 
f 270/274/117 269/273/116 396/402/116 395/401/117 
f 397/403/116 398/404/117 395/401/117 396/402/116 
f 398/404/117 393/399/110 392/398/110 395/401/117 
f 269/273/116 274/278/123 399/405/123 396/402/116 
f 274/278/123 273/277/122 400/406/122 399/405/123 
f 401/407/122 402/408/123 399/405/123 400/406/122 
f 402/408/123 397/403/116 396/402/116 399/405/123 
f 273/277/122 278/282/129 403/409/129 400/406/122 
f 278/282/129 277/281/128 404/410/128 403/409/129 
f 405/411/128 406/412/129 403/409/129 404/410/128 
f 406/412/129 401/407/122 400/406/122 403/409/129 
f 277/281/128 282/286/135 407/413/135 404/410/128 
f 282/286/135 281/285/134 408/414/134 407/413/135 
f 409/415/134 410/416/135 407/413/135 408/414/134 
f 410/416/135 405/411/128 404/410/128 407/413/135 
f 281/285/134 286/290/141 411/417/141 408/414/134 
f 286/290/141 285/289/140 412/418/140 411/417/141 
f 413/419/140 414/420/141 411/417/141 412/418/140 
f 414/420/141 409/415/134 408/414/134 411/417/141 
f 285/289/140 290/294/147 415/421/147 412/418/140 
f 290/294/147 289/293/146 416/422/146 415/421/147 
f 417/423/146 418/424/147 415/421/147 416/422/146 
f 418/424/147 413/419/140 412/418/140 415/421/147 
f 289/293/146 294/298/153 419/425/153 416/422/146 
f 294/298/153 293/297/152 420/426/152 419/425/153 
f 421/427/152 422/428/153 419/425/153 420/426/152 
f 422/428/153 417/423/146 416/422/146 419/425/153 
f 293/297/152 298/302/159 423/429/159 420/426/152 
f 298/302/159 297/301/158 424/430/158 423/429/159 
f 425/431/158 426/432/159 423/429/159 424/430/158 
f 426/432/159 421/427/152 420/426/152 423/429/159 
f 297/301/158 302/306/165 427/433/165 424/430/158 
f 302/306/165 301/305/164 428/434/164 427/433/165 
f 429/435/164 430/436/165 427/433/165 428/434/164 
f 430/436/165 425/431/158 424/430/158 427/433/165 
f 301/305/164 306/310/171 431/437/171 428/434/164 
f 306/310/171 305/309/170 432/438/170 431/437/171 
f 433/439/170 434/440/203 431/437/171 432/438/170 
f 434/440/203 429/435/164 428/434/164 431/437/171 
f 305/309/170 310/314/177 435/441/177 432/438/170 
f 310/314/177 309/313/176 436/442/176 435/441/177 
f 437/443/176 438/444/177 435/441/177 436/442/176 
f 438/444/177 433/439/170 432/438/170 435/441/177 
f 309/313/176 314/318/183 439/445/183 436/442/176 
f 314/318/183 313/317/182 440/446/182 439/445/183 
f 441/447/182 442/448/183 439/445/183 440/446/182 
f 442/448/183 437/443/176 436/442/176 439/445/183 
f 313/317/182 318/322/189 443/449/189 440/446/182 
f 318/322/189 317/321/188 444/450/188 443/449/189 
f 445/451/188 446/452/189 443/449/189 444/450/188 
f 446/452/189 441/447/182 440/446/182 443/449/189 
f 317/321/188 320/324/192 447/453/192 444/450/188 
f 320/324/192 198/200/9 322/326/193 447/453/192 
f 326/330/9 448/454/192 447/453/192 322/326/193 
f 448/454/192 445/451/188 444/450/188 447/453/192 
f 326/330/9 325/329/8 449/455/8 450/456/193 
f 325/329/8 324/328/7 451/457/7 449/455/8 
f 452/458/7 453/459/8 449/455/8 451/457/7 
f 453/459/8 454/460/9 450/456/193 449/455/8 
f 324/328/7 330/334/15 455/461/15 451/457/7 
f 330/334/15 329/333/14 456/462/14 455/461/15 
f 457/463/14 458/464/15 455/461/15 456/462/14 
f 458/464/15 452/458/7 451/457/7 455/461/15 
f 329/333/14 334/338/21 459/465/21 456/462/14 
f 334/338/21 333/337/20 460/466/20 459/465/21 
f 461/467/20 462/468/21 459/465/21 460/466/20 
f 462/468/21 457/463/14 456/462/14 459/465/21 
f 333/337/20 338/342/27 463/469/27 460/466/20 
f 338/342/27 337/341/26 464/470/26 463/469/27 
f 465/471/26 466/472/27 463/469/27 464/470/26 
f 466/472/27 461/467/20 460/466/20 463/469/27 
f 337/341/26 342/346/33 467/473/33 464/470/26 
f 342/346/33 341/345/32 468/474/32 467/473/33 
f 469/475/32 470/476/33 467/473/33 468/474/32 
f 470/476/33 465/471/26 464/470/26 467/473/33 
f 341/345/32 346/350/39 471/477/39 468/474/32 
f 346/350/39 345/349/38 472/478/38 471/477/39 
f 473/479/38 474/480/39 471/477/39 472/478/38 
f 474/480/39 469/475/32 468/474/32 471/477/39 
f 345/349/38 350/354/45 475/481/45 472/478/38 
f 350/354/45 349/353/44 476/482/44 475/481/45 
f 477/483/44 478/484/45 475/481/45 476/482/44 
f 478/484/45 473/479/38 472/478/38 475/481/45 
f 349/353/44 354/358/51 479/485/51 476/482/44 
f 354/358/51 353/357/50 480/486/50 479/485/51 
f 481/487/50 482/488/51 479/485/51 480/486/50 
f 482/488/51 477/483/44 476/482/44 479/485/51 
f 353/357/50 358/362/57 483/489/57 480/486/50 
f 358/362/57 357/361/56 484/490/56 483/489/57 
f 485/491/56 486/492/57 483/489/57 484/490/56 
f 486/492/57 481/487/50 480/486/50 483/489/57 
f 357/368/56 362/367/63 487/493/63 484/494/56 
f 362/367/63 361/366/62 488/495/62 487/493/63 
f 489/496/62 490/497/63 487/493/63 488/495/62 
f 490/497/63 485/498/56 484/494/56 487/493/63 
f 361/366/62 366/372/69 491/499/69 488/495/62 
f 366/372/69 365/371/68 492/500/68 491/499/69 
f 493/501/68 494/502/69 491/499/69 492/500/68 
f 494/502/69 489/496/62 488/495/62 491/499/69 
f 365/371/68 370/376/75 495/503/75 492/500/68 
f 370/376/75 369/375/74 496/504/74 495/503/75 
f 497/505/74 498/506/75 495/503/75 496/504/74 
f 498/506/75 493/501/68 492/500/68 495/503/75 
f 369/375/74 374/380/81 499/507/81 496/504/74 
f 374/380/81 373/379/80 500/508/80 499/507/81 
f 501/509/80 502/510/81 499/507/81 500/508/80 
f 502/510/81 497/505/74 496/504/74 499/507/81 
f 373/379/80 378/384/201 503/511/87 500/508/80 
f 378/384/201 377/383/86 504/512/195 503/511/87 
f 505/513/195 506/514/87 503/511/87 504/512/195 
f 506/514/87 501/509/80 500/508/80 503/511/87 
f 377/383/86 382/388/93 507/515/93 504/512/195 
f 382/388/93 381/387/92 508/516/92 507/515/93 
f 509/517/92 510/518/93 507/515/93 508/516/92 
f 510/518/93 505/513/195 504/512/195 507/515/93 
f 381/387/92 386/392/99 511/519/196 508/516/92 
f 386/392/99 385/391/98 512/520/202 511/519/196 
f 513/521/98 514/522/99 511/519/196 512/520/202 
f 514/522/99 509/517/92 508/516/92 511/519/196 
f 385/391/98 390/396/105 515/523/105 512/520/202 
f 390/396/105 389/395/104 516/524/104 515/523/105 
f 517/525/104 518/526/105 515/523/105 516/524/104 
f 518/526/105 513/521/98 512/520/202 515/523/105 
f 389/395/104 394/400/111 519/527/111 516/524/104 
f 394/400/111 393/399/110 520/528/110 519/527/111 
f 521/529/110 522/530/111 519/527/111 520/528/110 
f 522/530/111 517/525/104 516/524/104 519/527/111 
f 393/399/110 398/404/117 523/531/117 520/528/110 
f 398/404/117 397/403/116 524/532/116 523/531/117 
f 525/533/116 526/534/117 523/531/117 524/532/116 
f 526/534/117 521/529/110 520/528/110 523/531/117 
f 397/403/116 402/408/123 527/535/123 524/532/116 
f 402/408/123 401/407/122 528/536/122 527/535/123 
f 529/537/122 530/538/123 527/535/123 528/536/122 
f 530/538/123 525/533/116 524/532/116 527/535/123 
f 401/407/122 406/412/129 531/539/129 528/536/122 
f 406/412/129 405/411/128 532/540/128 531/539/129 
f 533/541/128 534/542/129 531/539/129 532/540/128 
f 534/542/129 529/537/122 528/536/122 531/539/129 
f 405/411/128 410/416/135 535/543/135 532/540/128 
f 410/416/135 409/415/134 536/544/134 535/543/135 
f 537/545/134 538/546/135 535/543/135 536/544/134 
f 538/546/135 533/541/128 532/540/128 535/543/135 
f 409/415/134 414/420/141 539/547/141 536/544/134 
f 414/420/141 413/419/140 540/548/140 539/547/141 
f 541/549/140 542/550/141 539/547/141 540/548/140 
f 542/550/141 537/545/134 536/544/134 539/547/141 
f 413/419/140 418/424/147 543/551/147 540/548/140 
f 418/424/147 417/423/146 544/552/146 543/551/147 
f 545/553/146 546/554/147 543/551/147 544/552/146 
f 546/554/147 541/549/140 540/548/140 543/551/147 
f 417/423/146 422/428/153 547/555/153 544/552/146 
f 422/428/153 421/427/152 548/556/152 547/555/153 
f 549/557/152 550/558/153 547/555/153 548/556/152 
f 550/558/153 545/553/146 544/552/146 547/555/153 
f 421/427/152 426/432/159 551/559/159 548/556/152 
f 426/432/159 425/431/158 552/560/158 551/559/159 
f 553/561/158 554/562/159 551/559/159 552/560/158 
f 554/562/159 549/557/152 548/556/152 551/559/159 
f 425/431/158 430/436/165 555/563/165 552/560/158 
f 430/436/165 429/435/164 556/564/164 555/563/165 
f 557/565/164 558/566/165 555/563/165 556/564/164 
f 558/566/165 553/561/158 552/560/158 555/563/165 
f 429/435/164 434/440/203 559/567/171 556/564/164 
f 434/440/203 433/439/170 560/568/170 559/567/171 
f 561/569/170 562/570/171 559/567/171 560/568/170 
f 562/570/171 557/565/164 556/564/164 559/567/171 
f 433/439/170 438/444/177 563/571/177 560/568/170 
f 438/444/177 437/443/176 564/572/204 563/571/177 
f 565/573/176 566/574/177 563/571/177 564/572/204 
f 566/574/177 561/569/170 560/568/170 563/571/177 
f 437/443/176 442/448/183 567/575/183 564/572/204 
f 442/448/183 441/447/182 568/576/182 567/575/183 
f 569/577/182 570/578/183 567/575/183 568/576/182 
f 570/578/183 565/573/176 564/572/204 567/575/183 
f 441/447/182 446/452/189 571/579/189 568/576/182 
f 446/452/189 445/451/188 572/580/188 571/579/189 
f 573/581/188 574/582/189 571/579/189 572/580/188 
f 574/582/189 569/577/182 568/576/182 571/579/189 
f 445/451/188 448/454/192 575/583/192 572/580/188 
f 448/454/192 326/330/9 450/456/193 575/583/192 
f 454/460/9 576/584/192 575/583/192 450/456/193 
f 576/584/192 573/581/188 572/580/188 575/583/192 
f 454/460/9 453/459/8 577/585/205 578/586/206 
f 453/459/8 452/458/7 579/587/207 577/585/205 
f 580/588/208 581/589/209 577/585/205 579/587/207 
f 581/589/209 582/590/210 578/586/206 577/585/205 
f 452/458/7 458/464/15 583/591/211 579/587/207 
f 458/464/15 457/463/14 584/592/212 583/591/211 
f 585/593/213 586/594/214 583/591/211 584/592/212 
f 586/594/214 580/588/208 579/587/207 583/591/211 
f 457/463/14 462/468/21 587/595/215 584/592/212 
f 462/468/21 461/467/20 588/596/216 587/595/215 
f 589/588/217 590/597/218 587/595/215 588/596/216 
f 590/597/218 585/593/213 584/592/212 587/595/215 
f 461/467/20 466/472/27 591/598/219 588/596/216 
f 466/472/27 465/471/26 592/599/220 591/598/219 
f 593/600/221 594/601/222 591/598/219 592/599/220 
f 594/601/222 589/588/217 588/596/216 591/598/219 
f 465/471/26 470/476/33 595/602/223 592/599/220 
f 470/476/33 469/475/32 596/603/224 595/602/223 
f 597/604/225 598/605/226 595/602/223 596/603/224 
f 598/605/226 593/600/221 592/599/220 595/602/223 
f 469/475/32 474/480/39 599/606/227 596/603/224 
f 474/480/39 473/479/38 600/607/228 599/606/227 
f 601/608/229 602/609/230 599/606/227 600/607/228 
f 602/609/230 597/604/225 596/603/224 599/606/227 
f 473/479/38 478/484/45 603/610/231 600/607/228 
f 478/484/45 477/483/44 604/611/232 603/610/231 
f 605/612/233 606/613/234 603/610/231 604/611/232 
f 606/613/234 601/608/229 600/607/228 603/610/231 
f 477/483/44 482/488/51 607/614/235 604/611/232 
f 482/488/51 481/487/50 608/615/236 607/614/235 
f 609/616/237 610/617/238 607/614/235 608/615/236 
f 610/617/238 605/612/233 604/611/232 607/614/235 
f 481/487/50 486/492/57 611/618/239 608/615/236 
f 486/492/57 485/491/56 612/619/240 611/618/239 
f 613/620/241 614/621/242 611/618/239 612/619/240 
f 614/621/242 609/616/237 608/615/236 611/618/239 
f 485/498/56 490/497/63 615/622/243 612/623/240 
f 490/497/63 489/496/62 616/624/244 615/622/243 
f 617/625/245 618/626/246 615/622/243 616/624/244 
f 618/626/246 613/627/241 612/623/240 615/622/243 
f 489/496/62 494/502/69 619/628/247 616/624/244 
f 494/502/69 493/501/68 620/629/248 619/628/247 
f 621/630/249 622/631/250 619/628/247 620/629/248 
f 622/631/250 617/625/245 616/624/244 619/628/247 
f 493/501/68 498/506/75 623/632/251 620/629/248 
f 498/506/75 497/505/74 624/633/252 623/632/251 
f 625/634/253 626/635/254 623/632/251 624/633/252 
f 626/635/254 621/630/249 620/629/248 623/632/251 
f 497/505/74 502/510/81 627/636/255 624/633/252 
f 502/510/81 501/509/80 628/637/256 627/636/255 
f 629/638/257 630/639/258 627/636/255 628/637/256 
f 630/639/258 625/634/253 624/633/252 627/636/255 
f 501/509/80 506/514/87 631/640/259 628/637/256 
f 506/514/87 505/513/195 632/641/260 631/640/259 
f 633/642/261 634/643/262 631/640/259 632/641/260 
f 634/643/262 629/638/257 628/637/256 631/640/259 
f 505/513/195 510/518/93 635/644/263 632/641/260 
f 510/518/93 509/517/92 636/645/264 635/644/263 
f 637/646/265 638/647/266 635/644/263 636/645/264 
f 638/647/266 633/642/261 632/641/260 635/644/263 
f 509/517/92 514/522/99 639/648/267 636/645/264 
f 514/522/99 513/521/98 640/649/268 639/648/267 
f 641/650/269 642/651/270 639/648/267 640/649/268 
f 642/651/270 637/646/265 636/645/264 639/648/267 
f 513/521/98 518/526/105 643/652/271 640/649/268 
f 518/526/105 517/525/104 644/653/272 643/652/271 
f 645/654/273 646/655/274 643/652/271 644/653/272 
f 646/655/274 641/650/269 640/649/268 643/652/271 
f 517/525/104 522/530/111 647/656/275 644/653/272 
f 522/530/111 521/529/110 648/657/276 647/656/275 
f 649/658/277 650/659/278 647/656/275 648/657/276 
f 650/659/278 645/654/273 644/653/272 647/656/275 
f 521/529/110 526/534/117 651/660/279 648/657/276 
f 526/534/117 525/533/116 652/661/280 651/660/279 
f 653/662/281 654/663/282 651/660/279 652/661/280 
f 654/663/282 649/658/277 648/657/276 651/660/279 
f 525/533/116 530/538/123 655/664/283 652/661/280 
f 530/538/123 529/537/122 656/665/284 655/664/283 
f 657/666/285 658/667/286 655/664/283 656/665/284 
f 658/667/286 653/662/281 652/661/280 655/664/283 
f 529/537/122 534/542/129 659/668/287 656/665/284 
f 534/542/129 533/541/128 660/669/288 659/668/287 
f 661/670/289 662/671/290 659/668/287 660/669/288 
f 662/671/290 657/666/285 656/665/284 659/668/287 
f 533/541/128 538/546/135 663/672/291 660/669/288 
f 538/546/135 537/545/134 664/673/292 663/672/291 
f 665/674/293 666/675/294 663/672/291 664/673/292 
f 666/675/294 661/670/289 660/669/288 663/672/291 
f 537/545/134 542/550/141 667/676/295 664/673/292 
f 542/550/141 541/549/140 668/677/296 667/676/295 
f 669/678/297 670/679/298 667/676/295 668/677/296 
f 670/679/298 665/674/293 664/673/292 667/676/295 
f 541/549/140 546/554/147 671/680/299 668/677/296 
f 546/554/147 545/553/146 672/681/300 671/680/299 
f 673/682/301 674/683/302 671/680/299 672/681/300 
f 674/683/302 669/678/297 668/677/296 671/680/299 
f 545/553/146 550/558/153 675/684/303 672/681/300 
f 550/558/153 549/557/152 676/685/304 675/684/303 
f 677/686/305 678/687/306 675/684/303 676/685/304 
f 678/687/306 673/682/301 672/681/300 675/684/303 
f 549/557/152 554/562/159 679/688/307 676/685/304 
f 554/562/159 553/561/158 680/689/308 679/688/307 
f 681/690/309 682/691/310 679/688/307 680/689/308 
f 682/691/310 677/686/305 676/685/304 679/688/307 
f 553/561/158 558/566/165 683/692/311 680/689/308 
f 558/566/165 557/565/164 684/693/312 683/692/311 
f 685/694/313 686/695/314 683/692/311 684/693/312 
f 686/695/314 681/690/309 680/689/308 683/692/311 
f 557/565/164 562/570/171 687/696/315 684/693/312 
f 562/570/171 561/569/170 688/697/316 687/696/315 
f 689/698/317 690/699/318 687/696/315 688/697/316 
f 690/699/318 685/694/313 684/693/312 687/696/315 
f 561/569/170 566/574/177 691/700/319 688/697/316 
f 566/574/177 565/573/176 692/701/320 691/700/319 
f 693/702/321 694/703/322 691/700/319 692/701/320 
f 694/703/322 689/698/317 688/697/316 691/700/319 
f 565/573/176 570/578/183 695/704/323 692/701/320 
f 570/578/183 569/577/182 696/705/324 695/704/323 
f 697/706/325 698/707/326 695/704/323 696/705/324 
f 698/707/326 693/702/321 692/701/320 695/704/323 
f 569/577/182 574/582/189 699/708/327 696/705/324 
f 574/582/189 573/581/188 700/709/328 699/708/327 
f 701/710/329 702/711/330 699/708/327 700/709/328 
f 702/711/330 697/706/325 696/705/324 699/708/327 
f 573/581/188 576/584/192 703/712/331 700/709/328 
f 576/584/192 454/460/9 578/586/206 703/712/331 
f 582/590/210 704/713/332 703/712/331 578/586/206 
f 704/713/332 701/710/329 700/709/328 703/712/331 
f 705/714/333 706/715/334 707/715/335 708/716/336 
f 706/715/334 709/717/337 710/718/338 707/715/335 
f 711/719/339 712/720/340 707/715/335 710/718/338 
f 712/720/340 713/721/341 714/722/342 707/715/335 
f 715/723/343 716/724/344 707/715/335 714/722/342 
f 716/724/344 717/725/345 718/726/346 707/715/335 
f 719/727/347 720/620/348 707/715/335 718/726/346 
f 720/620/348 721/717/349 722/728/350 707/715/335 
f 723/729/351 724/730/352 707/715/335 722/728/350 
f 724/730/352 725/731/353 726/732/354 707/715/335 
f 727/733/355 728/734/356 707/715/335 726/732/354 
f 728/734/356 729/735/357 730/736/358 707/715/335 
f 731/737/359 732/738/360 707/715/335 730/736/358 
f 732/738/360 733/739/361 734/740/362 707/715/335 
f 735/741/363 736/742/364 707/715/335 734/740/362 
f 736/742/364 737/743/365 738/744/366 707/715/335 
f 739/745/367 740/715/368 707/715/335 738/744/366 
f 740/715/368 741/746/369 742/747/370 707/715/335 
f 743/748/371 744/749/372 707/715/335 742/747/370 
f 744/749/372 745/750/373 746/751/374 707/715/335 
f 747/752/375 748/753/376 707/715/335 746/751/374 
f 748/753/376 749/754/377 750/755/378 707/715/335 
f 751/756/379 752/757/380 707/715/335 750/755/378 
f 752/757/380 753/758/381 754/759/382 707/715/335 
f 755/760/383 756/761/384 707/715/335 754/759/382 
f 756/761/384 757/762/385 758/763/386 707/715/335 
f 759/714/387 760/764/388 707/715/335 758/763/386 
f 760/764/388 761/765/389 762/766/390 707/715/335 
f 763/767/391 764/768/392 707/715/335 762/766/390 
f 764/768/392 765/769/393 766/770/394 707/715/335 
f 767/771/395 768/772/396 707/715/335 766/770/394 
f 768/772/396 769/773/397 708/716/336 707/715/335 
f 5/774/5 2/775/2 770/775/398 771/774/399 
f 2/775/2 1/776/1 772/776/400 770/775/398 
s 2
f 773/776/401 774/775/402 770/775/403 772/776/404 
f 774/775/402 775/774/405 771/774/406 770/775/403 
s 1
f 1/776/1 190/777/190 776/777/407 772/776/400 
f 190/777/190 186/778/186 777/779/408 776/777/407 
s 2
f 778/779/409 779/777/410 776/777/411 777/779/412 
f 779/777/410 773/776/401 772/776/404 776/777/411 
s 1
f 186/778/186 184/780/184 780/780/413 777/779/408 
f 184/780/184 180/171/180 781/781/414 780/780/413 
s 2
f 782/781/415 783/780/416 780/780/417 781/781/418 
f 783/780/416 778/779/409 777/779/412 780/780/417 
s 1
f 180/171/180 178/181/178 784/782/419 781/781/414 
f 178/181/178 174/177/174 785/783/420 784/782/419 
s 2
f 786/783/421 787/782/422 784/782/423 785/783/424 
f 787/782/422 782/781/415 781/781/418 784/782/423 
s 1
f 174/177/174 172/175/172 788/784/425 785/783/420 
f 172/175/172 168/171/168 789/785/426 788/784/425 
s 2
f 790/785/427 791/784/428 788/784/429 789/785/430 
f 791/784/428 786/783/421 785/783/424 788/784/429 
s 1
f 168/171/168 166/169/166 792/786/431 789/785/426 
f 166/169/166 162/165/162 793/787/432 792/786/431 
s 2
f 794/787/433 795/786/434 792/786/435 793/787/436 
f 795/786/434 790/785/427 789/785/430 792/786/435 
s 1
f 162/165/162 160/163/160 796/788/437 793/787/432 
f 160/163/160 156/159/156 797/781/438 796/788/437 
s 2
f 798/781/439 799/788/440 796/788/441 797/781/442 
f 799/788/440 794/787/433 793/787/436 796/788/441 
s 1
f 156/159/156 154/157/154 800/789/443 797/781/438 
f 154/157/154 150/153/150 801/790/444 800/789/443 
s 2
f 802/790/445 803/789/446 800/789/447 801/790/448 
f 803/789/446 798/781/439 797/781/442 800/789/447 
s 1
f 150/153/150 148/151/148 804/791/449 801/790/444 
f 148/151/148 144/147/144 805/792/450 804/791/449 
s 2
f 806/792/451 807/791/452 804/791/453 805/792/454 
f 807/791/452 802/790/445 801/790/448 804/791/453 
s 1
f 144/147/144 142/145/142 808/793/455 805/792/450 
f 142/145/142 138/141/138 809/794/456 808/793/455 
s 2
f 810/794/457 811/793/458 808/793/459 809/794/460 
f 811/793/458 806/792/451 805/792/454 808/793/459 
s 1
f 138/141/138 136/139/136 812/795/461 809/794/456 
f 136/139/136 132/135/132 813/796/462 812/795/461 
s 2
f 814/796/463 815/795/464 812/795/465 813/796/466 
f 815/795/464 810/794/457 809/794/460 812/795/465 
s 1
f 132/135/132 130/133/130 816/797/467 813/796/462 
f 130/133/130 126/129/126 817/798/468 816/797/467 
s 2
f 818/798/469 819/797/470 816/797/471 817/798/472 
f 819/797/470 814/796/463 813/796/466 816/797/471 
s 1
f 126/129/126 124/127/124 820/799/473 817/798/468 
f 124/127/124 120/123/120 821/800/474 820/799/473 
s 2
f 822/800/475 823/799/476 820/799/477 821/800/478 
f 823/799/476 818/798/469 817/798/472 820/799/477 
s 1
f 120/123/120 118/121/118 824/801/479 821/800/474 
f 118/121/118 114/117/114 825/802/480 824/801/479 
s 2
f 826/802/481 827/801/482 824/801/483 825/802/484 
f 827/801/482 822/800/475 821/800/478 824/801/483 
s 1
f 114/117/114 112/115/112 828/803/485 825/802/480 
f 112/115/112 108/111/108 829/804/486 828/803/485 
s 2
f 830/804/487 831/803/488 828/803/489 829/804/490 
f 831/803/488 826/802/481 825/802/484 828/803/489 
s 1
f 108/111/108 106/109/106 832/805/491 829/804/486 
f 106/109/106 102/105/102 833/806/492 832/805/491 
s 2
f 834/806/493 835/805/494 832/805/495 833/806/496 
f 835/805/494 830/804/487 829/804/490 832/805/495 
s 1
f 102/105/102 100/103/100 836/807/497 833/806/492 
f 100/103/100 96/99/96 837/808/498 836/807/497 
s 2
f 838/808/499 839/807/500 836/807/501 837/808/502 
f 839/807/500 834/806/493 833/806/496 836/807/501 
s 1
f 96/99/96 94/97/94 840/809/503 837/808/498 
f 94/97/94 90/93/90 841/810/504 840/809/503 
s 2
f 842/810/505 843/809/506 840/809/507 841/810/508 
f 843/809/506 838/808/499 837/808/502 840/809/507 
s 1
f 90/93/90 88/91/88 844/780/509 841/810/504 
f 88/91/88 84/87/84 845/811/510 844/780/509 
s 2
f 846/811/511 847/780/512 844/780/513 845/811/514 
f 847/780/512 842/810/505 841/810/508 844/780/513 
s 1
f 84/87/84 82/85/82 848/812/515 845/811/510 
f 82/85/82 78/81/78 849/813/516 848/812/515 
s 2
f 850/813/517 851/812/518 848/812/519 849/813/520 
f 851/812/518 846/811/511 845/811/514 848/812/519 
s 1
f 78/81/78 76/79/76 852/814/521 849/813/516 
f 76/79/76 72/75/72 853/815/522 852/814/521 
s 2
f 854/815/523 855/814/524 852/814/525 853/815/526 
f 855/814/524 850/813/517 849/813/520 852/814/525 
s 1
f 72/75/72 70/73/70 856/816/527 853/815/522 
f 70/73/70 66/69/66 857/817/528 856/816/527 
s 2
f 858/817/529 859/816/530 856/816/531 857/817/532 
f 859/816/530 854/815/523 853/815/526 856/816/531 
s 1
f 66/69/66 64/67/64 860/818/533 857/817/528 
f 64/67/64 60/62/60 861/819/534 860/818/533 
s 2
f 862/819/535 863/818/536 860/818/537 861/819/538 
f 863/818/536 858/817/529 857/817/532 860/818/537 
s 1
f 60/62/60 58/59/58 864/820/539 861/819/534 
f 58/59/58 54/58/54 865/58/540 864/820/539 
s 2
f 866/58/541 867/820/542 864/820/543 865/58/544 
f 867/820/542 862/819/535 861/819/538 864/820/543 
s 1
f 54/58/54 52/821/52 868/821/545 865/58/540 
f 52/821/52 48/822/48 869/822/546 868/821/545 
s 2
f 870/822/547 871/821/548 868/821/549 869/822/550 
f 871/821/548 866/58/541 865/58/544 868/821/549 
s 1
f 48/822/48 46/823/46 872/823/551 869/822/546 
f 46/823/46 42/824/42 873/824/552 872/823/551 
s 2
f 874/824/553 875/823/554 872/823/555 873/824/556 
f 875/823/554 870/822/547 869/822/550 872/823/555 
s 1
f 42/824/42 40/825/40 876/825/557 873/824/552 
f 40/825/40 36/826/36 877/826/558 876/825/557 
s 2
f 878/826/559 879/825/560 876/825/561 877/826/562 
f 879/825/560 874/824/553 873/824/556 876/825/561 
s 1
f 36/826/36 34/827/34 880/827/563 877/826/558 
f 34/827/34 30/828/30 881/828/564 880/827/563 
s 2
f 882/828/565 883/827/566 880/827/567 881/828/568 
f 883/827/566 878/826/559 877/826/562 880/827/567 
s 1
f 30/828/30 28/829/28 884/829/569 881/828/564 
f 28/829/28 24/830/24 885/830/570 884/829/569 
s 2
f 886/830/571 887/829/572 884/829/573 885/830/574 
f 887/829/572 882/828/565 881/828/568 884/829/573 
s 1
f 24/830/24 22/831/22 888/831/575 885/830/570 
f 22/831/22 18/779/18 889/779/576 888/831/575 
s 2
f 890/779/577 891/831/578 888/831/579 889/779/580 
f 891/831/578 886/830/571 885/830/574 888/831/579 
s 1
f 18/779/18 16/832/16 892/832/581 889/779/576 
f 16/832/16 12/833/12 893/833/582 892/832/581 
s 2
f 894/833/583 895/832/584 892/832/585 893/833/586 
f 895/832/584 890/779/577 889/779/580 892/832/585 
s 1
f 12/833/12 10/834/10 896/834/587 893/833/582 
f 10/834/10 5/774/5 771/774/399 896/834/587 
s 2
f 775/774/405 897/834/588 896/834/589 771/774/406 
f 897/834/588 894/833/583 893/833/586 896/834/589 
f 775/774/405 774/775/402 898/775/590 899/774/591 
f 774/775/402 773/776/401 900/776/592 898/775/590 
f 901/776/593 902/775/594 898/775/590 900/776/592 
f 902/775/594 903/774/595 899/774/591 898/775/590 
f 773/776/401 779/777/410 904/777/596 900/776/592 
f 779/777/410 778/779/409 905/779/597 904/777/596 
f 906/779/598 907/777/599 904/777/596 905/779/597 
f 907/777/599 901/776/593 900/776/592 904/777/596 
f 778/779/409 783/780/416 908/780/600 905/779/597 
f 783/780/416 782/781/415 909/781/601 908/780/600 
f 910/781/602 911/780/603 908/780/600 909/781/601 
f 911/780/603 906/779/598 905/779/597 908/780/600 
f 782/781/415 787/782/422 912/782/604 909/781/601 
f 787/782/422 786/783/421 913/783/605 912/782/604 
f 914/783/606 915/782/607 912/782/604 913/783/605 
f 915/782/607 910/781/602 909/781/601 912/782/604 
f 786/783/421 791/784/428 916/784/608 913/783/605 
f 791/784/428 790/785/427 917/785/609 916/784/608 
f 918/785/610 919/784/611 916/784/608 917/785/609 
f 919/784/611 914/783/606 913/783/605 916/784/608 
f 790/785/427 795/786/434 920/786/612 917/785/609 
f 795/786/434 794/787/433 921/787/613 920/786/612 
f 922/787/614 923/786/615 920/786/612 921/787/613 
f 923/786/615 918/785/610 917/785/609 920/786/612 
f 794/787/433 799/788/440 924/788/616 921/787/613 
f 799/788/440 798/781/439 925/781/617 924/788/616 
f 926/781/618 927/788/619 924/788/616 925/781/617 
f 927/788/619 922/787/614 921/787/613 924/788/616 
f 798/781/439 803/789/446 928/789/620 925/781/617 
f 803/789/446 802/790/445 929/790/621 928/789/620 
f 930/790/622 931/789/623 928/789/620 929/790/621 
f 931/789/623 926/781/618 925/781/617 928/789/620 
f 802/790/445 807/791/452 932/791/624 929/790/621 
f 807/791/452 806/792/451 933/792/625 932/791/624 
f 934/792/626 935/791/627 932/791/624 933/792/625 
f 935/791/627 930/790/622 929/790/621 932/791/624 
f 806/792/451 811/793/458 936/793/628 933/792/625 
f 811/793/458 810/794/457 937/794/629 936/793/628 
f 938/794/630 939/793/631 936/793/628 937/794/629 
f 939/793/631 934/792/626 933/792/625 936/793/628 
f 810/794/457 815/795/464 940/795/632 937/794/629 
f 815/795/464 814/796/463 941/796/633 940/795/632 
f 942/796/634 943/795/635 940/795/632 941/796/633 
f 943/795/635 938/794/630 937/794/629 940/795/632 
f 814/796/463 819/797/470 944/797/636 941/796/633 
f 819/797/470 818/798/469 945/798/637 944/797/636 
f 946/798/638 947/797/639 944/797/636 945/798/637 
f 947/797/639 942/796/634 941/796/633 944/797/636 
f 818/798/469 823/799/476 948/799/640 945/798/637 
f 823/799/476 822/800/475 949/800/641 948/799/640 
f 950/800/642 951/799/643 948/799/640 949/800/641 
f 951/799/643 946/798/638 945/798/637 948/799/640 
f 822/800/475 827/801/482 952/801/644 949/800/641 
f 827/801/482 826/802/481 953/802/645 952/801/644 
f 954/802/646 955/801/647 952/801/644 953/802/645 
f 955/801/647 950/800/642 949/800/641 952/801/644 
f 826/802/481 831/803/488 956/803/648 953/802/645 
f 831/803/488 830/804/487 957/804/649 956/803/648 
f 958/804/650 959/803/651 956/803/648 957/804/649 
f 959/803/651 954/802/646 953/802/645 956/803/648 
f 830/804/487 835/805/494 960/805/652 957/804/649 
f 835/805/494 834/806/493 961/806/653 960/805/652 
f 962/806/654 963/805/655 960/805/652 961/806/653 
f 963/805/655 958/804/650 957/804/649 960/805/652 
f 834/806/493 839/807/500 964/807/656 961/806/653 
f 839/807/500 838/808/499 965/808/657 964/807/656 
f 966/808/658 967/807/659 964/807/656 965/808/657 
f 967/807/659 962/806/654 961/806/653 964/807/656 
f 838/808/499 843/809/506 968/809/660 965/808/657 
f 843/809/506 842/810/505 969/810/661 968/809/660 
f 970/810/662 971/809/663 968/809/660 969/810/661 
f 971/809/663 966/808/658 965/808/657 968/809/660 
f 842/810/505 847/780/512 972/780/664 969/810/661 
f 847/780/512 846/811/511 973/811/665 972/780/664 
f 974/811/666 975/780/667 972/780/664 973/811/665 
f 975/780/667 970/810/662 969/810/661 972/780/664 
f 846/811/511 851/812/518 976/812/668 973/811/665 
f 851/812/518 850/813/517 977/813/669 976/812/668 
f 978/813/670 979/812/671 976/812/668 977/813/669 
f 979/812/671 974/811/666 973/811/665 976/812/668 
f 850/813/517 855/814/524 980/814/672 977/813/669 
f 855/814/524 854/815/523 981/815/673 980/814/672 
f 982/815/674 983/814/675 980/814/672 981/815/673 
f 983/814/675 978/813/670 977/813/669 980/814/672 
f 854/815/523 859/816/530 984/816/676 981/815/673 
f 859/816/530 858/817/529 985/817/677 984/816/676 
f 986/817/678 987/816/679 984/816/676 985/817/677 
f 987/816/679 982/815/674 981/815/673 984/816/676 
f 858/817/529 863/818/536 988/818/680 985/817/677 
f 863/818/536 862/819/535 989/819/681 988/818/680 
f 990/819/682 991/818/683 988/818/680 989/819/681 
f 991/818/683 986/817/678 985/817/677 988/818/680 
f 862/819/535 867/820/542 992/820/684 989/819/681 
f 867/820/542 866/58/541 993/58/685 992/820/684 
f 994/58/686 995/820/687 992/820/684 993/58/685 
f 995/820/687 990/819/682 989/819/681 992/820/684 
f 866/58/541 871/821/548 996/821/688 993/58/685 
f 871/821/548 870/822/547 997/822/689 996/821/688 
f 998/822/690 999/821/691 996/821/688 997/822/689 
f 999/821/691 994/58/686 993/58/685 996/821/688 
f 870/822/547 875/823/554 1000/823/692 997/822/689 
f 875/823/554 874/824/553 1001/824/693 1000/823/692 
f 1002/824/694 1003/823/695 1000/823/692 1001/824/693 
f 1003/823/695 998/822/690 997/822/689 1000/823/692 
f 874/824/553 879/825/560 1004/825/696 1001/824/693 
f 879/825/560 878/826/559 1005/826/697 1004/825/696 
f 1006/826/698 1007/825/699 1004/825/696 1005/826/697 
f 1007/825/699 1002/824/694 1001/824/693 1004/825/696 
f 878/826/559 883/827/566 1008/827/700 1005/826/697 
f 883/827/566 882/828/565 1009/828/701 1008/827/700 
f 1010/828/702 1011/827/703 1008/827/700 1009/828/701 
f 1011/827/703 1006/826/698 1005/826/697 1008/827/700 
f 882/828/565 887/829/572 1012/829/704 1009/828/701 
f 887/829/572 886/830/571 1013/830/705 1012/829/704 
f 1014/830/706 1015/829/707 1012/829/704 1013/830/705 
f 1015/829/707 1010/828/702 1009/828/701 1012/829/704 
f 886/830/571 891/831/578 1016/831/708 1013/830/705 
f 891/831/578 890/779/577 1017/779/709 1016/831/708 
f 1018/779/710 1019/831/711 1016/831/708 1017/779/709 
f 1019/831/711 1014/830/706 1013/830/705 1016/831/708 
f 890/779/577 895/832/584 1020/832/712 1017/779/709 
f 895/832/584 894/833/583 1021/833/713 1020/832/712 
f 1022/833/714 1023/832/715 1020/832/712 1021/833/713 
f 1023/832/715 1018/779/710 1017/779/709 1020/832/712 
f 894/833/583 897/834/588 1024/834/716 1021/833/713 
f 897/834/588 775/774/405 899/774/591 1024/834/716 
f 903/774/595 1025/834/717 1024/834/716 899/774/591 
f 1025/834/717 1022/833/714 1021/833/713 1024/834/716 
s 1
f 1026/774/718 1027/775/719 1028/775/720 1029/774/721 
f 1027/775/719 1030/776/722 1031/776/723 1028/775/720 
f 1032/776/724 1033/775/725 1028/775/720 1031/776/723 
f 1033/775/725 1034/774/726 1029/774/721 1028/775/720 
f 1030/776/722 1035/777/727 1036/777/728 1031/776/723 
f 1035/777/727 1037/779/729 1038/779/730 1036/777/728 
f 1039/779/731 1040/777/732 1036/777/728 1038/779/730 
f 1040/777/732 1032/776/724 1031/776/723 1036/777/728 
f 1037/779/729 1041/780/733 1042/780/734 1038/779/730 
f 1041/780/733 1043/781/735 1044/781/736 1042/780/734 
f 1045/781/737 1046/780/738 1042/780/734 1044/781/736 
f 1046/780/738 1039/779/731 1038/779/730 1042/780/734 
f 1043/781/735 1047/782/739 1048/782/740 1044/781/736 
f 1047/782/739 1049/783/741 1050/783/742 1048/782/740 
f 1051/783/743 1052/782/744 1048/782/740 1050/783/742 
f 1052/782/744 1045/781/737 1044/781/736 1048/782/740 
f 1049/783/741 1053/784/745 1054/784/746 1050/783/742 
f 1053/784/745 1055/785/747 1056/785/748 1054/784/746 
f 1057/785/749 1058/784/750 1054/784/746 1056/785/748 
f 1058/784/750 1051/783/743 1050/783/742 1054/784/746 
f 1055/785/747 1059/786/751 1060/786/752 1056/785/748 
f 1059/786/751 1061/787/753 1062/787/754 1060/786/752 
f 1063/787/755 1064/786/756 1060/786/752 1062/787/754 
f 1064/786/756 1057/785/749 1056/785/748 1060/786/752 
f 1061/787/753 1065/788/757 1066/788/758 1062/787/754 
f 1065/788/757 1067/781/759 1068/781/760 1066/788/758 
f 1069/781/761 1070/788/762 1066/788/758 1068/781/760 
f 1070/788/762 1063/787/755 1062/787/754 1066/788/758 
f 1067/781/759 1071/789/763 1072/789/764 1068/781/760 
f 1071/789/763 1073/790/765 1074/790/766 1072/789/764 
f 1075/790/767 1076/789/768 1072/789/764 1074/790/766 
f 1076/789/768 1069/781/761 1068/781/760 1072/789/764 
f 1073/790/765 1077/791/769 1078/791/770 1074/790/766 
f 1077/791/769 1079/792/771 1080/792/772 1078/791/770 
f 1081/792/773 1082/791/774 1078/791/770 1080/792/772 
f 1082/791/774 1075/790/767 1074/790/766 1078/791/770 
f 1079/792/771 1083/793/775 1084/793/776 1080/792/772 
f 1083/793/775 1085/794/777 1086/794/778 1084/793/776 
f 1087/794/779 1088/793/780 1084/793/776 1086/794/778 
f 1088/793/780 1081/792/773 1080/792/772 1084/793/776 
f 1085/794/777 1089/795/781 1090/795/782 1086/794/778 
f 1089/795/781 1091/796/783 1092/796/784 1090/795/782 
f 1093/796/785 1094/795/786 1090/795/782 1092/796/784 
f 1094/795/786 1087/794/779 1086/794/778 1090/795/782 
f 1091/796/783 1095/797/787 1096/797/788 1092/796/784 
f 1095/797/787 1097/798/789 1098/798/790 1096/797/788 
f 1099/798/791 1100/797/792 1096/797/788 1098/798/790 
f 1100/797/792 1093/796/785 1092/796/784 1096/797/788 
f 1097/798/789 1101/799/793 1102/799/794 1098/798/790 
f 1101/799/793 1103/800/795 1104/800/796 1102/799/794 
f 1105/800/797 1106/799/798 1102/799/794 1104/800/796 
f 1106/799/798 1099/798/791 1098/798/790 1102/799/794 
f 1103/800/795 1107/801/799 1108/801/800 1104/800/796 
f 1107/801/799 1109/802/801 1110/802/802 1108/801/800 
f 1111/802/803 1112/801/804 1108/801/800 1110/802/802 
f 1112/801/804 1105/800/797 1104/800/796 1108/801/800 
f 1109/802/801 1113/803/805 1114/803/806 1110/802/802 
f 1113/803/805 1115/804/807 1116/804/808 1114/803/806 
f 1117/804/809 1118/803/810 1114/803/806 1116/804/808 
f 1118/803/810 1111/802/803 1110/802/802 1114/803/806 
f 1115/804/807 1119/805/811 1120/805/812 1116/804/808 
f 1119/805/811 1121/806/813 1122/806/814 1120/805/812 
f 1123/806/815 1124/805/816 1120/805/812 1122/806/814 
f 1124/805/816 1117/804/809 1116/804/808 1120/805/812 
f 1121/806/813 1125/807/817 1126/807/818 1122/806/814 
f 1125/807/817 1127/808/819 1128/808/820 1126/807/818 
f 1129/808/821 1130/807/822 1126/807/818 1128/808/820 
f 1130/807/822 1123/806/815 1122/806/814 1126/807/818 
f 1127/808/819 1131/809/823 1132/809/824 1128/808/820 
f 1131/809/823 1133/810/825 1134/810/826 1132/809/824 
f 1135/810/827 1136/809/828 1132/809/824 1134/810/826 
f 1136/809/828 1129/808/821 1128/808/820 1132/809/824 
f 1133/810/825 1137/780/829 1138/780/830 1134/810/826 
f 1137/780/829 1139/811/831 1140/811/832 1138/780/830 
f 1141/811/833 1142/780/834 1138/780/830 1140/811/832 
f 1142/780/834 1135/810/827 1134/810/826 1138/780/830 
f 1139/811/831 1143/812/835 1144/812/836 1140/811/832 
f 1143/812/835 1145/813/837 1146/813/838 1144/812/836 
f 1147/813/839 1148/812/840 1144/812/836 1146/813/838 
f 1148/812/840 1141/811/833 1140/811/832 1144/812/836 
f 1145/813/837 1149/814/841 1150/814/842 1146/813/838 
f 1149/814/841 1151/815/843 1152/815/844 1150/814/842 
f 1153/815/845 1154/814/846 1150/814/842 1152/815/844 
f 1154/814/846 1147/813/839 1146/813/838 1150/814/842 
f 1151/815/843 1155/816/847 1156/816/848 1152/815/844 
f 1155/816/847 1157/817/849 1158/817/850 1156/816/848 
f 1159/817/851 1160/816/852 1156/816/848 1158/817/850 
f 1160/816/852 1153/815/845 1152/815/844 1156/816/848 
f 1157/817/849 1161/818/853 1162/818/854 1158/817/850 
f 1161/818/853 1163/819/855 1164/819/856 1162/818/854 
f 1165/819/857 1166/818/858 1162/818/854 1164/819/856 
f 1166/818/858 1159/817/851 1158/817/850 1162/818/854 
f 1163/819/855 1167/820/859 1168/820/860 1164/819/856 
f 1167/820/859 1169/58/861 1170/58/862 1168/820/860 
f 1171/58/863 1172/820/864 1168/820/860 1170/58/862 
f 1172/820/864 1165/819/857 1164/819/856 1168/820/860 
f 1169/58/861 1173/821/865 1174/821/866 1170/58/862 
f 1173/821/865 1175/822/867 1176/822/868 1174/821/866 
f 1177/822/869 1178/821/870 1174/821/866 1176/822/868 
f 1178/821/870 1171/58/863 1170/58/862 1174/821/866 
f 1175/822/867 1179/823/871 1180/823/872 1176/822/868 
f 1179/823/871 1181/824/873 1182/824/874 1180/823/872 
f 1183/824/875 1184/823/876 1180/823/872 1182/824/874 
f 1184/823/876 1177/822/869 1176/822/868 1180/823/872 
f 1181/824/873 1185/825/877 1186/825/878 1182/824/874 
f 1185/825/877 1187/826/879 1188/826/880 1186/825/878 
f 1189/826/881 1190/825/882 1186/825/878 1188/826/880 
f 1190/825/882 1183/824/875 1182/824/874 1186/825/878 
f 1187/826/879 1191/827/883 1192/827/884 1188/826/880 
f 1191/827/883 1193/828/885 1194/828/886 1192/827/884 
f 1195/828/887 1196/827/888 1192/827/884 1194/828/886 
f 1196/827/888 1189/826/881 1188/826/880 1192/827/884 
f 1193/828/885 1197/829/889 1198/829/890 1194/828/886 
f 1197/829/889 1199/830/891 1200/830/892 1198/829/890 
f 1201/830/893 1202/829/894 1198/829/890 1200/830/892 
f 1202/829/894 1195/828/887 1194/828/886 1198/829/890 
f 1199/830/891 1203/831/895 1204/831/896 1200/830/892 
f 1203/831/895 1205/779/897 1206/779/898 1204/831/896 
f 1207/779/899 1208/831/900 1204/831/896 1206/779/898 
f 1208/831/900 1201/830/893 1200/830/892 1204/831/896 
f 1205/779/897 1209/832/901 1210/832/902 1206/779/898 
f 1209/832/901 1211/833/903 1212/833/904 1210/832/902 
f 1213/833/905 1214/832/906 1210/832/902 1212/833/904 
f 1214/832/906 1207/779/899 1206/779/898 1210/832/902 
f 1211/833/903 1215/834/907 1216/834/908 1212/833/904 
f 1215/834/907 1026/774/718 1029/774/721 1216/834/908 
f 1034/774/726 1217/834/909 1216/834/908 1029/774/721 
f 1217/834/909 1213/833/905 1212/833/904 1216/834/908 
f 1026/774/718 1218/774/910 1219/775/911 1027/775/719 
s 2
f 1218/774/912 903/774/595 902/775/594 1219/775/913 
f 901/776/593 1220/776/914 1219/775/913 902/775/594 
s 1
f 1220/776/915 1030/776/722 1027/775/719 1219/775/911 
f 1030/776/722 1220/776/915 1221/777/916 1035/777/727 
s 2
f 1220/776/914 901/776/593 907/777/599 1221/777/917 
f 906/779/598 1222/779/918 1221/777/917 907/777/599 
s 1
f 1222/779/919 1037/779/729 1035/777/727 1221/777/916 
f 1037/779/729 1222/779/919 1223/780/920 1041/780/733 
s 2
f 1222/779/918 906/779/598 911/780/603 1223/780/921 
f 910/781/602 1224/781/922 1223/780/921 911/780/603 
s 1
f 1224/781/923 1043/781/735 1041/780/733 1223/780/920 
f 1043/781/735 1224/781/923 1225/782/924 1047/782/739 
s 2
f 1224/781/922 910/781/602 915/782/607 1225/782/925 
f 914/783/606 1226/783/926 1225/782/925 915/782/607 
s 1
f 1226/783/927 1049/783/741 1047/782/739 1225/782/924 
f 1049/783/741 1226/783/927 1227/784/928 1053/784/745 
s 2
f 1226/783/926 914/783/606 919/784/611 1227/784/929 
f 918/785/610 1228/785/930 1227/784/929 919/784/611 
s 1
f 1228/785/931 1055/785/747 1053/784/745 1227/784/928 
f 1055/785/747 1228/785/931 1229/786/932 1059/786/751 
s 2
f 1228/785/930 918/785/610 923/786/615 1229/786/933 
f 922/787/614 1230/787/934 1229/786/933 923/786/615 
s 1
f 1230/787/935 1061/787/753 1059/786/751 1229/786/932 
f 1061/787/753 1230/787/935 1231/788/936 1065/788/757 
s 2
f 1230/787/934 922/787/614 927/788/619 1231/788/937 
f 926/781/618 1232/781/938 1231/788/937 927/788/619 
s 1
f 1232/781/939 1067/781/759 1065/788/757 1231/788/936 
f 1067/781/759 1232/781/939 1233/789/940 1071/789/763 
s 2
f 1232/781/938 926/781/618 931/789/623 1233/789/941 
f 930/790/622 1234/790/942 1233/789/941 931/789/623 
s 1
f 1234/790/943 1073/790/765 1071/789/763 1233/789/940 
f 1073/790/765 1234/790/943 1235/791/944 1077/791/769 
s 2
f 1234/790/942 930/790/622 935/791/627 1235/791/945 
f 934/792/626 1236/792/946 1235/791/945 935/791/627 
s 1
f 1236/792/947 1079/792/771 1077/791/769 1235/791/944 
f 1079/792/771 1236/792/947 1237/793/948 1083/793/775 
s 2
f 1236/792/946 934/792/626 939/793/631 1237/793/949 
f 938/794/630 1238/794/950 1237/793/949 939/793/631 
s 1
f 1238/794/951 1085/794/777 1083/793/775 1237/793/948 
f 1085/794/777 1238/794/951 1239/795/952 1089/795/781 
s 2
f 1238/794/950 938/794/630 943/795/635 1239/795/953 
f 942/796/634 1240/796/954 1239/795/953 943/795/635 
s 1
f 1240/796/955 1091/796/783 1089/795/781 1239/795/952 
f 1091/796/783 1240/796/955 1241/797/956 1095/797/787 
s 2
f 1240/796/954 942/796/634 947/797/639 1241/797/957 
f 946/798/638 1242/798/958 1241/797/957 947/797/639 
s 1
f 1242/798/959 1097/798/789 1095/797/787 1241/797/956 
f 1097/798/789 1242/798/959 1243/799/960 1101/799/793 
s 2
f 1242/798/958 946/798/638 951/799/643 1243/799/961 
f 950/800/642 1244/800/962 1243/799/961 951/799/643 
s 1
f 1244/800/963 1103/800/795 1101/799/793 1243/799/960 
f 1103/800/795 1244/800/963 1245/801/964 1107/801/799 
s 2
f 1244/800/962 950/800/642 955/801/647 1245/801/965 
f 954/802/646 1246/802/966 1245/801/965 955/801/647 
s 1
f 1246/802/967 1109/802/801 1107/801/799 1245/801/964 
f 1109/802/801 1246/802/967 1247/803/968 1113/803/805 
s 2
f 1246/802/966 954/802/646 959/803/651 1247/803/969 
f 958/804/650 1248/804/970 1247/803/969 959/803/651 
s 1
f 1248/804/971 1115/804/807 1113/803/805 1247/803/968 
f 1115/804/807 1248/804/971 1249/805/972 1119/805/811 
s 2
f 1248/804/970 958/804/650 963/805/655 1249/805/973 
f 962/806/654 1250/806/974 1249/805/973 963/805/655 
s 1
f 1250/806/975 1121/806/813 1119/805/811 1249/805/972 
f 1121/806/813 1250/806/975 1251/807/976 1125/807/817 
s 2
f 1250/806/974 962/806/654 967/807/659 1251/807/977 
f 966/808/658 1252/808/978 1251/807/977 967/807/659 
s 1
f 1252/808/979 1127/808/819 1125/807/817 1251/807/976 
f 1127/808/819 1252/808/979 1253/809/980 1131/809/823 
s 2
f 1252/808/978 966/808/658 971/809/663 1253/809/981 
f 970/810/662 1254/810/982 1253/809/981 971/809/663 
s 1
f 1254/810/983 1133/810/825 1131/809/823 1253/809/980 
f 1133/810/825 1254/810/983 1255/780/984 1137/780/829 
s 2
f 1254/810/982 970/810/662 975/780/667 1255/780/985 
f 974/811/666 1256/811/986 1255/780/985 975/780/667 
s 1
f 1256/811/987 1139/811/831 1137/780/829 1255/780/984 
f 1139/811/831 1256/811/987 1257/812/988 1143/812/835 
s 2
f 1256/811/986 974/811/666 979/812/671 1257/812/989 
f 978/813/670 1258/813/990 1257/812/989 979/812/671 
s 1
f 1258/813/991 1145/813/837 1143/812/835 1257/812/988 
f 1145/813/837 1258/813/991 1259/814/992 1149/814/841 
s 2
f 1258/813/990 978/813/670 983/814/675 1259/814/993 
f 982/815/674 1260/815/994 1259/814/993 983/814/675 
s 1
f 1260/815/995 1151/815/843 1149/814/841 1259/814/992 
f 1151/815/843 1260/815/995 1261/816/996 1155/816/847 
s 2
f 1260/815/994 982/815/674 987/816/679 1261/816/997 
f 986/817/678 1262/817/998 1261/816/997 987/816/679 
s 1
f 1262/817/999 1157/817/849 1155/816/847 1261/816/996 
f 1157/817/849 1262/817/999 1263/818/1000 1161/818/853 
s 2
f 1262/817/998 986/817/678 991/818/683 1263/818/1001 
f 990/819/682 1264/819/1002 1263/818/1001 991/818/683 
s 1
f 1264/819/1003 1163/819/855 1161/818/853 1263/818/1000 
f 1163/819/855 1264/819/1003 1265/820/1004 1167/820/859 
s 2
f 1264/819/1002 990/819/682 995/820/687 1265/820/1005 
f 994/58/686 1266/58/1006 1265/820/1005 995/820/687 
s 1
f 1266/58/1007 1169/58/861 1167/820/859 1265/820/1004 
f 1169/58/861 1266/58/1007 1267/821/1008 1173/821/865 
s 2
f 1266/58/1006 994/58/686 999/821/691 1267/821/1009 
f 998/822/690 1268/822/1010 1267/821/1009 999/821/691 
s 1
f 1268/822/1011 1175/822/867 1173/821/865 1267/821/1008 
f 1175/822/867 1268/822/1011 1269/823/1012 1179/823/871 
s 2
f 1268/822/1010 998/822/690 1003/823/695 1269/823/1013 
f 1002/824/694 1270/824/1014 1269/823/1013 1003/823/695 
s 1
f 1270/824/1015 1181/824/873 1179/823/871 1269/823/1012 
f 1181/824/873 1270/824/1015 1271/825/1016 1185/825/877 
s 2
f 1270/824/1014 1002/824/694 1007/825/699 1271/825/1017 
f 1006/826/698 1272/826/1018 1271/825/1017 1007/825/699 
s 1
f 1272/826/1019 1187/826/879 1185/825/877 1271/825/1016 
f 1187/826/879 1272/826/1019 1273/827/1020 1191/827/883 
s 2
f 1272/826/1018 1006/826/698 1011/827/703 1273/827/1021 
f 1010/828/702 1274/828/1022 1273/827/1021 1011/827/703 
s 1
f 1274/828/1023 1193/828/885 1191/827/883 1273/827/1020 
f 1193/828/885 1274/828/1023 1275/829/1024 1197/829/889 
s 2
f 1274/828/1022 1010/828/702 1015/829/707 1275/829/1025 
f 1014/830/706 1276/830/1026 1275/829/1025 1015/829/707 
s 1
f 1276/830/1027 1199/830/891 1197/829/889 1275/829/1024 
f 1199/830/891 1276/830/1027 1277/831/1028 1203/831/895 
s 2
f 1276/830/1026 1014/830/706 1019/831/711 1277/831/1029 
f 1018/779/710 1278/779/1030 1277/831/1029 1019/831/711 
s 1
f 1278/779/1031 1205/779/897 1203/831/895 1277/831/1028 
f 1205/779/897 1278/779/1031 1279/832/1032 1209/832/901 
s 2
f 1278/779/1030 1018/779/710 1023/832/715 1279/832/1033 
f 1022/833/714 1280/833/1034 1279/832/1033 1023/832/715 
s 1
f 1280/833/1035 1211/833/903 1209/832/901 1279/832/1032 
f 1211/833/903 1280/833/1035 1281/834/1036 1215/834/907 
s 2
f 1280/833/1034 1022/833/714 1025/834/717 1281/834/1037 
f 903/774/595 1218/774/912 1281/834/1037 1025/834/717 
s 1
f 1218/774/910 1026/774/718 1215/834/907 1281/834/1036 
f 582/835/210 581/715/209 1282/715/1038 1283/836/1039 
f 581/715/209 580/588/208 1284/837/1040 1282/715/1038 
f 1285/837/1041 1286/715/1042 1282/715/1038 1284/837/1040 
f 1286/715/1042 1287/836/1043 1283/836/1039 1282/715/1038 
f 580/588/208 586/594/214 1288/838/1044 1284/837/1040 
f 586/594/214 585/593/213 1289/839/1045 1288/838/1044 
f 1290/839/1046 1291/838/1047 1288/838/1044 1289/839/1045 
f 1291/838/1047 1285/837/1041 1284/837/1040 1288/838/1044 
f 585/593/213 590/597/218 1292/840/1048 1289/839/1045 
f 590/597/218 589/588/217 1293/841/1049 1292/840/1048 
f 1294/841/1050 1295/840/1051 1292/840/1048 1293/841/1049 
f 1295/840/1051 1290/839/1046 1289/839/1045 1292/840/1048 
f 589/588/217 594/601/222 1296/842/1052 1293/841/1049 
f 594/601/222 593/600/221 1297/843/1053 1296/842/1052 
f 1298/843/1054 1299/842/1055 1296/842/1052 1297/843/1053 
f 1299/842/1055 1294/841/1050 1293/841/1049 1296/842/1052 
f 593/600/221 598/605/226 1300/721/1056 1297/843/1053 
f 598/605/226 597/604/225 1301/837/1057 1300/721/1056 
f 1302/837/1058 1303/721/1059 1300/721/1056 1301/837/1057 
f 1303/721/1059 1298/843/1054 1297/843/1053 1300/721/1056 
f 597/604/225 602/609/230 1304/844/1060 1301/837/1057 
f 602/609/230 601/608/229 1305/720/1061 1304/844/1060 
f 1306/720/1062 1307/844/1063 1304/844/1060 1305/720/1061 
f 1307/844/1063 1302/837/1058 1301/837/1057 1304/844/1060 
f 601/608/229 606/613/234 1308/845/1064 1305/720/1061 
f 606/613/234 605/612/233 1309/846/1065 1308/845/1064 
f 1310/846/1066 1311/845/1067 1308/845/1064 1309/846/1065 
f 1311/845/1067 1306/720/1062 1305/720/1061 1308/845/1064 
f 605/612/233 610/617/238 1312/724/1068 1309/846/1065 
f 610/617/238 609/616/237 1313/847/1069 1312/724/1068 
f 1314/847/1070 1315/724/1071 1312/724/1068 1313/847/1069 
f 1315/724/1071 1310/846/1066 1309/846/1065 1312/724/1068 
f 609/616/237 614/621/242 1316/621/1072 1313/847/1069 
f 614/621/242 613/620/241 1317/620/1073 1316/621/1072 
f 1318/620/1074 1319/621/1075 1316/621/1072 1317/620/1073 
f 1319/621/1075 1314/847/1070 1313/847/1069 1316/621/1072 
f 613/620/241 618/848/246 1320/848/1076 1317/620/1073 
f 618/848/246 617/849/245 1321/849/1077 1320/848/1076 
f 1322/849/1078 1323/848/1079 1320/848/1076 1321/849/1077 
f 1323/848/1079 1318/620/1074 1317/620/1073 1320/848/1076 
f 617/849/245 622/730/250 1324/730/1080 1321/849/1077 
f 622/730/250 621/850/249 1325/850/1081 1324/730/1080 
f 1326/850/1082 1327/730/1083 1324/730/1080 1325/850/1081 
f 1327/730/1083 1322/849/1078 1321/849/1077 1324/730/1080 
f 621/850/249 626/851/254 1328/851/1084 1325/850/1081 
f 626/851/254 625/734/253 1329/734/1085 1328/851/1084 
f 1330/734/1086 1331/851/1087 1328/851/1084 1329/734/1085 
f 1331/851/1087 1326/850/1082 1325/850/1081 1328/851/1084 
f 625/734/253 630/737/258 1332/737/1088 1329/734/1085 
f 630/737/258 629/852/257 1333/852/1089 1332/737/1088 
f 1334/852/1090 1335/737/1091 1332/737/1088 1333/852/1089 
f 1335/737/1091 1330/734/1086 1329/734/1085 1332/737/1088 
f 629/852/257 634/738/262 1336/738/1092 1333/852/1089 
f 634/738/262 633/853/261 1337/853/1093 1336/738/1092 
f 1338/853/1094 1339/738/1095 1336/738/1092 1337/853/1093 
f 1339/738/1095 1334/852/1090 1333/852/1089 1336/738/1092 
f 633/853/261 638/854/266 1340/854/1096 1337/853/1093 
f 638/854/266 637/742/265 1341/742/1097 1340/854/1096 
f 1342/742/1098 1343/854/1099 1340/854/1096 1341/742/1097 
f 1343/854/1099 1338/853/1094 1337/853/1093 1340/854/1096 
f 637/742/265 642/855/270 1344/855/1100 1341/742/1097 
f 642/855/270 641/856/269 1345/856/1101 1344/855/1100 
f 1346/856/1102 1347/855/1103 1344/855/1100 1345/856/1101 
f 1347/855/1103 1342/742/1098 1341/742/1097 1344/855/1100 
f 641/856/269 646/715/274 1348/715/1104 1345/856/1101 
f 646/715/274 645/857/273 1349/857/1105 1348/715/1104 
f 1350/857/1106 1351/715/1107 1348/715/1104 1349/857/1105 
f 1351/715/1107 1346/856/1102 1345/856/1101 1348/715/1104 
f 645/857/273 650/858/278 1352/858/1108 1349/857/1105 
f 650/858/278 649/749/277 1353/749/1109 1352/858/1108 
f 1354/749/1110 1355/858/1111 1352/858/1108 1353/749/1109 
f 1355/858/1111 1350/857/1106 1349/857/1105 1352/858/1108 
f 649/749/277 654/859/282 1356/859/1112 1353/749/1109 
f 654/859/282 653/860/281 1357/860/1113 1356/859/1112 
f 1358/860/1114 1359/859/1115 1356/859/1112 1357/860/1113 
f 1359/859/1115 1354/749/1110 1353/749/1109 1356/859/1112 
f 653/860/281 658/753/286 1360/753/1116 1357/860/1113 
f 658/753/286 657/861/285 1361/861/1117 1360/753/1116 
f 1362/861/1118 1363/753/1119 1360/753/1116 1361/861/1117 
f 1363/753/1119 1358/860/1114 1357/860/1113 1360/753/1116 
f 657/861/285 662/754/290 1364/754/1120 1361/861/1117 
f 662/754/290 661/757/289 1365/757/1121 1364/754/1120 
f 1366/757/1122 1367/754/1123 1364/754/1120 1365/757/1121 
f 1367/754/1123 1362/861/1118 1361/861/1117 1364/754/1120 
f 661/757/289 666/862/294 1368/862/1124 1365/757/1121 
f 666/862/294 665/863/293 1369/863/1125 1368/862/1124 
f 1370/863/1126 1371/862/1127 1368/862/1124 1369/863/1125 
f 1371/862/1127 1366/757/1122 1365/757/1121 1368/862/1124 
f 665/863/293 670/761/298 1372/761/1128 1369/863/1125 
f 670/761/298 669/864/297 1373/864/1129 1372/761/1128 
f 1374/864/1130 1375/761/1131 1372/761/1128 1373/864/1129 
f 1375/761/1131 1370/863/1126 1369/863/1125 1372/761/1128 
f 669/864/297 674/865/302 1376/865/1132 1373/864/1129 
f 674/865/302 673/764/301 1377/764/1133 1376/865/1132 
f 1378/764/1134 1379/865/1135 1376/865/1132 1377/764/1133 
f 1379/865/1135 1374/864/1130 1373/864/1129 1376/865/1132 
f 673/764/301 678/866/306 1380/866/1136 1377/764/1133 
f 678/866/306 677/867/305 1381/867/1137 1380/866/1136 
f 1382/867/1138 1383/866/1139 1380/866/1136 1381/867/1137 
f 1383/866/1139 1378/764/1134 1377/764/1133 1380/866/1136 
f 677/867/305 682/768/310 1384/768/1140 1381/867/1137 
f 682/768/310 681/868/309 1385/868/1141 1384/768/1140 
f 1386/868/1142 1387/768/1143 1384/768/1140 1385/868/1141 
f 1387/768/1143 1382/867/1138 1381/867/1137 1384/768/1140 
f 681/868/309 686/869/314 1388/869/1144 1385/868/1141 
f 686/869/314 685/772/313 1389/772/1145 1388/869/1144 
f 1390/772/1146 1391/869/1147 1388/869/1144 1389/772/1145 
f 1391/869/1147 1386/868/1142 1385/868/1141 1388/869/1144 
f 685/772/313 690/870/318 1392/870/1148 1389/772/1145 
f 690/870/318 689/836/317 1393/836/1149 1392/870/1148 
f 1394/836/1150 1395/870/1151 1392/870/1148 1393/836/1149 
f 1395/870/1151 1390/772/1146 1389/772/1145 1392/870/1148 
f 689/836/317 694/771/322 1396/771/1152 1393/836/1149 
f 694/771/322 693/871/321 1397/871/1153 1396/771/1152 
f 1398/871/1154 1399/771/1155 1396/771/1152 1397/871/1153 
f 1399/771/1155 1394/836/1150 1393/836/1149 1396/771/1152 
f 693/871/321 698/872/326 1400/872/1156 1397/871/1153 
f 698/872/326 697/873/325 1401/873/1157 1400/872/1156 
f 1402/873/1158 1403/872/1159 1400/872/1156 1401/873/1157 
f 1403/872/1159 1398/871/1154 1397/871/1153 1400/872/1156 
f 697/873/325 702/874/330 1404/874/1160 1401/873/1157 
f 702/874/330 701/875/329 1405/875/1161 1404/874/1160 
f 1406/875/1162 1407/874/1163 1404/874/1160 1405/875/1161 
f 1407/874/1163 1402/873/1158 1401/873/1157 1404/874/1160 
f 701/875/329 704/876/332 1408/876/1164 1405/875/1161 
f 704/876/332 582/835/210 1283/836/1039 1408/876/1164 
f 1287/836/1043 1409/876/1165 1408/876/1164 1283/836/1039 
f 1409/876/1165 1406/875/1162 1405/875/1161 1408/876/1164 
f 1287/836/1043 1286/715/1042 1410/715/1166 1411/836/1167 
f 1286/715/1042 1285/837/1041 1412/837/1168 1410/715/1166 
f 709/717/337 706/715/334 1410/715/1166 1412/837/1168 
f 706/715/334 705/714/333 1411/836/1167 1410/715/1166 
f 1285/837/1041 1291/838/1047 1413/838/1169 1412/837/1168 
f 1291/838/1047 1290/839/1046 1414/839/1170 1413/838/1169 
f 711/719/339 710/718/338 1413/838/1169 1414/839/1170 
f 710/718/338 709/717/337 1412/837/1168 1413/838/1169 
f 1290/839/1046 1295/840/1051 1415/840/1171 1414/839/1170 
f 1295/840/1051 1294/841/1050 1416/841/1172 1415/840/1171 
f 713/721/341 712/720/340 1415/840/1171 1416/841/1172 
f 712/720/340 711/719/339 1414/839/1170 1415/840/1171 
f 1294/841/1050 1299/842/1055 1417/842/1173 1416/841/1172 
f 1299/842/1055 1298/843/1054 1418/843/1174 1417/842/1173 
f 715/723/343 714/722/342 1417/842/1173 1418/843/1174 
f 714/722/342 713/721/341 1416/841/1172 1417/842/1173 
f 1298/843/1054 1303/721/1059 1419/721/1175 1418/843/1174 
f 1303/721/1059 1302/837/1058 1420/837/1176 1419/721/1175 
f 717/725/345 716/724/344 1419/721/1175 1420/837/1176 
f 716/724/344 715/723/343 1418/843/1174 1419/721/1175 
f 1302/837/1058 1307/844/1063 1421/844/1177 1420/837/1176 
f 1307/844/1063 1306/720/1062 1422/720/1178 1421/844/1177 
f 719/727/347 718/726/346 1421/844/1177 1422/720/1178 
f 718/726/346 717/725/345 1420/837/1176 1421/844/1177 
f 1306/720/1062 1311/845/1067 1423/845/1179 1422/720/1178 
f 1311/845/1067 1310/846/1066 1424/846/1180 1423/845/1179 
f 721/717/349 720/620/348 1423/845/1179 1424/846/1180 
f 720/620/348 719/727/347 1422/720/1178 1423/845/1179 
f 1310/846/1066 1315/724/1071 1425/724/1181 1424/846/1180 
f 1315/724/1071 1314/847/1070 1426/847/1182 1425/724/1181 
f 723/729/351 722/728/350 1425/724/1181 1426/847/1182 
f 722/728/350 721/717/349 1424/846/1180 1425/724/1181 
f 1314/847/1070 1319/621/1075 1427/621/1183 1426/847/1182 
f 1319/621/1075 1318/620/1074 1428/620/1184 1427/621/1183 
f 725/731/353 724/730/352 1427/621/1183 1428/620/1184 
f 724/730/352 723/729/351 1426/847/1182 1427/621/1183 
f 1318/620/1074 1323/848/1079 1429/848/1185 1428/620/1184 
f 1323/848/1079 1322/849/1078 1430/849/1186 1429/848/1185 
f 727/733/355 726/732/354 1429/848/1185 1430/849/1186 
f 726/732/354 725/731/353 1428/620/1184 1429/848/1185 
f 1322/849/1078 1327/730/1083 1431/730/1187 1430/849/1186 
f 1327/730/1083 1326/850/1082 1432/850/1188 1431/730/1187 
f 729/735/357 728/734/356 1431/730/1187 1432/850/1188 
f 728/734/356 727/733/355 1430/849/1186 1431/730/1187 
f 1326/850/1082 1331/851/1087 1433/851/1189 1432/850/1188 
f 1331/851/1087 1330/734/1086 1434/734/1190 1433/851/1189 
f 731/737/359 730/736/358 1433/851/1189 1434/734/1190 
f 730/736/358 729/735/357 1432/850/1188 1433/851/1189 
f 1330/734/1086 1335/737/1091 1435/737/1191 1434/734/1190 
f 1335/737/1091 1334/852/1090 1436/852/1192 1435/737/1191 
f 733/739/361 732/738/360 1435/737/1191 1436/852/1192 
f 732/738/360 731/737/359 1434/734/1190 1435/737/1191 
f 1334/852/1090 1339/738/1095 1437/738/1193 1436/852/1192 
f 1339/738/1095 1338/853/1094 1438/853/1194 1437/738/1193 
f 735/741/363 734/740/362 1437/738/1193 1438/853/1194 
f 734/740/362 733/739/361 1436/852/1192 1437/738/1193 
f 1338/853/1094 1343/854/1099 1439/854/1195 1438/853/1194 
f 1343/854/1099 1342/742/1098 1440/742/1196 1439/854/1195 
f 737/743/365 736/742/364 1439/854/1195 1440/742/1196 
f 736/742/364 735/741/363 1438/853/1194 1439/854/1195 
f 1342/742/1098 1347/855/1103 1441/855/1197 1440/742/1196 
f 1347/855/1103 1346/856/1102 1442/856/1198 1441/855/1197 
f 739/745/367 738/744/366 1441/855/1197 1442/856/1198 
f 738/744/366 737/743/365 1440/742/1196 1441/855/1197 
f 1346/856/1102 1351/715/1107 1443/715/1199 1442/856/1198 
f 1351/715/1107 1350/857/1106 1444/857/1200 1443/715/1199 
f 741/746/369 740/715/368 1443/715/1199 1444/857/1200 
f 740/715/368 739/745/367 1442/856/1198 1443/715/1199 
f 1350/857/1106 1355/858/1111 1445/858/1201 1444/857/1200 
f 1355/858/1111 1354/749/1110 1446/749/1202 1445/858/1201 
f 743/748/371 742/747/370 1445/858/1201 1446/749/1202 
f 742/747/370 741/746/369 1444/857/1200 1445/858/1201 
f 1354/749/1110 1359/859/1115 1447/859/1203 1446/749/1202 
f 1359/859/1115 1358/860/1114 1448/860/1204 1447/859/1203 
f 745/750/373 744/749/372 1447/859/1203 1448/860/1204 
f 744/749/372 743/748/371 1446/749/1202 1447/859/1203 
f 1358/860/1114 1363/753/1119 1449/753/1205 1448/860/1204 
f 1363/753/1119 1362/861/1118 1450/861/1206 1449/753/1205 
f 747/752/375 746/751/374 1449/753/1205 1450/861/1206 
f 746/751/374 745/750/373 1448/860/1204 1449/753/1205 
f 1362/861/1118 1367/754/1123 1451/754/1207 1450/861/1206 
f 1367/754/1123 1366/757/1122 1452/757/1208 1451/754/1207 
f 749/754/377 748/753/376 1451/754/1207 1452/757/1208 
f 748/753/376 747/752/375 1450/861/1206 1451/754/1207 
f 1366/757/1122 1371/862/1127 1453/862/1209 1452/757/1208 
f 1371/862/1127 1370/863/1126 1454/863/1210 1453/862/1209 
f 751/756/379 750/755/378 1453/862/1209 1454/863/1210 
f 750/755/378 749/754/377 1452/757/1208 1453/862/1209 
f 1370/863/1126 1375/761/1131 1455/761/1211 1454/863/1210 
f 1375/761/1131 1374/864/1130 1456/864/1212 1455/761/1211 
f 753/758/381 752/757/380 1455/761/1211 1456/864/1212 
f 752/757/380 751/756/379 1454/863/1210 1455/761/1211 
f 1374/864/1130 1379/865/1135 1457/865/1213 1456/864/1212 
f 1379/865/1135 1378/764/1134 1458/764/1214 1457/865/1213 
f 755/760/383 754/759/382 1457/865/1213 1458/764/1214 
f 754/759/382 753/758/381 1456/864/1212 1457/865/1213 
f 1378/764/1134 1383/866/1139 1459/866/1215 1458/764/1214 
f 1383/866/1139 1382/867/1138 1460/867/1216 1459/866/1215 
f 757/762/385 756/761/384 1459/866/1215 1460/867/1216 
f 756/761/384 755/760/383 1458/764/1214 1459/866/1215 
f 1382/867/1138 1387/768/1143 1461/768/1217 1460/867/1216 
f 1387/768/1143 1386/868/1142 1462/868/1218 1461/768/1217 
f 759/714/387 758/763/386 1461/768/1217 1462/868/1218 
f 758/763/386 757/762/385 1460/867/1216 1461/768/1217 
f 1386/868/1142 1391/869/1147 1463/869/1219 1462/868/1218 
f 1391/869/1147 1390/772/1146 1464/772/1220 1463/869/1219 
f 761/765/389 760/764/388 1463/869/1219 1464/772/1220 
f 760/764/388 759/714/387 1462/868/1218 1463/869/1219 
f 1390/772/1146 1395/870/1151 1465/870/1221 1464/772/1220 
f 1395/870/1151 1394/836/1150 1466/836/1222 1465/870/1221 
f 763/767/391 762/766/390 1465/870/1221 1466/836/1222 
f 762/766/390 761/765/389 1464/772/1220 1465/870/1221 
f 1394/836/1150 1399/771/1155 1467/771/1223 1466/836/1222 
f 1399/771/1155 1398/871/1154 1468/871/1224 1467/771/1223 
f 765/769/393 764/768/392 1467/771/1223 1468/871/1224 
f 764/768/392 763/767/391 1466/836/1222 1467/771/1223 
f 1398/871/1154 1403/872/1159 1469/872/1225 1468/871/1224 
f 1403/872/1159 1402/873/1158 1470/873/1226 1469/872/1225 
f 767/771/395 766/770/394 1469/872/1225 1470/873/1226 
f 766/770/394 765/769/393 1468/871/1224 1469/872/1225 
f 1402/873/1158 1407/874/1163 1471/874/1227 1470/873/1226 
f 1407/874/1163 1406/875/1162 1472/875/1228 1471/874/1227 
f 769/773/397 768/772/396 1471/874/1227 1472/875/1228 
f 768/772/396 767/771/395 1470/873/1226 1471/874/1227 
f 1406/875/1162 1409/876/1165 1473/876/1229 1472/875/1228 
f 1409/876/1165 1287/836/1043 1411/836/1167 1473/876/1229 
f 705/714/333 708/716/336 1473/876/1229 1411/836/1167 
f 708/716/336 769/773/397 1472/875/1228 1473/876/1229 
f 1474/877/98 1475/878/98 1476/879/98 1477/880/98 
f 1478/881/1230 1479/882/1230 1480/883/1230 1481/884/1230 
s 2
f 1474/881/1231 1477/882/1231 1482/885/1231 1483/886/1231 
s 4
f 1477/881/1232 1476/882/1232 1484/885/1232 1482/886/1232 
s 2
f 1476/881/1233 1475/882/1233 1485/885/1233 1484/886/1233 
s 4
f 1475/881/1234 1474/882/1234 1483/885/1234 1485/886/1234 
s 1
f 1483/881/1235 1482/882/1236 1486/882/1237 1487/881/1238 
f 1482/882/1236 1484/883/1239 1488/883/1240 1486/882/1237 
f 1484/883/1239 1485/884/1241 1489/884/1241 1488/883/1240 
f 1485/884/1241 1483/881/1235 1487/881/1238 1489/884/1241 
s 2
f 1487/881/1233 1486/882/1233 1479/882/1233 1478/881/1233 
s 4
f 1486/882/1234 1488/883/1234 1480/883/1234 1479/882/1234 
s 2
f 1488/883/1242 1489/884/1231 1481/884/1231 1480/883/1242 
s 4
f 1489/884/1232 1487/881/1243 1478/881/1243 1481/884/1232 
s 1
f 1490/887/1244 1491/888/1244 1492/889/1245 1493/881/1245 
f 1491/889/1244 1494/889/146 1495/890/146 1496/891/1244 
f 1496/892/1244 1497/891/1245 1492/889/1245 1491/888/1244 
s 2
f 1497/893/1246 1498/894/1247 1499/895/1248 1492/896/1248 
s 1
f 1490/881/1244 1500/881/146 1494/889/146 1491/889/1244 
s 2
f 1501/897/1249 1497/891/1246 1496/892/1250 1502/898/1251 
f 1502/899/1251 1496/891/1250 1495/890/1252 1503/899/1252 
s 1
f 1501/900/1253 1502/901/1254 1504/902/1255 1505/903/1256 
s 2
f 1493/904/1248 1492/896/1248 1499/895/1248 1506/905/1248 
s 1
f 1502/899/1254 1503/899/1257 1507/906/1230 1504/906/1255 
s 2
f 1497/893/1246 1501/907/1249 1505/908/1258 1498/894/1247 
s 1
f 1508/887/1259 1509/881/1260 1510/889/1260 1511/888/1259 
f 1511/889/1259 1512/891/1259 1513/890/1261 1514/889/1261 
f 1512/892/1259 1511/888/1259 1510/889/1260 1515/891/1260 
s 4
f 1515/893/1262 1510/896/1263 1499/895/1263 1498/894/1264 
s 1
f 1508/881/1259 1511/889/1259 1514/889/1261 1516/881/1261 
s 4
f 1517/897/1265 1518/898/1266 1512/892/1267 1515/891/1262 
f 1518/899/1266 1519/899/1268 1513/890/1268 1512/891/1267 
s 1
f 1517/900/1269 1505/903/1256 1504/902/1255 1518/901/1270 
s 4
f 1509/904/1263 1506/905/1263 1499/895/1263 1510/896/1263 
s 1
f 1518/899/1270 1504/906/1255 1507/906/1230 1519/899/1271 
s 4
f 1515/893/1262 1498/894/1264 1505/908/1272 1517/907/1265 
s 1
f 1520/909/1273 1521/910/1274 1522/911/1275 1523/912/1276 
f 1521/910/1274 1524/913/1277 1525/889/1278 1522/911/1275 
f 1526/913/1279 1527/910/1280 1522/911/1275 1525/889/1278 
f 1527/910/1280 1528/909/1281 1523/912/1276 1522/911/1275 
s 2
f 1529/914/1282 1530/915/1283 1531/915/1284 1532/916/1285 
f 1530/915/1283 1533/917/1286 1534/917/1287 1531/915/1284 
s 1
f 1535/917/1288 1536/915/1289 1531/915/1290 1534/917/1291 
f 1536/915/1289 1537/918/1292 1532/916/1293 1531/915/1290 
f 1537/918/1292 1536/915/1289 1538/915/1294 1539/919/1295 
f 1536/915/1289 1535/917/1288 1540/917/1296 1538/915/1294 
f 1541/917/1297 1542/915/1298 1538/915/1294 1540/917/1296 
f 1542/915/1298 1543/920/1299 1539/919/1295 1538/915/1294 
f 1543/920/1299 1542/915/1298 1544/915/1300 1545/921/1301 
f 1542/915/1298 1541/917/1297 1546/917/1302 1544/915/1300 
f 1547/917/146 1548/915/1303 1544/915/1300 1546/917/1302 
f 1548/915/1303 1549/921/1304 1545/921/1301 1544/915/1300 
s 2
f 1550/922/1305 1551/923/1306 1552/915/1307 1553/924/1308 
f 1551/923/1306 1554/925/1309 1555/917/1310 1552/915/1307 
f 1556/926/1311 1557/927/1312 1552/915/1307 1555/917/1310 
f 1557/927/1312 1558/928/1313 1553/924/1308 1552/915/1307 
f 1559/881/1286 1560/929/1286 1561/929/1314 1562/881/1314 
f 1560/929/1286 1533/917/1286 1563/917/1315 1561/929/1314 
f 1564/926/1316 1565/929/1317 1561/929/1314 1563/917/1315 
f 1565/929/1317 1566/881/1317 1562/881/1314 1561/929/1314 
s 4
f 1567/930/1318 1568/931/1319 1569/932/1320 1570/933/1321 
f 1568/931/1319 1571/934/1322 1572/933/1323 1569/932/1320 
f 1520/909/1324 1523/912/1325 1569/932/1320 1572/933/1323 
f 1523/912/1325 1528/909/1326 1570/933/1321 1569/932/1320 
s 1
f 1524/913/1277 1573/929/1327 1574/929/1328 1525/889/1278 
f 1573/929/1327 1575/881/1277 1576/881/1328 1574/929/1328 
f 1577/881/1329 1578/929/1279 1574/929/1328 1576/881/1328 
f 1578/929/1279 1526/913/1279 1525/889/1278 1574/929/1328 
s 2
f 1533/917/1286 1560/929/1286 1579/929/1287 1534/917/1287 
f 1560/929/1286 1559/881/1286 1580/881/1287 1579/929/1287 
s 1
f 1581/881/1288 1582/929/1288 1579/929/1291 1580/881/1291 
f 1582/929/1288 1535/917/1288 1534/917/1291 1579/929/1291 
f 1535/917/1288 1582/929/1288 1583/929/1296 1540/917/1296 
f 1582/929/1288 1581/881/1288 1584/881/1296 1583/929/1296 
f 1585/881/1297 1586/929/1297 1583/929/1296 1584/881/1296 
f 1586/929/1297 1541/917/1297 1540/917/1296 1583/929/1296 
f 1541/917/1297 1586/929/1297 1587/929/1302 1546/917/1302 
f 1586/929/1297 1585/881/1297 1588/881/1302 1587/929/1302 
f 1589/881/146 1590/929/146 1587/929/1302 1588/881/1302 
f 1590/929/146 1547/917/146 1546/917/1302 1587/929/1302 
s 2
f 1554/925/1309 1591/929/1309 1592/929/1330 1555/917/1310 
f 1591/929/1309 1593/881/1309 1594/881/1330 1592/929/1330 
f 1595/881/1331 1596/929/1311 1592/929/1330 1594/881/1330 
f 1596/929/1311 1556/926/1311 1555/917/1310 1592/929/1330 
f 1533/917/1286 1530/915/1283 1597/915/1332 1563/917/1315 
f 1530/915/1283 1529/914/1282 1598/924/1333 1597/915/1332 
f 1599/928/1334 1600/927/1335 1597/915/1332 1598/924/1333 
f 1600/927/1335 1564/926/1316 1563/917/1315 1597/915/1332 
s 1
f 1601/935/1336 1602/936/1337 1603/937/1338 1604/938/1338 
s 2
f 1602/936/1339 1550/922/1305 1605/939/1340 1603/937/1341 
s 4
f 1571/934/1322 1606/940/1342 1603/937/1343 1605/939/1344 
f 1606/940/1342 1607/941/1345 1604/938/1346 1603/937/1343 
f 1567/930/1318 1608/942/1347 1609/943/1348 1610/944/1349 
s 2
f 1608/942/1350 1529/914/1282 1611/945/1351 1609/943/1352 
s 4
f 1612/946/1353 1610/944/1349 1609/943/1348 1611/945/1354 
s 2
f 1550/922/1305 1602/936/1339 1613/947/1355 1551/923/1306 
s 1
f 1602/936/1337 1601/935/1336 1614/948/1356 1613/947/1357 
f 1615/949/1358 1616/950/1358 1613/947/1357 1614/948/1356 
s 2
f 1616/950/1359 1554/925/1309 1551/923/1306 1613/947/1355 
s 4
f 1612/946/1353 1611/945/1354 1617/951/1360 1618/952/1361 
s 2
f 1611/945/1351 1529/914/1282 1532/916/1285 1617/951/1362 
s 1
f 1537/918/1292 1619/953/1363 1617/951/1364 1532/916/1293 
s 4
f 1619/953/1365 1620/954/1366 1618/952/1361 1617/951/1360 
f 1620/954/1366 1619/953/1365 1621/955/1367 1622/956/1368 
s 1
f 1619/953/1363 1537/918/1292 1539/919/1295 1621/955/1369 
f 1543/920/1299 1623/957/1370 1621/955/1369 1539/919/1295 
s 4
f 1623/957/1371 1624/958/1372 1622/956/1368 1621/955/1367 
f 1624/958/1372 1623/957/1371 1625/959/1373 1626/960/1374 
s 1
f 1623/957/1370 1543/920/1299 1545/921/1301 1625/959/1375 
f 1549/921/1304 1627/959/1376 1625/959/1375 1545/921/1301 
s 4
f 1627/959/1377 1628/960/1378 1626/960/1374 1625/959/1373 
s 1
f 1520/909/1273 1629/961/1379 1630/962/1380 1521/910/1274 
s 2
f 1629/961/1381 1558/928/1313 1557/927/1312 1630/962/1382 
f 1556/926/1311 1631/963/1383 1630/962/1382 1557/927/1312 
s 1
f 1631/963/1384 1524/913/1277 1521/910/1274 1630/962/1380 
f 1577/881/1329 1632/881/1385 1633/929/1385 1578/929/1279 
s 2
f 1632/881/1386 1566/881/1317 1565/929/1317 1633/929/1386 
f 1564/926/1316 1634/963/1387 1633/929/1386 1565/929/1317 
s 1
f 1634/963/1385 1526/913/1279 1578/929/1279 1633/929/1385 
s 4
f 1571/934/1322 1605/939/1344 1635/964/1388 1572/933/1323 
s 2
f 1605/939/1340 1550/922/1305 1553/924/1308 1635/964/1389 
f 1558/928/1313 1629/961/1381 1635/964/1389 1553/924/1308 
s 4
f 1629/961/1390 1520/909/1324 1572/933/1323 1635/964/1388 
s 2
f 1529/914/1282 1608/942/1350 1636/964/1391 1598/924/1333 
s 4
f 1608/942/1347 1567/930/1318 1570/933/1321 1636/964/1392 
f 1528/909/1326 1637/961/1393 1636/964/1392 1570/933/1321 
s 2
f 1637/961/1394 1599/928/1334 1598/924/1333 1636/964/1391 
f 1554/925/1309 1616/950/1359 1638/929/1359 1591/929/1309 
s 1
f 1616/950/1358 1615/949/1358 1639/929/1358 1638/929/1358 
f 1640/881/1358 1641/881/1358 1638/929/1358 1639/929/1358 
s 2
f 1641/881/1359 1593/881/1309 1591/929/1309 1638/929/1359 
s 1
f 1524/913/1277 1631/963/1384 1642/929/1395 1573/929/1327 
s 2
f 1631/963/1383 1556/926/1311 1596/929/1311 1642/929/1396 
f 1595/881/1331 1643/881/1396 1642/929/1396 1596/929/1311 
s 1
f 1643/881/1384 1575/881/1277 1573/929/1327 1642/929/1395 
f 1526/913/1279 1634/963/1385 1644/962/1397 1527/910/1280 
s 2
f 1634/963/1387 1564/926/1316 1600/927/1335 1644/962/1398 
f 1599/928/1334 1637/961/1394 1644/962/1398 1600/927/1335 
s 1
f 1637/961/1399 1528/909/1281 1527/910/1280 1644/962/1397 
s 4
f 1645/906/1230 1646/965/1400 1647/966/1401 1648/906/1230 
f 1646/965/1400 1607/941/1345 1606/940/1342 1647/966/1401 
f 1571/934/1322 1568/931/1319 1647/966/1401 1606/940/1342 
f 1568/931/1319 1567/930/1318 1610/944/1349 1647/966/1401 
f 1612/946/1353 1649/967/1402 1647/966/1401 1610/944/1349 
f 1649/967/1402 1650/906/1230 1648/906/1230 1647/966/1401 
f 1650/906/1230 1649/967/1402 1651/965/1403 1652/906/1230 
f 1649/967/1402 1612/946/1353 1618/952/1361 1651/965/1403 
f 1620/954/1366 1653/968/1404 1651/965/1403 1618/952/1361 
f 1653/968/1404 1654/906/1230 1652/906/1230 1651/965/1403 
f 1654/906/1230 1653/968/1404 1655/969/1405 1656/970/1230 
f 1653/968/1404 1620/954/1366 1622/956/1368 1655/969/1405 
f 1624/958/1372 1657/971/1406 1655/969/1405 1622/956/1368 
f 1657/971/1406 1658/972/1230 1656/970/1230 1655/969/1405 
f 1658/972/1230 1657/971/1406 1659/973/1407 1660/972/1230 
f 1657/971/1406 1624/958/1372 1626/960/1374 1659/973/1407 
f 1628/960/1378 1661/973/1408 1659/973/1407 1626/960/1374 
f 1661/973/1408 1662/972/1230 1660/972/1230 1659/973/1407 
s 1
f 1663/909/1409 1664/912/1410 1665/911/1411 1666/910/1412 
f 1664/912/1410 1667/909/1413 1668/910/1414 1665/911/1411 
f 1669/913/1415 1670/889/1416 1665/911/1411 1668/910/1414 
f 1670/889/1416 1671/913/1417 1666/910/1412 1665/911/1411 
s 2
f 1672/914/1418 1673/916/1419 1674/915/1420 1675/915/1421 
s 1
f 1673/916/1422 1676/918/1423 1677/915/1424 1674/915/1425 
f 1678/917/1426 1679/917/1427 1674/915/1425 1677/915/1424 
s 2
f 1679/917/1428 1680/917/1429 1675/915/1421 1674/915/1420 
s 1
f 1676/918/1423 1681/919/1430 1682/915/1431 1677/915/1424 
f 1681/919/1430 1683/920/1432 1684/915/1433 1682/915/1431 
f 1685/917/1434 1686/917/1435 1682/915/1431 1684/915/1433 
f 1686/917/1435 1678/917/1426 1677/915/1424 1682/915/1431 
f 1683/920/1432 1687/921/1436 1688/915/1437 1684/915/1433 
f 1687/921/1436 1689/921/1438 1690/915/1439 1688/915/1437 
f 1691/917/1261 1692/917/1440 1688/915/1437 1690/915/1439 
f 1692/917/1440 1685/917/1434 1684/915/1433 1688/915/1437 
s 2
f 1693/922/1441 1694/924/1442 1695/915/1443 1696/923/1444 
f 1694/924/1442 1697/928/1445 1698/927/1446 1695/915/1443 
f 1699/926/1447 1700/917/1448 1695/915/1443 1698/927/1446 
f 1700/917/1448 1701/925/1449 1696/923/1444 1695/915/1443 
f 1702/881/1429 1703/881/1450 1704/929/1450 1705/929/1429 
f 1703/881/1450 1706/881/1451 1707/929/1452 1704/929/1450 
f 1708/926/1451 1709/917/1450 1704/929/1450 1707/929/1452 
f 1709/917/1450 1680/917/1429 1705/929/1429 1704/929/1450 
s 4
f 1710/930/1453 1711/933/1454 1712/932/1455 1713/931/1456 
f 1711/933/1454 1667/909/1457 1664/912/1458 1712/932/1455 
f 1663/909/1459 1714/933/1460 1712/932/1455 1664/912/1458 
f 1714/933/1460 1715/934/1461 1713/931/1456 1712/932/1455 
s 1
f 1671/913/1417 1670/889/1416 1716/929/1416 1717/929/1417 
f 1670/889/1416 1669/913/1415 1718/929/1415 1716/929/1416 
f 1719/881/1462 1720/881/1416 1716/929/1416 1718/929/1415 
f 1720/881/1416 1721/881/1417 1717/929/1417 1716/929/1416 
s 2
f 1680/917/1429 1679/917/1428 1722/929/1428 1705/929/1429 
s 1
f 1679/917/1427 1678/917/1426 1723/929/1426 1722/929/1427 
f 1724/881/1426 1725/881/1427 1722/929/1427 1723/929/1426 
s 2
f 1725/881/1428 1702/881/1429 1705/929/1429 1722/929/1428 
s 1
f 1678/917/1426 1686/917/1435 1726/929/1435 1723/929/1426 
f 1686/917/1435 1685/917/1434 1727/929/1434 1726/929/1435 
f 1728/881/1434 1729/881/1435 1726/929/1435 1727/929/1434 
f 1729/881/1435 1724/881/1426 1723/929/1426 1726/929/1435 
f 1685/917/1434 1692/917/1440 1730/929/1440 1727/929/1434 
f 1692/917/1440 1691/917/1261 1731/929/1261 1730/929/1440 
f 1732/881/1261 1733/881/1440 1730/929/1440 1731/929/1261 
f 1733/881/1440 1728/881/1434 1727/929/1434 1730/929/1440 
s 2
f 1701/925/1449 1700/917/1448 1734/929/1463 1735/929/1449 
f 1700/917/1448 1699/926/1447 1736/929/1464 1734/929/1463 
f 1737/881/1464 1738/881/1448 1734/929/1463 1736/929/1464 
f 1738/881/1448 1739/881/1449 1735/929/1449 1734/929/1463 
f 1680/917/1429 1709/917/1450 1740/915/1465 1675/915/1421 
f 1709/917/1450 1708/926/1451 1741/927/1466 1740/915/1465 
f 1742/928/1467 1743/924/1468 1740/915/1465 1741/927/1466 
f 1743/924/1468 1672/914/1418 1675/915/1421 1740/915/1465 
s 1
f 1744/935/1469 1745/938/1470 1746/937/1470 1747/936/1471 
s 4
f 1745/938/1472 1748/941/1473 1749/940/1474 1746/937/1475 
f 1715/934/1461 1750/939/1476 1746/937/1475 1749/940/1474 
s 2
f 1750/939/1477 1693/922/1441 1747/936/1478 1746/937/1479 
s 4
f 1710/930/1453 1751/944/1480 1752/943/1481 1753/942/1482 
f 1751/944/1480 1754/946/1483 1755/945/1484 1752/943/1481 
s 2
f 1672/914/1418 1753/942/1485 1752/943/1486 1755/945/1487 
f 1693/922/1441 1696/923/1444 1756/947/1488 1747/936/1478 
f 1696/923/1444 1701/925/1449 1757/950/1489 1756/947/1488 
s 1
f 1758/949/1490 1759/948/1491 1756/947/1492 1757/950/1490 
f 1759/948/1491 1744/935/1469 1747/936/1471 1756/947/1492 
s 4
f 1754/946/1483 1760/952/1493 1761/951/1494 1755/945/1484 
f 1760/952/1493 1762/954/1495 1763/953/1496 1761/951/1494 
s 1
f 1676/918/1423 1673/916/1422 1761/951/1497 1763/953/1498 
s 2
f 1673/916/1419 1672/914/1418 1755/945/1487 1761/951/1499 
s 4
f 1762/954/1495 1764/956/1500 1765/955/1501 1763/953/1496 
f 1764/956/1500 1766/958/1502 1767/957/1503 1765/955/1501 
s 1
f 1683/920/1432 1681/919/1430 1765/955/1504 1767/957/1505 
f 1681/919/1430 1676/918/1423 1763/953/1498 1765/955/1504 
s 4
f 1766/958/1502 1768/960/1506 1769/959/1507 1767/957/1503 
f 1768/960/1506 1770/960/1508 1771/959/1509 1769/959/1507 
s 1
f 1689/921/1438 1687/921/1436 1769/959/1510 1771/959/1511 
f 1687/921/1436 1683/920/1432 1767/957/1505 1769/959/1510 
f 1663/909/1409 1666/910/1412 1772/962/1512 1773/961/1513 
f 1666/910/1412 1671/913/1417 1774/963/1514 1772/962/1512 
s 2
f 1699/926/1447 1698/927/1446 1772/962/1515 1774/963/1516 
f 1698/927/1446 1697/928/1445 1773/961/1517 1772/962/1515 
s 1
f 1719/881/1462 1718/929/1415 1775/929/1518 1776/881/1518 
f 1718/929/1415 1669/913/1415 1777/963/1519 1775/929/1518 
s 2
f 1708/926/1451 1707/929/1452 1775/929/1520 1777/963/1521 
f 1707/929/1452 1706/881/1451 1776/881/1520 1775/929/1520 
s 4
f 1715/934/1461 1714/933/1460 1778/964/1522 1750/939/1476 
f 1714/933/1460 1663/909/1459 1773/961/1523 1778/964/1522 
s 2
f 1697/928/1445 1694/924/1442 1778/964/1524 1773/961/1517 
f 1694/924/1442 1693/922/1441 1750/939/1477 1778/964/1524 
f 1672/914/1418 1743/924/1468 1779/964/1525 1753/942/1485 
f 1743/924/1468 1742/928/1467 1780/961/1526 1779/964/1525 
s 4
f 1667/909/1457 1711/933/1454 1779/964/1527 1780/961/1528 
f 1711/933/1454 1710/930/1453 1753/942/1482 1779/964/1527 
s 2
f 1701/925/1449 1735/929/1449 1781/929/1489 1757/950/1489 
f 1735/929/1449 1739/881/1449 1782/881/1489 1781/929/1489 
s 1
f 1783/881/1490 1784/929/1490 1781/929/1490 1782/881/1490 
f 1784/929/1490 1758/949/1490 1757/950/1490 1781/929/1490 
f 1671/913/1417 1717/929/1417 1785/929/1514 1774/963/1514 
f 1717/929/1417 1721/881/1417 1786/881/1514 1785/929/1514 
s 2
f 1737/881/1464 1736/929/1464 1785/929/1529 1786/881/1516 
f 1736/929/1464 1699/926/1447 1774/963/1516 1785/929/1529 
s 1
f 1669/913/1415 1668/910/1414 1787/962/1530 1777/963/1519 
f 1668/910/1414 1667/909/1413 1780/961/1531 1787/962/1530 
s 2
f 1742/928/1467 1741/927/1466 1787/962/1532 1780/961/1526 
f 1741/927/1466 1708/926/1451 1777/963/1521 1787/962/1532 
s 4
f 1645/906/1230 1648/906/1230 1788/966/1533 1789/965/1534 
f 1648/906/1230 1650/906/1230 1790/967/1535 1788/966/1533 
f 1754/946/1483 1751/944/1480 1788/966/1533 1790/967/1535 
f 1751/944/1480 1710/930/1453 1713/931/1456 1788/966/1533 
f 1715/934/1461 1749/940/1474 1788/966/1533 1713/931/1456 
f 1749/940/1474 1748/941/1473 1789/965/1534 1788/966/1533 
f 1650/906/1230 1652/906/1230 1791/965/1536 1790/967/1535 
f 1652/906/1230 1654/906/1230 1792/968/1537 1791/965/1536 
f 1762/954/1495 1760/952/1493 1791/965/1536 1792/968/1537 
f 1760/952/1493 1754/946/1483 1790/967/1535 1791/965/1536 
f 1654/906/1230 1656/970/1230 1793/969/1538 1792/968/1537 
f 1656/970/1230 1658/972/1230 1794/971/1539 1793/969/1538 
f 1766/958/1502 1764/956/1500 1793/969/1538 1794/971/1539 
f 1764/956/1500 1762/954/1495 1792/968/1537 1793/969/1538 
f 1658/972/1230 1660/972/1230 1795/973/1540 1794/971/1539 
f 1660/972/1230 1662/972/1230 1796/973/1541 1795/973/1540 
f 1770/960/1508 1768/960/1506 1795/973/1540 1796/973/1541 
f 1768/960/1506 1766/958/1502 1794/971/1539 1795/973/1540 
s 1
f 1797/974/193 1798/975/1542 1799/976/1543 
f 1797/977/193 1799/976/1543 1800/978/1544 
f 1797/979/193 1800/978/1544 1801/980/1545 
f 1797/981/193 1801/980/1545 1802/982/1546 
f 1797/983/193 1802/982/1546 1803/984/1547 
f 1797/985/193 1803/984/1547 1804/986/1548 
f 1797/987/193 1804/986/1548 1805/988/1549 
f 1797/989/193 1805/988/1549 1806/990/1550 
f 1797/991/193 1806/990/1550 1807/992/1551 
f 1797/993/193 1807/992/1551 1808/994/1552 
f 1797/995/193 1808/994/1552 1809/996/1553 
f 1797/997/193 1809/996/1553 1810/998/1554 
f 1797/999/193 1810/998/1554 1811/1000/1555 
f 1797/1001/193 1811/1000/1555 1812/1002/1556 
f 1797/1003/193 1812/1002/1556 1813/1004/1557 
f 1797/1005/193 1813/1004/1557 1814/1006/1558 
f 1797/1007/193 1814/1006/1558 1815/1008/1559 
f 1797/1009/193 1815/1008/1559 1816/1010/1560 
f 1797/1011/193 1816/1010/1560 1817/1012/1561 
f 1797/1013/193 1817/1012/1561 1818/1014/1562 
f 1797/1015/193 1818/1014/1562 1819/1016/1563 
f 1797/1017/193 1819/1016/1563 1820/1018/1564 
f 1797/1019/193 1820/1018/1564 1821/1020/1565 
f 1797/1021/193 1821/1020/1565 1822/1022/1566 
f 1797/1023/193 1822/1022/1566 1823/1024/1567 
f 1797/1025/193 1823/1024/1567 1824/1026/1568 
f 1797/1027/193 1824/1026/1568 1825/1028/1569 
f 1797/1029/193 1825/1028/1569 1826/1030/1570 
f 1797/1031/193 1826/1030/1570 1827/1032/1571 
f 1797/1033/193 1827/1032/1571 1828/1034/1572 
f 1797/1035/193 1828/1034/1572 1829/1036/1573 
f 1797/1037/193 1829/1036/1573 1798/1038/1542 
f 1830/1039/1574 1799/976/1543 1798/975/1542 1831/1040/1575 
f 1832/1041/1576 1800/978/1544 1799/976/1543 1830/1039/1574 
f 1833/1042/1577 1801/980/1545 1800/978/1544 1832/1041/1576 
f 1834/1043/1578 1802/982/1546 1801/980/1545 1833/1042/1577 
f 1835/1044/1579 1803/984/1547 1802/982/1546 1834/1043/1578 
f 1836/1045/1580 1804/986/1548 1803/984/1547 1835/1044/1579 
f 1837/1046/1581 1805/988/1549 1804/986/1548 1836/1045/1580 
f 1838/1047/1582 1806/990/1550 1805/988/1549 1837/1046/1581 
f 1839/1048/1583 1807/992/1551 1806/990/1550 1838/1047/1582 
f 1840/1049/1584 1808/994/1552 1807/992/1551 1839/1048/1583 
f 1841/1050/1585 1809/996/1553 1808/994/1552 1840/1049/1584 
f 1842/1051/1586 1810/998/1554 1809/996/1553 1841/1050/1585 
f 1843/1052/1587 1811/1000/1555 1810/998/1554 1842/1051/1586 
f 1844/1053/1588 1812/1002/1556 1811/1000/1555 1843/1052/1587 
f 1845/1054/1589 1813/1004/1557 1812/1002/1556 1844/1053/1588 
f 1846/1055/1590 1814/1006/1558 1813/1004/1557 1845/1054/1589 
f 1847/1056/1591 1815/1008/1559 1814/1006/1558 1846/1055/1590 
f 1848/1057/1592 1816/1010/1560 1815/1008/1559 1847/1056/1591 
f 1849/1058/1593 1817/1012/1561 1816/1010/1560 1848/1057/1592 
f 1850/1059/1594 1818/1014/1562 1817/1012/1561 1849/1058/1593 
f 1851/1060/1595 1819/1016/1563 1818/1014/1562 1850/1059/1594 
f 1852/1061/1596 1820/1018/1564 1819/1016/1563 1851/1060/1595 
f 1853/1062/1597 1821/1020/1565 1820/1018/1564 1852/1061/1596 
f 1854/1063/1598 1822/1022/1566 1821/1020/1565 1853/1062/1597 
f 1855/1064/1599 1823/1024/1567 1822/1022/1566 1854/1063/1598 
f 1856/1065/1600 1824/1026/1568 1823/1024/1567 1855/1064/1599 
f 1857/1066/1601 1825/1028/1569 1824/1026/1568 1856/1065/1600 
f 1858/1067/1602 1826/1030/1570 1825/1028/1569 1857/1066/1601 
f 1859/1068/1603 1827/1032/1571 1826/1030/1570 1858/1067/1602 
f 1860/1069/1604 1828/1034/1572 1827/1032/1571 1859/1068/1603 
f 1861/1070/1605 1829/1036/1573 1828/1034/1572 1860/1069/1604 
f 1831/1071/1575 1798/1038/1542 1829/1036/1573 1861/1070/1605 
f 1862/1072/1606 1830/1039/1574 1831/1040/1575 1863/1073/1607 
f 1864/1074/1608 1832/1041/1576 1830/1039/1574 1862/1072/1606 
f 1865/1075/1609 1833/1042/1577 1832/1041/1576 1864/1074/1608 
f 1866/1076/1610 1834/1043/1578 1833/1042/1577 1865/1075/1609 
f 1867/1077/1611 1835/1044/1579 1834/1043/1578 1866/1076/1610 
f 1868/1078/1612 1836/1045/1580 1835/1044/1579 1867/1077/1611 
f 1869/1079/1613 1837/1046/1581 1836/1045/1580 1868/1078/1612 
f 1870/1080/1614 1838/1047/1582 1837/1046/1581 1869/1079/1613 
f 1871/1081/1615 1839/1048/1583 1838/1047/1582 1870/1080/1614 
f 1872/1082/1616 1840/1049/1584 1839/1048/1583 1871/1081/1615 
f 1873/1083/1617 1841/1050/1585 1840/1049/1584 1872/1082/1616 
f 1874/1084/1618 1842/1051/1586 1841/1050/1585 1873/1083/1617 
f 1875/1085/1619 1843/1052/1587 1842/1051/1586 1874/1084/1618 
f 1876/1086/1620 1844/1053/1588 1843/1052/1587 1875/1085/1619 
f 1877/1087/1621 1845/1054/1589 1844/1053/1588 1876/1086/1620 
f 1878/1088/1622 1846/1055/1590 1845/1054/1589 1877/1087/1621 
f 1879/1089/1623 1847/1056/1591 1846/1055/1590 1878/1088/1622 
f 1880/1090/1624 1848/1057/1592 1847/1056/1591 1879/1089/1623 
f 1881/1091/1625 1849/1058/1593 1848/1057/1592 1880/1090/1624 
f 1882/1092/1626 1850/1059/1594 1849/1058/1593 1881/1091/1625 
f 1883/1093/1627 1851/1060/1595 1850/1059/1594 1882/1092/1626 
f 1884/1094/1628 1852/1061/1596 1851/1060/1595 1883/1093/1627 
f 1885/1095/1629 1853/1062/1597 1852/1061/1596 1884/1094/1628 
f 1886/1096/1630 1854/1063/1598 1853/1062/1597 1885/1095/1629 
f 1887/1097/1631 1855/1064/1599 1854/1063/1598 1886/1096/1630 
f 1888/1098/1632 1856/1065/1600 1855/1064/1599 1887/1097/1631 
f 1889/1099/1633 1857/1066/1601 1856/1065/1600 1888/1098/1632 
f 1890/1100/1634 1858/1067/1602 1857/1066/1601 1889/1099/1633 
f 1891/1101/1635 1859/1068/1603 1858/1067/1602 1890/1100/1634 
f 1892/1102/1636 1860/1069/1604 1859/1068/1603 1891/1101/1635 
f 1893/1103/1637 1861/1070/1605 1860/1069/1604 1892/1102/1636 
f 1863/1104/1607 1831/1071/1575 1861/1070/1605 1893/1103/1637 
f 1894/1105/1638 1862/1072/1606 1863/1073/1607 1895/1106/1639 
f 1896/1107/1640 1864/1074/1608 1862/1072/1606 1894/1105/1638 
f 1897/1108/1641 1865/1075/1609 1864/1074/1608 1896/1107/1640 
f 1898/1109/1642 1866/1076/1610 1865/1075/1609 1897/1108/1641 
f 1899/1110/1643 1867/1077/1611 1866/1076/1610 1898/1109/1642 
f 1900/1111/1644 1868/1078/1612 1867/1077/1611 1899/1110/1643 
f 1901/1112/1645 1869/1079/1613 1868/1078/1612 1900/1111/1644 
f 1902/1113/1646 1870/1080/1614 1869/1079/1613 1901/1112/1645 
f 1903/1114/1647 1871/1081/1615 1870/1080/1614 1902/1113/1646 
f 1904/1115/1648 1872/1082/1616 1871/1081/1615 1903/1114/1647 
f 1905/1116/1649 1873/1083/1617 1872/1082/1616 1904/1115/1648 
f 1906/1117/1650 1874/1084/1618 1873/1083/1617 1905/1116/1649 
f 1907/1118/1651 1875/1085/1619 1874/1084/1618 1906/1117/1650 
f 1908/1119/1652 1876/1086/1620 1875/1085/1619 1907/1118/1651 
f 1909/1120/1653 1877/1087/1621 1876/1086/1620 1908/1119/1652 
f 1910/1121/1654 1878/1088/1622 1877/1087/1621 1909/1120/1653 
f 1911/1122/1655 1879/1089/1623 1878/1088/1622 1910/1121/1654 
f 1912/1123/1656 1880/1090/1624 1879/1089/1623 1911/1122/1655 
f 1913/1124/1657 1881/1091/1625 1880/1090/1624 1912/1123/1656 
f 1914/1125/1658 1882/1092/1626 1881/1091/1625 1913/1124/1657 
f 1915/1126/1659 1883/1093/1627 1882/1092/1626 1914/1125/1658 
f 1916/1127/1660 1884/1094/1628 1883/1093/1627 1915/1126/1659 
f 1917/1128/1661 1885/1095/1629 1884/1094/1628 1916/1127/1660 
f 1918/1129/1662 1886/1096/1630 1885/1095/1629 1917/1128/1661 
f 1919/1130/1663 1887/1097/1631 1886/1096/1630 1918/1129/1662 
f 1920/1131/1664 1888/1098/1632 1887/1097/1631 1919/1130/1663 
f 1921/1132/1665 1889/1099/1633 1888/1098/1632 1920/1131/1664 
f 1922/1133/1666 1890/1100/1634 1889/1099/1633 1921/1132/1665 
f 1923/1134/1667 1891/1101/1635 1890/1100/1634 1922/1133/1666 
f 1924/1135/1668 1892/1102/1636 1891/1101/1635 1923/1134/1667 
f 1925/1136/1669 1893/1103/1637 1892/1102/1636 1924/1135/1668 
f 1895/1137/1639 1863/1104/1607 1893/1103/1637 1925/1136/1669 
f 1926/1138/1670 1894/1105/1638 1895/1106/1639 1927/1139/1671 
f 1928/1140/1672 1896/1107/1640 1894/1105/1638 1926/1138/1670 
f 1929/1141/1673 1897/1108/1641 1896/1107/1640 1928/1140/1672 
f 1930/1142/1674 1898/1109/1642 1897/1108/1641 1929/1141/1673 
f 1931/1143/1675 1899/1110/1643 1898/1109/1642 1930/1142/1674 
f 1932/1144/1676 1900/1111/1644 1899/1110/1643 1931/1143/1675 
f 1933/1145/1677 1901/1112/1645 1900/1111/1644 1932/1144/1676 
f 1934/1146/1678 1902/1113/1646 1901/1112/1645 1933/1145/1677 
f 1935/1147/1679 1903/1114/1647 1902/1113/1646 1934/1146/1678 
f 1936/1148/1680 1904/1115/1648 1903/1114/1647 1935/1147/1679 
f 1937/1149/1681 1905/1116/1649 1904/1115/1648 1936/1148/1680 
f 1938/1150/1682 1906/1117/1650 1905/1116/1649 1937/1149/1681 
f 1939/1151/1683 1907/1118/1651 1906/1117/1650 1938/1150/1682 
f 1940/1152/1684 1908/1119/1652 1907/1118/1651 1939/1151/1683 
f 1941/1153/1685 1909/1120/1653 1908/1119/1652 1940/1152/1684 
f 1942/1154/1686 1910/1121/1654 1909/1120/1653 1941/1153/1685 
f 1943/1155/1687 1911/1122/1655 1910/1121/1654 1942/1154/1686 
f 1944/1156/1688 1912/1123/1656 1911/1122/1655 1943/1155/1687 
f 1945/1157/1689 1913/1124/1657 1912/1123/1656 1944/1156/1688 
f 1946/1158/1690 1914/1125/1658 1913/1124/1657 1945/1157/1689 
f 1947/1159/1691 1915/1126/1659 1914/1125/1658 1946/1158/1690 
f 1948/1160/1692 1916/1127/1660 1915/1126/1659 1947/1159/1691 
f 1949/1161/1693 1917/1128/1661 1916/1127/1660 1948/1160/1692 
f 1950/1162/1694 1918/1129/1662 1917/1128/1661 1949/1161/1693 
f 1951/1163/1695 1919/1130/1663 1918/1129/1662 1950/1162/1694 
f 1952/1164/1696 1920/1131/1664 1919/1130/1663 1951/1163/1695 
f 1953/1165/1697 1921/1132/1665 1920/1131/1664 1952/1164/1696 
f 1954/1166/1698 1922/1133/1666 1921/1132/1665 1953/1165/1697 
f 1955/1167/1699 1923/1134/1667 1922/1133/1666 1954/1166/1698 
f 1956/1168/1700 1924/1135/1668 1923/1134/1667 1955/1167/1699 
f 1957/1169/1701 1925/1136/1669 1924/1135/1668 1956/1168/1700 
f 1927/1170/1671 1895/1137/1639 1925/1136/1669 1957/1169/1701 
f 1958/1171/1702 1926/1138/1670 1927/1139/1671 1959/1172/1703 
f 1960/1173/1704 1928/1140/1672 1926/1138/1670 1958/1171/1702 
f 1961/1174/1705 1929/1141/1673 1928/1140/1672 1960/1173/1704 
f 1962/1175/1706 1930/1142/1674 1929/1141/1673 1961/1174/1705 
f 1963/1176/1707 1931/1143/1675 1930/1142/1674 1962/1175/1706 
f 1964/1177/1708 1932/1144/1676 1931/1143/1675 1963/1176/1707 
f 1965/1178/1709 1933/1145/1677 1932/1144/1676 1964/1177/1708 
f 1966/1179/1710 1934/1146/1678 1933/1145/1677 1965/1178/1709 
f 1967/1180/1711 1935/1147/1679 1934/1146/1678 1966/1179/1710 
f 1968/1181/1712 1936/1148/1680 1935/1147/1679 1967/1180/1711 
f 1969/1182/1713 1937/1149/1681 1936/1148/1680 1968/1181/1712 
f 1970/1183/1714 1938/1150/1682 1937/1149/1681 1969/1182/1713 
f 1971/1184/1715 1939/1151/1683 1938/1150/1682 1970/1183/1714 
f 1972/1185/1716 1940/1152/1684 1939/1151/1683 1971/1184/1715 
f 1973/1186/1717 1941/1153/1685 1940/1152/1684 1972/1185/1716 
f 1974/1187/1718 1942/1154/1686 1941/1153/1685 1973/1186/1717 
f 1975/1188/1719 1943/1155/1687 1942/1154/1686 1974/1187/1718 
f 1976/1189/1720 1944/1156/1688 1943/1155/1687 1975/1188/1719 
f 1977/1190/1721 1945/1157/1689 1944/1156/1688 1976/1189/1720 
f 1978/1191/1722 1946/1158/1690 1945/1157/1689 1977/1190/1721 
f 1979/1192/1723 1947/1159/1691 1946/1158/1690 1978/1191/1722 
f 1980/1193/1724 1948/1160/1692 1947/1159/1691 1979/1192/1723 
f 1981/1194/1725 1949/1161/1693 1948/1160/1692 1980/1193/1724 
f 1982/1195/1726 1950/1162/1694 1949/1161/1693 1981/1194/1725 
f 1983/1196/1727 1951/1163/1695 1950/1162/1694 1982/1195/1726 
f 1984/1197/1728 1952/1164/1696 1951/1163/1695 1983/1196/1727 
f 1985/1198/1729 1953/1165/1697 1952/1164/1696 1984/1197/1728 
f 1986/1199/1730 1954/1166/1698 1953/1165/1697 1985/1198/1729 
f 1987/1200/1731 1955/1167/1699 1954/1166/1698 1986/1199/1730 
f 1988/1201/1732 1956/1168/1700 1955/1167/1699 1987/1200/1731 
f 1989/1202/1733 1957/1169/1701 1956/1168/1700 1988/1201/1732 
f 1959/1203/1703 1927/1170/1671 1957/1169/1701 1989/1202/1733 
f 1990/1204/1734 1958/1171/1702 1959/1172/1703 1991/1205/1735 
f 1992/1206/1736 1960/1173/1704 1958/1171/1702 1990/1204/1734 
f 1993/1207/1737 1961/1174/1705 1960/1173/1704 1992/1206/1736 
f 1994/1208/1738 1962/1175/1706 1961/1174/1705 1993/1207/1737 
f 1995/1209/1739 1963/1176/1707 1962/1175/1706 1994/1208/1738 
f 1996/1210/1740 1964/1177/1708 1963/1176/1707 1995/1209/1739 
f 1997/1211/1741 1965/1178/1709 1964/1177/1708 1996/1210/1740 
f 1998/1212/1742 1966/1179/1710 1965/1178/1709 1997/1211/1741 
f 1999/1213/1743 1967/1180/1711 1966/1179/1710 1998/1212/1742 
f 2000/1214/1744 1968/1181/1712 1967/1180/1711 1999/1213/1743 
f 2001/1215/1745 1969/1182/1713 1968/1181/1712 2000/1214/1744 
f 2002/1216/1746 1970/1183/1714 1969/1182/1713 2001/1215/1745 
f 2003/1217/1747 1971/1184/1715 1970/1183/1714 2002/1216/1746 
f 2004/1218/1748 1972/1185/1716 1971/1184/1715 2003/1217/1747 
f 2005/1219/1749 1973/1186/1717 1972/1185/1716 2004/1218/1748 
f 2006/1220/1750 1974/1187/1718 1973/1186/1717 2005/1219/1749 
f 2007/1221/1751 1975/1188/1719 1974/1187/1718 2006/1220/1750 
f 2008/1222/1752 1976/1189/1720 1975/1188/1719 2007/1221/1751 
f 2009/1223/1753 1977/1190/1721 1976/1189/1720 2008/1222/1752 
f 2010/1224/1754 1978/1191/1722 1977/1190/1721 2009/1223/1753 
f 2011/1225/1755 1979/1192/1723 1978/1191/1722 2010/1224/1754 
f 2012/1226/1756 1980/1193/1724 1979/1192/1723 2011/1225/1755 
f 2013/1227/1757 1981/1194/1725 1980/1193/1724 2012/1226/1756 
f 2014/1228/1758 1982/1195/1726 1981/1194/1725 2013/1227/1757 
f 2015/1229/1759 1983/1196/1727 1982/1195/1726 2014/1228/1758 
f 2016/1230/1760 1984/1197/1728 1983/1196/1727 2015/1229/1759 
f 2017/1231/1761 1985/1198/1729 1984/1197/1728 2016/1230/1760 
f 2018/1232/1762 1986/1199/1730 1985/1198/1729 2017/1231/1761 
f 2019/1233/1763 1987/1200/1731 1986/1199/1730 2018/1232/1762 
f 2020/1234/1764 1988/1201/1732 1987/1200/1731 2019/1233/1763 
f 2021/1235/1765 1989/1202/1733 1988/1201/1732 2020/1234/1764 
f 1991/1236/1735 1959/1203/1703 1989/1202/1733 2021/1235/1765 
f 2022/1237/1766 1990/1204/1734 1991/1205/1735 2023/1238/1767 
f 2024/1239/1768 1992/1206/1736 1990/1204/1734 2022/1237/1766 
f 2025/1240/1769 1993/1207/1737 1992/1206/1736 2024/1239/1768 
f 2026/1241/1770 1994/1208/1738 1993/1207/1737 2025/1240/1769 
f 2027/1242/1771 1995/1209/1739 1994/1208/1738 2026/1241/1770 
f 2028/1243/1772 1996/1210/1740 1995/1209/1739 2027/1242/1771 
f 2029/1244/1773 1997/1211/1741 1996/1210/1740 2028/1243/1772 
f 2030/1245/1261 1998/1212/1742 1997/1211/1741 2029/1244/1773 
f 2031/1246/1774 1999/1213/1743 1998/1212/1742 2030/1245/1261 
f 2032/1247/1775 2000/1214/1744 1999/1213/1743 2031/1246/1774 
f 2033/1248/1776 2001/1215/1745 2000/1214/1744 2032/1247/1775 
f 2034/1249/1777 2002/1216/1746 2001/1215/1745 2033/1248/1776 
f 2035/1250/1778 2003/1217/1747 2002/1216/1746 2034/1249/1777 
f 2036/1251/1779 2004/1218/1748 2003/1217/1747 2035/1250/1778 
f 2037/1252/1780 2005/1219/1749 2004/1218/1748 2036/1251/1779 
f 2038/1253/335 2006/1220/1750 2005/1219/1749 2037/1252/1780 
f 2039/1254/1781 2007/1221/1751 2006/1220/1750 2038/1253/335 
f 2040/1255/1782 2008/1222/1752 2007/1221/1751 2039/1254/1781 
f 2041/1256/1783 2009/1223/1753 2008/1222/1752 2040/1255/1782 
f 2042/1257/1784 2010/1224/1754 2009/1223/1753 2041/1256/1783 
f 2043/1258/1785 2011/1225/1755 2010/1224/1754 2042/1257/1784 
f 2044/1259/1786 2012/1226/1756 2011/1225/1755 2043/1258/1785 
f 2045/1260/1787 2013/1227/1757 2012/1226/1756 2044/1259/1786 
f 2046/1261/1788 2014/1228/1758 2013/1227/1757 2045/1260/1787 
f 2047/1262/1789 2015/1229/1759 2014/1228/1758 2046/1261/1788 
f 2048/1263/1790 2016/1230/1760 2015/1229/1759 2047/1262/1789 
f 2049/1264/1791 2017/1231/1761 2016/1230/1760 2048/1263/1790 
f 2050/1265/1792 2018/1232/1762 2017/1231/1761 2049/1264/1791 
f 2051/1266/1793 2019/1233/1763 2018/1232/1762 2050/1265/1792 
f 2052/1267/1794 2020/1234/1764 2019/1233/1763 2051/1266/1793 
f 2053/1268/1795 2021/1235/1765 2020/1234/1764 2052/1267/1794 
f 2023/1269/1767 1991/1236/1735 2021/1235/1765 2053/1268/1795 
f 2054/1270/1796 2022/1237/1766 2023/1238/1767 2055/1271/1797 
f 2056/1272/1798 2024/1239/1768 2022/1237/1766 2054/1270/1796 
f 2057/1273/1799 2025/1240/1769 2024/1239/1768 2056/1272/1798 
f 2058/1274/1800 2026/1241/1770 2025/1240/1769 2057/1273/1799 
f 2059/1275/1801 2027/1242/1771 2026/1241/1770 2058/1274/1800 
f 2060/1276/1802 2028/1243/1772 2027/1242/1771 2059/1275/1801 
f 2061/1277/1803 2029/1244/1773 2028/1243/1772 2060/1276/1802 
f 2062/1278/1804 2030/1245/1261 2029/1244/1773 2061/1277/1803 
f 2063/1279/1805 2031/1246/1774 2030/1245/1261 2062/1278/1804 
f 2064/1280/1806 2032/1247/1775 2031/1246/1774 2063/1279/1805 
f 2065/1281/1807 2033/1248/1776 2032/1247/1775 2064/1280/1806 
f 2066/1282/1808 2034/1249/1777 2033/1248/1776 2065/1281/1807 
f 2067/1283/1809 2035/1250/1778 2034/1249/1777 2066/1282/1808 
f 2068/1284/1810 2036/1251/1779 2035/1250/1778 2067/1283/1809 
f 2069/1285/1811 2037/1252/1780 2036/1251/1779 2068/1284/1810 
f 2070/1286/1812 2038/1253/335 2037/1252/1780 2069/1285/1811 
f 2071/1287/1813 2039/1254/1781 2038/1253/335 2070/1286/1812 
f 2072/1288/1814 2040/1255/1782 2039/1254/1781 2071/1287/1813 
f 2073/1289/1815 2041/1256/1783 2040/1255/1782 2072/1288/1814 
f 2074/1290/1816 2042/1257/1784 2041/1256/1783 2073/1289/1815 
f 2075/1291/1817 2043/1258/1785 2042/1257/1784 2074/1290/1816 
f 2076/1292/1818 2044/1259/1786 2043/1258/1785 2075/1291/1817 
f 2077/1293/1819 2045/1260/1787 2044/1259/1786 2076/1292/1818 
f 2078/1294/1820 2046/1261/1788 2045/1260/1787 2077/1293/1819 
f 2079/1295/1821 2047/1262/1789 2046/1261/1788 2078/1294/1820 
f 2080/1296/1822 2048/1263/1790 2047/1262/1789 2079/1295/1821 
f 2081/1297/1823 2049/1264/1791 2048/1263/1790 2080/1296/1822 
f 2082/1298/1824 2050/1265/1792 2049/1264/1791 2081/1297/1823 
f 2083/1299/1825 2051/1266/1793 2050/1265/1792 2082/1298/1824 
f 2084/1300/1826 2052/1267/1794 2051/1266/1793 2083/1299/1825 
f 2085/1301/1827 2053/1268/1795 2052/1267/1794 2084/1300/1826 
f 2055/1302/1797 2023/1269/1767 2053/1268/1795 2085/1301/1827 
f 2086/1303/1828 2054/1270/1796 2055/1271/1797 2087/1304/1829 
f 2088/1305/1830 2056/1272/1798 2054/1270/1796 2086/1303/1828 
f 2089/1306/1831 2057/1273/1799 2056/1272/1798 2088/1305/1830 
f 2090/1307/1832 2058/1274/1800 2057/1273/1799 2089/1306/1831 
f 2091/1308/1833 2059/1275/1801 2058/1274/1800 2090/1307/1832 
f 2092/1309/1834 2060/1276/1802 2059/1275/1801 2091/1308/1833 
f 2093/1310/1835 2061/1277/1803 2060/1276/1802 2092/1309/1834 
f 2094/1311/1836 2062/1278/1804 2061/1277/1803 2093/1310/1835 
f 2095/1312/1837 2063/1279/1805 2062/1278/1804 2094/1311/1836 
f 2096/1313/1838 2064/1280/1806 2063/1279/1805 2095/1312/1837 
f 2097/1314/1839 2065/1281/1807 2064/1280/1806 2096/1313/1838 
f 2098/1315/1840 2066/1282/1808 2065/1281/1807 2097/1314/1839 
f 2099/1316/1841 2067/1283/1809 2066/1282/1808 2098/1315/1840 
f 2100/1317/1842 2068/1284/1810 2067/1283/1809 2099/1316/1841 
f 2101/1318/1843 2069/1285/1811 2068/1284/1810 2100/1317/1842 
f 2102/1319/1844 2070/1286/1812 2069/1285/1811 2101/1318/1843 
f 2103/1320/1845 2071/1287/1813 2070/1286/1812 2102/1319/1844 
f 2104/1321/1846 2072/1288/1814 2071/1287/1813 2103/1320/1845 
f 2105/1322/1847 2073/1289/1815 2072/1288/1814 2104/1321/1846 
f 2106/1323/1848 2074/1290/1816 2073/1289/1815 2105/1322/1847 
f 2107/1324/1849 2075/1291/1817 2074/1290/1816 2106/1323/1848 
f 2108/1325/1850 2076/1292/1818 2075/1291/1817 2107/1324/1849 
f 2109/1326/1851 2077/1293/1819 2076/1292/1818 2108/1325/1850 
f 2110/1327/1852 2078/1294/1820 2077/1293/1819 2109/1326/1851 
f 2111/1328/1853 2079/1295/1821 2078/1294/1820 2110/1327/1852 
f 2112/1329/1854 2080/1296/1822 2079/1295/1821 2111/1328/1853 
f 2113/1330/1855 2081/1297/1823 2080/1296/1822 2112/1329/1854 
f 2114/1331/1856 2082/1298/1824 2081/1297/1823 2113/1330/1855 
f 2115/1332/1857 2083/1299/1825 2082/1298/1824 2114/1331/1856 
f 2116/1333/1858 2084/1300/1826 2083/1299/1825 2115/1332/1857 
f 2117/1334/1859 2085/1301/1827 2084/1300/1826 2116/1333/1858 
f 2087/1335/1829 2055/1302/1797 2085/1301/1827 2117/1334/1859 
f 2118/1336/1860 2086/1303/1828 2087/1304/1829 2119/1337/1861 
f 2120/1338/1862 2088/1305/1830 2086/1303/1828 2118/1336/1860 
f 2121/1339/1863 2089/1306/1831 2088/1305/1830 2120/1338/1862 
f 2122/1340/1864 2090/1307/1832 2089/1306/1831 2121/1339/1863 
f 2123/1341/1865 2091/1308/1833 2090/1307/1832 2122/1340/1864 
f 2124/1342/1866 2092/1309/1834 2091/1308/1833 2123/1341/1865 
f 2125/1343/1867 2093/1310/1835 2092/1309/1834 2124/1342/1866 
f 2126/1344/1868 2094/1311/1836 2093/1310/1835 2125/1343/1867 
f 2127/1345/1869 2095/1312/1837 2094/1311/1836 2126/1344/1868 
f 2128/1346/1870 2096/1313/1838 2095/1312/1837 2127/1345/1869 
f 2129/1347/1871 2097/1314/1839 2096/1313/1838 2128/1346/1870 
f 2130/1348/1872 2098/1315/1840 2097/1314/1839 2129/1347/1871 
f 2131/1349/1873 2099/1316/1841 2098/1315/1840 2130/1348/1872 
f 2132/1350/1874 2100/1317/1842 2099/1316/1841 2131/1349/1873 
f 2133/1351/1875 2101/1318/1843 2100/1317/1842 2132/1350/1874 
f 2134/1352/1876 2102/1319/1844 2101/1318/1843 2133/1351/1875 
f 2135/1353/1877 2103/1320/1845 2102/1319/1844 2134/1352/1876 
f 2136/1354/1878 2104/1321/1846 2103/1320/1845 2135/1353/1877 
f 2137/1355/1879 2105/1322/1847 2104/1321/1846 2136/1354/1878 
f 2138/1356/1880 2106/1323/1848 2105/1322/1847 2137/1355/1879 
f 2139/1357/1881 2107/1324/1849 2106/1323/1848 2138/1356/1880 
f 2140/1358/1882 2108/1325/1850 2107/1324/1849 2139/1357/1881 
f 2141/1359/1883 2109/1326/1851 2108/1325/1850 2140/1358/1882 
f 2142/1360/1884 2110/1327/1852 2109/1326/1851 2141/1359/1883 
f 2143/1361/1885 2111/1328/1853 2110/1327/1852 2142/1360/1884 
f 2144/1362/1886 2112/1329/1854 2111/1328/1853 2143/1361/1885 
f 2145/1363/1887 2113/1330/1855 2112/1329/1854 2144/1362/1886 
f 2146/1364/1888 2114/1331/1856 2113/1330/1855 2145/1363/1887 
f 2147/1365/1889 2115/1332/1857 2114/1331/1856 2146/1364/1888 
f 2148/1366/1890 2116/1333/1858 2115/1332/1857 2147/1365/1889 
f 2149/1367/1891 2117/1334/1859 2116/1333/1858 2148/1366/1890 
f 2119/1368/1861 2087/1335/1829 2117/1334/1859 2149/1367/1891 
f 2150/1369/1892 2118/1336/1860 2119/1337/1861 2151/1370/1893 
f 2152/1371/1894 2120/1338/1862 2118/1336/1860 2150/1369/1892 
f 2153/1372/1895 2121/1339/1863 2120/1338/1862 2152/1371/1894 
f 2154/1373/1896 2122/1340/1864 2121/1339/1863 2153/1372/1895 
f 2155/1374/1897 2123/1341/1865 2122/1340/1864 2154/1373/1896 
f 2156/1375/1898 2124/1342/1866 2123/1341/1865 2155/1374/1897 
f 2157/1376/1899 2125/1343/1867 2124/1342/1866 2156/1375/1898 
f 2158/1377/1900 2126/1344/1868 2125/1343/1867 2157/1376/1899 
f 2159/1378/1901 2127/1345/1869 2126/1344/1868 2158/1377/1900 
f 2160/1379/1902 2128/1346/1870 2127/1345/1869 2159/1378/1901 
f 2161/1380/1903 2129/1347/1871 2128/1346/1870 2160/1379/1902 
f 2162/1381/1904 2130/1348/1872 2129/1347/1871 2161/1380/1903 
f 2163/1382/1905 2131/1349/1873 2130/1348/1872 2162/1381/1904 
f 2164/1383/1906 2132/1350/1874 2131/1349/1873 2163/1382/1905 
f 2165/1384/1907 2133/1351/1875 2132/1350/1874 2164/1383/1906 
f 2166/1385/1908 2134/1352/1876 2133/1351/1875 2165/1384/1907 
f 2167/1386/1909 2135/1353/1877 2134/1352/1876 2166/1385/1908 
f 2168/1387/1910 2136/1354/1878 2135/1353/1877 2167/1386/1909 
f 2169/1388/1911 2137/1355/1879 2136/1354/1878 2168/1387/1910 
f 2170/1389/1912 2138/1356/1880 2137/1355/1879 2169/1388/1911 
f 2171/1390/1913 2139/1357/1881 2138/1356/1880 2170/1389/1912 
f 2172/1391/1914 2140/1358/1882 2139/1357/1881 2171/1390/1913 
f 2173/1392/1915 2141/1359/1883 2140/1358/1882 2172/1391/1914 
f 2174/1393/1916 2142/1360/1884 2141/1359/1883 2173/1392/1915 
f 2175/1394/1917 2143/1361/1885 2142/1360/1884 2174/1393/1916 
f 2176/1395/1918 2144/1362/1886 2143/1361/1885 2175/1394/1917 
f 2177/1396/1919 2145/1363/1887 2144/1362/1886 2176/1395/1918 
f 2178/1397/1920 2146/1364/1888 2145/1363/1887 2177/1396/1919 
f 2179/1398/1921 2147/1365/1889 2146/1364/1888 2178/1397/1920 
f 2180/1399/1922 2148/1366/1890 2147/1365/1889 2179/1398/1921 
f 2181/1400/1923 2149/1367/1891 2148/1366/1890 2180/1399/1922 
f 2151/1401/1893 2119/1368/1861 2149/1367/1891 2181/1400/1923 
f 2182/1402/1924 2150/1369/1892 2151/1370/1893 2183/1403/1925 
f 2184/1404/1926 2152/1371/1894 2150/1369/1892 2182/1402/1924 
f 2185/1405/1927 2153/1372/1895 2152/1371/1894 2184/1404/1926 
f 2186/1406/1928 2154/1373/1896 2153/1372/1895 2185/1405/1927 
f 2187/1407/1929 2155/1374/1897 2154/1373/1896 2186/1406/1928 
f 2188/1408/1930 2156/1375/1898 2155/1374/1897 2187/1407/1929 
f 2189/1409/1931 2157/1376/1899 2156/1375/1898 2188/1408/1930 
f 2190/1410/1932 2158/1377/1900 2157/1376/1899 2189/1409/1931 
f 2191/1411/1933 2159/1378/1901 2158/1377/1900 2190/1410/1932 
f 2192/1412/1934 2160/1379/1902 2159/1378/1901 2191/1411/1933 
f 2193/1413/1935 2161/1380/1903 2160/1379/1902 2192/1412/1934 
f 2194/1414/1936 2162/1381/1904 2161/1380/1903 2193/1413/1935 
f 2195/1415/1937 2163/1382/1905 2162/1381/1904 2194/1414/1936 
f 2196/1416/1938 2164/1383/1906 2163/1382/1905 2195/1415/1937 
f 2197/1417/1939 2165/1384/1907 2164/1383/1906 2196/1416/1938 
f 2198/1418/1940 2166/1385/1908 2165/1384/1907 2197/1417/1939 
f 2199/1419/1941 2167/1386/1909 2166/1385/1908 2198/1418/1940 
f 2200/1420/1942 2168/1387/1910 2167/1386/1909 2199/1419/1941 
f 2201/1421/1943 2169/1388/1911 2168/1387/1910 2200/1420/1942 
f 2202/1422/1944 2170/1389/1912 2169/1388/1911 2201/1421/1943 
f 2203/1423/1945 2171/1390/1913 2170/1389/1912 2202/1422/1944 
f 2204/1424/1946 2172/1391/1914 2171/1390/1913 2203/1423/1945 
f 2205/1425/1947 2173/1392/1915 2172/1391/1914 2204/1424/1946 
f 2206/1426/1948 2174/1393/1916 2173/1392/1915 2205/1425/1947 
f 2207/1427/1949 2175/1394/1917 2174/1393/1916 2206/1426/1948 
f 2208/1428/1950 2176/1395/1918 2175/1394/1917 2207/1427/1949 
f 2209/1429/1951 2177/1396/1919 2176/1395/1918 2208/1428/1950 
f 2210/1430/1952 2178/1397/1920 2177/1396/1919 2209/1429/1951 
f 2211/1431/1953 2179/1398/1921 2178/1397/1920 2210/1430/1952 
f 2212/1432/1954 2180/1399/1922 2179/1398/1921 2211/1431/1953 
f 2213/1433/1955 2181/1400/1923 2180/1399/1922 2212/1432/1954 
f 2183/1434/1925 2151/1401/1893 2181/1400/1923 2213/1433/1955 
f 2214/1435/1956 2182/1402/1924 2183/1403/1925 2215/1436/1957 
f 2216/1437/1958 2184/1404/1926 2182/1402/1924 2214/1435/1956 
f 2217/1438/1959 2185/1405/1927 2184/1404/1926 2216/1437/1958 
f 2218/1439/1960 2186/1406/1928 2185/1405/1927 2217/1438/1959 
f 2219/1440/1961 2187/1407/1929 2186/1406/1928 2218/1439/1960 
f 2220/1441/1962 2188/1408/1930 2187/1407/1929 2219/1440/1961 
f 2221/1442/1963 2189/1409/1931 2188/1408/1930 2220/1441/1962 
f 2222/1443/1964 2190/1410/1932 2189/1409/1931 2221/1442/1963 
f 2223/1444/1965 2191/1411/1933 2190/1410/1932 2222/1443/1964 
f 2224/1445/1966 2192/1412/1934 2191/1411/1933 2223/1444/1965 
f 2225/1446/1967 2193/1413/1935 2192/1412/1934 2224/1445/1966 
f 2226/1447/1968 2194/1414/1936 2193/1413/1935 2225/1446/1967 
f 2227/1448/1969 2195/1415/1937 2194/1414/1936 2226/1447/1968 
f 2228/1449/1970 2196/1416/1938 2195/1415/1937 2227/1448/1969 
f 2229/1450/1971 2197/1417/1939 2196/1416/1938 2228/1449/1970 
f 2230/1451/1972 2198/1418/1940 2197/1417/1939 2229/1450/1971 
f 2231/1452/1973 2199/1419/1941 2198/1418/1940 2230/1451/1972 
f 2232/1453/1974 2200/1420/1942 2199/1419/1941 2231/1452/1973 
f 2233/1454/1975 2201/1421/1943 2200/1420/1942 2232/1453/1974 
f 2234/1455/1976 2202/1422/1944 2201/1421/1943 2233/1454/1975 
f 2235/1456/1977 2203/1423/1945 2202/1422/1944 2234/1455/1976 
f 2236/1457/1978 2204/1424/1946 2203/1423/1945 2235/1456/1977 
f 2237/1458/1979 2205/1425/1947 2204/1424/1946 2236/1457/1978 
f 2238/1459/1980 2206/1426/1948 2205/1425/1947 2237/1458/1979 
f 2239/1460/1981 2207/1427/1949 2206/1426/1948 2238/1459/1980 
f 2240/1461/1982 2208/1428/1950 2207/1427/1949 2239/1460/1981 
f 2241/1462/1983 2209/1429/1951 2208/1428/1950 2240/1461/1982 
f 2242/1463/1984 2210/1430/1952 2209/1429/1951 2241/1462/1983 
f 2243/1464/1985 2211/1431/1953 2210/1430/1952 2242/1463/1984 
f 2244/1465/1986 2212/1432/1954 2211/1431/1953 2243/1464/1985 
f 2245/1466/1987 2213/1433/1955 2212/1432/1954 2244/1465/1986 
f 2215/1467/1957 2183/1434/1925 2213/1433/1955 2245/1466/1987 
f 2246/1468/1988 2214/1435/1956 2215/1436/1957 2247/1469/1989 
f 2248/1470/1990 2216/1437/1958 2214/1435/1956 2246/1468/1988 
f 2249/1471/1991 2217/1438/1959 2216/1437/1958 2248/1470/1990 
f 2250/1472/1992 2218/1439/1960 2217/1438/1959 2249/1471/1991 
f 2251/1473/1993 2219/1440/1961 2218/1439/1960 2250/1472/1992 
f 2252/1474/1994 2220/1441/1962 2219/1440/1961 2251/1473/1993 
f 2253/1475/1995 2221/1442/1963 2220/1441/1962 2252/1474/1994 
f 2254/1476/1996 2222/1443/1964 2221/1442/1963 2253/1475/1995 
f 2255/1477/1997 2223/1444/1965 2222/1443/1964 2254/1476/1996 
f 2256/1478/1998 2224/1445/1966 2223/1444/1965 2255/1477/1997 
f 2257/1479/1999 2225/1446/1967 2224/1445/1966 2256/1478/1998 
f 2258/1480/2000 2226/1447/1968 2225/1446/1967 2257/1479/1999 
f 2259/1481/2001 2227/1448/1969 2226/1447/1968 2258/1480/2000 
f 2260/1482/2002 2228/1449/1970 2227/1448/1969 2259/1481/2001 
f 2261/1483/2003 2229/1450/1971 2228/1449/1970 2260/1482/2002 
f 2262/1484/2004 2230/1451/1972 2229/1450/1971 2261/1483/2003 
f 2263/1485/2005 2231/1452/1973 2230/1451/1972 2262/1484/2004 
f 2264/1486/2006 2232/1453/1974 2231/1452/1973 2263/1485/2005 
f 2265/1487/2007 2233/1454/1975 2232/1453/1974 2264/1486/2006 
f 2266/1488/2008 2234/1455/1976 2233/1454/1975 2265/1487/2007 
f 2267/1489/2009 2235/1456/1977 2234/1455/1976 2266/1488/2008 
f 2268/1490/2010 2236/1457/1978 2235/1456/1977 2267/1489/2009 
f 2269/1491/2011 2237/1458/1979 2236/1457/1978 2268/1490/2010 
f 2270/1492/2012 2238/1459/1980 2237/1458/1979 2269/1491/2011 
f 2271/1493/2013 2239/1460/1981 2238/1459/1980 2270/1492/2012 
f 2272/1494/2014 2240/1461/1982 2239/1460/1981 2271/1493/2013 
f 2273/1495/2015 2241/1462/1983 2240/1461/1982 2272/1494/2014 
f 2274/1496/2016 2242/1463/1984 2241/1462/1983 2273/1495/2015 
f 2275/1497/2017 2243/1464/1985 2242/1463/1984 2274/1496/2016 
f 2276/1498/2018 2244/1465/1986 2243/1464/1985 2275/1497/2017 
f 2277/1499/2019 2245/1466/1987 2244/1465/1986 2276/1498/2018 
f 2247/1500/1989 2215/1467/1957 2245/1466/1987 2277/1499/2019 
f 2278/1501/98 2246/1468/1988 2247/1469/1989 
f 2278/1502/98 2248/1470/1990 2246/1468/1988 
f 2278/1503/98 2249/1471/1991 2248/1470/1990 
f 2278/1504/98 2250/1472/1992 2249/1471/1991 
f 2278/1505/98 2251/1473/1993 2250/1472/1992 
f 2278/1506/98 2252/1474/1994 2251/1473/1993 
f 2278/1507/98 2253/1475/1995 2252/1474/1994 
f 2278/1508/98 2254/1476/1996 2253/1475/1995 
f 2278/1509/98 2255/1477/1997 2254/1476/1996 
f 2278/1510/98 2256/1478/1998 2255/1477/1997 
f 2278/1511/98 2257/1479/1999 2256/1478/1998 
f 2278/1512/98 2258/1480/2000 2257/1479/1999 
f 2278/1513/98 2259/1481/2001 2258/1480/2000 
f 2278/1514/98 2260/1482/2002 2259/1481/2001 
f 2278/1515/98 2261/1483/2003 2260/1482/2002 
f 2278/1516/98 2262/1484/2004 2261/1483/2003 
f 2278/1517/98 2263/1485/2005 2262/1484/2004 
f 2278/1518/98 2264/1486/2006 2263/1485/2005 
f 2278/1519/98 2265/1487/2007 2264/1486/2006 
f 2278/1520/98 2266/1488/2008 2265/1487/2007 
f 2278/1521/98 2267/1489/2009 2266/1488/2008 
f 2278/1522/98 2268/1490/2010 2267/1489/2009 
f 2278/1523/98 2269/1491/2011 2268/1490/2010 
f 2278/1524/98 2270/1492/2012 2269/1491/2011 
f 2278/1525/98 2271/1493/2013 2270/1492/2012 
f 2278/1526/98 2272/1494/2014 2271/1493/2013 
f 2278/1527/98 2273/1495/2015 2272/1494/2014 
f 2278/1528/98 2274/1496/2016 2273/1495/2015 
f 2278/1529/98 2275/1497/2017 2274/1496/2016 
f 2278/1530/98 2276/1498/2018 2275/1497/2017 
f 2278/1531/98 2277/1499/2019 2276/1498/2018 
f 2278/1532/98 2247/1500/1989 2277/1499/2019 
f 2279/877/98 2280/1533/98 2281/1534/98 2282/1535/98 
f 2283/881/1230 2284/1536/1230 2285/1537/1230 2286/1538/1230 
s 2
f 2279/881/335 2282/1536/335 2284/1539/335 2283/1540/335 
s 4
f 2282/881/146 2281/1541/146 2285/1542/146 2284/1540/146 
s 2
f 2281/881/1767 2280/1536/1767 2286/1539/1767 2285/1540/1767 
s 4
f 2280/881/1261 2279/1541/1261 2283/1542/1261 2286/1540/1261 
s 1
f 2287/1543/98 2288/1544/98 2289/1545/98 2290/1546/98 2291/1547/98 
f 2292/1548/1230 2293/1549/1230 2294/1550/1230 2295/1551/1230 2296/1552/1230 
s 2
f 2297/881/335 2298/1553/335 2299/1554/335 2300/1555/335 
f 2291/1556/2020 2290/1557/2020 2293/1558/2020 2292/1559/2020 
f 2301/881/1767 2302/1553/1767 2303/1554/1767 2304/1555/1767 
s 4
f 2305/1556/1261 2288/1560/1261 2295/1561/1261 2306/1559/1261 
s 1
f 2305/1562/98 2302/1563/98 2301/1564/98 2307/1565/98 
f 2288/1544/98 2305/1562/98 2307/1565/98 2308/1566/98 2289/1545/98 
f 2291/1547/98 2298/1567/98 2297/877/98 2287/1543/98 
f 2309/1568/1230 2304/1569/1230 2303/1570/1230 2306/1571/1230 
f 2294/1550/1230 2310/1572/1230 2309/1568/1230 2306/1571/1230 2295/1551/1230 
f 2296/1552/1230 2300/881/1230 2299/1553/1230 2292/1548/1230 
s 4
f 2307/1573/146 2301/1574/146 2304/1575/146 2309/1576/146 
s 2
f 2308/1577/2021 2307/1573/2022 2309/1576/2022 2310/1578/2022 
s 4
f 2292/1559/146 2299/1555/146 2298/881/146 2291/1556/146 
f 2287/1573/1261 2297/1574/1261 2300/1575/1261 2296/1576/1261 
f 2288/1560/1261 2287/1573/1261 2296/1576/1261 2295/1561/1261 
f 2306/1559/1261 2303/1555/1261 2302/881/1261 2305/1556/1261 
s 1
f 2311/877/98 2312/1533/98 2313/1534/98 2314/1535/98 
f 2315/881/1230 2316/1536/1230 2317/1537/1230 2318/1538/1230 
s 2
f 2311/881/335 2314/1536/335 2316/1539/335 2315/1540/335 
s 4
f 2314/881/146 2313/1541/146 2317/1542/146 2316/1540/146 
s 2
f 2313/881/1767 2312/1536/1767 2318/1539/1767 2317/1540/1767 
s 4
f 2312/881/1261 2311/1541/1261 2315/1542/1261 2318/1540/1261 
s 1
f 2319/1579/1767 2320/1580/2023 2321/1581/2024 2322/1582/2025 
f 2320/1580/2023 2323/1583/2026 2324/1584/2027 2321/1581/2024 
s 2
f 2323/1583/2028 2325/1585/2028 2326/1586/2029 2324/1584/2030 
s 1
f 2325/1585/2031 2327/1587/2031 2328/1588/2032 2326/1586/2033 
s 2
f 2327/1587/2034 2329/1589/2035 2330/1590/2036 2328/1588/2037 
f 2329/1589/2035 2331/1591/2038 2332/1592/2039 2330/1590/2036 
f 2331/1591/2038 2333/1593/2040 2334/1594/2041 2332/1592/2039 
f 2333/1593/2040 2335/1595/2042 2336/1596/2043 2334/1594/2041 
s 1
f 2335/1595/2044 2337/1597/2044 2338/1598/2045 2336/1596/2046 
s 2
f 2337/1597/2047 2339/1599/2047 2340/1600/2048 2338/1598/2049 
s 1
f 2339/1599/2050 2341/1601/2051 2342/1602/2052 2340/1600/2053 
f 2341/1601/2051 2319/1603/1767 2322/1604/2025 2342/1602/2052 
f 2322/1582/2025 2321/1581/2024 2343/1605/2054 2344/1606/2055 
f 2321/1581/2024 2324/1584/2027 2345/1607/2056 2343/1605/2054 
s 2
f 2324/1584/2030 2326/1586/2029 2346/1608/2057 2345/1607/2058 
s 1
f 2326/1586/2033 2328/1588/2032 2347/1609/2059 2346/1608/2060 
s 2
f 2328/1588/2037 2330/1590/2036 2348/1610/2061 2347/1609/2062 
f 2330/1590/2036 2332/1592/2039 2349/1611/2063 2348/1610/2061 
f 2332/1592/2039 2334/1594/2041 2350/1612/2064 2349/1611/2063 
f 2334/1594/2041 2336/1596/2043 2351/1613/2065 2350/1612/2064 
s 1
f 2336/1596/2046 2338/1598/2045 2352/1614/2066 2351/1613/2067 
s 2
f 2338/1598/2049 2340/1600/2048 2353/1615/2068 2352/1614/2069 
s 1
f 2340/1600/2053 2342/1602/2052 2354/1616/2070 2353/1615/2071 
f 2342/1602/2052 2322/1604/2025 2344/1617/2055 2354/1616/2070 
f 2344/1606/2055 2343/1605/2054 2355/1618/2072 2356/1619/2073 
f 2343/1605/2054 2345/1607/2056 2357/1620/2074 2355/1618/2072 
s 2
f 2345/1607/2058 2346/1608/2057 2358/1621/2075 2357/1620/2076 
s 1
f 2346/1608/2060 2347/1609/2059 2359/1622/2077 2358/1621/2078 
s 2
f 2347/1609/2062 2348/1610/2061 2360/1623/2079 2359/1622/2080 
f 2348/1610/2061 2349/1611/2063 2361/1624/2081 2360/1623/2079 
f 2349/1611/2063 2350/1612/2064 2362/1625/2082 2361/1624/2081 
f 2350/1612/2064 2351/1613/2065 2363/1626/2083 2362/1625/2082 
s 1
f 2351/1613/2067 2352/1614/2066 2364/1627/2084 2363/1626/2085 
s 2
f 2352/1614/2069 2353/1615/2068 2365/1628/2086 2364/1627/2087 
s 1
f 2353/1615/2071 2354/1616/2070 2366/1629/2088 2365/1628/2089 
f 2354/1616/2070 2344/1617/2055 2356/1630/2073 2366/1629/2088 
f 2356/1619/2073 2355/1618/2072 2367/1631/2090 2368/1632/2091 
f 2355/1618/2072 2357/1620/2074 2369/1633/2092 2367/1631/2090 
s 2
f 2357/1620/2076 2358/1621/2075 2370/1634/2093 2369/1633/2094 
s 1
f 2358/1621/2078 2359/1622/2077 2371/1635/2095 2370/1634/2096 
s 2
f 2359/1622/2080 2360/1623/2079 2372/1636/2097 2371/1635/2098 
f 2360/1623/2079 2361/1624/2081 2373/1637/2099 2372/1636/2097 
f 2361/1624/2081 2362/1625/2082 2374/1638/2100 2373/1637/2099 
f 2362/1625/2082 2363/1626/2083 2375/1639/2101 2374/1638/2100 
s 1
f 2363/1626/2085 2364/1627/2084 2376/1640/2102 2375/1639/2103 
s 2
f 2364/1627/2087 2365/1628/2086 2377/1641/2104 2376/1640/2105 
s 1
f 2365/1628/2089 2366/1629/2088 2378/1642/2106 2377/1641/2107 
f 2366/1629/2088 2356/1630/2073 2368/1643/2091 2378/1642/2106 
f 2368/1632/2091 2367/1631/2090 2379/1644/2108 2380/1645/2109 
f 2367/1631/2090 2369/1633/2092 2381/1646/2110 2379/1644/2108 
s 2
f 2369/1633/2094 2370/1634/2093 2382/1647/2111 2381/1646/2112 
s 1
f 2370/1634/2096 2371/1635/2095 2383/1648/2113 2382/1647/2114 
s 2
f 2371/1635/2098 2372/1636/2097 2384/1649/2115 2383/1648/2116 
f 2372/1636/2097 2373/1637/2099 2385/1650/2117 2384/1649/2115 
f 2373/1637/2099 2374/1638/2100 2386/1651/2118 2385/1650/2117 
f 2374/1638/2100 2375/1639/2101 2387/1652/2119 2386/1651/2118 
s 1
f 2375/1639/2103 2376/1640/2102 2388/1653/2120 2387/1652/2121 
s 2
f 2376/1640/2105 2377/1641/2104 2389/1654/2122 2388/1653/2123 
s 1
f 2377/1641/2107 2378/1642/2106 2390/1655/2124 2389/1654/2125 
f 2378/1642/2106 2368/1643/2091 2380/1656/2109 2390/1655/2124 
f 2380/1645/2109 2379/1644/2108 2391/1657/2126 2392/1658/1788 
f 2379/1644/2108 2381/1646/2110 2393/1659/2127 2391/1657/2126 
s 2
f 2381/1646/2112 2382/1647/2111 2394/1660/2128 2393/1659/2128 
s 1
f 2382/1647/2114 2383/1648/2113 2395/1661/2129 2394/1660/2129 
s 2
f 2383/1648/2116 2384/1649/2115 2396/1662/2130 2395/1661/2131 
f 2384/1649/2115 2385/1650/2117 2397/1663/1261 2396/1662/2130 
f 2385/1650/2117 2386/1651/2118 2398/1664/2132 2397/1663/1261 
f 2386/1651/2118 2387/1652/2119 2399/1665/2133 2398/1664/2132 
s 1
f 2387/1652/2121 2388/1653/2120 2400/1666/2134 2399/1665/2134 
s 2
f 2388/1653/2123 2389/1654/2122 2401/1667/2135 2400/1666/2135 
s 1
f 2389/1654/2125 2390/1655/2124 2402/1668/2136 2401/1667/2137 
f 2390/1655/2124 2380/1656/2109 2392/1669/1788 2402/1668/2136 
f 2392/1658/1788 2391/1657/2126 2403/1670/2138 2404/1671/2139 
f 2391/1657/2126 2393/1659/2127 2405/1672/2140 2403/1670/2138 
s 2
f 2393/1659/2128 2394/1660/2128 2406/1673/2141 2405/1672/2142 
s 1
f 2394/1660/2129 2395/1661/2129 2407/1674/2143 2406/1673/2144 
s 2
f 2395/1661/2131 2396/1662/2130 2408/1675/2145 2407/1674/2146 
f 2396/1662/2130 2397/1663/1261 2409/1676/2147 2408/1675/2145 
f 2397/1663/1261 2398/1664/2132 2410/1677/2148 2409/1676/2147 
f 2398/1664/2132 2399/1665/2133 2411/1678/2149 2410/1677/2148 
s 1
f 2399/1665/2134 2400/1666/2134 2412/1679/2150 2411/1678/2151 
s 2
f 2400/1666/2135 2401/1667/2135 2413/1680/2152 2412/1679/2153 
s 1
f 2401/1667/2137 2402/1668/2136 2414/1681/2154 2413/1680/2155 
f 2402/1668/2136 2392/1669/1788 2404/1682/2139 2414/1681/2154 
f 2404/1671/2139 2403/1670/2138 2415/1683/2156 2416/1684/2157 
f 2403/1670/2138 2405/1672/2140 2417/1685/2158 2415/1683/2156 
s 2
f 2405/1672/2142 2406/1673/2141 2418/1686/2159 2417/1685/2160 
s 1
f 2406/1673/2144 2407/1674/2143 2419/1687/2161 2418/1686/2162 
s 2
f 2407/1674/2146 2408/1675/2145 2420/1688/2163 2419/1687/2164 
f 2408/1675/2145 2409/1676/2147 2421/1689/2165 2420/1688/2163 
f 2409/1676/2147 2410/1677/2148 2422/1690/2166 2421/1689/2165 
f 2410/1677/2148 2411/1678/2149 2423/1691/2167 2422/1690/2166 
s 1
f 2411/1678/2151 2412/1679/2150 2424/1692/2168 2423/1691/2169 
s 2
f 2412/1679/2153 2413/1680/2152 2425/1693/2170 2424/1692/2171 
s 1
f 2413/1680/2155 2414/1681/2154 2426/1694/2172 2425/1693/2173 
f 2414/1681/2154 2404/1682/2139 2416/1695/2157 2426/1694/2172 
f 2416/1684/2157 2415/1683/2156 2427/1696/2174 2428/1697/2175 
f 2415/1683/2156 2417/1685/2158 2429/1698/2176 2427/1696/2174 
s 2
f 2417/1685/2160 2418/1686/2159 2430/1699/2177 2429/1698/2178 
s 1
f 2418/1686/2162 2419/1687/2161 2431/1700/2179 2430/1699/2180 
s 2
f 2419/1687/2164 2420/1688/2163 2432/1701/2181 2431/1700/2182 
f 2420/1688/2163 2421/1689/2165 2433/1702/2183 2432/1701/2181 
f 2421/1689/2165 2422/1690/2166 2434/1703/2184 2433/1702/2183 
f 2422/1690/2166 2423/1691/2167 2435/1704/2185 2434/1703/2184 
s 1
f 2423/1691/2169 2424/1692/2168 2436/1705/2186 2435/1704/2187 
s 2
f 2424/1692/2171 2425/1693/2170 2437/1706/2188 2436/1705/2189 
s 1
f 2425/1693/2173 2426/1694/2172 2438/1707/2190 2437/1706/2191 
f 2426/1694/2172 2416/1695/2157 2428/1708/2175 2438/1707/2190 
f 2428/1697/2175 2427/1696/2174 2439/1709/2192 2440/1710/2193 
f 2427/1696/2174 2429/1698/2176 2441/1711/2194 2439/1709/2192 
s 2
f 2429/1698/2178 2430/1699/2177 2442/1712/2195 2441/1711/2196 
s 1
f 2430/1699/2180 2431/1700/2179 2443/1713/2197 2442/1712/2198 
s 2
f 2431/1700/2182 2432/1701/2181 2444/1714/2199 2443/1713/2200 
f 2432/1701/2181 2433/1702/2183 2445/1715/2201 2444/1714/2199 
f 2433/1702/2183 2434/1703/2184 2446/1716/2202 2445/1715/2201 
f 2434/1703/2184 2435/1704/2185 2447/1717/2203 2446/1716/2202 
s 1
f 2435/1704/2187 2436/1705/2186 2448/1718/2204 2447/1717/2205 
s 2
f 2436/1705/2189 2437/1706/2188 2449/1719/2206 2448/1718/2207 
s 1
f 2437/1706/2191 2438/1707/2190 2450/1720/2208 2449/1719/2209 
f 2438/1707/2190 2428/1708/2175 2440/1721/2193 2450/1720/2208 
f 2440/1710/2193 2439/1709/2192 2451/1722/2210 2452/1723/2211 
f 2439/1709/2192 2441/1711/2194 2453/1724/2212 2451/1722/2210 
s 2
f 2441/1711/2196 2442/1712/2195 2454/1725/2213 2453/1724/2214 
s 1
f 2442/1712/2198 2443/1713/2197 2455/1726/2215 2454/1725/2216 
s 2
f 2443/1713/2200 2444/1714/2199 2456/1727/2217 2455/1726/2218 
f 2444/1714/2199 2445/1715/2201 2457/1728/2219 2456/1727/2217 
f 2445/1715/2201 2446/1716/2202 2458/1729/2220 2457/1728/2219 
f 2446/1716/2202 2447/1717/2203 2459/1730/2221 2458/1729/2220 
s 1
f 2447/1717/2205 2448/1718/2204 2460/1731/2222 2459/1730/2223 
s 2
f 2448/1718/2207 2449/1719/2206 2461/1732/2224 2460/1731/2225 
s 1
f 2449/1719/2209 2450/1720/2208 2462/1733/2226 2461/1732/2227 
f 2450/1720/2208 2440/1721/2193 2452/1734/2211 2462/1733/2226 
f 2452/1723/2211 2451/1722/2210 2463/1735/2228 2464/1736/335 
f 2451/1722/2210 2453/1724/2212 2465/1737/2229 2463/1735/2228 
s 2
f 2453/1724/2214 2454/1725/2213 2466/1738/2031 2465/1737/2031 
s 1
f 2454/1725/2216 2455/1726/2215 2467/1739/2028 2466/1738/2028 
s 2
f 2455/1726/2218 2456/1727/2217 2468/1740/2230 2467/1739/2231 
f 2456/1727/2217 2457/1728/2219 2469/1741/1767 2468/1740/2230 
f 2457/1728/2219 2458/1729/2220 2470/1742/2232 2469/1741/1767 
f 2458/1729/2220 2459/1730/2221 2471/1743/2050 2470/1742/2232 
s 1
f 2459/1730/2223 2460/1731/2222 2472/1744/2047 2471/1743/2047 
s 2
f 2460/1731/2225 2461/1732/2224 2473/1745/2044 2472/1744/2044 
s 1
f 2461/1732/2227 2462/1733/2226 2474/1746/2233 2473/1745/2234 
f 2462/1733/2226 2452/1734/2211 2464/1747/335 2474/1746/2233 
f 2464/1736/335 2463/1735/2228 2475/1748/2235 2476/1749/2236 
f 2463/1735/2228 2465/1737/2229 2477/1750/2237 2475/1748/2235 
s 2
f 2465/1737/2031 2466/1738/2031 2478/1751/2032 2477/1750/2033 
s 1
f 2466/1738/2028 2467/1739/2028 2479/1752/2029 2478/1751/2030 
s 2
f 2467/1739/2231 2468/1740/2230 2480/1753/2238 2479/1752/2239 
f 2468/1740/2230 2469/1741/1767 2481/1754/2240 2480/1753/2238 
f 2469/1741/1767 2470/1742/2232 2482/1755/2241 2481/1754/2240 
f 2470/1742/2232 2471/1743/2050 2483/1756/2242 2482/1755/2241 
s 1
f 2471/1743/2047 2472/1744/2047 2484/1757/2048 2483/1756/2049 
s 2
f 2472/1744/2044 2473/1745/2044 2485/1758/2045 2484/1757/2046 
s 1
f 2473/1745/2234 2474/1746/2233 2486/1759/2243 2485/1758/2244 
f 2474/1746/2233 2464/1747/335 2476/1760/2236 2486/1759/2243 
f 2476/1749/2236 2475/1748/2235 2487/1761/2245 2488/1762/2246 
f 2475/1748/2235 2477/1750/2237 2489/1763/2247 2487/1761/2245 
s 2
f 2477/1750/2033 2478/1751/2032 2490/1764/2059 2489/1763/2060 
s 1
f 2478/1751/2030 2479/1752/2029 2491/1765/2057 2490/1764/2058 
s 2
f 2479/1752/2239 2480/1753/2238 2492/1766/2248 2491/1765/2249 
f 2480/1753/2238 2481/1754/2240 2493/1767/2250 2492/1766/2248 
f 2481/1754/2240 2482/1755/2241 2494/1768/2251 2493/1767/2250 
f 2482/1755/2241 2483/1756/2242 2495/1769/2252 2494/1768/2251 
s 1
f 2483/1756/2049 2484/1757/2048 2496/1770/2068 2495/1769/2069 
s 2
f 2484/1757/2046 2485/1758/2045 2497/1771/2066 2496/1770/2067 
s 1
f 2485/1758/2244 2486/1759/2243 2498/1772/2253 2497/1771/2254 
f 2486/1759/2243 2476/1760/2236 2488/1773/2246 2498/1772/2253 
f 2488/1762/2246 2487/1761/2245 2499/1774/2255 2500/1775/2256 
f 2487/1761/2245 2489/1763/2247 2501/1776/2257 2499/1774/2255 
s 2
f 2489/1763/2060 2490/1764/2059 2502/1777/2077 2501/1776/2078 
s 1
f 2490/1764/2058 2491/1765/2057 2503/1778/2075 2502/1777/2076 
s 2
f 2491/1765/2249 2492/1766/2248 2504/1779/2258 2503/1778/2259 
f 2492/1766/2248 2493/1767/2250 2505/1780/2260 2504/1779/2258 
f 2493/1767/2250 2494/1768/2251 2506/1781/2261 2505/1780/2260 
f 2494/1768/2251 2495/1769/2252 2507/1782/2262 2506/1781/2261 
s 1
f 2495/1769/2069 2496/1770/2068 2508/1783/2086 2507/1782/2087 
s 2
f 2496/1770/2067 2497/1771/2066 2509/1784/2084 2508/1783/2085 
s 1
f 2497/1771/2254 2498/1772/2253 2510/1785/2263 2509/1784/2264 
f 2498/1772/2253 2488/1773/2246 2500/1786/2256 2510/1785/2263 
f 2500/1775/2256 2499/1774/2255 2511/1787/2265 2512/1788/2266 
f 2499/1774/2255 2501/1776/2257 2513/1789/2267 2511/1787/2265 
s 2
f 2501/1776/2078 2502/1777/2077 2514/1790/2095 2513/1789/2096 
s 1
f 2502/1777/2076 2503/1778/2075 2515/1791/2093 2514/1790/2094 
s 2
f 2503/1778/2259 2504/1779/2258 2516/1792/2268 2515/1791/2269 
f 2504/1779/2258 2505/1780/2260 2517/1793/2270 2516/1792/2268 
f 2505/1780/2260 2506/1781/2261 2518/1794/2271 2517/1793/2270 
f 2506/1781/2261 2507/1782/2262 2519/1795/2272 2518/1794/2271 
s 1
f 2507/1782/2087 2508/1783/2086 2520/1796/2104 2519/1795/2105 
s 2
f 2508/1783/2085 2509/1784/2084 2521/1797/2102 2520/1796/2103 
s 1
f 2509/1784/2264 2510/1785/2263 2522/1798/2273 2521/1797/2274 
f 2510/1785/2263 2500/1786/2256 2512/1799/2266 2522/1798/2273 
f 2512/1788/2266 2511/1787/2265 2523/1800/2275 2524/1801/2276 
f 2511/1787/2265 2513/1789/2267 2525/1802/2277 2523/1800/2275 
s 2
f 2513/1789/2096 2514/1790/2095 2526/1803/2113 2525/1802/2114 
s 1
f 2514/1790/2094 2515/1791/2093 2527/1804/2111 2526/1803/2112 
s 2
f 2515/1791/2269 2516/1792/2268 2528/1805/2278 2527/1804/2279 
f 2516/1792/2268 2517/1793/2270 2529/1806/2280 2528/1805/2278 
f 2517/1793/2270 2518/1794/2271 2530/1807/2281 2529/1806/2280 
f 2518/1794/2271 2519/1795/2272 2531/1808/2282 2530/1807/2281 
s 1
f 2519/1795/2105 2520/1796/2104 2532/1809/2122 2531/1808/2123 
s 2
f 2520/1796/2103 2521/1797/2102 2533/1810/2120 2532/1809/2121 
s 1
f 2521/1797/2274 2522/1798/2273 2534/1811/2283 2533/1810/2284 
f 2522/1798/2273 2512/1799/2266 2524/1812/2276 2534/1811/2283 
f 2524/1801/2276 2523/1800/2275 2535/1813/2285 2536/1814/194 
f 2523/1800/2275 2525/1802/2277 2537/1815/2131 2535/1813/2285 
s 2
f 2525/1802/2114 2526/1803/2113 2538/1816/2286 2537/1815/2286 
s 1
f 2526/1803/2112 2527/1804/2111 2539/1817/2128 2538/1816/2128 
s 2
f 2527/1804/2279 2528/1805/2278 2540/1818/2287 2539/1817/2127 
f 2528/1805/2278 2529/1806/2280 2541/1819/146 2540/1818/2287 
f 2529/1806/2280 2530/1807/2281 2542/1820/2288 2541/1819/146 
f 2530/1807/2281 2531/1808/2282 2543/1821/2289 2542/1820/2288 
s 1
f 2531/1808/2123 2532/1809/2122 2544/1822/2290 2543/1821/2290 
s 2
f 2532/1809/2121 2533/1810/2120 2545/1823/2291 2544/1822/2291 
s 1
f 2533/1810/2284 2534/1811/2283 2546/1824/2292 2545/1823/2293 
f 2534/1811/2283 2524/1812/2276 2536/1825/194 2546/1824/2292 
f 2536/1814/194 2535/1813/2285 2547/1826/2294 2548/1827/2295 
f 2535/1813/2285 2537/1815/2131 2549/1828/2296 2547/1826/2294 
s 2
f 2537/1815/2286 2538/1816/2286 2550/1829/2143 2549/1828/2144 
s 1
f 2538/1816/2128 2539/1817/2128 2551/1830/2141 2550/1829/2142 
s 2
f 2539/1817/2127 2540/1818/2287 2552/1831/2297 2551/1830/2298 
f 2540/1818/2287 2541/1819/146 2553/1832/2299 2552/1831/2297 
f 2541/1819/146 2542/1820/2288 2554/1833/2300 2553/1832/2299 
f 2542/1820/2288 2543/1821/2289 2555/1834/2301 2554/1833/2300 
s 1
f 2543/1821/2290 2544/1822/2290 2556/1835/2152 2555/1834/2153 
s 2
f 2544/1822/2291 2545/1823/2291 2557/1836/2150 2556/1835/2151 
s 1
f 2545/1823/2293 2546/1824/2292 2558/1837/2302 2557/1836/2303 
f 2546/1824/2292 2536/1825/194 2548/1838/2295 2558/1837/2302 
f 2548/1827/2295 2547/1826/2294 2559/1839/2304 2560/1840/2305 
f 2547/1826/2294 2549/1828/2296 2561/1841/2306 2559/1839/2304 
s 2
f 2549/1828/2144 2550/1829/2143 2562/1842/2161 2561/1841/2162 
s 1
f 2550/1829/2142 2551/1830/2141 2563/1843/2159 2562/1842/2160 
s 2
f 2551/1830/2298 2552/1831/2297 2564/1844/2307 2563/1843/2308 
f 2552/1831/2297 2553/1832/2299 2565/1845/2309 2564/1844/2307 
f 2553/1832/2299 2554/1833/2300 2566/1846/2310 2565/1845/2309 
f 2554/1833/2300 2555/1834/2301 2567/1847/2311 2566/1846/2310 
s 1
f 2555/1834/2153 2556/1835/2152 2568/1848/2170 2567/1847/2171 
s 2
f 2556/1835/2151 2557/1836/2150 2569/1849/2168 2568/1848/2169 
s 1
f 2557/1836/2303 2558/1837/2302 2570/1850/2312 2569/1849/2313 
f 2558/1837/2302 2548/1838/2295 2560/1851/2305 2570/1850/2312 
f 2560/1840/2305 2559/1839/2304 2571/1852/2314 2572/1853/2315 
f 2559/1839/2304 2561/1841/2306 2573/1854/2316 2571/1852/2314 
s 2
f 2561/1841/2162 2562/1842/2161 2574/1855/2179 2573/1854/2180 
s 1
f 2562/1842/2160 2563/1843/2159 2575/1856/2177 2574/1855/2178 
s 2
f 2563/1843/2308 2564/1844/2307 2576/1857/2317 2575/1856/2318 
f 2564/1844/2307 2565/1845/2309 2577/1858/2319 2576/1857/2317 
f 2565/1845/2309 2566/1846/2310 2578/1859/2320 2577/1858/2319 
f 2566/1846/2310 2567/1847/2311 2579/1860/2321 2578/1859/2320 
s 1
f 2567/1847/2171 2568/1848/2170 2580/1861/2188 2579/1860/2189 
s 2
f 2568/1848/2169 2569/1849/2168 2581/1862/2186 2580/1861/2187 
s 1
f 2569/1849/2313 2570/1850/2312 2582/1863/2322 2581/1862/2323 
f 2570/1850/2312 2560/1851/2305 2572/1864/2315 2582/1863/2322 
f 2572/1853/2315 2571/1852/2314 2583/1865/2324 2584/1866/2325 
f 2571/1852/2314 2573/1854/2316 2585/1867/2326 2583/1865/2324 
s 2
f 2573/1854/2180 2574/1855/2179 2586/1868/2197 2585/1867/2198 
s 1
f 2574/1855/2178 2575/1856/2177 2587/1869/2195 2586/1868/2196 
s 2
f 2575/1856/2318 2576/1857/2317 2588/1870/2327 2587/1869/2328 
f 2576/1857/2317 2577/1858/2319 2589/1871/2329 2588/1870/2327 
f 2577/1858/2319 2578/1859/2320 2590/1872/2330 2589/1871/2329 
f 2578/1859/2320 2579/1860/2321 2591/1873/2331 2590/1872/2330 
s 1
f 2579/1860/2189 2580/1861/2188 2592/1874/2206 2591/1873/2207 
s 2
f 2580/1861/2187 2581/1862/2186 2593/1875/2204 2592/1874/2205 
s 1
f 2581/1862/2323 2582/1863/2322 2594/1876/2332 2593/1875/2333 
f 2582/1863/2322 2572/1864/2315 2584/1877/2325 2594/1876/2332 
f 2584/1866/2325 2583/1865/2324 2595/1878/2334 2596/1879/2335 
f 2583/1865/2324 2585/1867/2326 2597/1880/2336 2595/1878/2334 
s 2
f 2585/1867/2198 2586/1868/2197 2598/1881/2215 2597/1880/2216 
s 1
f 2586/1868/2196 2587/1869/2195 2599/1882/2213 2598/1881/2214 
s 2
f 2587/1869/2328 2588/1870/2327 2600/1883/2337 2599/1882/2338 
f 2588/1870/2327 2589/1871/2329 2601/1884/2339 2600/1883/2337 
f 2589/1871/2329 2590/1872/2330 2602/1885/2340 2601/1884/2339 
f 2590/1872/2330 2591/1873/2331 2603/1886/2341 2602/1885/2340 
s 1
f 2591/1873/2207 2592/1874/2206 2604/1887/2224 2603/1886/2225 
s 2
f 2592/1874/2205 2593/1875/2204 2605/1888/2222 2604/1887/2223 
s 1
f 2593/1875/2333 2594/1876/2332 2606/1889/2342 2605/1888/2343 
f 2594/1876/2332 2584/1877/2325 2596/1890/2335 2606/1889/2342 
f 2596/1879/2335 2595/1878/2334 2320/1891/2023 2319/881/1767 
f 2595/1878/2334 2597/1880/2336 2323/1892/2026 2320/1891/2023 
s 2
f 2597/1880/2216 2598/1881/2215 2325/1893/2028 2323/1892/2028 
s 1
f 2598/1881/2214 2599/1882/2213 2327/1894/2031 2325/1893/2031 
s 2
f 2599/1882/2338 2600/1883/2337 2329/1895/2035 2327/1894/2034 
f 2600/1883/2337 2601/1884/2339 2331/1896/2038 2329/1895/2035 
f 2601/1884/2339 2602/1885/2340 2333/1897/2040 2331/1896/2038 
f 2602/1885/2340 2603/1886/2341 2335/1898/2042 2333/1897/2040 
s 1
f 2603/1886/2225 2604/1887/2224 2337/1899/2044 2335/1898/2044 
s 2
f 2604/1887/2223 2605/1888/2222 2339/1900/2047 2337/1899/2047 
s 1
f 2605/1888/2343 2606/1889/2342 2341/1901/2051 2339/1900/2050 
f 2606/1889/2342 2596/1890/2335 2319/1902/1767 2341/1901/2051 
f 2289/1545/98 2308/1566/98 2290/1546/98 
f 2310/1572/1230 2294/1550/1230 2293/1549/1230 
s 4
f 2290/1557/146 2308/1577/146 2310/1578/146 2293/1558/146 
# 2485 polygons - 66 triangles

