v 173.191010 133.016998 0.000000
v 170.020004 131.354996 0.000000
v 173.078003 133.421997 0.000000
v 172.921005 133.755997 0.000000
v 172.712997 134.061996 0.000000
v 172.442001 134.386993 0.000000
v 60.924999 116.645004 10.000000
v 60.942001 115.970001 10.000000
v 61.094002 116.801003 10.000000
v 91.405998 110.114998 0.000000
v 91.805000 110.788002 0.000000
v 95.296005 108.714005 0.000000
v 93.187943 112.423996 0.000000
v 96.012001 109.837997 0.000000
v 93.080002 112.292999 0.000000
v 95.105026 108.328003 0.000000
v 167.919006 129.923996 0.000000
v 166.721466 129.867996 0.000000
v 168.751450 131.858002 0.000000
v 64.072998 115.481003 10.000000
v 61.485001 117.761002 10.000000
v 63.454002 115.441002 10.000000
v 65.173004 115.567001 10.000000
v 66.079002 117.555000 10.000000
v 65.994995 115.652000 10.000000
v 66.563995 115.748001 10.000000
v 66.834999 116.563004 10.000000
v 66.910004 115.872002 10.000000
v 67.018997 116.264000 10.000000
v 67.052002 116.041000 10.000000
v 66.525002 116.951996 10.000000
v 171.580994 135.369995 0.000000
v 162.971008 135.481003 0.000000
v 162.971008 135.481003 3.160000
v 169.481003 131.714005 0.000000
v 168.201004 129.867996 0.000000
v 170.237000 130.787003 0.000000
v 170.261993 129.960007 0.000000
v 170.259155 129.867996 0.000000
v 167.945908 129.867996 0.000000
v 161.221008 135.500000 0.000000
v 161.221008 135.500000 3.160000
v 159.548996 135.507004 0.000000
v 159.548996 135.507004 3.160000
v 97.443001 107.427002 0.000000
v 96.635002 107.482002 0.000000
v 95.956001 109.755150 0.000000
v 157.992996 135.505997 0.000000
v 157.992996 135.505997 3.160000
v 92.858002 112.056000 0.000000
v 95.622002 109.261002 0.000000
v 92.287003 111.431999 0.000000
v 160.205994 129.867996 3.160000
v 160.205994 129.867996 0.000000
v 158.908569 129.867996 0.000000
v 158.908569 129.867996 3.160000
v 60.733002 116.412003 10.000000
v 60.711002 116.311996 10.000000
v 60.737999 116.210999 10.000000
v 60.805000 116.517998 10.000000
v 60.815002 116.100998 10.000000
v 61.119999 115.808998 10.000000
v 61.294003 115.681000 10.000000
v 61.509003 115.579002 10.000000
v 61.771000 115.503998 10.000000
v 61.256001 116.995003 10.000000
v 62.089001 115.453003 10.000000
v 62.470001 115.426003 10.000000
v 62.923000 115.421997 10.000000
v 61.384003 117.293999 10.000000
v 170.403992 129.238007 10.000000
v 170.403992 129.238007 3.160000
v 170.381638 129.867996 3.160000
v 170.316193 131.711472 3.160000
v 170.311005 131.858002 10.000000
v 170.311005 131.858002 3.160000
v 156.596008 135.496994 0.000000
v 155.393997 135.477997 0.000000
v 155.393997 135.477997 3.160000
v 156.596008 135.496994 3.160000
v 161.466003 131.998001 0.000000
v 154.428009 135.451996 0.000000
v 154.428009 135.451996 3.160000
v 153.737000 135.419006 0.000000
v 153.737000 135.419006 3.160000
v 168.751450 131.858002 3.160000
v 168.488007 131.910004 0.000000
v 166.908997 131.990997 0.000000
v 153.360992 135.378006 0.000000
v 153.360992 135.378006 3.160000
v 165.695007 129.820007 10.000000
v 165.587997 129.814896 3.160000
v 165.695007 129.820007 3.160000
v 173.270996 132.492996 0.000000
v 173.324997 131.807999 0.000000
v 153.136002 135.311005 0.000000
v 153.136002 135.311005 3.160000
v 166.721466 129.867996 3.160000
v 167.919006 129.923996 10.000000
v 173.363998 130.916992 0.000000
v 173.398010 129.772995 0.000000
v 168.653992 128.393997 3.160000
v 168.653992 128.393997 10.000000
v 168.455124 128.807999 3.160000
v 167.945908 129.867996 3.160000
v 152.885010 135.201004 0.000000
v 152.885010 135.201004 3.160000
v 170.227005 128.828995 0.000000
v 169.334991 127.276001 0.000000
v 169.158005 127.517998 0.000000
v 170.188004 128.001999 0.000000
v 170.226013 128.807999 0.000000
v 168.811005 128.242004 0.000000
v 152.613007 135.056000 0.000000
v 152.613007 135.056000 3.160000
v 173.425995 128.604996 0.000000
v 152.330994 134.878998 0.000000
v 152.330994 134.878998 3.160000
v 120.807999 115.887001 10.000000
v 120.807999 115.887001 3.160000
v 121.550003 116.149002 10.000000
v 169.807358 126.803581 0.000000
v 169.669006 126.908997 0.000000
v 169.973999 126.986000 0.000000
v 169.505997 127.071999 0.000000
v 170.102005 127.388000 0.000000
v 121.550003 116.149002 3.160000
v 122.193001 116.477997 10.000000
v 152.046005 134.677994 0.000000
v 152.046005 134.677994 3.160000
v 173.436005 127.704002 0.000000
v 173.419006 127.020004 0.000000
v 151.766998 134.458008 0.000000
v 151.766998 134.458008 3.160000
v 172.287994 124.729996 0.000000
v 151.503006 134.222992 0.000000
v 151.503006 134.222992 3.160000
v 151.261993 133.979996 0.000000
v 151.261993 133.979996 3.160000
v 150.162994 132.796997 3.160000
v 173.132996 125.779999 0.000000
v 173.274994 126.107002 0.000000
v 172.932999 125.475998 0.000000
v 173.367004 126.503998 0.000000
v 172.669006 125.143997 0.000000
v 169.804993 126.801003 0.000000
v 172.076996 124.528999 0.000000
v 171.862000 124.342003 0.000000
v 172.487000 124.935997 0.000000
v 121.119003 117.798004 10.000000
v 121.413002 118.184998 10.000000
v 121.119003 117.798004 3.160000
v 120.836449 117.547737 3.160000
v 169.034363 127.709778 0.000000
v 169.709000 123.510002 0.000000
v 169.209000 123.494003 0.000000
v 153.606003 131.944000 3.160000
v 153.100998 131.927002 0.000000
v 153.606003 131.944000 0.000000
v 169.600998 126.832001 0.000000
v 156.712997 131.983002 0.000000
v 158.160995 131.990997 0.000000
v 156.712997 131.983002 3.160000
v 158.160995 131.990997 3.160000
v 154.399994 131.958008 3.160000
v 154.399994 131.958008 0.000000
v 167.205994 123.997002 0.000000
v 169.100998 127.551003 0.000000
v 167.350006 123.951996 0.000000
v 169.365005 127.082001 0.000000
v 155.447998 131.972000 3.160000
v 155.447998 131.972000 0.000000
v 124.414001 119.067001 3.160000
v 124.414001 119.067001 10.000000
v 124.110001 118.440002 10.000000
v 123.315002 117.389999 10.000000
v 122.767998 116.889000 10.000000
v 122.767998 116.889000 3.160000
v 150.162994 132.796997 0.000000
v 170.665009 123.668999 0.000000
v 171.079010 123.813004 0.000000
v 171.250000 123.900002 0.000000
v 170.201996 123.568001 0.000000
v 171.441010 124.020996 0.000000
v 171.648010 124.169998 0.000000
v 122.251762 116.520004 3.160000
v 153.100998 131.927002 3.160000
v 152.917999 131.910004 3.160000
v 152.917999 131.910004 0.000000
v 166.944000 121.400002 0.000000
v 166.966003 120.886002 0.000000
v 163.212997 121.400002 0.000000
v 166.936005 122.007004 0.000000
v 166.940002 122.695000 0.000000
v 163.210999 123.445999 0.000000
v 167.067993 120.085999 0.000000
v 167.154999 119.770004 0.000000
v 163.251007 118.693001 0.000000
v 117.939003 116.725998 10.000000
v 117.225998 116.686996 0.000000
v 117.225998 116.686996 10.000000
v 152.860001 131.037994 3.160000
v 152.830994 130.438995 3.160000
v 152.830994 130.438995 0.000000
v 152.860001 131.037994 0.000000
v 116.559998 116.682999 10.000000
v 166.951996 123.218002 0.000000
v 152.885010 131.496994 3.160000
v 152.885010 131.496994 0.000000
v 166.977997 123.591003 0.000000
v 152.894638 131.640121 0.000000
v 152.894638 131.640121 3.160000
v 163.210999 129.867996 0.000000
v 167.026001 123.833000 0.000000
v 152.912170 131.858002 3.160000
v 152.912170 131.858002 0.000000
v 168.718994 123.517998 0.000000
v 168.263000 123.586998 0.000000
v 167.863007 123.695999 0.000000
v 167.537994 123.847000 0.000000
v 149.001999 134.123001 0.000000
v 167.100006 123.963997 0.000000
v 160.205994 129.923996 0.000000
v 155.149994 129.867996 0.000000
v 160.416000 129.867996 0.000000
v 152.796997 129.718994 3.160000
v 152.761002 128.895996 3.160000
v 152.761002 128.895996 0.000000
v 152.796997 129.718994 0.000000
v 89.789001 115.904999 0.000000
v 118.884003 115.533997 10.000000
v 119.352715 115.601532 3.160000
v 119.931999 115.684998 10.000000
v 170.427002 128.451004 10.000000
v 170.416565 128.807999 3.160000
v 120.329514 115.776665 3.160000
v 119.931999 115.684998 3.160000
v 97.380005 105.617996 0.000000
v 96.869003 105.561996 0.000000
v 95.956001 105.449310 0.000000
v 98.362999 107.373001 0.000000
v 97.986000 105.670998 0.000000
v 99.373001 107.320000 0.000000
v 98.663002 105.721001 0.000000
v 99.389999 105.766998 0.000000
v 99.675056 107.305962 0.000000
v 124.656998 119.767998 3.160000
v 124.656998 119.767998 10.000000
v 124.627998 119.684341 3.160000
v 95.959999 107.533997 0.000000
v 96.441002 110.402000 0.000000
v 95.956001 107.534370 0.000000
v 97.306000 111.331001 0.000000
v 99.612999 112.326004 0.000000
v 152.550995 123.477997 0.000000
v 152.545563 123.475555 0.000000
v 152.545563 123.475555 3.160000
v 170.328003 126.863998 3.160000
v 170.328003 126.863998 10.000000
v 170.235992 126.753998 10.000000
v 170.389999 127.066002 10.000000
v 152.684998 127.028999 0.000000
v 152.684998 127.028999 3.160000
v 170.436005 127.839996 3.160000
v 170.436005 127.839996 10.000000
v 170.425995 127.386002 10.000000
v 121.413002 118.184998 3.160000
v 95.290001 103.078995 0.000000
v 95.798004 102.063004 0.000000
v 103.142998 99.313004 0.000000
v 102.389999 99.140999 0.000000
v 102.340004 105.873001 0.000000
v 101.640999 105.860001 0.000000
v 152.722992 127.992996 0.000000
v 152.722992 127.992996 3.160000
v 94.649002 105.288002 0.000000
v 95.441002 107.582001 0.000000
v 169.942001 126.741997 3.160000
v 169.942001 126.741997 10.000000
v 169.816010 126.796997 10.000000
v 91.558998 101.326996 0.000000
v 91.155998 102.415001 0.000000
v 167.005997 120.451996 3.160000
v 167.067993 120.085999 3.160000
v 167.005997 120.451996 0.000000
v 121.653999 118.656998 3.160000
v 94.914223 104.231995 0.000000
v 167.154999 119.770004 3.160000
v 170.108002 126.721001 10.000000
v 170.108002 126.721001 3.160000
v 123.315002 117.389999 3.160000
v 123.746002 117.885002 10.000000
v 123.746002 117.885002 3.160000
v 95.102997 107.625999 0.000000
v 94.964996 107.663002 0.000000
v 170.127838 126.726112 3.160000
v 124.110001 118.440002 3.160000
v 94.941002 107.873001 0.000000
v 91.087997 109.404999 0.000000
v 95.059998 108.237000 0.000000
v 167.587997 119.005997 0.000000
v 167.587997 119.005997 3.160000
v 167.847000 118.611000 3.160000
v 167.847000 118.611000 0.000000
v 167.412003 119.244003 3.160000
v 167.412003 119.244003 0.000000
v 90.630997 104.813004 0.000000
v 90.554001 106.013000 0.000000
v 167.268005 119.494003 3.160000
v 167.268005 119.494003 0.000000
v 168.044006 118.138000 0.000000
v 168.044006 118.138000 3.160000
v 168.179993 117.609001 3.160000
v 168.179993 117.609001 0.000000
v 168.811996 128.084000 3.160000
v 168.811996 128.084000 10.000000
v 90.583000 106.961998 0.000000
v 90.680000 107.836998 0.000000
v 90.846001 108.649002 0.000000
v 91.860001 110.861481 0.000000
v 90.730698 104.231995 0.000000
v 168.981995 127.791000 10.000000
v 118.650002 116.801003 10.000000
v 117.939003 116.725998 0.000000
v 168.250000 117.042000 3.160000
v 168.250000 117.042000 0.000000
v 87.339996 103.649002 0.000000
v 87.031250 104.231995 0.000000
v 169.334991 127.276001 10.000000
v 169.158005 127.517998 10.000000
v 86.803001 104.662994 0.000000
v 86.022003 105.979996 0.000000
v 167.514999 114.150002 0.000000
v 167.514999 114.150002 3.160000
v 167.084000 113.615997 3.160000
v 167.084000 113.615997 0.000000
v 116.559998 116.682999 0.000000
v 169.505997 127.071999 10.000000
v 168.195999 115.874001 0.000000
v 168.195999 115.874001 3.160000
v 168.069000 115.311996 3.160000
v 168.069000 115.311996 0.000000
v 85.692001 103.839996 0.000000
v 168.257004 116.457001 0.000000
v 168.257004 116.457001 3.160000
v 120.768997 117.487999 0.000000
v 120.351997 117.239998 0.000000
v 120.768997 117.487999 10.000000
v 166.559998 113.181999 0.000000
v 166.559998 113.181999 3.160000
v 165.917999 112.837997 3.160000
v 165.917999 112.837997 0.000000
v 84.983002 107.623001 0.000000
v 83.669006 109.621002 0.000000
v 167.871002 114.790001 3.160000
v 167.871002 114.790001 0.000000
v 170.235992 126.753998 3.160000
v 85.336319 104.231995 0.000000
v 84.653999 104.984001 0.000000
v 83.667999 106.103943 0.000000
v 83.350998 106.464005 0.000000
v 117.627998 115.419998 10.000000
v 117.627998 115.419998 3.160000
v 118.678955 115.515388 3.160000
v 118.884003 115.533997 3.160000
v 170.389999 127.066002 3.160000
v 82.701004 102.308998 0.000000
v 81.641006 103.585999 0.000000
v 170.425995 127.386002 3.160000
v 119.782715 115.663490 3.160000
v 170.427002 128.451004 3.160000
v 83.667999 109.622482 0.000000
v 87.153999 115.112999 0.000000
v 169.816010 126.796997 3.160000
v 159.408966 116.790504 3.160000
v 159.408966 116.790504 0.000000
v 159.343002 116.720001 0.000000
v 88.342003 115.341995 0.000000
v 85.973999 115.009003 0.000000
v 117.205132 108.328003 3.160000
v 119.318001 113.277000 10.000000
v 119.318001 113.277000 3.160000
v 112.953003 96.821999 0.000000
v 109.816002 103.938995 0.000000
v 114.382004 102.808998 0.000000
v 114.612999 102.438004 0.000000
v 114.743004 102.348999 0.000000
v 112.990746 96.825134 0.000000
v 115.543999 97.037003 0.000000
v 118.670151 104.231995 0.000000
v 114.859001 102.484001 0.000000
v 159.205994 116.669998 3.160000
v 159.091003 116.576004 3.160000
v 159.091003 116.576004 0.000000
v 159.205994 116.669998 0.000000
v 120.391258 115.790901 3.160000
v 159.337997 116.755997 3.160000
v 159.337997 116.755997 0.000000
v 115.025002 102.774002 0.000000
v 122.193001 116.477997 3.160000
v 113.694435 104.231995 0.000000
v 114.059998 103.441002 0.000000
v 169.669006 126.908997 10.000000
v 169.807358 126.803581 3.160000
v 169.812180 126.799911 3.160000
v 115.254997 103.240005 0.000000
v 164.205002 112.382004 3.160000
v 164.205002 112.382004 0.000000
v 165.139999 112.573997 3.160000
v 165.139999 112.573997 0.000000
v 126.937004 110.956001 3.160000
v 130.061005 110.956001 3.160000
v 126.937004 110.956001 10.000000
v 130.061005 110.956001 10.000000
v 168.981995 127.791000 3.160000
v 126.923004 105.885002 3.160000
v 126.923004 105.885002 10.000000
v 126.903999 105.020996 10.000000
v 126.903999 105.020996 3.160000
v 169.034363 127.709778 3.160000
v 115.556000 103.905998 0.000000
v 126.930000 106.757004 10.000000
v 126.930000 106.757004 3.160000
v 115.048004 93.191002 0.000000
v 109.643997 96.326996 0.000000
v 107.780998 99.484001 0.000000
v 107.807999 100.468002 0.000000
v 107.654999 100.737000 0.000000
v 129.975006 104.970001 3.160000
v 129.975006 104.970001 10.000000
v 113.594002 93.066002 0.000000
v 113.430000 93.098999 0.000000
v 112.331001 93.341995 0.000000
v 112.066002 93.447998 0.000000
v 158.975006 115.973999 0.000000
v 158.970093 115.915016 0.000000
v 158.970093 115.915016 3.160000
v 129.963959 104.231995 3.160000
v 129.945999 103.030998 10.000000
v 159.757004 131.996994 0.000000
v 115.353004 93.259995 0.000000
v 115.667999 93.335999 0.000000
v 114.764999 93.132004 0.000000
v 114.508003 93.081001 0.000000
v 112.829002 93.223999 0.000000
v 112.609001 93.268997 0.000000
v 113.730003 93.037003 0.000000
v 164.612000 132.003998 0.000000
v 113.042000 93.179001 0.000000
v 113.244003 93.138000 0.000000
v 113.833000 93.015999 0.000000
v 113.898003 93.001999 0.000000
v 113.973999 93.000000 0.000000
v 114.106003 93.014000 0.000000
v 114.286003 93.041000 0.000000
v 158.925003 116.367004 3.160000
v 158.878998 116.257996 3.160000
v 158.925003 116.367004 0.000000
v 158.878998 116.257996 0.000000
v 111.812004 93.589005 0.000000
v 111.566002 93.766998 0.000000
v 111.322998 93.986000 0.000000
v 111.083000 94.247002 0.000000
v 110.839005 94.553001 0.000000
v 110.590004 94.906998 0.000000
v 158.996002 116.472000 3.160000
v 158.996002 116.472000 0.000000
v 107.411758 100.944183 0.000000
v 107.426003 100.938995 0.000000
v 107.112000 100.916000 0.000000
v 107.085999 98.708000 0.000000
v 106.977997 98.589005 0.000000
v 105.688004 100.371002 0.000000
v 122.448997 111.191002 3.160000
v 122.539001 111.126999 10.000000
v 122.448997 111.191002 10.000000
v 106.528999 100.981003 0.000000
v 104.148003 104.741974 0.000000
v 106.679001 101.026001 0.000000
v 106.980003 101.061005 0.000000
v 105.514000 106.186996 0.000000
v 109.139000 105.456001 0.000000
v 109.685242 104.231995 0.000000
v 107.121002 101.050003 0.000000
v 106.677002 100.821999 0.000000
v 107.880600 100.136002 0.000000
v 107.873001 99.817001 0.000000
v 107.880997 100.153000 0.000000
v 105.294754 100.136002 0.000000
v 106.033997 100.668999 0.000000
v 105.950562 100.597137 0.000000
v 106.251999 100.848999 0.000000
v 106.133003 100.764999 0.000000
v 158.889999 116.014000 0.000000
v 158.889999 116.014000 3.160000
v 155.137146 128.807999 0.000000
v 106.831001 101.052002 0.000000
v 106.386002 100.923004 0.000000
v 100.901001 105.836998 0.000000
v 101.662003 99.028999 0.000000
v 152.904999 131.794006 0.000000
v 158.863007 116.152000 3.160000
v 158.863007 116.152000 0.000000
v 105.264999 97.509995 0.000000
v 105.118004 97.466995 0.000000
v 104.299004 99.619995 0.000000
v 155.087479 124.711998 0.000000
v 152.774994 126.925003 0.000000
v 157.710999 112.423004 3.160000
v 157.535995 112.510002 3.160000
v 157.535995 112.510002 0.000000
v 106.745003 98.225998 0.000000
v 106.708000 98.115005 0.000000
v 104.482002 99.744995 0.000000
v 105.428001 97.542000 0.000000
v 104.403999 99.681999 0.000000
v 106.195999 100.681999 0.000000
v 107.206001 98.820000 0.000000
v 107.334999 98.921005 0.000000
v 107.602005 99.177002 0.000000
v 151.566010 112.270996 3.160000
v 150.041992 112.591003 3.160000
v 150.041992 112.591003 0.000000
v 147.622009 129.617004 0.000000
v 148.377991 128.501999 0.000000
v 149.204010 127.253624 0.000000
v 156.622009 112.558998 3.160000
v 156.315002 112.495003 3.160000
v 156.315002 112.495003 0.000000
v 156.622009 112.558998 0.000000
v 122.290001 111.276001 3.160000
v 122.290001 111.276001 10.000000
v 122.227997 111.293999 10.000000
v 104.578003 99.791000 0.000000
v 105.191002 100.074005 0.000000
v 100.143997 105.805000 0.000000
v 100.052002 99.073639 0.000000
v 104.505890 99.764297 0.000000
v 149.926590 120.615997 0.000000
v 149.345001 121.379997 0.000000
v 152.497009 122.237999 0.000000
v 149.204010 121.568527 0.000000
v 147.574829 123.746895 0.000000
v 149.303009 127.104004 0.000000
v 156.893005 112.593002 3.160000
v 156.893005 112.593002 0.000000
v 122.635002 111.050003 3.160000
v 122.733002 110.961998 3.160000
v 122.635002 111.050003 10.000000
v 122.733002 110.961998 10.000000
v 106.883003 98.466995 0.000000
v 106.805000 98.344002 0.000000
v 157.343994 112.568001 3.160000
v 157.132004 112.595001 3.160000
v 157.132004 112.595001 0.000000
v 157.343994 112.568001 0.000000
v 144.269653 115.764229 0.000000
v 152.498444 122.274574 0.000000
v 121.911003 110.752998 10.000000
v 121.664001 110.186005 10.000000
v 121.746773 110.375999 3.160000
v 152.798996 127.753998 0.000000
v 104.494301 99.760002 0.000000
v 122.961998 110.237000 10.000000
v 163.089996 112.251999 3.160000
v 163.089996 112.251999 0.000000
v 106.704422 98.087997 0.000000
v 152.716995 125.431999 0.000000
v 152.684998 124.804001 0.000000
v 121.911003 110.752998 3.160000
v 122.074997 111.125000 10.000000
v 161.774994 112.175003 0.000000
v 161.774994 112.175003 3.160000
v 161.026001 112.154999 3.160000
v 161.026001 112.154999 0.000000
v 152.748001 126.145004 0.000000
v 160.326004 112.152000 0.000000
v 160.326004 112.152000 3.160000
v 159.684006 112.162003 3.160000
v 159.684006 112.162003 0.000000
v 122.179001 111.293999 10.000000
v 122.148003 111.274002 10.000000
v 122.179001 111.293999 3.160000
v 155.086334 124.616623 0.000000
v 157.710999 112.423004 0.000000
v 152.615997 123.866997 0.000000
v 152.649994 124.275002 0.000000
v 152.582001 123.596001 0.000000
v 155.065002 122.858002 0.000000
v 122.364998 111.240997 3.160000
v 157.904999 112.344002 0.000000
v 157.904999 112.344002 3.160000
v 152.540314 123.341919 0.000000
v 152.533157 123.159393 0.000000
v 158.209991 112.279999 0.000000
v 158.209991 112.279999 3.160000
v 122.364998 111.240997 10.000000
v 106.625999 97.837997 0.000000
v 106.676003 97.923996 0.000000
v 106.544998 97.762001 0.000000
v 106.437004 97.695999 0.000000
v 106.695000 98.016998 0.000000
v 106.304001 97.643005 0.000000
v 106.195999 97.614944 0.000000
v 158.615997 112.225998 0.000000
v 158.615997 112.225998 3.160000
v 152.525681 122.968994 0.000000
v 159.110001 112.188004 0.000000
v 159.110001 112.188004 3.160000
v 108.166000 95.197998 0.000000
v 155.048889 120.615997 0.000000
v 155.968002 112.399002 0.000000
v 155.968002 112.399002 3.160000
v 160.416000 117.104996 0.000000
v 155.574005 112.270996 3.160000
v 155.574005 112.270996 0.000000
v 155.104996 112.119003 3.160000
v 155.104996 112.119003 0.000000
v 151.566010 112.270996 0.000000
v 106.150002 97.602997 0.000000
v 152.311996 112.119003 0.000000
v 152.311996 112.119003 3.160000
v 152.928009 112.011002 0.000000
v 152.928009 112.011002 3.160000
v 105.977005 97.578003 0.000000
v 105.789001 97.569000 0.000000
v 105.605003 97.561996 0.000000
v 153.442993 111.945999 0.000000
v 153.442993 111.945999 3.160000
v 153.888000 111.923996 0.000000
v 153.888000 111.923996 3.160000
v 97.862999 96.184998 3.160000
v 97.862999 96.184998 10.000000
v 97.859528 96.186050 3.160000
v 154.292999 111.945999 0.000000
v 154.292999 111.945999 3.160000
v 154.688995 112.011002 0.000000
v 154.688995 112.011002 3.160000
v 104.890999 97.356995 0.000000
v 104.026001 99.501999 0.000000
v 104.992004 97.416000 0.000000
v 163.223999 119.837997 0.000000
v 104.818001 97.292000 0.000000
v 103.867004 99.449005 0.000000
v 163.968994 116.789001 0.000000
v 163.843994 116.834999 0.000000
v 149.001999 134.123001 3.160000
v 148.643005 134.516998 3.160000
v 148.643005 134.516998 0.000000
v 104.778999 97.221001 0.000000
v 164.372009 116.331001 0.000000
v 164.356995 116.416000 0.000000
v 92.025002 99.667000 3.160000
v 92.025002 99.667000 10.000000
v 91.975342 99.738365 3.160000
v 104.678795 97.168045 0.000000
v 104.340782 97.035583 0.000000
v 104.480003 97.063004 0.000000
v 147.339996 135.410004 3.160000
v 147.339996 135.410004 0.000000
v 146.925003 135.520996 0.000000
v 146.925003 135.520996 3.160000
v 106.597000 94.247002 0.000000
v 104.748001 93.653999 0.000000
v 104.148003 96.997620 0.000000
v 164.289001 116.158997 0.000000
v 164.080994 116.729996 0.000000
v 91.905998 99.837997 10.000000
v 148.321991 134.832001 0.000000
v 148.321991 134.832001 3.160000
v 107.403999 94.675995 0.000000
v 148.014008 135.076996 0.000000
v 148.014008 135.076996 3.160000
v 147.695007 135.266006 0.000000
v 147.695007 135.266006 3.160000
v 164.363007 116.247002 0.000000
v 164.123993 116.076004 0.000000
v 146.427002 135.610001 0.000000
v 146.427002 135.610001 3.160000
v 163.876007 115.999001 0.000000
v 164.022903 116.760605 0.000000
v 163.548004 115.929001 0.000000
v 163.641998 116.918999 0.000000
v 164.178009 116.660995 0.000000
v 164.257996 116.584000 0.000000
v 164.304825 116.520004 0.000000
v 94.072998 98.151001 3.160000
v 94.072998 98.151001 10.000000
v 93.908005 98.285706 3.160000
v 145.820999 135.692001 0.000000
v 145.820999 135.692001 3.160000
v 145.359009 135.733002 3.160000
v 145.359009 135.733002 0.000000
v 144.817001 135.757004 0.000000
v 144.817001 135.757004 3.160000
v 144.214996 135.764008 0.000000
v 144.214996 135.764008 3.160000
v 104.170998 99.558998 0.000000
v 142.912994 135.731003 3.160000
v 142.912994 135.731003 0.000000
v 142.251999 135.690994 0.000000
v 142.251999 135.690994 3.160000
v 163.145004 115.867996 0.000000
v 163.488007 117.078003 0.000000
v 162.675003 115.817001 0.000000
v 163.376007 117.380997 0.000000
v 141.610001 135.636002 0.000000
v 141.610001 135.636002 3.160000
v 163.298996 117.897003 0.000000
v 103.694000 99.403999 0.000000
v 102.402000 99.078003 0.000000
v 102.621002 99.136002 0.000000
v 102.755005 96.803001 0.000000
v 143.574997 135.755997 0.000000
v 143.574997 135.755997 3.160000
v 102.196999 99.022995 0.000000
v 101.578003 96.714996 0.000000
v 102.014000 98.972000 0.000000
v 100.358002 96.665001 0.000000
v 100.926003 98.962006 0.000000
v 101.025002 93.344002 0.000000
v 103.764000 96.921997 0.000000
v 103.658997 93.479004 0.000000
v 99.431999 93.375000 0.000000
v 144.827774 132.188446 0.000000
v 141.202148 132.121750 0.000000
v 141.202148 132.121750 3.160000
v 162.143005 115.776001 0.000000
v 141.675995 132.145996 3.160000
v 141.675995 132.145996 0.000000
v 102.425003 93.377998 0.000000
v 160.218994 115.718002 0.000000
v 159.484009 116.826996 0.000000
v 159.639008 116.880997 0.000000
v 161.492004 115.744041 0.000000
v 160.816010 115.723000 0.000000
v 159.750000 115.729996 0.000000
v 92.749313 99.215813 3.160000
v 92.933136 99.081551 3.160000
v 92.938004 99.078003 10.000000
v 101.531998 98.912994 0.000000
v 143.268997 132.203003 0.000000
v 143.268997 132.203003 3.160000
v 144.451004 132.212997 3.160000
v 144.451004 132.212997 0.000000
v 92.938004 99.078003 3.160000
v 144.827774 132.188446 3.160000
v 155.041992 119.658005 0.000000
v 140.348999 135.492996 0.000000
v 139.548004 135.423996 0.000000
v 139.548004 135.423996 3.160000
v 140.348999 135.492996 3.160000
v 138.632996 135.360001 0.000000
v 138.632996 135.360001 3.160000
v 94.378731 97.929962 3.160000
v 94.567963 97.793152 3.160000
v 94.582001 97.783005 10.000000
v 94.582001 97.783005 3.160000
v 103.076004 99.253998 0.000000
v 103.298004 99.308998 0.000000
v 137.636002 135.306000 0.000000
v 137.636002 135.306000 3.160000
v 103.505997 99.360001 0.000000
v 136.589996 135.259995 0.000000
v 136.589996 135.259995 3.160000
v 135.524002 135.225998 0.000000
v 135.524002 135.225998 3.160000
v 100.633369 99.021294 0.000000
v 134.470001 135.203995 0.000000
v 134.470001 135.203995 3.160000
v 100.450653 99.037750 0.000000
v 100.052002 96.663651 0.000000
v 133.457001 135.195999 0.000000
v 133.457001 135.195999 3.160000
v 164.317993 116.501999 0.000000
v 161.554993 115.746002 0.000000
v 141.007004 135.567001 3.160000
v 141.007004 135.567001 0.000000
v 102.765999 112.148003 3.160000
v 103.989998 111.683998 10.000000
v 102.765999 112.148003 10.000000
v 99.936996 99.084000 0.000000
v 100.052002 105.800362 0.000000
v 100.992004 98.988998 0.000000
v 98.941002 99.361000 0.000000
v 101.579002 112.349998 10.000000
v 101.579002 112.349998 3.160000
v 140.567993 129.878998 0.000000
v 140.720322 129.871536 0.000000
v 140.720322 129.871536 3.160000
v 105.719002 93.908997 0.000000
v 92.192612 100.136002 0.000000
v 92.022003 100.387001 0.000000
v 90.839996 103.595001 0.000000
v 94.919998 104.209000 0.000000
v 90.154999 97.470001 0.000000
v 89.143005 97.630005 0.000000
v 87.683998 102.208000 0.000000
v 89.528000 97.619995 0.000000
v 91.860001 100.715897 0.000000
v 97.174004 100.417000 0.000000
v 96.431000 101.171005 0.000000
v 97.725868 96.808426 0.000000
v 97.706078 96.811951 0.000000
v 98.014999 99.808998 0.000000
v 97.689003 96.815002 0.000000
v 97.804169 96.794464 0.000000
v 96.599998 97.167999 0.000000
v 96.356003 97.240997 0.000000
v 97.562683 100.136002 0.000000
v 96.122002 97.311005 0.000000
v 98.289001 96.708000 0.000000
v 99.220001 96.660004 0.000000
v 159.444000 115.760254 0.000000
v 159.145004 116.434998 0.000000
v 159.237000 116.583000 0.000000
v 96.845001 97.091995 0.000000
v 97.513000 96.875999 0.000000
v 95.956001 97.358971 0.000000
v 97.083000 97.016998 0.000000
v 97.307999 96.944000 0.000000
v 133.529816 131.586304 3.160000
v 133.529816 131.586304 0.000000
v 133.341995 131.527008 0.000000
v 158.979004 115.903999 0.000000
v 159.141998 115.821999 0.000000
v 159.011002 116.125000 0.000000
v 159.395996 115.764999 0.000000
v 159.069000 116.279999 0.000000
v 121.347000 109.443001 3.160000
v 121.347000 109.443001 10.000000
v 120.969002 108.552002 10.000000
v 96.694000 93.585999 0.000000
v 95.620003 93.785004 0.000000
v 121.664001 110.186005 3.160000
v 154.973999 117.386002 0.000000
v 97.951004 93.455002 0.000000
v 93.841003 98.884995 0.000000
v 154.727005 116.085999 0.000000
v 124.978645 121.546936 3.160000
v 125.846001 121.848000 3.160000
v 125.044998 122.414001 3.160000
v 124.848885 120.615997 3.160000
v 125.944252 121.318771 3.160000
v 124.970001 121.433998 3.160000
v 93.967308 98.599998 0.000000
v 93.962997 98.634003 0.000000
v 93.954002 98.706001 0.000000
v 93.930000 98.772003 0.000000
v 93.908005 98.807312 0.000000
v 153.178009 116.554001 0.000000
v 151.612000 118.402000 0.000000
v 154.171997 115.794998 0.000000
v 148.871002 112.822998 0.000000
v 147.992004 112.973000 0.000000
v 144.304184 120.615997 0.000000
v 144.304993 120.729996 0.000000
v 122.961998 110.237000 3.160000
v 125.046997 124.611000 3.160000
v 125.069000 123.503998 3.160000
v 125.762749 123.725052 3.160000
v 122.148003 111.274002 3.160000
v 90.550003 103.428001 10.000000
v 90.550003 103.428001 3.160000
v 90.649002 102.908997 10.000000
v 125.755997 123.459999 3.160000
v 125.796097 122.741875 3.160000
v 125.806107 124.711998 3.160000
v 125.780998 124.442001 3.160000
v 125.048775 122.585274 3.160000
v 90.949005 101.902000 3.160000
v 91.153999 101.367996 10.000000
v 90.949005 101.902000 10.000000
v 124.158005 128.459000 3.160000
v 127.255997 128.572998 3.160000
v 124.153168 128.466156 3.160000
v 124.627998 127.366501 3.160000
v 126.488998 127.462997 3.160000
v 124.454002 127.865997 3.160000
v 126.835999 128.041992 3.160000
v 146.093994 131.583008 0.000000
v 145.423004 132.074005 0.000000
v 145.110992 132.169998 0.000000
v 145.742004 131.889008 0.000000
v 146.507004 131.123993 0.000000
v 123.098946 108.981956 3.160000
v 117.054001 107.973999 3.160000
v 117.054001 107.973999 10.000000
v 123.100235 125.463051 3.160000
v 120.795830 128.807999 3.160000
v 123.204002 124.525002 3.160000
v 123.062004 125.615997 3.160000
v 120.429001 129.063995 3.160000
v 122.586998 122.486000 3.160000
v 122.968002 125.942001 3.160000
v 122.913597 126.116943 3.160000
v 122.715004 126.679001 3.160000
v 122.138000 127.606003 3.160000
v 121.369003 128.408005 3.160000
v 142.714996 129.916992 0.000000
v 147.007996 130.479996 0.000000
v 144.722000 127.093002 0.000000
v 93.891998 98.833000 0.000000
v 123.224998 106.719002 0.000000
v 123.259003 104.457001 10.000000
v 123.224998 106.719002 10.000000
v 90.747002 97.076004 0.000000
v 94.609001 98.253998 0.000000
v 94.689003 98.225998 0.000000
v 94.429001 98.278999 0.000000
v 94.334999 98.287003 0.000000
v 94.042000 98.436005 0.000000
v 94.098999 98.384003 0.000000
v 94.522003 98.272995 0.000000
v 93.999001 98.497002 0.000000
v 93.972000 98.563004 0.000000
v 95.339996 97.585999 0.000000
v 95.191002 97.666000 0.000000
v 120.074997 106.425003 10.000000
v 120.074997 106.425003 3.160000
v 120.542000 107.538002 10.000000
v 142.714996 126.192238 0.000000
v 120.542000 107.538002 3.160000
v 120.874672 108.328003 3.160000
v 91.089996 96.761002 0.000000
v 119.579002 105.238998 10.000000
v 119.579002 105.238998 3.160000
v 139.781006 132.048996 0.000000
v 94.248001 98.307999 0.000000
v 94.168999 98.339996 0.000000
v 94.144394 98.355469 0.000000
v 122.186996 121.077728 3.160000
v 122.177002 121.027000 3.160000
v 122.227127 121.281364 3.160000
v 122.227997 111.293999 3.160000
v 91.494003 96.352997 0.000000
v 122.244003 121.366997 3.160000
v 122.319000 121.693001 3.160000
v 94.815002 98.143005 0.000000
v 94.857002 98.089005 0.000000
v 94.757004 98.188995 0.000000
v 94.857468 98.087997 0.000000
v 122.074997 111.125000 3.160000
v 122.403999 121.992996 3.160000
v 122.391769 121.949821 3.160000
v 137.695007 131.916000 0.000000
v 135.526001 131.755997 0.000000
v 94.858383 98.086029 0.000000
v 94.884003 98.030998 0.000000
v 93.633003 98.981995 0.000000
v 93.551003 98.988998 0.000000
v 93.710999 98.960999 0.000000
v 93.337601 99.061531 0.000000
v 92.525002 99.647003 0.000000
v 93.042000 99.162003 0.000000
v 139.609009 129.891998 0.000000
v 90.444000 97.307999 0.000000
v 122.683311 122.664001 3.160000
v 122.681000 122.661003 3.160000
v 122.859001 122.889000 3.160000
v 122.772003 122.778999 3.160000
v 122.939003 123.043999 3.160000
v 123.013000 123.238998 3.160000
v 123.078003 123.461998 3.160000
v 123.131004 123.709999 3.160000
v 123.169998 123.974998 3.160000
v 123.195999 124.248001 3.160000
v 122.539001 111.126999 3.160000
v 93.779999 98.928001 0.000000
v 138.339005 129.893997 0.000000
v 137.544998 129.884995 0.000000
v 134.468658 129.686234 0.000000
v 134.264191 129.673157 0.000000
v 133.531097 131.586426 0.000000
v 120.969002 108.552002 3.160000
v 93.826111 98.895493 0.000000
v 122.430382 122.072144 3.160000
v 135.311005 129.774994 0.000000
v 134.684006 129.714005 0.000000
v 122.493004 122.260002 3.160000
v 136.761993 129.860992 0.000000
v 133.384995 131.574005 3.160000
v 133.384995 131.574005 0.000000
v 95.512001 97.507996 0.000000
v 95.699997 97.438004 0.000000
v 94.982986 97.818367 0.000000
v 94.973999 97.826004 0.000000
v 94.915001 97.900002 0.000000
v 94.893997 97.969002 0.000000
v 95.903999 97.374001 0.000000
v 115.113998 120.125999 3.160000
v 117.465004 116.792999 3.160000
v 131.380997 131.376999 0.000000
v 131.380997 131.376999 3.160000
v 95.067001 97.747002 0.000000
v 163.386002 123.568001 10.000000
v 163.362000 121.620003 10.000000
v 163.362000 121.620003 3.160000
v 163.386002 123.568001 3.160000
v 137.800995 129.804993 0.000000
v 137.800995 129.804993 3.160000
v 141.319382 117.584915 3.160000
v 141.011993 117.218384 3.160000
v 142.714996 115.671997 3.160000
v 141.326996 117.594002 3.160000
v 163.459320 128.807999 3.160000
v 163.472000 129.714005 10.000000
v 163.472000 129.714005 3.160000
v 93.063004 94.946999 0.000000
v 163.352005 120.127998 10.000000
v 163.355270 120.615997 3.160000
v 142.714996 126.192238 3.160000
v 141.412003 118.397003 3.160000
v 141.296997 118.729004 3.160000
v 92.292999 95.578003 0.000000
v 160.191010 120.188004 3.160000
v 160.191010 120.188004 10.000000
v 160.194687 120.615997 3.160000
v 93.847000 94.449997 0.000000
v 136.218002 129.764999 3.160000
v 141.011993 120.615997 3.160000
v 141.151001 118.960999 3.160000
v 160.205994 129.923996 10.000000
v 160.205994 123.658997 10.000000
v 136.218002 129.764999 0.000000
v 160.205994 123.658997 3.160000
v 160.204010 121.698997 3.160000
v 160.204010 121.698997 10.000000
v 94.683998 94.067001 0.000000
v 141.011993 119.050407 3.160000
v 152.899994 131.858002 3.160000
v 152.899994 131.858002 10.000000
v 147.339996 113.042999 3.160000
v 151.100006 118.626999 3.160000
v 146.852997 113.038002 3.160000
v 147.992004 112.973000 3.160000
v 148.871002 112.822998 3.160000
v 134.997009 129.720001 0.000000
v 134.997009 129.720001 3.160000
v 89.858002 97.570999 0.000000
v 152.896576 131.718826 3.160000
v 155.303009 122.757004 10.000000
v 155.303009 122.757004 3.160000
v 155.386993 129.716003 10.000000
v 134.468658 129.686234 3.160000
v 155.386993 129.716003 3.160000
v 87.751999 102.425995 0.000000
v 87.077003 102.479004 0.000000
v 87.751999 102.427002 0.000000
v 87.652000 102.912994 0.000000
v 86.494003 103.013000 0.000000
v 87.468002 102.218002 0.000000
v 83.684006 101.137001 0.000000
v 144.372009 115.778999 3.160000
v 146.468002 112.960999 3.160000
v 146.122009 112.817001 3.160000
v 144.268997 115.671997 3.160000
v 143.630508 115.671997 3.160000
v 143.953003 112.052002 3.160000
v 141.307999 112.513000 3.160000
v 141.628998 112.279999 3.160000
v 142.794998 115.553001 3.160000
v 142.742004 125.454002 0.000000
v 140.692993 116.837997 3.160000
v 143.290009 112.003998 3.160000
v 143.582001 115.665001 3.160000
v 84.565002 100.099998 0.000000
v 88.365005 97.598999 0.000000
v 88.049004 97.604004 0.000000
v 142.794998 115.671997 3.160000
v 140.502808 116.719101 3.160000
v 140.820999 112.828003 3.160000
v 123.125999 108.734001 0.000000
v 123.125999 108.734001 10.000000
v 152.057007 117.431000 3.160000
v 144.269653 115.764229 3.160000
v 140.677002 119.112000 3.160000
v 140.304993 119.026001 3.160000
v 140.951996 119.089005 3.160000
v 136.009995 129.824005 0.000000
v 87.737000 97.622002 0.000000
v 131.841995 135.186005 0.000000
v 138.815994 123.565002 3.160000
v 138.440002 123.514999 3.160000
v 139.960922 118.889343 3.160000
v 87.443001 97.651001 0.000000
v 87.171997 97.694000 0.000000
v 86.932999 97.746002 0.000000
v 88.680000 97.610001 0.000000
v 145.023361 126.897911 0.000000
v 145.151001 126.842003 0.000000
v 145.023361 126.897911 3.160000
v 134.074005 129.660995 0.000000
v 86.735001 97.807999 0.000000
v 85.927002 98.544998 0.000000
v 86.586998 97.877998 0.000000
v 86.357002 98.087006 0.000000
v 85.320999 99.227005 0.000000
v 145.356003 126.591003 3.160000
v 145.356003 126.591003 0.000000
v 132.852005 129.447006 0.000000
v 132.820007 129.433685 0.000000
v 132.388000 131.378998 0.000000
v 141.004623 119.055153 3.160000
v 133.380997 129.574005 0.000000
v 140.184296 116.520004 3.160000
v 139.617996 116.166000 3.160000
v 140.598007 112.836998 3.160000
v 129.054398 130.856003 0.000000
v 129.110001 130.925003 0.000000
v 132.026001 129.028992 0.000000
v 128.998001 130.785995 0.000000
v 62.032001 137.832001 0.000000
v 63.447002 137.927994 0.000000
v 60.526821 134.128006 0.000000
v 66.410004 134.128006 0.000000
v 65.164001 137.983994 0.000000
v 67.051003 138.000000 0.000000
v 68.968002 137.975006 0.000000
v 68.639000 134.110992 0.000000
v 70.783005 137.912994 0.000000
v 70.483002 134.050995 0.000000
v 72.360001 137.809998 0.000000
v 71.987999 133.940002 0.000000
v 73.563004 137.669006 0.000000
v 74.350998 137.518997 0.000000
v 73.203003 133.770996 0.000000
v 75.072998 137.339005 0.000000
v 73.990982 133.578842 0.000000
v 82.595001 135.313995 0.000000
v 83.403000 135.337997 0.000000
v 83.287003 131.643005 0.000000
v 139.182999 118.523003 3.160000
v 139.275192 118.568001 3.160000
v 137.938004 123.482002 3.160000
v 139.813995 118.831001 3.160000
v 145.770996 126.127998 0.000000
v 145.770996 126.127998 3.160000
v 146.244995 125.525002 3.160000
v 146.244995 125.525002 0.000000
v 82.072006 131.630997 0.000000
v 84.274002 135.348999 0.000000
v 83.667999 131.643234 0.000000
v 81.268997 135.231003 0.000000
v 81.875000 135.278000 0.000000
v 134.164001 124.594002 0.000000
v 135.029999 124.586998 0.000000
v 136.240005 124.570000 0.000000
v 137.203995 124.543999 0.000000
v 138.503998 124.453003 0.000000
v 134.042053 124.594589 0.000000
v 81.199005 131.600006 0.000000
v 79.794998 135.037003 0.000000
v 80.247002 135.089005 0.000000
v 80.612000 131.542999 0.000000
v 80.253998 131.447006 0.000000
v 80.070000 131.306000 0.000000
v 79.135002 135.037003 0.000000
v 78.889999 135.093994 0.000000
v 76.357002 132.067001 0.000000
v 78.678001 135.192001 0.000000
v 144.360001 127.025002 0.000000
v 144.298004 126.153999 0.000000
v 144.306000 125.749001 0.000000
v 144.289001 126.376999 0.000000
v 144.287003 126.774002 0.000000
v 78.287003 135.522003 0.000000
v 75.600998 132.813004 0.000000
v 77.862999 135.921997 0.000000
v 77.401001 136.279999 0.000000
v 75.475998 132.891708 0.000000
v 74.960999 133.216003 0.000000
v 78.484001 135.334000 0.000000
v 76.145004 132.313004 0.000000
v 76.895004 136.600006 0.000000
v 142.714996 115.671997 0.000000
v 147.132004 124.415001 0.000000
v 147.366211 124.025826 0.000000
v 147.366211 124.025826 3.160000
v 79.816002 130.218994 0.000000
v 79.910995 130.442001 0.000000
v 82.938995 128.483994 0.000000
v 83.330658 128.807999 0.000000
v 83.201996 128.710999 0.000000
v 79.969002 130.652008 0.000000
v 79.988998 130.846008 0.000000
v 80.000000 131.108002 0.000000
v 83.584000 128.998993 0.000000
v 83.667999 129.054108 0.000000
v 83.930000 129.225998 0.000000
v 144.311005 125.181000 0.000000
v 138.532852 124.447556 3.160000
v 138.532852 124.447556 0.000000
v 138.044998 124.495003 0.000000
v 145.462006 126.591003 0.000000
v 145.007004 126.913002 0.000000
v 80.022598 131.171936 0.000000
v 145.828003 126.208000 0.000000
v 138.503998 124.453003 3.160000
v 137.951004 124.507004 3.160000
v 137.951004 124.507004 0.000000
v 146.237000 125.709000 0.000000
v 137.203995 124.543999 3.160000
v 144.505997 127.129997 0.000000
v 107.514000 108.145004 10.000000
v 107.072998 109.016998 10.000000
v 107.421448 108.328003 3.160000
v 146.673996 125.106003 0.000000
v 134.326004 124.589996 0.000000
v 134.042053 124.594589 3.160000
v 152.384003 123.403000 3.160000
v 152.145996 123.496002 3.160000
v 152.384003 123.403000 10.000000
v 134.164001 124.594002 3.160000
v 106.049004 110.462997 10.000000
v 105.916000 110.541000 10.000000
v 105.951370 110.520264 3.160000
v 142.787994 123.081001 0.000000
v 144.313995 122.738998 0.000000
v 142.794998 121.806999 0.000000
v 135.029999 124.586998 3.160000
v 152.145996 123.496002 10.000000
v 151.832001 123.768997 10.000000
v 142.768997 124.306999 0.000000
v 144.315002 123.653000 0.000000
v 136.240005 124.570000 3.160000
v 151.832001 123.768997 3.160000
v 151.434006 124.227997 10.000000
v 131.841995 135.186005 3.160000
v 144.313995 124.474998 0.000000
v 144.309998 121.757004 0.000000
v 149.651001 126.829002 10.000000
v 150.350006 125.748001 10.000000
v 150.350006 125.748001 3.160000
v 149.651001 126.829002 3.160000
v 130.556000 135.149994 0.000000
v 130.556000 135.149994 3.160000
v 125.619003 133.429001 0.000000
v 125.238998 133.604996 0.000000
v 125.238998 133.604996 3.160000
v 124.737000 133.871002 0.000000
v 124.737000 133.871002 3.160000
v 128.136002 134.774994 3.160000
v 128.136002 134.774994 0.000000
v 127.625999 134.520996 0.000000
v 127.625999 134.520996 3.160000
v 129.546005 135.078003 0.000000
v 129.546005 135.078003 3.160000
v 150.941010 124.884003 10.000000
v 150.941010 124.884003 3.160000
v 128.759003 134.957001 0.000000
v 128.759003 134.957001 3.160000
v 125.910004 133.341003 0.000000
v 125.619003 133.429001 3.160000
v 125.910004 133.341003 3.160000
v 139.134995 124.286003 0.000000
v 100.431999 112.292999 10.000000
v 127.173004 134.182007 0.000000
v 127.173004 134.182007 3.160000
v 139.300003 124.012001 0.000000
v 139.266998 123.862000 0.000000
v 139.263000 124.164001 0.000000
v 139.156006 123.741997 0.000000
v 138.942993 123.649002 0.000000
v 138.891006 124.379997 0.000000
v 138.609009 123.579002 0.000000
v 138.130005 123.530998 0.000000
v 137.485992 123.500999 0.000000
v 137.309998 124.535004 0.000000
v 136.916000 123.490028 0.000000
v 126.327003 133.402008 0.000000
v 126.327003 133.402008 3.160000
v 126.513000 133.541000 3.160000
v 126.136002 133.334000 0.000000
v 126.136002 133.334000 3.160000
v 150.106995 119.934998 3.160000
v 150.106995 119.934998 10.000000
v 149.615173 120.615997 3.160000
v 139.354004 118.288002 0.000000
v 126.720001 133.746002 0.000000
v 126.720001 133.746002 3.160000
v 151.070267 124.711998 3.160000
v 126.513000 133.541000 0.000000
v 139.918976 118.568001 0.000000
v 140.677002 118.723000 0.000000
v 152.550995 123.477997 10.000000
v 152.544922 123.475266 3.160000
v 140.046005 118.625000 0.000000
v 140.507996 118.740997 0.000000
v 135.617004 123.479996 0.000000
v 134.847000 123.474998 0.000000
v 135.175995 124.578003 0.000000
v 105.673004 106.196999 3.160000
v 105.699661 106.279999 3.160000
v 105.673004 106.196999 10.000000
v 130.886032 131.320908 0.000000
v 130.886032 131.320908 3.160000
v 131.070999 131.322006 0.000000
v 104.250000 105.761002 10.000000
v 103.619003 105.725998 10.000000
v 104.250000 105.761002 3.160000
v 155.278992 121.352997 3.160000
v 155.278992 121.352997 10.000000
v 155.265656 120.783691 3.160000
v 134.072006 123.462997 0.000000
v 136.363998 124.559998 0.000000
v 136.654999 123.485001 0.000000
v 133.979202 124.594894 0.000000
v 133.311996 123.441002 0.000000
v 155.294601 122.265663 3.160000
v 104.744003 105.807999 3.160000
v 138.899002 118.030998 0.000000
v 105.386002 105.955002 3.160000
v 105.566002 106.061005 3.160000
v 105.386002 105.955002 10.000000
v 132.423996 129.268997 0.000000
v 133.339005 124.598000 0.000000
v 105.115997 105.871002 10.000000
v 105.256645 105.914757 3.160000
v 155.261719 120.615997 3.160000
v 132.820007 124.598679 0.000000
v 132.820007 123.421974 0.000000
v 152.774994 126.925003 10.000000
v 152.798996 127.753998 10.000000
v 137.977005 117.544998 0.000000
v 137.698227 117.429611 0.000000
v 137.100006 117.181999 0.000000
v 134.675995 116.828003 0.000000
v 133.912003 116.953003 0.000000
v 136.916000 117.129242 0.000000
v 124.087997 134.235001 3.160000
v 124.087997 134.235001 0.000000
v 76.816002 130.888000 0.000000
v 79.688004 129.985992 0.000000
v 79.572006 129.814514 0.000000
v 122.081001 135.369995 0.000000
v 122.081001 135.369995 3.160000
v 76.750999 131.251007 0.000000
v 82.666000 128.218002 0.000000
v 84.266006 129.397003 0.000000
v 84.619003 129.518997 0.000000
v 85.331001 124.848999 0.000000
v 85.014000 129.600998 0.000000
v 76.525002 131.820007 0.000000
v 76.654999 131.556000 0.000000
v 79.431000 135.018005 0.000000
v 123.259003 104.457001 0.000000
v 123.227997 102.212006 10.000000
v 122.968002 125.942001 0.000000
v 123.062004 125.615997 0.000000
v 107.514000 108.145004 3.160000
v 108.020004 107.108002 3.160000
v 142.794998 99.876999 10.000000
v 142.790726 100.136002 3.160000
v 142.774002 101.147995 10.000000
v 142.794998 99.876999 3.160000
v 142.774002 101.147995 3.160000
v 122.913597 126.116943 0.000000
v 123.080002 125.645996 0.000000
v 105.566002 106.061005 10.000000
v 79.272903 129.438095 0.000000
v 79.334999 129.507004 0.000000
v 81.867004 127.272003 0.000000
v 79.115997 129.264008 0.000000
v 78.591209 128.744247 0.000000
v 78.593163 128.746231 0.000000
v 81.430000 126.619003 0.000000
v 142.712997 102.096001 3.160000
v 142.712997 102.096001 10.000000
v 82.121002 127.601997 0.000000
v 105.725998 106.362000 3.160000
v 105.725998 106.362000 10.000000
v 142.697662 102.183998 3.160000
v 142.636368 102.535568 3.160000
v 142.602997 102.727005 10.000000
v 142.631424 102.563965 3.160000
v 142.602997 102.727005 3.160000
v 142.436996 103.046997 3.160000
v 142.436996 103.046997 10.000000
v 103.619003 105.725998 3.160000
v 123.100235 125.463051 0.000000
v 142.214600 103.058861 3.160000
v 142.212006 103.058998 10.000000
v 142.423218 103.047729 3.160000
v 142.212006 103.058998 3.160000
v 104.744003 105.807999 10.000000
v 73.093002 129.908997 0.000000
v 72.858002 130.565002 0.000000
v 76.856003 130.444000 0.000000
v 76.878006 129.901001 0.000000
v 76.882996 129.238998 0.000000
v 76.880569 128.807999 0.000000
v 73.117004 129.121994 0.000000
v 141.944550 102.793381 3.160000
v 141.921005 102.770004 10.000000
v 142.085907 102.933762 3.160000
v 141.921005 102.770004 3.160000
v 141.557007 102.184998 3.160000
v 141.557007 102.184998 10.000000
v 105.115997 105.871002 3.160000
v 141.115005 101.308998 3.160000
v 141.115005 101.308998 10.000000
v 141.556488 102.183998 3.160000
v 146.468002 112.960999 0.000000
v 146.852997 113.038002 0.000000
v 141.011993 101.100540 3.160000
v 103.120003 107.086998 10.000000
v 103.120003 107.086998 0.000000
v 102.000999 107.150002 10.000000
v 147.339996 113.042999 0.000000
v 142.794998 96.662003 10.000000
v 142.794998 96.662003 3.160000
v 104.000000 107.026001 10.000000
v 142.233215 96.652794 3.160000
v 145.751007 112.604996 0.000000
v 145.751007 112.604996 3.160000
v 145.222000 112.354004 0.000000
v 123.352997 129.386993 0.000000
v 122.617004 130.074005 0.000000
v 137.514008 99.106995 3.160000
v 136.298996 99.063995 3.160000
v 136.298996 99.063995 10.000000
v 137.514008 99.106995 10.000000
v 146.122009 112.817001 0.000000
v 99.675056 107.305962 3.160000
v 99.610001 107.311005 10.000000
v 100.398003 107.250000 10.000000
v 140.466995 100.112999 3.160000
v 140.126999 99.731995 3.160000
v 140.126999 99.731995 10.000000
v 140.466995 100.112999 10.000000
v 128.479004 129.315994 0.000000
v 128.296997 129.141006 0.000000
v 141.158005 112.666000 3.160000
v 141.001999 112.770996 0.000000
v 141.158005 112.666000 0.000000
v 100.117004 105.573997 10.000000
v 99.401001 105.528999 10.000000
v 100.052002 105.569916 3.160000
v 139.712006 99.462997 3.160000
v 139.712006 99.462997 10.000000
v 141.307999 112.513000 0.000000
v 139.169998 99.283997 3.160000
v 139.169998 99.283997 10.000000
v 128.723999 129.625000 0.000000
v 128.634003 129.494995 0.000000
v 138.453995 99.173996 3.160000
v 138.453995 99.173996 10.000000
v 102.834999 105.697998 3.160000
v 102.834999 105.697998 10.000000
v 143.630508 115.671997 0.000000
v 133.823059 98.988998 3.160000
v 133.690994 98.985001 10.000000
v 104.148003 105.755341 3.160000
v 142.794998 115.671997 0.000000
v 140.779999 100.630997 3.160000
v 140.779999 100.630997 10.000000
v 102.221001 105.679001 3.160000
v 102.221001 105.679001 10.000000
v 129.615005 131.130005 0.000000
v 129.307999 131.037003 0.000000
v 130.048996 131.212006 0.000000
v 130.630997 131.291992 0.000000
v 140.480896 100.136002 3.160000
v 144.268997 115.671997 0.000000
v 101.549004 105.651001 3.160000
v 101.729004 105.658501 3.160000
v 101.549004 105.651001 10.000000
v 100.117004 105.573997 3.160000
v 100.842003 105.615997 10.000000
v 134.716003 96.528000 3.160000
v 134.716003 96.528000 10.000000
v 134.259003 96.522095 3.160000
v 133.082001 131.470001 0.000000
v 141.001999 112.770996 3.160000
v 140.820999 112.828003 0.000000
v 132.761002 131.419998 0.000000
v 132.317001 96.497002 10.000000
v 132.820007 96.503494 3.160000
v 139.949997 112.696999 3.160000
v 139.488007 112.548996 3.160000
v 139.488007 112.548996 0.000000
v 139.949997 112.696999 0.000000
v 137.975006 96.583000 10.000000
v 137.975006 96.583000 3.160000
v 140.313004 112.792999 3.160000
v 140.313004 112.792999 0.000000
v 140.598007 112.836998 0.000000
v 131.533997 131.330002 0.000000
v 131.977005 131.350006 0.000000
v 107.462044 108.247742 3.160000
v 138.908005 112.346001 0.000000
v 145.222000 112.354004 3.160000
v 105.778000 110.625999 10.000000
v 105.778000 110.625999 3.160000
v 105.916000 110.541000 3.160000
v 144.609009 112.168999 3.160000
v 144.609009 112.168999 0.000000
v 106.442001 110.137001 3.160000
v 106.442001 110.137001 10.000000
v 106.306747 110.300323 3.160000
v 106.283005 110.329002 10.000000
v 143.953003 112.052002 0.000000
v 141.628998 112.279999 0.000000
v 142.089996 112.117004 0.000000
v 142.089996 112.117004 3.160000
v 105.637001 110.711998 10.000000
v 105.637001 110.711998 3.160000
v 136.916000 117.428093 3.160000
v 137.039886 117.476913 3.160000
v 135.214996 123.441002 3.160000
v 106.301430 110.306747 3.160000
v 128.921997 130.039993 0.000000
v 128.957001 130.218002 0.000000
v 131.596008 128.714996 0.000000
v 131.723358 128.807999 0.000000
v 128.856995 129.860001 0.000000
v 128.961884 130.642334 0.000000
v 128.953995 130.610992 0.000000
v 128.959000 130.391998 0.000000
v 128.759995 129.677002 0.000000
v 131.046005 128.229996 0.000000
v 106.049004 110.462997 3.160000
v 130.531998 127.653999 0.000000
v 106.174004 110.391998 3.160000
v 106.283005 110.329002 3.160000
v 106.174004 110.391998 10.000000
v 137.507004 117.660995 3.160000
v 135.876999 123.455002 3.160000
v 138.389999 118.102997 3.160000
v 136.497009 123.458000 3.160000
v 137.294998 123.463997 3.160000
v 105.499001 110.801003 10.000000
v 105.369003 110.882996 3.160000
v 105.499001 110.801003 3.160000
v 142.656998 112.025002 0.000000
v 142.656998 112.025002 3.160000
v 143.290009 112.003998 0.000000
v 145.425003 105.632996 0.000000
v 145.425003 105.632996 3.160000
v 145.699005 105.306000 3.160000
v 145.699005 105.306000 0.000000
v 145.165009 105.915001 0.000000
v 145.165009 105.915001 3.160000
v 130.076004 127.028999 0.000000
v 128.089996 128.972000 0.000000
v 123.952003 128.539001 0.000000
v 99.333000 111.976997 10.000000
v 100.052002 112.183739 3.160000
v 146.057007 104.699997 0.000000
v 146.057007 104.699997 3.160000
v 146.156006 104.334999 3.160000
v 146.156006 104.334999 0.000000
v 87.772003 102.652000 10.000000
v 87.764000 102.680664 3.160000
v 87.568001 103.382996 10.000000
v 103.989998 111.683998 3.160000
v 145.906998 105.010002 0.000000
v 145.906998 105.010002 3.160000
v 91.468002 100.651001 10.000000
v 91.468002 100.651001 3.160000
v 91.624001 100.335999 3.160000
v 91.624001 100.335999 10.000000
v 100.431999 112.292999 3.160000
v 127.897179 128.807999 0.000000
v 127.528000 128.494003 0.000000
v 144.921997 106.139000 3.160000
v 144.921997 106.139000 0.000000
v 104.148003 111.593391 3.160000
v 105.191269 110.995102 3.160000
v 105.249001 110.961998 10.000000
v 144.423996 106.436996 3.160000
v 144.423996 106.436996 0.000000
v 144.138000 106.523003 0.000000
v 144.138000 106.523003 3.160000
v 90.649002 102.908997 3.160000
v 143.806000 106.573997 0.000000
v 143.806000 106.573997 3.160000
v 120.722000 130.981003 0.000000
v 121.739998 130.604004 0.000000
v 120.821999 128.932999 0.000000
v 119.719002 129.468002 0.000000
v 121.000687 128.807999 0.000000
v 119.958000 131.130005 0.000000
v 118.875999 131.263000 0.000000
v 121.723999 128.302002 0.000000
v 118.514000 129.876007 0.000000
v 143.410995 106.598999 0.000000
v 143.410995 106.598999 3.160000
v 90.780998 102.406998 10.000000
v 105.465004 106.790001 10.000000
v 105.145004 106.882004 0.000000
v 105.145004 106.882004 10.000000
v 142.940002 106.600998 0.000000
v 142.940002 106.600998 3.160000
v 91.311005 100.996002 3.160000
v 91.311005 100.996002 10.000000
v 104.667000 106.959000 10.000000
v 142.261002 106.559998 0.000000
v 142.261002 106.559998 3.160000
v 141.651001 106.451004 0.000000
v 141.651001 106.451004 3.160000
v 117.601997 131.373993 0.000000
v 117.306999 130.132996 0.000000
v 91.153999 101.367996 3.160000
v 144.681000 106.309998 0.000000
v 144.681000 106.309998 3.160000
v 105.726578 106.411873 3.160000
v 105.727997 106.535004 3.160000
v 105.727997 106.535004 10.000000
v 113.598999 135.291992 0.000000
v 117.306808 131.392075 0.000000
v 90.480003 103.986000 10.000000
v 116.263000 131.455994 0.000000
v 116.198997 130.209000 0.000000
v 141.106995 106.270004 0.000000
v 141.106995 106.270004 3.160000
v 105.649002 106.676003 10.000000
v 105.682739 106.615784 3.160000
v 105.718742 106.551529 3.160000
v 105.649002 106.676003 0.000000
v 85.439003 103.440002 10.000000
v 85.617996 103.272995 3.160000
v 85.617996 103.272995 10.000000
v 136.929001 107.071999 3.160000
v 136.919998 105.759003 3.160000
v 136.919998 105.759003 0.000000
v 136.929001 107.071999 0.000000
v 105.465004 106.790001 0.000000
v 136.971008 111.651001 3.160000
v 136.971008 111.651001 0.000000
v 122.425003 127.405998 0.000000
v 136.923996 104.722000 3.160000
v 136.923996 104.722000 0.000000
v 85.740005 103.188004 10.000000
v 108.020004 107.108002 10.000000
v 140.186005 105.675003 3.160000
v 140.186005 105.675003 0.000000
v 139.796005 105.250999 0.000000
v 139.796005 105.250999 3.160000
v 127.050003 127.970001 0.000000
v 87.339005 104.063995 3.160000
v 87.271095 104.231995 3.160000
v 87.339005 104.063995 10.000000
v 139.442001 104.737000 0.000000
v 139.442001 104.737000 3.160000
v 126.336998 126.750999 0.000000
v 126.653999 127.389999 0.000000
v 129.432007 125.806000 0.000000
v 125.932999 125.270004 0.000000
v 126.098000 126.046997 0.000000
v 129.290009 125.294998 0.000000
v 140.621002 106.013000 3.160000
v 140.621002 106.013000 0.000000
v 85.117004 103.777000 10.000000
v 84.675003 104.268005 10.000000
v 84.707413 104.231995 3.160000
v 85.117004 103.777000 3.160000
v 139.119995 104.128998 3.160000
v 138.908005 112.346001 3.160000
v 87.535255 103.480370 3.160000
v 87.568001 103.382996 3.160000
v 129.701996 126.398003 0.000000
v 129.296997 124.910004 0.000000
v 129.459747 124.711998 0.000000
v 86.253998 102.837006 10.000000
v 86.063004 102.966003 10.000000
v 86.063004 102.966003 3.160000
v 120.836449 117.547737 0.000000
v 85.888000 103.084000 10.000000
v 85.927460 103.057396 3.160000
v 119.864998 117.050003 0.000000
v 119.864998 117.050003 10.000000
v 120.351997 117.239998 10.000000
v 119.307999 116.908997 10.000000
v 119.307999 116.908997 0.000000
v 120.461998 117.313004 0.000000
v 120.461998 117.313004 3.160000
v 119.792999 117.074997 3.160000
v 119.792999 117.074997 0.000000
v 86.456001 102.701004 10.000000
v 86.456367 102.700760 3.160000
v 86.664001 102.563995 10.000000
v 86.664001 102.563995 3.160000
v 86.735901 102.516068 3.160000
v 101.203003 107.195000 10.000000
v 101.203003 107.195000 0.000000
v 118.650002 116.801003 0.000000
v 100.398003 107.250000 0.000000
v 124.940002 124.994003 0.000000
v 124.770859 126.148956 0.000000
v 87.794334 101.821960 3.160000
v 88.023003 101.671997 10.000000
v 87.764000 101.841850 3.160000
v 85.439003 103.440002 3.160000
v 124.742004 126.346001 0.000000
v 85.740005 103.188004 3.160000
v 85.888000 103.084000 3.160000
v 124.627998 126.756470 0.000000
v 124.414001 127.527000 0.000000
v 118.962997 116.916000 0.000000
v 118.962997 116.916000 3.160000
v 117.953003 116.818001 3.160000
v 117.953003 116.818001 0.000000
v 100.842003 105.615997 3.160000
v 117.465004 116.792999 0.000000
v 130.772003 123.287926 0.000000
v 130.479004 123.251999 0.000000
v 130.511002 124.574997 0.000000
v 130.339996 124.563004 0.000000
v 130.003998 123.175003 0.000000
v 130.246994 124.553001 0.000000
v 130.839996 124.584999 0.000000
v 130.846008 123.296997 0.000000
v 130.772003 124.582932 0.000000
v 131.306000 124.593002 0.000000
v 131.334000 123.341003 0.000000
v 131.891998 124.598000 0.000000
v 131.921997 123.378998 0.000000
v 132.574997 124.598999 0.000000
v 116.999001 116.778999 3.160000
v 116.999001 116.778999 0.000000
v 78.869995 129.027008 0.000000
v 98.100998 131.688004 3.160000
v 96.865005 131.669998 3.160000
v 98.100998 131.688004 10.000000
v 116.569000 116.778000 3.160000
v 116.569000 116.778000 0.000000
v 78.376999 128.527008 0.000000
v 79.527000 129.748001 0.000000
v 82.391006 127.919998 0.000000
v 123.098946 108.981956 0.000000
v 86.456001 102.701004 3.160000
v 98.500999 129.621002 3.160000
v 99.528000 129.596008 10.000000
v 98.500999 129.621002 10.000000
v 123.134003 107.754997 3.160000
v 123.134003 107.754997 0.000000
v 76.341995 136.880997 0.000000
v 74.179001 133.533005 0.000000
v 72.408997 131.091995 0.000000
v 72.974258 133.802811 0.000000
v 71.738998 131.494995 0.000000
v 86.871002 102.425995 3.160000
v 86.871002 102.425995 10.000000
v 70.845001 131.777008 0.000000
v 123.152000 106.078003 3.160000
v 123.152000 106.078003 0.000000
v 69.719002 131.944000 0.000000
v 68.359001 131.998001 0.000000
v 87.072998 102.294998 10.000000
v 123.167000 103.451996 3.160000
v 146.238007 103.263000 0.000000
v 146.238007 103.263000 3.160000
v 146.235992 102.469002 3.160000
v 146.235992 102.469002 0.000000
v 95.992004 129.485992 3.160000
v 95.992004 129.485992 10.000000
v 95.956001 129.478958 3.160000
v 146.214005 103.871002 0.000000
v 146.214005 103.871002 3.160000
v 91.731689 100.136002 3.160000
v 88.023003 101.671997 3.160000
v 87.772003 102.652000 3.160000
v 65.704002 129.265625 0.000000
v 146.218002 101.446999 3.160000
v 146.218002 101.446999 0.000000
v 87.889313 101.759674 3.160000
v 146.167999 99.986000 0.000000
v 146.167999 99.986000 3.160000
v 146.084000 98.748001 3.160000
v 146.084000 98.748001 0.000000
v 99.376999 131.636993 10.000000
v 96.865005 131.669998 10.000000
v 145.785995 96.841995 0.000000
v 145.785995 96.841995 3.160000
v 145.559998 96.122002 3.160000
v 145.559998 96.122002 0.000000
v 96.846916 131.668747 3.160000
v 145.959000 97.709000 0.000000
v 145.959000 97.709000 3.160000
v 95.408997 129.371994 10.000000
v 75.736000 137.126999 0.000000
v 90.780998 102.406998 3.160000
v 96.714996 129.565002 10.000000
v 96.714996 129.565002 3.160000
v 78.585999 128.738007 0.000000
v 97.556999 129.610001 10.000000
v 81.221046 126.223610 0.000000
v 81.105904 125.989517 0.000000
v 77.959999 127.992996 0.000000
v 90.461746 104.231995 3.160000
v 90.480003 103.986000 3.160000
v 83.667999 123.123489 0.000000
v 82.829002 123.119003 0.000000
v 83.306999 124.858002 0.000000
v 82.460838 123.104996 0.000000
v 95.695999 131.589005 10.000000
v 95.695999 131.589005 3.160000
v 94.625999 131.447998 10.000000
v 77.345001 126.790001 0.000000
v 77.617996 127.417999 0.000000
v 93.686005 131.248001 3.160000
v 93.686005 131.248001 10.000000
v 80.570000 124.900002 0.000000
v 76.913002 124.505997 0.000000
v 80.561005 125.069000 0.000000
v 93.510773 131.190338 3.160000
v 93.473999 131.178238 3.160000
v 94.987000 129.225006 3.160000
v 94.987000 129.225006 10.000000
v 94.352692 128.807999 3.160000
v 77.335976 126.760002 0.000000
v 80.651291 125.065262 0.000000
v 92.902000 130.990005 3.160000
v 92.305000 130.682007 10.000000
v 92.902000 130.990005 10.000000
v 77.138000 126.101997 0.000000
v 138.209000 115.610001 3.160000
v 136.916000 115.290504 3.160000
v 136.574005 115.206001 3.160000
v 99.376999 131.636993 3.160000
v 81.266006 126.315002 0.000000
v 81.634003 126.941002 0.000000
v 83.667999 124.853462 0.000000
v 84.887001 124.846001 0.000000
v 83.948128 129.235229 0.000000
v 87.072998 102.294998 3.160000
v 133.809906 112.423996 3.160000
v 133.810883 112.535873 3.160000
v 78.154587 128.242188 0.000000
v 78.654068 128.807999 0.000000
v 86.253998 102.837006 3.160000
v 76.181000 126.196999 0.000000
v 76.423004 126.511002 0.000000
v 97.556999 129.610001 3.160000
v 76.878998 128.529007 0.000000
v 133.816544 113.186996 3.160000
v 99.528000 129.596008 3.160000
v 76.602997 126.813004 0.000000
v 72.936005 128.199005 0.000000
v 76.727997 127.135002 0.000000
v 76.809998 127.508003 0.000000
v 76.857002 127.961998 0.000000
v 73.055420 128.807999 0.000000
v 76.571411 126.760002 0.000000
v 100.615997 129.535004 3.160000
v 133.819000 113.470001 3.160000
v 134.822006 114.986000 3.160000
v 133.453873 114.984451 3.160000
v 94.625999 131.447998 3.160000
v 133.057999 114.984001 3.160000
v 91.770996 100.063004 10.000000
v 91.770996 100.063004 3.160000
v 91.860001 99.914665 3.160000
v 75.865997 125.839996 0.000000
v 76.994995 125.344002 0.000000
v 95.408997 129.371994 3.160000
v 75.652000 125.609001 0.000000
v 72.721001 127.666000 0.000000
v 75.475998 125.426659 0.000000
v 92.305000 130.682007 3.160000
v 91.860001 130.380127 3.160000
v 92.268906 130.657516 3.160000
v 98.889999 121.263000 3.160000
v 99.429016 120.894096 3.160000
v 98.889999 121.263000 10.000000
v 99.717003 120.696999 10.000000
v 99.717003 120.696999 3.160000
v 80.539001 123.104996 0.000000
v 126.844002 103.393997 3.160000
v 126.878998 104.181999 10.000000
v 126.844002 103.393997 10.000000
v 76.911072 123.087357 0.000000
v 76.938004 122.535004 0.000000
v 74.992996 122.455002 0.000000
v 133.793259 110.510818 3.160000
v 74.505005 123.306000 0.000000
v 76.887001 123.581001 0.000000
v 75.208000 125.154999 0.000000
v 75.430000 125.378998 0.000000
v 80.654137 122.562927 0.000000
v 76.960312 122.380524 0.000000
v 152.684998 124.804001 10.000000
v 152.716995 125.431999 10.000000
v 133.755997 106.225998 3.160000
v 77.084000 121.524002 0.000000
v 75.761002 121.246002 0.000000
v 152.649994 124.275002 10.000000
v 75.475998 121.694656 0.000000
v 152.748001 126.145004 10.000000
v 133.793655 110.555984 3.160000
v 80.623001 122.505997 0.000000
v 74.648003 116.714996 0.000000
v 73.638000 117.920998 0.000000
v 76.850006 119.608002 0.000000
v 151.434006 124.227997 3.160000
v 77.173340 121.160240 0.000000
v 80.665001 122.066002 0.000000
v 152.615997 123.866997 10.000000
v 77.307007 120.615997 0.000000
v 152.582001 123.596001 10.000000
v 76.179848 120.615997 0.000000
v 77.320999 120.558998 0.000000
v 78.042999 118.820999 0.000000
v 77.641998 119.653999 0.000000
v 81.227997 120.645996 0.000000
v 126.074715 120.615997 3.160000
v 124.840004 120.556000 3.160000
v 126.114998 120.399002 3.160000
v 126.561005 119.112000 3.160000
v 80.876999 121.456001 0.000000
v 80.785995 122.804001 0.000000
v 81.186005 122.986000 0.000000
v 81.856003 123.082001 0.000000
v 83.667999 117.830215 0.000000
v 83.464996 117.926003 0.000000
v 85.654999 123.139000 0.000000
v 74.737244 124.711998 0.000000
v 72.400002 127.209999 0.000000
v 74.788002 124.757004 0.000000
v 74.992004 124.945999 0.000000
v 71.971001 126.826004 0.000000
v 74.316002 124.367996 0.000000
v 70.005005 126.100998 0.000000
v 69.020996 123.479996 0.000000
v 69.119003 125.999001 0.000000
v 68.111000 125.964996 0.000000
v 74.443001 124.460999 0.000000
v 70.775002 126.273003 0.000000
v 131.798996 118.244003 3.160000
v 132.247009 117.974998 3.160000
v 133.186996 123.356003 3.160000
v 133.850006 123.389999 3.160000
v 133.033997 117.568001 3.160000
v 133.778000 117.279999 3.160000
v 134.531998 123.418999 3.160000
v 134.497009 117.114998 3.160000
v 135.210007 117.068001 3.160000
v 135.936005 117.143997 3.160000
v 136.695007 117.341003 3.160000
v 74.602997 124.593002 0.000000
v 128.538666 116.594467 3.160000
v 128.631470 116.520004 3.160000
v 71.430000 126.513000 0.000000
v 130.080994 115.665001 3.160000
v 131.389999 115.235001 3.160000
v 128.942993 116.270004 3.160000
v 129.651535 115.893318 3.160000
v 74.207001 124.195000 0.000000
v 163.473999 117.720001 10.000000
v 163.460815 117.816971 3.160000
v 163.403000 118.242004 10.000000
v 74.257004 123.862999 0.000000
v 72.777000 118.954002 0.000000
v 127.975998 117.045998 3.160000
v 62.134003 132.324005 0.000000
v 122.004997 119.893997 3.160000
v 121.848999 119.222000 3.160000
v 60.517002 133.136002 0.000000
v 60.480999 133.330002 0.000000
v 61.357002 132.427002 0.000000
v 60.462376 133.480133 0.000000
v 58.648003 130.184998 0.000000
v 58.407001 130.578003 0.000000
v 60.862999 132.598999 0.000000
v 60.744999 132.699997 0.000000
v 60.648003 132.820999 0.000000
v 60.572002 132.966995 0.000000
v 57.888000 131.643997 0.000000
v 57.646999 132.753006 0.000000
v 58.416000 135.871002 0.000000
v 59.111000 136.686005 0.000000
v 60.382000 134.128006 0.000000
v 122.125999 120.681000 3.160000
v 122.116005 120.615997 3.160000
v 127.181000 117.995003 3.160000
v 132.587997 123.413002 0.000000
v 135.458008 116.823997 0.000000
v 136.263000 116.942001 0.000000
v 129.914001 101.557999 10.000000
v 129.914001 101.557999 3.160000
v 129.869003 100.484001 3.160000
v 129.839737 100.136002 3.160000
v 129.869003 100.484001 10.000000
v 129.806000 99.735001 10.000000
v 130.141998 124.553001 0.000000
v 129.682007 124.621002 0.000000
v 129.796005 124.594002 0.000000
v 129.649002 123.101997 0.000000
v 129.574997 124.653999 0.000000
v 129.397003 123.018997 0.000000
v 129.237000 122.910004 0.000000
v 126.498001 100.070999 10.000000
v 126.503929 100.136002 3.160000
v 126.546997 100.608002 10.000000
v 126.546997 100.608002 3.160000
v 126.650002 101.208000 3.160000
v 129.912994 124.572998 0.000000
v 130.029007 124.558998 0.000000
v 59.996002 137.309998 0.000000
v 61.056000 137.695007 0.000000
v 62.129219 131.998001 0.000000
v 62.131134 132.128601 0.000000
v 65.704002 131.998001 0.000000
v 62.133331 132.278336 0.000000
v 61.169003 132.462997 0.000000
v 61.005001 132.520004 0.000000
v 60.604794 132.903992 0.000000
v 62.122227 131.521179 0.000000
v 62.114464 130.991699 0.000000
v 62.100372 130.030914 0.000000
v 58.970001 129.412003 0.000000
v 80.720001 131.580002 10.000000
v 80.543037 131.542435 3.160000
v 80.329002 131.496994 10.000000
v 80.329002 131.496994 3.160000
v 80.295143 131.479004 3.160000
v 65.681000 130.115997 0.000000
v 65.684006 129.781006 0.000000
v 65.695999 129.421005 0.000000
v 65.704002 131.679993 0.000000
v 65.681000 131.679993 0.000000
v 58.833000 129.813995 0.000000
v 144.492004 94.589996 0.000000
v 144.492004 94.589996 3.160000
v 143.492004 93.722000 3.160000
v 143.492004 93.722000 0.000000
v 145.272995 95.524002 0.000000
v 145.272995 95.524002 3.160000
v 57.666000 133.858002 0.000000
v 57.927002 134.914001 0.000000
v 144.919006 95.022995 0.000000
v 144.919006 95.022995 3.160000
v 139.119995 104.128998 0.000000
v 138.994995 103.880997 0.000000
v 138.994995 103.880997 3.160000
v 65.704002 125.963997 0.000000
v 65.704002 123.479996 0.000000
v 62.024002 124.822998 0.000000
v 59.067001 128.932007 0.000000
v 59.128002 128.322998 0.000000
v 59.164001 127.532997 0.000000
v 83.584000 128.953995 10.000000
v 83.201996 128.610001 10.000000
v 83.584000 128.953995 3.160000
v 62.022213 124.711998 0.000000
v 59.184002 125.218002 0.000000
v 59.179001 126.515999 0.000000
v 80.107002 131.378998 3.160000
v 80.053833 131.293610 3.160000
v 80.107002 131.378998 10.000000
v 80.007996 131.220001 10.000000
v 61.986000 122.461998 0.000000
v 61.900002 119.291000 0.000000
v 61.947006 120.615997 0.000000
v 65.709000 119.578003 0.000000
v 65.704002 120.466003 0.000000
v 163.363998 119.024002 10.000000
v 163.363998 119.024002 3.160000
v 79.984001 131.011993 10.000000
v 79.984001 131.011993 3.160000
v 79.956001 130.845001 10.000000
v 79.956001 130.845001 3.160000
v 164.364548 116.618530 3.160000
v 164.338562 116.653000 3.160000
v 164.373993 116.606003 10.000000
v 79.744003 130.363998 3.160000
v 79.725983 130.332916 3.160000
v 79.744003 130.363998 10.000000
v 79.572998 130.069000 10.000000
v 59.179001 123.949997 0.000000
v 79.572006 130.067444 3.160000
v 79.572998 130.069000 3.160000
v 164.281998 116.727997 10.000000
v 164.281998 116.727997 3.160000
v 164.173996 116.841995 10.000000
v 79.992691 131.087326 3.160000
v 80.007996 131.220001 3.160000
v 163.929993 117.033997 10.000000
v 163.929993 117.033997 3.160000
v 163.731995 117.180000 10.000000
v 163.731995 117.180000 3.160000
v 79.874001 130.626999 10.000000
v 163.580994 117.388000 10.000000
v 59.122002 122.114998 0.000000
v 59.160999 122.931999 0.000000
v 61.948002 120.643997 0.000000
v 80.169327 131.412125 3.160000
v 164.056000 116.945999 10.000000
v 59.056000 121.449997 0.000000
v 58.957001 120.886002 0.000000
v 164.373993 116.606003 3.160000
v 164.427399 116.520004 3.160000
v 83.373001 131.677994 10.000000
v 83.373001 131.677994 3.160000
v 82.195000 131.664001 10.000000
v 82.195000 131.664001 3.160000
v 163.541946 117.509163 3.160000
v 163.473999 117.720001 3.160000
v 80.212173 116.520004 0.000000
v 79.671005 116.877998 0.000000
v 81.845001 119.520996 0.000000
v 79.061996 117.419998 0.000000
v 78.518005 118.070999 0.000000
v 81.244453 120.615997 0.000000
v 81.326996 131.632996 10.000000
v 163.580994 117.388000 3.160000
v 81.206154 131.622452 3.160000
v 80.720001 131.580002 3.160000
v 78.959488 116.520004 0.000000
v 80.215515 131.436676 3.160000
v 78.301003 117.476997 0.000000
v 79.367004 129.748993 10.000000
v 79.367004 129.748993 3.160000
v 75.770996 115.378998 0.000000
v 74.811913 116.520004 0.000000
v 79.128998 129.412994 10.000000
v 79.278374 129.623886 3.160000
v 75.587997 133.110992 10.000000
v 76.169006 132.561996 10.000000
v 75.807068 132.903992 3.160000
v 76.169006 132.561996 3.160000
v 159.584000 116.945999 10.000000
v 159.584000 116.945999 3.160000
v 159.459000 116.844002 10.000000
v 159.459000 116.844002 3.160000
v 82.591003 118.612999 0.000000
v 81.554001 115.791000 0.000000
v 82.594002 115.418999 0.000000
v 160.037994 117.704002 10.000000
v 160.037994 117.704002 3.160000
v 159.927002 117.345001 10.000000
v 159.927002 117.345001 3.160000
v 79.128998 129.412994 3.160000
v 78.865997 129.074005 3.160000
v 78.865997 129.074005 10.000000
v 160.162994 119.061005 3.160000
v 78.585999 128.738007 10.000000
v 78.651047 128.816055 3.160000
v 80.578003 116.278000 0.000000
v 159.778992 117.114998 10.000000
v 76.895004 131.561996 3.160000
v 76.895004 131.561996 10.000000
v 77.024002 131.240005 10.000000
v 160.162994 119.061005 10.000000
v 160.113998 118.255997 10.000000
v 76.820915 131.691757 3.160000
v 138.600006 103.257004 3.160000
v 138.731995 103.438995 3.160000
v 138.600006 103.257004 0.000000
v 138.731995 103.438995 0.000000
v 160.113998 118.255997 3.160000
v 76.718002 131.871994 10.000000
v 76.718002 131.871994 3.160000
v 76.477997 132.195999 10.000000
v 81.773956 112.423996 0.000000
v 78.266434 112.423996 0.000000
v 80.153999 114.783997 0.000000
v 78.201996 112.500000 0.000000
v 76.966995 113.959000 0.000000
v 75.475998 115.729950 0.000000
v 76.477997 132.195999 3.160000
v 76.361267 132.334274 3.160000
v 138.863998 103.649002 3.160000
v 138.863998 103.649002 0.000000
v 77.156998 130.444000 3.160000
v 77.156998 130.444000 10.000000
v 77.181000 129.914001 10.000000
v 136.942001 103.931999 3.160000
v 136.977005 103.360001 3.160000
v 136.942001 103.931999 0.000000
v 79.438995 111.041000 0.000000
v 76.365997 109.912003 0.000000
v 159.427689 116.810532 3.160000
v 77.107002 130.876007 10.000000
v 83.667999 115.166756 0.000000
v 77.186005 127.128998 10.000000
v 77.186005 127.128998 3.160000
v 77.186005 129.261993 10.000000
v 138.473999 103.104996 0.000000
v 138.473999 103.104996 3.160000
v 164.509003 116.357002 3.160000
v 164.509003 116.357002 10.000000
v 164.546997 116.237000 10.000000
v 138.356995 102.992004 0.000000
v 138.356995 102.992004 3.160000
v 138.253998 102.917999 3.160000
v 164.123001 115.709000 3.160000
v 164.312347 115.774292 3.160000
v 164.123001 115.709000 10.000000
v 72.417999 114.156998 0.000000
v 72.154999 114.497002 0.000000
v 164.326004 115.778999 3.160000
v 164.460999 115.870003 10.000000
v 164.326004 115.778999 10.000000
v 83.667999 129.020050 3.160000
v 71.915001 114.826996 0.000000
v 70.829002 116.388000 0.000000
v 70.533005 114.856003 0.000000
v 66.932999 116.229004 0.000000
v 70.635002 115.321999 0.000000
v 73.270996 113.175003 0.000000
v 72.985001 113.486000 0.000000
v 138.167007 102.893005 0.000000
v 138.084000 102.889999 3.160000
v 138.167007 102.893005 3.160000
v 137.988007 102.876999 0.000000
v 137.988007 102.876999 3.160000
v 164.451004 116.482002 10.000000
v 164.451004 116.482002 3.160000
v 80.031433 131.257645 3.160000
v 164.559006 116.123001 10.000000
v 164.537003 115.984001 10.000000
v 164.537003 115.984001 3.160000
v 137.031006 102.979004 3.160000
v 137.110001 102.759003 3.160000
v 137.031006 102.979004 0.000000
v 72.699005 113.816002 0.000000
v 73.546005 112.892998 0.000000
v 74.031006 112.455002 0.000000
v 73.803001 112.650002 0.000000
v 74.350006 112.154999 0.000000
v 126.704002 101.566002 3.160000
v 126.704002 101.566002 10.000000
v 126.650002 101.208000 10.000000
v 137.882996 102.860001 3.160000
v 137.882996 102.860001 0.000000
v 126.755997 102.065002 10.000000
v 126.755997 102.065002 3.160000
v 137.772003 102.834999 0.000000
v 137.772003 102.834999 3.160000
v 126.803001 102.681000 10.000000
v 137.660004 102.805000 3.160000
v 137.660004 102.805000 0.000000
v 137.548004 102.772003 3.160000
v 137.548004 102.772003 0.000000
v 161.589996 115.576996 10.000000
v 161.169998 115.555000 10.000000
v 161.492004 115.571869 3.160000
v 69.775002 113.414001 0.000000
v 66.792000 116.042000 0.000000
v 70.028000 113.726997 0.000000
v 70.235001 114.066002 0.000000
v 70.401001 114.438995 0.000000
v 69.469002 113.117996 0.000000
v 69.104004 112.832001 0.000000
v 68.677002 112.548004 0.000000
v 137.442001 102.734001 3.160000
v 66.899002 116.448997 0.000000
v 126.880493 104.231995 3.160000
v 161.900787 115.587021 3.160000
v 162.024002 115.591003 10.000000
v 137.343002 102.693001 0.000000
v 137.343002 102.693001 3.160000
v 162.459991 115.595001 3.160000
v 163.020996 115.602997 10.000000
v 162.459991 115.595001 10.000000
v 82.065002 112.000000 0.000000
v 80.638000 109.628998 0.000000
v 81.766998 108.306999 0.000000
v 137.212006 102.673004 0.000000
v 137.212006 102.673004 3.160000
v 163.479004 115.622002 3.160000
v 163.843002 115.658005 10.000000
v 163.479004 115.622002 10.000000
v 161.589996 115.576996 3.160000
v 129.734497 99.354202 3.160000
v 129.714005 99.244995 10.000000
v 80.531006 104.940002 0.000000
v 162.024002 115.591003 3.160000
v 164.546997 116.237000 3.160000
v 164.559006 116.123001 3.160000
v 129.570007 96.540001 10.000000
v 129.570007 96.540001 3.160000
v 130.647003 96.497002 10.000000
v 130.647003 96.497002 3.160000
v 75.542999 110.854004 0.000000
v 132.317001 96.497002 3.160000
v 77.301003 108.820999 0.000000
v 78.326004 107.607002 0.000000
v 79.410004 106.303001 0.000000
v 128.736008 98.287994 3.160000
v 128.723999 98.268555 3.160000
v 128.736008 98.287994 10.000000
v 84.815002 115.026001 0.000000
v 128.957001 96.638000 10.000000
v 74.862000 111.611000 0.000000
v 136.977005 103.360001 0.000000
v 66.826996 112.097000 0.000000
v 66.470001 115.889000 0.000000
v 67.957001 112.290001 0.000000
v 129.714005 99.244995 3.160000
v 129.584000 98.942001 3.160000
v 129.584000 98.942001 10.000000
v 63.188000 115.542847 0.000000
v 61.748001 117.665001 0.000000
v 63.327000 115.542000 0.000000
v 65.725998 118.871002 0.000000
v 129.490311 98.844582 3.160000
v 65.811996 117.895996 0.000000
v 65.832054 117.815536 0.000000
v 63.846001 115.556000 0.000000
v 64.384003 115.584999 0.000000
v 129.140030 98.606689 3.160000
v 129.135208 98.603920 3.160000
v 129.177002 98.627998 10.000000
v 138.253998 102.917999 0.000000
v 65.891006 117.579002 0.000000
v 66.000000 117.343002 0.000000
v 138.084000 102.889999 0.000000
v 66.143005 117.160004 0.000000
v 65.270996 115.663002 0.000000
v 66.843567 116.520004 0.000000
v 66.720337 116.677826 0.000000
v 66.695999 116.709000 0.000000
v 65.964996 115.764000 0.000000
v 66.324997 117.007996 0.000000
v 137.110001 102.759003 0.000000
v 126.498001 100.070999 3.160000
v 65.757996 118.319000 0.000000
v 61.836002 118.324997 0.000000
v 137.442001 102.734001 0.000000
v 159.662003 115.375000 3.160000
v 159.845001 115.417999 10.000000
v 159.662003 115.375000 10.000000
v 160.100006 115.459000 3.160000
v 160.100006 115.459000 10.000000
v 159.475998 115.326004 10.000000
v 129.477005 124.691002 0.000000
v 160.412994 115.496002 10.000000
v 160.773010 115.528000 10.000000
v 161.169998 115.555000 3.160000
v 159.109009 115.345001 3.160000
v 159.109009 115.345001 10.000000
v 159.040009 115.412003 10.000000
v 159.011002 116.125000 10.000000
v 159.069000 116.279999 10.000000
v 159.203003 115.307999 10.000000
v 129.154999 122.761002 0.000000
v 125.839005 124.417000 0.000000
v 126.803001 102.681000 3.160000
v 129.945999 103.030998 3.160000
v 129.144592 122.664001 0.000000
v 129.222000 121.920998 0.000000
v 129.384995 121.238998 0.000000
v 126.108002 120.951996 0.000000
v 129.160995 122.280998 0.000000
v 125.893997 122.158997 0.000000
v 126.457001 119.854004 0.000000
v 129.608734 120.615997 0.000000
v 129.617004 120.593002 0.000000
v 129.132996 122.556000 0.000000
v 128.542999 97.604996 10.000000
v 128.555008 97.376999 3.160000
v 128.555008 97.376999 10.000000
v 122.288002 121.305000 0.000000
v 122.393997 121.669998 0.000000
v 124.855003 120.973000 0.000000
v 124.778091 120.615997 0.000000
v 122.120003 120.569000 0.000000
v 122.129730 120.615997 0.000000
v 124.627998 119.942474 0.000000
v 124.973000 122.129997 0.000000
v 159.475998 115.326004 3.160000
v 125.815002 123.479996 0.000000
v 159.444000 115.320946 3.160000
v 159.324005 115.302002 10.000000
v 160.412994 115.496002 3.160000
v 125.009003 123.466003 0.000000
v 160.773010 115.528000 3.160000
v 122.645004 126.891998 0.000000
v 122.533005 127.167999 0.000000
v 122.324997 127.599998 0.000000
v 123.140999 125.300003 0.000000
v 122.757004 126.589996 0.000000
v 119.154999 104.231995 3.160000
v 159.145004 116.434998 10.000000
v 127.806999 97.436005 10.000000
v 127.753998 97.268997 10.000000
v 127.806999 97.436005 3.160000
v 127.753998 97.268997 3.160000
v 159.040009 115.412003 3.160000
v 127.815002 97.563004 3.160000
v 123.239998 124.856003 0.000000
v 123.334999 124.175003 0.000000
v 123.306000 124.487000 0.000000
v 123.265755 124.711998 0.000000
v 127.805031 97.646721 3.160000
v 127.815002 97.563004 10.000000
v 122.865997 126.270004 0.000000
v 127.704002 97.925003 0.000000
v 127.626999 98.027000 10.000000
v 127.704002 97.925003 10.000000
v 97.751999 121.863998 10.000000
v 96.266998 122.524002 10.000000
v 96.266998 122.524002 3.160000
v 97.751999 121.863998 3.160000
v 127.648003 97.130997 3.160000
v 127.648003 97.130997 10.000000
v 94.399002 123.260002 10.000000
v 92.117996 124.093002 10.000000
v 92.117996 124.093002 3.160000
v 94.399002 123.260002 3.160000
v 158.970001 115.653999 10.000000
v 158.996002 115.515999 3.160000
v 158.996002 115.515999 10.000000
v 127.539581 97.063995 3.160000
v 127.546997 97.068581 3.160000
v 127.470001 97.020996 10.000000
v 91.789001 124.258003 10.000000
v 91.860001 124.222389 3.160000
v 159.203003 115.307999 3.160000
v 158.975006 115.973999 10.000000
v 127.800003 97.688995 3.160000
v 127.790466 97.719612 3.160000
v 127.800003 97.688995 10.000000
v 94.339005 128.798996 3.160000
v 94.339005 128.798996 10.000000
v 159.324005 115.302002 3.160000
v 97.632004 125.117996 3.160000
v 96.234001 125.860001 3.160000
v 96.234001 125.860001 10.000000
v 97.632004 125.117996 10.000000
v 158.962997 115.830002 3.160000
v 158.962997 115.830002 10.000000
v 95.173004 126.552002 3.160000
v 95.173004 126.552002 10.000000
v 100.052002 124.023392 3.160000
v 99.369003 124.329002 3.160000
v 99.369003 124.329002 10.000000
v 163.403000 118.242004 3.160000
v 94.452003 127.192001 3.160000
v 94.452003 127.192001 10.000000
v 126.844002 96.865997 3.160000
v 127.000771 96.895721 3.160000
v 126.844002 96.865997 10.000000
v 164.173996 116.841995 3.160000
v 94.072998 127.780998 10.000000
v 94.072998 127.780998 3.160000
v 94.035004 128.317001 10.000000
v 94.035004 128.317001 3.160000
v 164.056000 116.945999 3.160000
v 128.580994 97.044998 3.160000
v 128.671005 96.803001 10.000000
v 128.580994 97.044998 10.000000
v 128.579514 97.063995 3.160000
v 128.671005 96.803001 3.160000
v 128.723999 96.772423 3.160000
v 126.363998 96.813004 3.160000
v 126.676003 96.847450 3.160000
v 126.363998 96.813004 10.000000
v 125.750999 96.772003 10.000000
v 163.352005 120.127998 3.160000
v 126.499001 99.602005 10.000000
v 126.498108 100.021065 3.160000
v 126.554001 99.201004 0.000000
v 126.554001 99.201004 10.000000
v 159.778992 117.114998 3.160000
v 127.033997 98.389999 0.000000
v 127.033997 98.389999 10.000000
v 127.299004 98.250999 10.000000
v 159.237000 116.583000 10.000000
v 159.343002 116.720001 10.000000
v 86.509003 131.677994 10.000000
v 84.903999 131.679993 3.160000
v 84.903999 131.679993 10.000000
v 126.820999 98.594002 0.000000
v 91.164001 129.908005 10.000000
v 91.137627 129.942764 3.160000
v 90.492004 130.794006 10.000000
v 163.020996 115.602997 3.160000
v 87.826004 129.643005 10.000000
v 88.627998 129.544998 0.000000
v 88.627998 129.544998 10.000000
v 89.768005 129.138000 10.000000
v 89.803284 129.106598 3.160000
v 90.132004 128.813995 10.000000
v 89.270004 129.380005 10.000000
v 89.545540 129.246109 3.160000
v 90.492004 130.794006 3.160000
v 90.363678 130.955231 3.160000
v 90.262001 131.083008 10.000000
v 164.460999 115.870003 3.160000
v 90.262001 131.083008 3.160000
v 90.022003 131.300995 10.000000
v 90.022003 131.300995 3.160000
v 89.908798 131.358521 3.160000
v 89.712997 131.458008 10.000000
v 128.552994 97.808998 10.000000
v 128.552994 97.808998 3.160000
v 128.542999 97.604996 3.160000
v 89.268997 131.565994 10.000000
v 89.538841 131.500366 3.160000
v 89.712997 131.458008 3.160000
v 89.268997 131.565994 3.160000
v 88.627998 131.630997 10.000000
v 87.729004 131.664001 3.160000
v 87.729004 131.664001 10.000000
v 87.764000 131.662720 3.160000
v 163.843002 115.658005 3.160000
v 83.921005 129.218994 3.160000
v 83.948128 129.235229 3.160000
v 83.921005 129.218994 10.000000
v 86.081001 129.688004 0.000000
v 86.852005 129.682007 10.000000
v 86.081001 129.688004 10.000000
v 128.587997 97.987999 10.000000
v 85.469002 129.673004 10.000000
v 127.208000 96.934998 3.160000
v 127.470001 97.020996 3.160000
v 127.208000 96.934998 10.000000
v 159.845001 115.417999 3.160000
v 84.982002 129.628998 10.000000
v 84.982002 129.628998 0.000000
v 133.690994 98.985001 0.000000
v 133.691040 98.988998 3.160000
v 133.691040 98.988998 0.000000
v 133.823059 98.988998 0.000000
v 132.397003 93.531998 0.000000
v 129.490311 98.844582 0.000000
v 129.408005 98.759003 0.000000
v 129.408005 98.759003 10.000000
v 129.177002 98.627998 0.000000
v 91.626244 130.221558 3.160000
v 158.967865 115.707520 3.160000
v 158.970001 115.653999 3.160000
v 132.397003 93.531998 3.160000
v 61.470001 116.944000 0.000000
v 61.628002 117.231003 0.000000
v 62.387001 115.561005 0.000000
v 128.649002 98.147003 10.000000
v 128.626373 98.087997 3.160000
v 128.587997 97.987999 3.160000
v 62.836002 115.544998 0.000000
v 58.393002 119.320000 0.000000
v 61.056999 116.527000 0.000000
v 61.266003 116.723000 0.000000
v 58.632000 119.870003 0.000000
v 58.818001 120.375999 0.000000
v 61.050182 116.520004 0.000000
v 65.421997 111.971001 0.000000
v 63.882999 111.917000 0.000000
v 126.878998 104.181999 3.160000
v 124.153000 96.709000 10.000000
v 124.627998 96.724319 3.160000
v 124.989998 96.736000 10.000000
v 124.989998 96.736000 3.160000
v 155.209000 118.820000 10.000000
v 155.209000 118.820000 3.160000
v 155.248001 120.030998 10.000000
v 155.248001 120.030998 3.160000
v 129.143997 98.611000 3.160000
v 79.874001 130.626999 3.160000
v 61.655003 115.638000 0.000000
v 61.395000 115.695000 0.000000
v 60.942001 115.970001 0.000000
v 60.815002 116.100998 0.000000
v 60.787041 116.140945 0.000000
v 61.063210 115.860367 0.000000
v 61.220001 115.764999 0.000000
v 60.783001 116.154999 0.000000
v 60.816002 116.254997 0.000000
v 60.908001 116.374001 0.000000
v 61.989002 115.593002 0.000000
v 90.132004 128.813995 3.160000
v 89.270004 129.380005 0.000000
v 60.808002 116.068001 0.000000
v 60.889000 115.979996 0.000000
v 58.065002 113.542000 0.000000
v 81.326996 131.632996 3.160000
v 89.753014 129.145279 3.160000
v 89.745956 129.148712 3.160000
v 62.346001 111.932999 0.000000
v 80.777733 131.585037 3.160000
v 60.945999 112.022003 0.000000
v 59.112000 112.428001 0.000000
v 61.026001 115.882996 0.000000
v 58.519001 112.910995 0.000000
v 57.754002 114.300003 0.000000
v 79.196510 129.508301 3.160000
v 57.587002 115.167000 0.000000
v 57.965000 118.216995 0.000000
v 88.627998 131.630997 3.160000
v 75.587997 133.110992 3.160000
v 59.823002 112.186005 0.000000
v 129.140030 98.606689 0.000000
v 129.143997 98.611000 0.000000
v 129.283005 98.723000 3.160000
v 129.283005 98.723000 0.000000
v 57.563999 116.120003 0.000000
v 57.690002 117.145004 0.000000
v 114.123001 124.487000 0.000000
v 114.216003 123.378998 0.000000
v 78.644333 128.807999 3.160000
v 129.440994 98.816002 3.160000
v 129.440994 98.816002 0.000000
v 77.024002 131.240005 3.160000
v 122.510002 122.014999 0.000000
v 122.633003 122.334000 0.000000
v 122.759003 122.612000 0.000000
v 122.886002 122.841003 0.000000
v 123.062004 123.138000 0.000000
v 123.192001 123.402000 0.000000
v 115.072998 120.216995 0.000000
v 115.071060 120.270065 0.000000
v 122.063004 120.216995 0.000000
v 115.054001 120.737000 0.000000
v 114.976997 121.508003 0.000000
v 114.943336 121.650146 0.000000
v 114.914001 121.774002 0.000000
v 123.279999 123.650002 0.000000
v 123.327003 123.903000 0.000000
v 114.834000 121.970001 0.000000
v 141.011993 118.169998 0.000000
v 140.759003 117.634003 0.000000
v 141.011993 118.359520 0.000000
v 77.181000 129.914001 3.160000
v 77.186005 129.261993 3.160000
v 141.037994 118.293999 0.000000
v 140.938004 118.545998 0.000000
v 77.107002 130.876007 3.160000
v 127.623001 98.160004 3.160000
v 127.550003 98.201004 3.160000
v 127.550003 98.201004 0.000000
v 127.623001 98.160004 0.000000
v 127.682999 98.098000 3.160000
v 127.682999 98.098000 0.000000
v 147.593002 123.649002 10.000000
v 147.132004 124.415001 10.000000
v 127.174004 98.378998 3.160000
v 127.174004 98.378998 0.000000
v 148.286011 122.535004 10.000000
v 126.885002 98.628998 3.160000
v 126.885002 98.628998 0.000000
v 140.817001 118.658005 0.000000
v 140.914230 118.568001 0.000000
v 140.300003 118.709000 0.000000
v 149.145004 121.266998 10.000000
v 84.242004 129.410995 10.000000
v 151.100006 118.626999 10.000000
v 139.734009 118.485001 0.000000
v 84.584000 129.544998 0.000000
v 84.584000 129.544998 10.000000
v 85.469002 129.673004 0.000000
v 86.852005 129.682007 0.000000
v 87.826004 129.643005 0.000000
v 161.492004 118.599602 10.000000
v 140.416000 117.261002 0.000000
v 139.959000 116.878998 0.000000
v 140.973007 117.984001 0.000000
v 138.080002 115.852997 0.000000
v 86.509003 131.677994 3.160000
v 139.426758 116.520004 0.000000
v 139.406006 116.505997 0.000000
v 133.156006 117.199997 0.000000
v 138.774002 116.158997 0.000000
v 132.820007 117.363098 0.000000
v 135.207001 115.362999 0.000000
v 134.057007 115.333000 0.000000
v 137.287003 115.622002 0.000000
v 136.916000 115.560295 0.000000
v 136.307007 115.459000 0.000000
v 132.923996 115.369003 0.000000
v 132.402008 117.566002 0.000000
v 131.781006 117.958000 0.000000
v 131.218994 118.398003 0.000000
v 130.721008 118.882996 0.000000
v 130.287003 119.413002 0.000000
v 90.135529 128.807999 3.160000
v 90.377998 128.395996 10.000000
v 138.080002 115.851997 0.000000
v 90.377998 128.395996 3.160000
v 90.513275 127.887260 3.160000
v 80.561005 125.069000 10.000000
v 81.105904 125.989517 3.160000
v 81.281998 126.287003 10.000000
v 81.453003 126.554001 10.000000
v 81.281998 126.287003 3.160000
v 81.658005 126.846001 3.160000
v 81.891006 127.156998 3.160000
v 81.658005 126.846001 10.000000
v 81.891006 127.156998 10.000000
v 82.143997 127.471001 10.000000
v 82.143997 127.471001 3.160000
v 82.410004 127.782997 3.160000
v 82.410004 127.782997 10.000000
v 82.947006 128.363007 10.000000
v 82.947006 128.363007 3.160000
v 129.000000 98.526001 3.160000
v 82.680000 128.084000 10.000000
v 82.680000 128.084000 3.160000
v 152.057007 117.431000 10.000000
v 152.906998 116.438995 10.000000
v 155.162994 117.750999 10.000000
v 155.110992 116.854004 10.000000
v 129.806000 99.735001 3.160000
v 83.201996 128.610001 3.160000
v 81.453003 126.554001 3.160000
v 154.009003 115.414001 10.000000
v 154.147003 115.371002 10.000000
v 153.580002 115.736000 10.000000
v 154.287994 115.345001 10.000000
v 154.425995 115.333000 10.000000
v 154.557999 115.334999 10.000000
v 154.679001 115.350998 10.000000
v 154.787003 115.382996 10.000000
v 154.876999 115.428001 10.000000
v 154.945999 115.485001 10.000000
v 155.001999 115.691002 10.000000
v 155.057007 116.155998 10.000000
v 76.063004 125.419998 3.160000
v 76.063004 125.419998 10.000000
v 75.889000 125.244003 10.000000
v 76.875000 126.287003 10.000000
v 76.875000 126.287003 3.160000
v 126.538002 99.594002 3.160000
v 142.057999 129.669006 10.000000
v 146.324997 132.216003 10.000000
v 141.744003 129.778992 10.000000
v 142.255005 129.505997 10.000000
v 140.128998 132.102005 10.000000
v 142.382996 129.279999 10.000000
v 75.509003 124.902000 3.160000
v 75.703003 125.069000 10.000000
v 75.509003 124.902000 10.000000
v 141.261993 129.845001 10.000000
v 142.490005 128.977005 10.000000
v 76.875000 123.826004 10.000000
v 128.957001 96.638000 3.160000
v 152.837601 116.520004 3.160000
v 145.828003 126.208000 10.000000
v 146.237000 125.709000 10.000000
v 148.835999 128.136993 10.000000
v 78.154587 128.242188 3.160000
v 145.462006 126.591003 10.000000
v 142.552002 128.664993 10.000000
v 155.110992 116.854004 3.160000
v 155.085159 116.520004 3.160000
v 80.748001 122.121002 10.000000
v 81.059006 121.094002 10.000000
v 81.059006 121.094002 3.160000
v 80.748001 122.121002 3.160000
v 145.151001 126.842003 10.000000
v 146.673996 125.106003 10.000000
v 80.654137 122.562927 3.160000
v 154.916367 115.460526 3.160000
v 81.293266 120.615997 3.160000
v 142.703995 126.492996 10.000000
v 142.742004 125.454002 10.000000
v 144.604004 125.817001 10.000000
v 154.945999 115.485001 3.160000
v 144.561996 125.115997 10.000000
v 142.768997 124.306999 10.000000
v 144.697006 126.729996 10.000000
v 144.744995 126.895004 10.000000
v 142.660004 127.393997 10.000000
v 76.322998 120.938995 3.160000
v 76.016998 121.369003 3.160000
v 76.322998 120.938995 10.000000
v 76.016998 121.369003 10.000000
v 154.679001 115.350998 3.160000
v 75.692001 121.832001 10.000000
v 144.908997 126.947998 10.000000
v 128.854004 98.414001 3.160000
v 126.678001 99.013000 3.160000
v 128.740997 98.293335 3.160000
v 128.649002 98.147003 3.160000
v 76.926003 122.293999 3.160000
v 76.964005 121.819000 10.000000
v 76.926003 122.293999 10.000000
v 142.608002 128.126999 10.000000
v 144.651001 126.364998 10.000000
v 76.899002 122.796997 10.000000
v 76.921654 122.374992 3.160000
v 77.007996 121.380997 10.000000
v 77.046539 121.102539 3.160000
v 77.061005 120.998001 10.000000
v 130.981003 115.641998 0.000000
v 127.757004 97.925003 3.160000
v 127.727005 98.018997 3.160000
v 77.061005 120.998001 3.160000
v 77.117996 120.681000 10.000000
v 142.787994 123.081001 10.000000
v 144.490005 123.333000 10.000000
v 133.399002 113.186996 0.000000
v 144.524002 124.278999 10.000000
v 76.881157 123.373093 3.160000
v 76.882004 123.310997 10.000000
v 76.875000 123.826004 3.160000
v 127.772003 97.818001 3.160000
v 144.444000 121.206001 10.000000
v 144.462997 122.302002 10.000000
v 142.794998 121.806999 10.000000
v 142.535004 102.787994 0.000000
v 138.339005 129.893997 10.000000
v 137.699997 132.031006 10.000000
v 137.544998 129.884995 10.000000
v 138.878006 132.072998 10.000000
v 139.609009 129.891998 10.000000
v 140.567993 129.878998 10.000000
v 142.438004 102.869995 0.000000
v 142.311005 102.893005 0.000000
v 132.388000 131.378998 10.000000
v 131.977005 131.350006 10.000000
v 132.955994 129.255997 10.000000
v 132.761002 131.419998 10.000000
v 133.434006 129.488007 10.000000
v 133.082001 131.470001 10.000000
v 133.399002 98.988998 0.000000
v 142.208008 102.865005 0.000000
v 133.822006 131.725006 10.000000
v 133.636002 131.653992 10.000000
v 134.684006 129.714005 10.000000
v 134.240997 131.794006 10.000000
v 133.531998 131.587006 10.000000
v 134.863007 131.860001 10.000000
v 135.311005 129.774994 10.000000
v 135.666000 131.923004 10.000000
v 136.009995 129.824005 10.000000
v 136.619995 131.979996 10.000000
v 133.341995 131.527008 10.000000
v 134.149002 129.645004 10.000000
v 133.725006 129.570007 10.000000
v 130.139008 111.234001 0.000000
v 128.740997 111.326996 0.000000
v 131.875000 115.473000 0.000000
v 129.250000 116.482002 0.000000
v 128.337997 117.179001 0.000000
v 127.570000 117.971001 0.000000
v 126.943001 118.862000 0.000000
v 129.917999 119.982002 0.000000
v 75.889000 125.244003 3.160000
v 124.627998 113.186996 0.000000
v 123.886002 118.362999 0.000000
v 124.639999 119.974998 0.000000
v 75.703003 125.069000 3.160000
v 136.761993 129.860992 10.000000
v 121.913002 119.356003 0.000000
v 124.321999 119.112999 0.000000
v 132.820007 115.379311 0.000000
v 139.083008 123.635002 10.000000
v 139.253998 123.729996 10.000000
v 139.210999 124.272003 10.000000
v 138.970001 124.367996 10.000000
v 138.815994 123.565002 10.000000
v 138.589996 124.442001 10.000000
v 138.044998 124.495003 10.000000
v 138.440002 123.514999 10.000000
v 137.309998 124.535004 10.000000
v 137.938004 123.482002 10.000000
v 137.294998 123.463997 10.000000
v 139.337006 124.150002 10.000000
v 139.373001 123.999001 10.000000
v 139.346008 123.848999 10.000000
v 85.401001 123.104996 3.160000
v 86.789001 123.109001 3.160000
v 85.401001 123.104996 10.000000
v 153.580002 115.736000 3.160000
v 80.539001 123.104996 10.000000
v 82.460838 123.104996 3.160000
v 153.723465 115.628319 3.160000
v 128.854004 98.414001 10.000000
v 154.147003 115.371002 3.160000
v 134.531998 123.418999 10.000000
v 135.214996 123.441002 10.000000
v 135.175995 124.578003 10.000000
v 135.876999 123.455002 10.000000
v 86.372002 124.822998 10.000000
v 85.697792 124.854774 3.160000
v 85.395996 124.869003 10.000000
v 136.363998 124.559998 10.000000
v 136.497009 123.458000 10.000000
v 134.326004 124.589996 10.000000
v 133.850006 123.389999 10.000000
v 133.522003 124.602997 10.000000
v 133.186996 123.356003 10.000000
v 85.395996 124.869003 3.160000
v 80.651291 125.065262 3.160000
v 144.372009 115.778999 10.000000
v 143.582001 115.665001 10.000000
v 90.679001 126.151001 10.000000
v 90.815002 125.657997 3.160000
v 90.815002 125.657997 10.000000
v 142.794998 115.553001 10.000000
v 91.000000 125.213997 10.000000
v 141.296997 118.729004 10.000000
v 140.304993 119.026001 10.000000
v 141.412003 118.397003 10.000000
v 141.151001 118.960999 10.000000
v 140.677002 119.112000 10.000000
v 155.162994 117.750999 3.160000
v 149.204010 121.185310 3.160000
v 133.057999 114.984001 10.000000
v 133.778000 117.279999 10.000000
v 133.033997 117.568001 10.000000
v 90.537369 127.577782 3.160000
v 90.561005 127.247002 10.000000
v 90.515999 127.876999 10.000000
v 129.000000 98.526001 10.000000
v 90.569412 127.088791 3.160000
v 90.591003 126.682999 10.000000
v 128.735367 96.765862 3.160000
v 138.389999 118.102997 10.000000
v 139.617996 116.166000 10.000000
v 139.182999 118.523003 10.000000
v 90.591003 126.682999 3.160000
v 90.621338 126.499596 3.160000
v 139.813995 118.831001 10.000000
v 141.326996 117.594002 10.000000
v 140.692993 116.837997 10.000000
v 137.507004 117.660995 10.000000
v 140.951996 119.089005 10.000000
v 136.695007 117.341003 10.000000
v 138.209000 115.610001 10.000000
v 126.499001 99.602005 0.000000
v 135.936005 117.143997 10.000000
v 136.574005 115.206001 10.000000
v 135.210007 117.068001 10.000000
v 126.662003 98.862999 10.000000
v 134.497009 117.114998 10.000000
v 134.822006 114.986000 10.000000
v 154.876999 115.428001 3.160000
v 155.001999 115.691002 3.160000
v 155.014236 115.794403 3.160000
v 155.057007 116.155998 3.160000
v 127.424004 98.194000 10.000000
v 127.424004 98.194000 0.000000
v 127.299004 98.250999 0.000000
v 154.557999 115.334999 3.160000
v 133.755997 106.225998 10.000000
v 89.492004 124.599998 3.160000
v 89.492004 124.599998 10.000000
v 89.973000 124.542999 10.000000
v 154.787003 115.382996 3.160000
v 132.449997 128.923996 10.000000
v 131.533997 131.330002 10.000000
v 152.906998 116.438995 3.160000
v 129.181000 131.210007 10.000000
v 128.988998 131.126007 10.000000
v 131.070999 131.322006 10.000000
v 130.395996 131.317993 10.000000
v 127.533005 98.117004 0.000000
v 127.533005 98.117004 10.000000
v 153.777191 115.587990 3.160000
v 154.009003 115.414001 3.160000
v 126.820999 98.594002 10.000000
v 154.287994 115.345001 3.160000
v 154.425995 115.333000 3.160000
v 130.307999 115.875000 0.000000
v 90.520004 124.112000 3.160000
v 90.517761 124.144936 3.160000
v 90.520004 124.112000 10.000000
v 141.011993 129.857254 3.160000
v 127.762001 97.811005 10.000000
v 128.873001 131.007996 10.000000
v 128.800995 130.651001 10.000000
v 128.817001 130.850998 10.000000
v 129.867996 131.300995 10.000000
v 129.468002 131.266998 10.000000
v 142.382996 129.279999 3.160000
v 142.490005 128.977005 3.160000
v 141.261993 129.845001 3.160000
v 141.744003 129.778992 3.160000
v 91.490005 124.504997 10.000000
v 91.512207 124.486656 3.160000
v 142.057999 129.669006 3.160000
v 91.789001 124.258003 3.160000
v 127.778610 97.757660 3.160000
v 127.771370 97.780930 3.160000
v 122.195999 120.936005 0.000000
v 123.324997 117.707001 0.000000
v 121.696999 118.649002 0.000000
v 122.627998 117.117996 0.000000
v 121.784004 116.576004 0.000000
v 120.989998 117.643997 0.000000
v 121.682098 116.520004 0.000000
v 90.482002 123.770996 3.160000
v 90.496239 123.847351 3.160000
v 90.482002 123.770996 10.000000
v 142.255005 129.505997 3.160000
v 90.518005 124.001999 10.000000
v 90.519119 124.063271 3.160000
v 142.523590 128.807999 3.160000
v 128.718994 130.317001 10.000000
v 131.936005 128.511993 10.000000
v 128.781006 130.496994 10.000000
v 127.158981 96.925705 3.160000
v 146.324997 132.216003 3.160000
v 145.865540 132.207550 3.160000
v 145.780014 132.205978 3.160000
v 145.537476 132.201508 3.160000
v 145.385727 132.198715 3.160000
v 145.213409 132.195557 3.160000
v 145.038437 132.192322 3.160000
v 126.698036 96.849884 3.160000
v 128.621994 130.117996 10.000000
v 128.494995 129.906006 10.000000
v 131.430008 128.037003 10.000000
v 128.723999 128.807999 10.000000
v 90.513000 124.214996 3.160000
v 90.496735 124.301117 3.160000
v 90.513000 124.214996 10.000000
v 128.339996 129.688004 10.000000
v 90.431999 124.436996 3.160000
v 90.293999 124.487999 10.000000
v 90.431999 124.436996 10.000000
v 128.162003 129.472000 10.000000
v 127.967003 129.259995 10.000000
v 90.459106 123.688004 3.160000
v 90.471298 123.732201 3.160000
v 90.449997 123.654999 10.000000
v 125.750999 96.772003 3.160000
v 130.949005 127.517998 10.000000
v 127.255997 128.572998 10.000000
v 130.145004 126.416000 10.000000
v 148.422943 128.807999 3.160000
v 126.835999 128.041992 10.000000
v 142.608002 128.126999 3.160000
v 90.449997 123.654999 3.160000
v 130.514999 126.972000 10.000000
v 129.984009 124.834999 10.000000
v 129.880997 124.847000 10.000000
v 130.151001 123.016998 10.000000
v 129.751007 122.854004 10.000000
v 129.744995 124.866997 10.000000
v 130.089996 124.820999 10.000000
v 130.309006 124.788002 10.000000
v 130.199005 124.806000 10.000000
v 130.412994 124.770004 10.000000
v 144.561996 125.115997 3.160000
v 88.758003 123.155998 10.000000
v 87.895996 123.125000 10.000000
v 87.895996 123.125000 3.160000
v 89.403999 123.205002 10.000000
v 89.805862 123.268913 3.160000
v 89.862999 123.278000 10.000000
v 89.403999 123.205002 3.160000
v 78.591209 128.744247 3.160000
v 144.744995 126.895004 3.160000
v 89.025635 124.643486 3.160000
v 129.725998 125.582001 10.000000
v 129.856003 125.874001 10.000000
v 126.488998 127.462997 10.000000
v 87.764000 123.123093 3.160000
v 86.789001 123.109001 10.000000
v 126.214005 126.824997 10.000000
v 129.634003 125.351997 10.000000
v 144.543655 124.711998 3.160000
v 129.645996 124.902000 10.000000
v 125.780998 124.442001 10.000000
v 129.585999 124.959000 10.000000
v 129.563004 125.048996 10.000000
v 76.412964 120.814270 3.160000
v 75.692001 121.832001 3.160000
v 75.475998 122.145844 3.160000
v 149.145004 121.266998 3.160000
v 90.503998 123.889000 3.160000
v 90.512650 123.958839 3.160000
v 90.503998 123.889000 10.000000
v 76.964005 121.819000 3.160000
v 144.462997 122.302002 3.160000
v 144.490005 123.333000 3.160000
v 76.899002 122.796997 3.160000
v 121.395004 118.084999 0.000000
v 77.007996 121.380997 3.160000
v 77.117996 120.681000 3.160000
v 77.134460 120.615997 3.160000
v 115.078003 119.597000 0.000000
v 76.882004 123.310997 3.160000
v 120.187004 115.818001 0.000000
v 119.649002 115.673996 0.000000
v 120.692001 116.011002 0.000000
v 76.889404 123.087234 3.160000
v 121.209000 116.260002 0.000000
v 89.973000 124.542999 3.160000
v 117.390999 115.430000 0.000000
v 116.436005 115.386475 0.000000
v 90.356003 123.498001 3.160000
v 90.356003 123.498001 10.000000
v 90.171005 123.374001 3.160000
v 118.295998 115.489998 0.000000
v 90.171005 123.374001 10.000000
v 89.862999 123.278000 3.160000
v 148.835999 128.136993 3.160000
v 115.083000 119.112000 0.000000
v 116.183998 116.788002 0.000000
v 115.147003 117.830002 0.000000
v 124.686005 127.199997 10.000000
v 122.715004 126.679001 10.000000
v 124.859001 126.445999 10.000000
v 91.490005 124.504997 3.160000
v 142.660004 127.393997 3.160000
v 119.067001 104.022995 10.000000
v 142.552002 128.664993 3.160000
v 129.580994 125.177002 10.000000
v 125.862999 125.323997 10.000000
v 127.757004 129.063995 10.000000
v 126.007004 126.113998 10.000000
v 130.813995 124.694000 10.000000
v 130.667007 124.710999 10.000000
v 130.738007 123.132004 10.000000
v 144.604004 125.817001 3.160000
v 144.651001 126.364998 3.160000
v 123.507004 96.699005 3.160000
v 123.507004 96.699005 10.000000
v 131.522003 123.229004 10.000000
v 132.001999 123.274002 10.000000
v 131.559998 124.654999 10.000000
v 144.697006 126.729996 3.160000
v 131.119003 124.673996 10.000000
v 132.779999 124.619003 10.000000
v 90.470001 124.379997 10.000000
v 90.293999 124.487999 3.160000
v 144.908997 126.947998 3.160000
v 132.119995 124.637001 10.000000
v 132.563995 123.317001 10.000000
v 147.593002 123.649002 3.160000
v 148.286011 122.535004 3.160000
v 130.509003 124.750999 10.000000
v 130.596008 124.731003 10.000000
v 125.755997 123.459999 10.000000
v 129.520996 122.617996 10.000000
v 129.516006 121.815002 10.000000
v 126.114998 120.399002 10.000000
v 129.709000 121.192001 10.000000
v 125.846001 121.848000 10.000000
v 129.447006 122.279999 10.000000
v 123.204002 124.525002 10.000000
v 123.195999 124.248001 10.000000
v 125.046997 124.611000 10.000000
v 124.977997 125.586998 10.000000
v 125.069000 123.503998 10.000000
v 123.078003 123.461998 10.000000
v 125.044998 122.414001 10.000000
v 123.013000 123.238998 10.000000
v 122.939003 123.043999 10.000000
v 120.429001 129.063995 10.000000
v 121.369003 128.408005 10.000000
v 121.625000 130.727005 10.000000
v 119.340004 129.557007 10.000000
v 119.024002 131.354004 10.000000
v 118.126999 129.865005 10.000000
v 122.251999 130.395004 10.000000
v 122.818001 129.987000 10.000000
v 123.362000 129.488007 10.000000
v 123.169685 101.031219 3.160000
v 123.131004 100.248001 10.000000
v 120.902000 130.990005 10.000000
v 120.045998 131.195007 10.000000
v 117.799004 131.477005 10.000000
v 116.808998 129.972992 10.000000
v 118.053001 101.683998 10.000000
v 118.053001 101.683998 3.160000
v 118.554001 102.826996 10.000000
v 118.554001 102.826996 3.160000
v 117.580002 100.623001 3.160000
v 117.580002 100.623001 10.000000
v 123.080002 125.645996 10.000000
v 119.067001 104.022995 3.160000
v 117.146004 99.673004 10.000000
v 117.357521 100.136002 3.160000
v 122.138000 127.606003 10.000000
v 123.796005 128.994995 10.000000
v 124.158005 128.459000 10.000000
v 124.454002 127.865997 10.000000
v 87.290001 124.772003 10.000000
v 87.290001 124.772003 0.000000
v 122.859001 122.889000 10.000000
v 122.772003 122.778999 10.000000
v 124.970001 121.433998 10.000000
v 88.130005 124.717003 10.000000
v 88.130005 124.717003 0.000000
v 142.703995 126.492996 3.160000
v 88.870003 124.657997 10.000000
v 90.679001 126.151001 3.160000
v 123.169998 123.974998 10.000000
v 123.131004 123.709999 10.000000
v 91.000000 125.213997 3.160000
v 122.681000 122.661003 10.000000
v 122.586998 122.486000 10.000000
v 122.493004 122.260002 10.000000
v 122.403999 121.992996 10.000000
v 122.319000 121.693001 10.000000
v 122.244003 121.366997 10.000000
v 124.840004 120.556000 10.000000
v 122.177002 121.027000 10.000000
v 122.125999 120.681000 10.000000
v 122.004997 119.893997 10.000000
v 90.550644 127.391953 3.160000
v 122.471001 96.833000 3.160000
v 122.471001 96.833000 10.000000
v 122.345001 96.951004 10.000000
v 90.587807 126.743027 3.160000
v 131.798996 118.244003 10.000000
v 130.080994 115.665001 10.000000
v 132.247009 117.974998 10.000000
v 91.224998 124.826996 10.000000
v 91.319641 124.711998 3.160000
v 131.093002 118.761002 10.000000
v 130.817993 119.028000 10.000000
v 128.942993 116.270004 10.000000
v 123.027000 96.712997 10.000000
v 91.224998 124.826996 3.160000
v 90.666718 126.225288 3.160000
v 127.975998 117.045998 10.000000
v 131.389999 115.235001 10.000000
v 127.181000 117.995003 10.000000
v 130.580002 119.313995 10.000000
v 122.580002 96.794678 3.160000
v 130.375000 119.630997 10.000000
v 130.016006 120.387001 10.000000
v 126.561005 119.112000 10.000000
v 130.188995 119.984001 10.000000
v 90.518005 124.001999 0.000000
v 144.444000 121.206001 3.160000
v 144.524002 124.278999 3.160000
v 131.417999 118.502998 10.000000
v 90.496002 124.305000 10.000000
v 90.496002 124.305000 3.160000
v 90.470001 124.379997 3.160000
v 121.848999 119.222000 10.000000
v 121.653999 118.656998 10.000000
v 116.131004 115.336998 10.000000
v 140.128998 132.102005 3.160000
v 115.987000 116.718002 10.000000
v 88.870003 124.657997 0.000000
v 133.819000 113.470001 10.000000
v 88.758003 123.155998 3.160000
v 133.531998 131.587006 3.160000
v 89.811996 123.269890 3.160000
v 133.570404 131.611740 3.160000
v 123.131004 100.248001 3.160000
v 123.118141 100.136002 3.160000
v 132.449997 128.923996 3.160000
v 132.820007 129.166763 3.160000
v 132.955994 129.255997 3.160000
v 122.690002 96.755997 10.000000
v 122.690002 96.755997 3.160000
v 123.027000 96.712997 3.160000
v 122.308998 97.609001 10.000000
v 122.292145 97.523514 3.160000
v 122.280998 97.466995 10.000000
v 122.345001 96.951004 3.160000
v 122.287003 97.112000 3.160000
v 122.287003 97.112000 10.000000
v 136.916000 131.993973 3.160000
v 137.699997 132.031006 3.160000
v 122.273003 97.324005 10.000000
v 122.277985 97.248505 3.160000
v 122.477997 97.987999 10.000000
v 122.410004 97.872002 0.000000
v 122.410004 97.872002 10.000000
v 122.280998 97.466995 3.160000
v 122.352997 97.744003 10.000000
v 122.968002 98.828003 10.000000
v 133.989197 131.752533 3.160000
v 116.765999 98.867004 10.000000
v 116.765999 98.867004 3.160000
v 117.146004 99.673004 3.160000
v 116.455002 98.235001 10.000000
v 133.822006 131.725006 3.160000
v 133.646088 131.657852 3.160000
v 133.434006 129.488007 3.160000
v 133.725006 129.570007 3.160000
v 122.968002 98.828003 3.160000
v 122.738998 98.221001 10.000000
v 122.787369 98.349197 3.160000
v 122.764870 98.289566 3.160000
v 122.762543 98.283401 3.160000
v 122.645004 98.164001 0.000000
v 122.645004 98.164001 10.000000
v 124.153000 96.709000 3.160000
v 136.619995 131.979996 3.160000
v 135.666000 131.923004 3.160000
v 134.863007 131.860001 3.160000
v 134.240997 131.794006 3.160000
v 122.302795 97.577545 3.160000
v 122.557999 98.085999 10.000000
v 133.636002 131.653992 3.160000
v 122.273003 97.324005 3.160000
v 116.455002 98.235001 3.160000
v 116.436005 98.199478 3.160000
v 116.224998 97.805000 10.000000
v 126.498108 100.021065 0.000000
v 126.538002 99.594002 0.000000
v 114.787003 102.671997 10.000000
v 126.662003 98.862999 0.000000
v 126.678001 99.013000 0.000000
v 138.878006 132.072998 3.160000
v 114.557999 129.725998 10.000000
v 112.526001 129.531006 10.000000
v 114.515999 129.602005 10.000000
v 114.474998 129.345001 10.000000
v 114.437004 128.970993 10.000000
v 115.637001 129.929993 10.000000
v 116.002998 129.953003 10.000000
v 116.335999 131.574005 10.000000
v 114.643997 129.774994 10.000000
v 112.730003 131.774002 10.000000
v 114.803001 129.822006 10.000000
v 115.028000 129.863007 10.000000
v 133.534653 131.588715 3.160000
v 115.308998 129.899994 10.000000
v 116.397003 129.966995 10.000000
v 108.565002 131.059006 10.000000
v 106.517998 129.167999 10.000000
v 109.667000 129.751007 10.000000
v 109.543999 129.436996 10.000000
v 110.531998 130.352005 10.000000
v 110.706001 130.587997 10.000000
v 110.595001 130.778000 10.000000
v 110.067001 130.067001 10.000000
v 110.198997 130.921997 10.000000
v 134.149002 129.645004 3.160000
v 109.522003 131.014008 10.000000
v 109.840004 129.936005 10.000000
v 110.198997 130.921997 3.160000
v 114.353004 127.304001 10.000000
v 114.374001 127.935997 10.000000
v 112.412003 127.238998 10.000000
v 112.485001 128.955994 10.000000
v 112.445999 128.182007 10.000000
v 114.403000 128.496002 10.000000
v 109.522003 131.014008 3.160000
v 121.304001 93.341995 3.160000
v 139.083008 123.635002 3.160000
v 139.208282 123.704597 3.160000
v 109.406998 128.119003 10.000000
v 109.459999 128.917999 10.000000
v 106.678001 128.098999 10.000000
v 106.617004 128.720001 10.000000
v 114.331001 125.891998 10.000000
v 114.337997 126.619003 10.000000
v 112.381004 126.167000 10.000000
v 114.347000 124.223999 10.000000
v 114.333000 124.987999 10.000000
v 112.357002 124.994003 10.000000
v 112.337997 123.757004 10.000000
v 115.028000 129.863007 3.160000
v 115.308998 129.899994 3.160000
v 114.374001 123.592003 10.000000
v 114.437004 128.970993 3.160000
v 114.463585 129.232651 3.160000
v 114.719002 122.133003 10.000000
v 112.320999 121.226997 10.000000
v 114.815002 122.054001 10.000000
v 114.897003 121.908997 10.000000
v 114.618004 122.223000 10.000000
v 114.965004 121.693001 10.000000
v 115.637001 129.929993 3.160000
v 115.022003 121.410004 10.000000
v 114.466003 122.693001 10.000000
v 114.413002 123.083000 10.000000
v 112.326004 122.491997 10.000000
v 115.066002 121.055000 10.000000
v 114.534004 122.407997 10.000000
v 109.370003 125.376999 10.000000
v 109.379997 126.963997 10.000000
v 106.723000 126.101997 10.000000
v 106.723999 124.599998 10.000000
v 106.721001 123.639000 10.000000
v 109.368004 123.283997 10.000000
v 112.560577 129.911133 3.160000
v 106.168999 129.791992 10.000000
v 106.372002 129.505997 10.000000
v 107.331001 131.054993 10.000000
v 105.823997 131.001999 10.000000
v 105.902000 130.089005 10.000000
v 105.080002 130.964996 10.000000
v 102.184998 131.268997 10.000000
v 102.636002 130.852997 10.000000
v 102.426003 131.166992 10.000000
v 101.824997 131.352005 10.000000
v 102.648003 130.617004 10.000000
v 100.615997 129.535004 10.000000
v 101.749001 129.436996 10.000000
v 101.323997 131.429993 10.000000
v 116.335999 131.574005 3.160000
v 101.966003 129.423004 10.000000
v 102.142998 129.436996 10.000000
v 102.283005 129.479996 10.000000
v 102.479004 129.675995 10.000000
v 102.393997 129.559006 10.000000
v 102.542000 129.837006 10.000000
v 102.589005 130.048004 10.000000
v 102.623001 130.309006 10.000000
v 102.570000 131.031998 10.000000
v 106.709000 122.679001 10.000000
v 106.710999 127.247002 10.000000
v 109.379997 119.600998 10.000000
v 109.370003 121.188004 10.000000
v 106.666000 120.856003 10.000000
v 139.346008 123.848999 3.160000
v 139.367996 123.971184 3.160000
v 106.692001 121.741997 10.000000
v 114.643997 129.774994 0.000000
v 139.317947 123.812706 3.160000
v 106.637001 120.044998 10.000000
v 102.385002 122.737999 10.000000
v 101.620003 123.248001 10.000000
v 100.264000 120.149002 10.000000
v 100.625000 123.766998 10.000000
v 103.619003 120.882004 10.000000
v 103.354004 121.593002 10.000000
v 100.569000 119.595001 10.000000
v 100.663002 119.020004 10.000000
v 103.780998 120.030998 10.000000
v 138.589996 124.442001 3.160000
v 123.173004 101.492004 3.160000
v 122.293999 98.020996 3.160000
v 122.335999 98.110001 3.160000
v 115.210999 117.455002 10.000000
v 112.320999 115.167999 10.000000
v 115.247002 117.193001 10.000000
v 115.286003 117.007004 10.000000
v 114.886482 129.837219 3.160000
v 112.526001 129.531006 3.160000
v 115.327003 116.910995 10.000000
v 115.562004 116.794998 10.000000
v 75.475998 133.181198 3.160000
v 74.869995 133.561005 10.000000
v 138.873230 124.386841 3.160000
v 73.979996 133.912994 3.160000
v 73.775970 133.962189 3.160000
v 73.979996 133.912994 10.000000
v 122.664001 98.278999 3.160000
v 72.331001 130.727005 10.000000
v 72.331001 130.727005 3.160000
v 72.615997 130.335999 10.000000
v 72.615997 130.335999 3.160000
v 115.113998 120.125999 10.000000
v 115.097000 120.625999 10.000000
v 115.121002 119.552002 10.000000
v 115.181000 117.785004 10.000000
v 115.136002 118.599998 10.000000
v 122.393997 98.181999 3.160000
v 122.469002 98.236000 3.160000
v 71.929001 131.067001 10.000000
v 115.124001 119.065002 10.000000
v 115.156998 118.168999 10.000000
v 72.789001 129.902008 10.000000
v 122.558998 98.268005 3.160000
v 139.373001 123.999001 3.160000
v 72.789001 129.902008 3.160000
v 72.845001 129.432999 10.000000
v 72.845001 129.432999 3.160000
v 72.787003 128.936005 3.160000
v 72.787003 128.936005 10.000000
v 122.278999 97.658997 3.160000
v 122.265999 97.792999 3.160000
v 119.375000 96.096001 3.160000
v 109.667000 116.813995 10.000000
v 108.227005 115.512001 10.000000
v 109.840004 116.629997 10.000000
v 109.543999 117.128998 10.000000
v 106.314003 117.084999 10.000000
v 109.459000 117.647003 10.000000
v 106.395004 117.379997 10.000000
v 109.406998 118.445999 10.000000
v 106.528000 118.331001 10.000000
v 74.869995 133.561005 3.160000
v 71.538002 134.358994 10.000000
v 69.914001 134.464996 3.160000
v 69.914001 134.464996 10.000000
v 70.630005 131.541992 10.000000
v 70.173996 131.604996 10.000000
v 70.173996 131.604996 3.160000
v 70.630005 131.541992 3.160000
v 71.025002 131.460007 3.160000
v 71.025002 131.460007 10.000000
v 71.367004 131.354004 10.000000
v 71.367004 131.354004 3.160000
v 110.648003 115.913002 10.000000
v 110.570999 116.171997 10.000000
v 110.291000 115.716003 10.000000
v 110.069000 116.498001 10.000000
v 109.487999 115.583000 10.000000
v 71.380005 131.348267 3.160000
v 65.681000 131.679993 10.000000
v 65.704002 131.679993 3.160000
v 68.354004 131.679993 10.000000
v 110.301003 113.277000 10.000000
v 108.612999 113.387001 10.000000
v 111.045998 111.489998 10.000000
v 68.354004 131.679993 3.160000
v 69.044006 131.671997 10.000000
v 69.649002 131.647995 10.000000
v 67.973999 134.500000 10.000000
v 67.973999 134.500000 3.160000
v 105.835999 116.699997 10.000000
v 106.499001 115.501999 10.000000
v 106.049004 116.764999 10.000000
v 104.291000 115.553001 10.000000
v 105.164001 116.673004 10.000000
v 106.205002 116.887001 10.000000
v 71.538002 134.358994 3.160000
v 72.880997 134.177994 3.160000
v 72.880997 134.177994 10.000000
v 106.605003 119.337997 10.000000
v 106.567001 118.757004 10.000000
v 133.522003 124.602997 3.160000
v 133.512543 124.603203 3.160000
v 119.414001 95.994995 3.160000
v 106.459000 117.788002 10.000000
v 132.831696 124.617889 3.160000
v 105.544998 116.677002 10.000000
v 103.998001 116.673004 10.000000
v 133.993256 124.595383 3.160000
v 120.364998 94.244995 3.160000
v 71.929001 131.067001 3.160000
v 119.306000 96.125999 3.160000
v 122.271004 97.915001 3.160000
v 117.692001 109.015999 0.000000
v 116.272003 115.378998 0.000000
v 120.000000 94.649002 3.160000
v 71.666000 131.222000 10.000000
v 71.666000 131.222000 3.160000
v 119.035004 115.568001 0.000000
v 119.396004 113.186996 0.000000
v 139.253998 123.729996 3.160000
v 128.453995 111.339996 0.000000
v 128.171997 111.341995 0.000000
v 139.337006 124.150002 3.160000
v 127.431999 111.285004 0.000000
v 127.243004 111.248001 0.000000
v 123.031998 110.104004 0.000000
v 122.937004 110.844002 0.000000
v 126.770004 110.121002 0.000000
v 126.918999 110.989998 0.000000
v 126.843002 110.645004 0.000000
v 122.804001 111.335999 0.000000
v 126.703003 109.427002 0.000000
v 126.641998 108.569000 0.000000
v 69.044006 131.671997 3.160000
v 119.199997 96.082001 3.160000
v 127.903000 111.332001 0.000000
v 127.653000 111.313995 0.000000
v 69.649002 131.647995 3.160000
v 127.097000 111.201996 0.000000
v 126.999001 111.149002 0.000000
v 139.331528 124.155304 3.160000
v 139.237213 124.246628 3.160000
v 139.210999 124.272003 3.160000
v 123.096001 109.084999 0.000000
v 72.744003 128.807999 3.160000
v 72.613998 128.421005 10.000000
v 130.139008 105.201004 0.000000
v 127.771370 97.780930 0.000000
v 127.762001 97.811005 0.000000
v 127.626999 98.027000 0.000000
v 118.862000 95.762001 3.160000
v 116.224998 97.805000 3.160000
v 118.619003 95.479004 3.160000
v 119.053001 95.962006 3.160000
v 126.628677 108.328003 0.000000
v 126.585999 107.556000 0.000000
v 126.537003 106.393997 0.000000
v 126.496002 105.091995 0.000000
v 126.447998 103.117004 0.000000
v 119.500000 95.492996 3.160000
v 119.445000 95.671997 3.160000
v 119.585999 95.293999 3.160000
v 119.426003 95.826996 3.160000
v 119.702003 95.083000 3.160000
v 119.841003 94.865005 3.160000
v 120.176003 94.440002 3.160000
v 72.326004 127.895004 10.000000
v 72.613998 128.421005 3.160000
v 130.136993 103.242004 0.000000
v 121.765999 111.052002 0.000000
v 121.431000 110.364998 0.000000
v 121.006004 109.461998 0.000000
v 120.507004 108.374001 0.000000
v 120.486221 108.328003 0.000000
v 117.720001 94.425995 3.160000
v 118.015999 94.742004 3.160000
v 115.485001 96.695000 3.160000
v 117.426003 94.158997 3.160000
v 115.700005 96.962006 3.160000
v 118.322998 95.111000 3.160000
v 115.761253 97.055023 3.160000
v 127.727005 98.018997 0.000000
v 122.399002 111.710999 0.000000
v 122.000000 111.495003 0.000000
v 75.223999 122.512001 10.000000
v 108.777000 135.190994 3.160000
v 107.458000 135.139008 3.160000
v 108.565002 131.059006 3.160000
v 74.867004 123.050003 10.000000
v 75.223999 122.512001 3.160000
v 127.757004 97.925003 0.000000
v 104.878998 134.951004 3.160000
v 104.602997 134.882996 3.160000
v 105.727867 130.997223 3.160000
v 122.626999 111.613998 0.000000
v 127.772003 97.818001 0.000000
v 122.117004 111.663002 0.000000
v 116.002998 129.953003 3.160000
v 117.409637 108.328003 0.000000
v 111.397003 109.815002 0.000000
v 116.397003 129.966995 3.160000
v 116.436005 129.967560 3.160000
v 119.945999 107.132004 0.000000
v 116.998001 107.324997 0.000000
v 119.340004 105.764000 0.000000
v 116.436005 105.966103 0.000000
v 118.701004 104.303001 0.000000
v 110.264999 135.235001 3.160000
v 113.598999 135.291992 3.160000
v 112.730003 131.774002 3.160000
v 109.452705 128.807999 3.160000
v 109.459999 128.917999 3.160000
v 109.543999 129.436996 3.160000
v 109.667000 129.751007 3.160000
v 110.517326 130.343002 3.160000
v 110.531998 130.352005 3.160000
v 110.539772 130.362549 3.160000
v 112.544617 129.735672 3.160000
v 112.553230 129.830414 3.160000
v 110.646004 130.455002 3.160000
v 109.840004 129.936005 0.000000
v 123.167000 103.451996 0.000000
v 112.637001 106.701004 0.000000
v 109.822189 129.916962 3.160000
v 142.649170 102.183998 0.000000
v 142.641998 102.380997 0.000000
v 142.654999 102.024002 0.000000
v 142.602997 102.630005 0.000000
v 142.093994 102.783997 0.000000
v 141.971008 102.655998 0.000000
v 141.843002 102.486000 0.000000
v 141.716003 102.278999 0.000000
v 121.304001 93.341995 0.000000
v 123.227997 102.212006 0.000000
v 141.665070 102.183998 0.000000
v 141.011993 102.183998 0.000000
v 123.169685 101.031219 0.000000
v 112.485001 128.955994 3.160000
v 112.539490 129.679337 3.160000
v 123.173004 101.492004 0.000000
v 122.738998 98.221001 0.000000
v 114.474998 129.345001 0.000000
v 114.403000 128.496002 3.160000
v 114.374001 127.935997 3.160000
v 114.674004 129.710007 3.160000
v 122.557999 98.085999 0.000000
v 122.762543 98.283401 0.000000
v 142.643005 101.543999 0.000000
v 141.485794 101.813522 0.000000
v 141.589996 102.043999 0.000000
v 141.472000 101.783005 0.000000
v 142.608002 100.921005 0.000000
v 141.365005 101.505005 0.000000
v 141.078003 100.772003 0.000000
v 142.548996 100.143005 0.000000
v 142.548401 100.136002 0.000000
v 140.766006 100.195000 0.000000
v 122.664001 98.278999 0.000000
v 122.335999 98.110001 0.000000
v 110.659668 130.525162 3.160000
v 110.706001 130.587997 3.160000
v 114.557999 129.725998 0.000000
v 122.393997 98.181999 0.000000
v 110.430000 130.266998 3.160000
v 142.238007 97.328003 0.000000
v 142.274002 97.516998 0.000000
v 142.313995 97.796997 0.000000
v 122.558998 98.268005 0.000000
v 122.469002 98.236000 0.000000
v 141.636002 97.169998 0.000000
v 140.393997 99.753998 0.000000
v 142.358002 98.155998 0.000000
v 142.050003 97.208000 0.000000
v 142.406006 98.581001 0.000000
v 142.209000 97.240997 0.000000
v 142.453995 99.063004 0.000000
v 142.501999 99.587006 0.000000
v 141.011993 97.129837 0.000000
v 122.477997 97.987999 0.000000
v 110.031998 130.041000 3.160000
v 109.830025 129.925323 3.160000
v 122.352997 97.744003 0.000000
v 122.308998 97.609001 0.000000
v 122.302795 97.577545 0.000000
v 116.808998 129.972992 3.160000
v 110.680435 130.631760 3.160000
v 110.641373 130.698624 3.160000
v 110.598480 130.772049 3.160000
v 110.607452 130.756683 3.160000
v 111.885002 135.268005 3.160000
v 110.595001 130.778000 3.160000
v 110.067001 130.067001 0.000000
v 104.332001 134.770004 3.160000
v 104.178001 134.742004 3.160000
v 105.080002 130.964996 3.160000
v 104.473999 134.815994 3.160000
v 122.293999 98.020996 0.000000
v 104.014000 134.735992 3.160000
v 104.987000 130.929993 3.160000
v 105.113007 130.966644 3.160000
v 106.343002 135.080994 3.160000
v 107.331001 131.054993 3.160000
v 138.574997 99.076004 0.000000
v 122.278999 97.658997 0.000000
v 102.184998 131.268997 3.160000
v 102.426003 131.166992 3.160000
v 103.480003 134.839005 3.160000
v 141.011993 100.649940 0.000000
v 139.332001 99.212006 0.000000
v 122.265999 97.792999 0.000000
v 100.663002 131.514999 3.160000
v 101.323997 131.429993 3.160000
v 101.458000 135.149994 3.160000
v 100.717003 135.184998 3.160000
v 99.905998 135.207001 3.160000
v 102.570000 131.031998 3.160000
v 103.841003 134.751007 3.160000
v 103.663002 134.785004 3.160000
v 103.293999 134.914001 3.160000
v 137.621002 99.007996 0.000000
v 136.436005 98.988998 0.000000
v 122.271004 97.915001 0.000000
v 105.082481 130.962357 3.160000
v 105.112801 130.930038 3.160000
v 114.331001 125.891998 3.160000
v 114.337997 126.619003 3.160000
v 105.472000 135.016998 3.160000
v 105.823997 131.001999 3.160000
v 140.716232 100.136002 0.000000
v 119.199997 96.082001 0.000000
v 119.306000 96.125999 0.000000
v 119.375000 96.096001 0.000000
v 109.406998 128.119003 3.160000
v 133.399002 96.879044 0.000000
v 132.820007 96.864990 0.000000
v 129.962997 99.427002 0.000000
v 109.379997 126.963997 3.160000
v 118.322998 95.111000 0.000000
v 118.619003 95.479004 0.000000
v 118.862000 95.762001 0.000000
v 119.053001 95.962006 0.000000
v 102.634895 130.856003 3.160000
v 138.016998 97.003998 0.000000
v 136.757996 96.964005 0.000000
v 135.416000 96.928001 0.000000
v 139.160995 97.044998 0.000000
v 140.164001 97.087006 0.000000
v 119.585999 95.293999 0.000000
v 119.702003 95.083000 0.000000
v 119.841003 94.865005 0.000000
v 140.998993 97.128998 0.000000
v 120.000000 94.649002 0.000000
v 139.927002 99.431999 0.000000
v 120.176003 94.440002 0.000000
v 102.627396 130.363098 3.160000
v 102.623001 130.309006 3.160000
v 102.648003 130.617004 3.160000
v 102.636002 130.852997 3.160000
v 120.364998 94.244995 0.000000
v 119.414001 95.994995 0.000000
v 119.426003 95.826996 0.000000
v 119.445000 95.671997 0.000000
v 119.500000 95.492996 0.000000
v 117.125000 93.933998 0.000000
v 117.125000 93.933998 3.160000
v 116.806999 93.744995 3.160000
v 116.806999 93.744995 0.000000
v 116.464005 93.585999 3.160000
v 116.464005 93.585999 0.000000
v 118.015999 94.742004 0.000000
v 117.720001 94.425995 0.000000
v 126.433998 101.584000 0.000000
v 116.087997 93.451004 0.000000
v 101.824997 131.352005 3.160000
v 102.643997 135.048996 3.160000
v 130.126007 101.755997 0.000000
v 117.426003 94.158997 0.000000
v 130.098999 100.671997 0.000000
v 111.885002 135.268005 0.000000
v 123.163239 100.136002 0.000000
v 126.459999 100.429001 0.000000
v 110.264999 135.235001 0.000000
v 93.609001 113.640999 3.160000
v 93.542999 113.445999 3.160000
v 93.609001 113.640999 10.000000
v 108.777000 135.190994 0.000000
v 107.458000 135.139008 0.000000
v 109.370003 121.188004 3.160000
v 130.046997 99.917999 0.000000
v 129.667007 98.946999 0.000000
v 129.839005 99.126999 0.000000
v 114.803001 129.822006 0.000000
v 112.326004 122.491997 3.160000
v 112.320999 121.226997 3.160000
v 99.797852 120.615997 3.160000
v 100.052002 120.361389 3.160000
v 128.740997 96.765999 0.000000
v 128.740997 97.615005 0.000000
v 128.753006 97.813995 0.000000
v 128.787994 98.000999 0.000000
v 128.846008 98.175003 0.000000
v 128.923996 98.334999 0.000000
v 129.024002 98.481003 0.000000
v 114.886482 129.837219 0.000000
v 103.046997 134.985992 3.160000
v 114.674004 129.710007 0.000000
v 102.543121 131.057205 3.160000
v 114.515999 129.602005 0.000000
v 112.445999 128.182007 3.160000
v 112.412003 127.238998 3.160000
v 114.463585 129.232651 0.000000
v 127.715004 97.445000 0.000000
v 127.750999 97.576004 0.000000
v 112.381004 126.167000 3.160000
v 127.401337 97.063995 0.000000
v 127.340004 97.028999 0.000000
v 102.589005 130.048004 3.160000
v 110.517326 130.343002 0.000000
v 109.370003 125.376999 3.160000
v 110.659668 130.525162 0.000000
v 110.539772 130.362549 0.000000
v 102.542000 129.837006 3.160000
v 105.915207 130.074310 3.160000
v 102.479004 129.675995 3.160000
v 106.372002 129.505997 3.160000
v 106.168999 129.791992 3.160000
v 106.517998 129.167999 3.160000
v 106.597557 128.807999 3.160000
v 102.393997 129.559006 3.160000
v 126.676003 96.915878 0.000000
v 126.280998 96.903000 0.000000
v 110.646004 130.455002 0.000000
v 123.070999 98.641998 0.000000
v 123.129997 99.186005 0.000000
v 114.374001 123.592003 3.160000
v 114.347000 124.223999 3.160000
v 110.430000 130.266998 0.000000
v 100.060684 124.019508 3.160000
v 100.625000 123.766998 3.160000
v 101.749001 129.436996 3.160000
v 102.283005 129.479996 3.160000
v 106.692253 127.731117 3.160000
v 102.112244 129.434570 3.160000
v 101.966003 129.423004 3.160000
v 101.620003 123.248001 3.160000
v 123.163002 100.102997 0.000000
v 114.466003 122.693001 3.160000
v 110.031998 130.041000 0.000000
v 109.830025 129.925323 0.000000
v 125.688004 96.908997 0.000000
v 112.340004 123.887207 3.160000
v 106.343002 135.080994 0.000000
v 114.791985 122.072937 3.160000
v 105.472000 135.016998 0.000000
v 104.878998 134.951004 0.000000
v 114.719002 122.133003 3.160000
v 114.704926 122.145538 3.160000
v 127.087997 96.959000 0.000000
v 126.740997 96.917999 0.000000
v 127.770004 97.701004 0.000000
v 127.636002 97.268005 0.000000
v 127.516998 97.130005 0.000000
v 104.602997 134.882996 0.000000
v 104.473999 134.815994 0.000000
v 112.357002 124.994003 3.160000
v 104.332001 134.770004 0.000000
v 104.178001 134.742004 0.000000
v 124.945999 96.933998 0.000000
v 124.627998 96.949265 0.000000
v 124.217003 96.969002 0.000000
v 104.014000 134.735992 0.000000
v 103.841003 134.751007 0.000000
v 103.663002 134.785004 0.000000
v 103.480003 134.839005 0.000000
v 103.293999 134.914001 0.000000
v 100.608002 118.500999 10.000000
v 103.870003 119.003998 10.000000
v 103.046997 134.985992 0.000000
v 102.643997 135.048996 0.000000
v 102.107002 135.104004 0.000000
v 102.107002 135.104004 3.160000
v 101.594002 115.660995 10.000000
v 119.340004 129.557007 3.160000
v 114.353004 127.304001 3.160000
v 118.126999 129.865005 3.160000
v 114.333000 124.987999 3.160000
v 101.458000 135.149994 0.000000
v 100.717003 135.184998 0.000000
v 100.445000 118.042000 10.000000
v 100.174004 117.637001 10.000000
v 99.791000 117.290001 10.000000
v 100.833000 115.622002 10.000000
v 105.112801 130.930038 0.000000
v 105.902000 130.089005 0.000000
v 105.915207 130.074310 0.000000
v 104.987000 130.929993 0.000000
v 115.022003 121.410004 3.160000
v 114.965004 121.693001 3.160000
v 105.805000 114.390999 10.000000
v 105.505997 114.550003 10.000000
v 114.534004 122.407997 3.160000
v 107.489998 113.559998 10.000000
v 107.152000 113.653999 10.000000
v 114.815002 122.054001 3.160000
v 103.619003 120.882004 0.000000
v 103.654350 120.696289 3.160000
v 103.654350 120.696289 0.000000
v 115.066002 121.055000 3.160000
v 115.097000 120.625999 3.160000
v 114.822464 122.040810 3.160000
v 103.001801 122.126137 0.000000
v 103.001801 122.126137 3.160000
v 103.354004 121.593002 0.000000
v 104.158997 114.833000 10.000000
v 104.710999 114.765999 10.000000
v 105.150002 114.673996 10.000000
v 103.249001 121.844002 0.000000
v 103.424004 121.570999 0.000000
v 103.424004 121.570999 3.160000
v 103.249001 121.844002 3.160000
v 103.548004 121.272003 0.000000
v 103.548004 121.272003 3.160000
v 106.834999 113.765999 10.000000
v 106.548004 113.895996 10.000000
v 106.078003 114.192001 10.000000
v 106.293999 114.037003 10.000000
v 114.618004 122.223000 3.160000
v 103.630005 120.914001 0.000000
v 103.630005 120.914001 3.160000
v 114.569611 122.329567 3.160000
v 103.012001 122.115997 3.160000
v 103.012001 122.115997 0.000000
v 101.122002 115.650002 10.000000
v 101.378998 115.663002 10.000000
v 106.692253 127.731117 0.000000
v 106.710999 127.247002 0.000000
v 103.467003 114.877998 10.000000
v 102.606003 114.906998 10.000000
v 101.545998 114.925003 10.000000
v 112.337997 123.757004 3.160000
v 114.413002 123.083000 3.160000
v 114.897003 121.908997 3.160000
v 111.968002 109.190002 10.000000
v 111.834000 109.538002 10.000000
v 112.082001 108.884003 10.000000
v 111.686005 109.915001 10.000000
v 111.528000 110.309998 10.000000
v 111.365997 110.711998 10.000000
v 111.205002 111.111000 10.000000
v 106.710999 109.691002 10.000000
v 107.850998 113.481003 10.000000
v 112.174004 108.632004 10.000000
v 99.905998 135.207001 0.000000
v 109.368004 123.283997 3.160000
v 109.379997 119.600998 3.160000
v 99.043999 135.216003 0.000000
v 99.043999 135.216003 3.160000
v 98.153999 135.210999 0.000000
v 98.153999 135.210999 3.160000
v 113.535004 104.910995 10.000000
v 109.785004 103.272995 10.000000
v 113.687004 104.570999 10.000000
v 95.995003 135.179001 0.000000
v 94.317001 135.158005 0.000000
v 94.317001 135.158005 3.160000
v 95.995003 135.179001 3.160000
v 113.388000 105.262001 10.000000
v 92.987000 135.147995 0.000000
v 92.987000 135.147995 3.160000
v 113.249001 105.612000 10.000000
v 113.836998 104.250999 10.000000
v 91.877998 135.149994 0.000000
v 91.877998 135.149994 3.160000
v 112.739998 107.033997 10.000000
v 108.577003 105.930000 10.000000
v 112.873001 106.660995 10.000000
v 112.610001 107.403000 10.000000
v 112.484001 107.757996 10.000000
v 85.181000 135.347000 3.160000
v 85.181000 135.347000 0.000000
v 84.274002 135.348999 3.160000
v 113.125000 105.951996 10.000000
v 109.169998 104.641998 10.000000
v 86.099998 135.332001 3.160000
v 86.099998 135.332001 0.000000
v 113.001999 106.296997 10.000000
v 112.365997 108.087997 10.000000
v 90.855003 135.165009 0.000000
v 90.855003 135.165009 3.160000
v 87.005997 135.302994 3.160000
v 87.005997 135.302994 0.000000
v 106.564766 118.732582 3.160000
v 89.790001 135.195007 0.000000
v 89.790001 135.195007 3.160000
v 88.551003 135.240997 0.000000
v 88.551003 135.240997 3.160000
v 91.626244 130.221558 0.000000
v 91.164001 129.908005 0.000000
v 103.669640 120.615997 3.160000
v 91.137627 129.942764 0.000000
v 89.768005 129.138000 0.000000
v 89.803284 129.106598 0.000000
v 89.753014 129.145279 0.000000
v 108.227005 113.423996 10.000000
v 102.953003 122.199997 3.160000
v 102.997498 122.132645 3.160000
v 105.369003 110.882996 10.000000
v 89.201004 129.393005 3.160000
v 89.201004 129.393005 0.000000
v 88.533997 129.544998 0.000000
v 88.533997 129.544998 3.160000
v 75.318001 124.749001 3.160000
v 75.318001 124.749001 10.000000
v 75.268402 124.711998 3.160000
v 89.545540 129.246109 0.000000
v 100.456001 114.938995 10.000000
v 99.630005 114.956001 10.000000
v 91.961998 118.339996 10.000000
v 91.957413 118.344818 3.160000
v 91.862999 118.444000 10.000000
v 91.891998 117.393997 3.160000
v 91.891998 117.393997 10.000000
v 91.860001 117.350319 3.160000
v 112.262001 108.385002 10.000000
v 91.936043 117.508675 3.160000
v 85.475998 129.647995 3.160000
v 85.475998 129.647995 0.000000
v 85.014000 129.600998 3.160000
v 99.630005 114.956001 3.160000
v 99.054001 114.982002 10.000000
v 99.054001 114.982002 3.160000
v 98.707001 115.018997 10.000000
v 84.619003 129.518997 3.160000
v 98.571999 115.068001 3.160000
v 98.571999 115.068001 10.000000
v 84.242004 129.410995 0.000000
v 99.561996 115.408005 10.000000
v 99.263000 115.334999 10.000000
v 99.263000 115.334999 3.160000
v 99.561996 115.408005 3.160000
v 84.266006 129.397003 3.160000
v 98.867996 115.223000 10.000000
v 98.632004 115.137001 10.000000
v 98.632004 115.137001 3.160000
v 99.880005 115.474998 3.160000
v 99.880005 115.474998 10.000000
v 86.031998 129.669006 3.160000
v 86.031998 129.669006 0.000000
v 70.781998 126.474998 10.000000
v 70.781998 126.474998 3.160000
v 70.406006 126.392998 10.000000
v 70.406006 126.392998 3.160000
v 100.203003 115.533997 10.000000
v 71.628006 127.039001 10.000000
v 71.628006 127.039001 3.160000
v 71.362000 126.787003 10.000000
v 71.362000 126.787003 3.160000
v 100.663002 131.514999 10.000000
v 86.707001 129.669006 3.160000
v 86.707001 129.669006 0.000000
v 97.139999 116.441002 10.000000
v 96.564003 116.367996 0.000000
v 96.564003 116.367996 10.000000
v 71.923996 127.364998 10.000000
v 71.923996 127.364998 3.160000
v 96.115005 116.295998 0.000000
v 96.115005 116.295998 10.000000
v 69.930000 126.346001 10.000000
v 87.707001 129.634995 3.160000
v 87.707001 129.634995 0.000000
v 68.542000 126.320000 3.160000
v 66.069000 126.320000 10.000000
v 68.542000 126.320000 10.000000
v 69.930000 126.346001 3.160000
v 69.318001 126.323997 10.000000
v 90.513275 127.887260 0.000000
v 90.515999 127.876999 0.000000
v 100.052002 114.947311 3.160000
v 90.537369 127.577782 0.000000
v 69.318001 126.323997 3.160000
v 71.089996 126.602997 10.000000
v 90.550644 127.391953 0.000000
v 90.561005 127.247002 0.000000
v 90.569412 127.088791 0.000000
v 102.953003 122.199997 10.000000
v 75.475998 124.875565 3.160000
v 88.091003 124.821999 0.000000
v 88.800003 124.695999 3.160000
v 88.091003 124.821999 3.160000
v 74.615997 123.463997 10.000000
v 74.867004 123.050003 3.160000
v 95.354004 115.364998 3.160000
v 95.357567 115.235664 3.160000
v 95.354004 115.364998 10.000000
v 86.372002 124.822998 0.000000
v 74.462006 123.775002 3.160000
v 74.399002 124.000999 3.160000
v 74.462006 123.775002 10.000000
v 74.399002 124.000999 10.000000
v 85.697792 124.854774 0.000000
v 87.403999 124.904999 0.000000
v 87.403999 124.904999 3.160000
v 74.417000 124.157997 10.000000
v 74.417000 124.157997 3.160000
v 74.615997 123.463997 3.160000
v 74.510002 124.265999 3.160000
v 74.510002 124.265999 10.000000
v 85.711998 124.854996 0.000000
v 85.711998 124.854996 3.160000
v 74.669998 124.344002 10.000000
v 74.804001 124.404999 3.160000
v 74.804001 124.404999 10.000000
v 95.158005 114.954002 10.000000
v 95.158005 114.954002 3.160000
v 95.011002 114.913002 10.000000
v 86.236000 124.875000 0.000000
v 86.236000 124.875000 3.160000
v 86.018005 124.863998 3.160000
v 86.018005 124.863998 0.000000
v 86.802002 124.931000 3.160000
v 86.355003 124.889000 3.160000
v 86.355003 124.889000 0.000000
v 86.802002 124.931000 0.000000
v 74.959000 124.495003 10.000000
v 68.846001 122.961998 10.000000
v 68.740005 123.061996 10.000000
v 68.740005 123.061996 3.160000
v 67.986000 123.375999 10.000000
v 67.747002 123.420998 10.000000
v 67.747002 123.420998 3.160000
v 67.986000 123.375999 3.160000
v 138.970001 124.367996 3.160000
v 68.593002 123.155998 10.000000
v 68.846001 122.961998 3.160000
v 69.012001 122.763000 10.000000
v 69.326004 122.389999 10.000000
v 69.326004 122.389999 3.160000
v 69.012001 122.763000 3.160000
v 69.770996 121.863998 10.000000
v 70.329002 121.206001 3.160000
v 70.329002 121.206001 10.000000
v 67.503006 123.451004 10.000000
v 67.503006 123.451004 3.160000
v 68.209999 123.315002 3.160000
v 68.209999 123.315002 10.000000
v 68.415001 123.239998 10.000000
v 132.779999 124.619003 3.160000
v 132.820007 124.618134 3.160000
v 95.329002 115.104004 3.160000
v 95.264000 115.016998 3.160000
v 95.329002 115.104004 10.000000
v 95.264000 115.016998 10.000000
v 97.973000 116.572998 10.000000
v 98.692001 116.757004 10.000000
v 93.956001 114.801003 3.160000
v 93.908005 114.769272 3.160000
v 93.956001 114.801003 10.000000
v 71.089996 126.602997 3.160000
v 99.296997 116.997002 10.000000
v 72.326004 127.895004 3.160000
v 93.837997 114.723000 10.000000
v 93.755005 114.611000 3.160000
v 93.755005 114.611000 10.000000
v 92.051003 117.807999 10.000000
v 92.029999 118.182999 10.000000
v 91.719002 118.497002 10.000000
v 98.281998 111.403999 10.000000
v 75.132996 124.611000 10.000000
v 93.208000 112.895996 3.160000
v 93.056000 112.737000 10.000000
v 93.208000 112.895996 10.000000
v 100.524002 115.583000 10.000000
v 74.669998 124.344002 3.160000
v 95.309998 115.901001 10.000000
v 95.292999 115.742004 10.000000
v 95.389000 116.028999 10.000000
v 95.541000 116.132996 10.000000
v 95.321999 115.545998 10.000000
v 95.778000 116.219002 10.000000
v 75.132996 124.611000 3.160000
v 74.959000 124.495003 3.160000
v 95.358002 115.220001 10.000000
v 102.385002 122.737999 3.160000
v 102.835205 122.311577 3.160000
v 68.593002 123.155998 3.160000
v 97.287003 110.572998 10.000000
v 94.814003 114.891998 10.000000
v 69.770996 121.863998 3.160000
v 106.617004 128.720001 3.160000
v 102.142998 129.436996 3.160000
v 106.678001 128.098999 3.160000
v 94.317001 114.877998 10.000000
v 94.113998 114.849998 10.000000
v 94.570000 114.886002 10.000000
v 70.829887 120.615997 3.160000
v 102.092270 122.933159 3.160000
v 67.257996 123.459999 10.000000
v 67.283997 123.459045 3.160000
v 102.051079 122.960617 3.160000
v 93.452003 113.253998 10.000000
v 93.339005 113.070999 10.000000
v 92.888000 112.596001 10.000000
v 96.348999 109.485001 10.000000
v 92.714005 112.445999 10.000000
v 93.666000 114.033005 10.000000
v 93.674004 114.270996 10.000000
v 68.415001 123.239998 3.160000
v 93.542999 113.445999 10.000000
v 93.702003 114.462997 10.000000
v 93.652000 113.839005 10.000000
v 89.724998 117.895996 10.000000
v 91.130997 116.535004 10.000000
v 90.348999 118.139999 10.000000
v 89.274002 117.729996 10.000000
v 89.932999 115.764000 10.000000
v 91.577003 116.964005 10.000000
v 90.844002 118.319000 10.000000
v 91.227005 118.436996 10.000000
v 88.804001 117.570000 10.000000
v 88.330002 117.427002 10.000000
v 89.227997 115.457001 10.000000
v 87.867004 117.301003 10.000000
v 88.482002 115.229004 10.000000
v 91.513000 118.495003 10.000000
v 86.510002 114.964005 10.000000
v 87.536003 115.056999 10.000000
v 86.667000 117.063995 10.000000
v 87.426003 117.196999 10.000000
v 86.378998 117.043999 10.000000
v 87.020996 117.117004 10.000000
v 85.445999 117.138000 10.000000
v 85.445999 114.949997 10.000000
v 90.576004 116.128998 10.000000
v 84.380997 115.009003 10.000000
v 92.306999 112.014000 10.000000
v 92.516998 112.250000 10.000000
v 92.086998 111.745003 10.000000
v 91.865005 111.455002 10.000000
v 95.180000 107.917000 10.000000
v 90.427002 107.719002 10.000000
v 90.406998 107.003998 10.000000
v 90.543999 108.801003 10.000000
v 90.472000 108.306000 10.000000
v 97.056999 107.571999 10.000000
v 96.677002 107.632996 10.000000
v 97.509003 105.382004 10.000000
v 94.977997 105.139999 10.000000
v 91.648003 111.148003 10.000000
v 98.860001 107.373001 10.000000
v 98.168999 107.440002 10.000000
v 98.712997 105.482002 10.000000
v 98.074997 105.432999 10.000000
v 97.561005 107.507004 10.000000
v 65.714996 129.052002 3.160000
v 65.714996 129.052002 10.000000
v 65.730957 128.807999 3.160000
v 83.125000 110.981003 10.000000
v 81.244995 108.275002 10.000000
v 84.494003 108.989998 10.000000
v 65.704002 129.265625 3.160000
v 90.803001 109.648003 10.000000
v 90.653000 109.237000 10.000000
v 91.001999 110.066002 10.000000
v 91.253998 110.526001 10.000000
v 91.442001 110.835999 10.000000
v 67.962875 134.499878 3.160000
v 65.681000 134.473999 10.000000
v 90.433998 104.606003 10.000000
v 95.221001 104.167999 10.000000
v 90.408005 105.313004 10.000000
v 65.681000 134.473999 3.160000
v 60.549999 134.360992 3.160000
v 60.531284 134.172836 3.160000
v 60.526821 134.128006 3.160000
v 60.549999 134.360992 10.000000
v 86.740997 105.417000 10.000000
v 86.335999 106.152000 10.000000
v 84.125999 104.889000 10.000000
v 85.836998 106.971001 10.000000
v 85.229004 107.905998 10.000000
v 83.490005 105.622002 10.000000
v 87.069000 104.731995 10.000000
v 60.455002 133.406006 3.160000
v 60.436001 133.143005 10.000000
v 60.455002 133.406006 10.000000
v 60.465000 132.753998 10.000000
v 60.438000 132.927002 10.000000
v 60.441589 132.903992 3.160000
v 60.438000 132.927002 3.160000
v 60.465000 132.753998 3.160000
v 60.521000 132.617004 10.000000
v 60.521000 132.617004 3.160000
v 113.982002 103.959999 10.000000
v 114.119003 103.709000 10.000000
v 61.782940 131.076263 3.160000
v 61.778423 130.649399 3.160000
v 61.795002 132.216003 10.000000
v 61.786377 131.400970 3.160000
v 60.607002 132.511993 10.000000
v 60.607002 132.511993 3.160000
v 114.240997 103.507996 10.000000
v 112.798004 96.483002 10.000000
v 114.065002 96.376999 10.000000
v 114.462997 96.349998 10.000000
v 61.789650 131.710205 3.160000
v 60.725002 132.432007 3.160000
v 60.725002 132.432007 10.000000
v 61.795002 132.216003 3.160000
v 61.794651 132.183105 3.160000
v 114.784004 96.354996 10.000000
v 115.046997 96.404999 10.000000
v 115.274002 96.514999 10.000000
v 115.485001 96.695000 10.000000
v 115.700005 96.962006 10.000000
v 115.941002 97.328003 10.000000
v 61.077000 132.334000 3.160000
v 61.449314 132.272812 3.160000
v 61.077000 132.334000 10.000000
v 107.692001 100.888000 10.000000
v 107.585999 100.934998 10.000000
v 107.778999 100.809998 10.000000
v 107.462997 100.949005 10.000000
v 107.848999 100.697998 10.000000
v 107.112000 100.916000 10.000000
v 107.903999 100.553001 10.000000
v 106.677002 100.821999 10.000000
v 107.962997 100.150002 10.000000
v 106.195999 100.681999 10.000000
v 107.910004 99.345001 10.000000
v 105.712997 100.514999 10.000000
v 107.459000 98.341003 10.000000
v 105.264999 100.334999 10.000000
v 107.087997 97.903000 10.000000
v 107.941002 100.369995 10.000000
v 60.879738 132.375824 3.160000
v 104.170998 99.558998 10.000000
v 104.026001 99.501999 10.000000
v 104.874001 96.820999 10.000000
v 106.107002 97.208000 10.000000
v 106.635002 97.522003 10.000000
v 104.482002 99.744995 10.000000
v 65.695999 129.421005 10.000000
v 104.531998 99.806000 10.000000
v 105.517998 96.970001 10.000000
v 104.299004 99.619995 10.000000
v 104.403999 99.681999 10.000000
v 90.512650 123.958839 0.000000
v 90.519119 124.063271 0.000000
v 104.551003 99.861000 10.000000
v 107.736000 98.824005 10.000000
v 107.970001 99.893005 10.000000
v 65.681000 130.115997 10.000000
v 104.568001 96.770004 10.000000
v 103.694000 99.403999 10.000000
v 104.238998 96.709000 10.000000
v 104.893997 100.155998 10.000000
v 104.642998 99.992996 10.000000
v 89.025635 124.643486 0.000000
v 60.462376 133.480133 3.160000
v 99.514000 99.319000 10.000000
v 98.791000 99.598000 10.000000
v 98.339996 96.094002 10.000000
v 60.436001 133.143005 3.160000
v 97.865005 96.184998 10.000000
v 103.867004 99.449005 10.000000
v 100.240005 99.100998 10.000000
v 99.501999 96.001999 10.000000
v 61.766987 129.568787 3.160000
v 101.531998 98.912994 10.000000
v 102.373001 96.275002 10.000000
v 102.014000 98.972000 10.000000
v 103.298004 99.308998 10.000000
v 103.076004 99.253998 10.000000
v 103.899002 96.639999 10.000000
v 103.557999 96.570000 10.000000
v 102.621002 99.136002 10.000000
v 103.223000 96.492996 10.000000
v 102.402000 99.078003 10.000000
v 102.196999 99.022995 10.000000
v 102.905998 96.417999 10.000000
v 90.546005 124.031998 3.160000
v 90.546005 124.031998 0.000000
v 61.792694 131.998001 3.160000
v 61.793575 132.081284 3.160000
v 61.790649 131.804993 3.160000
v 102.621002 96.346001 10.000000
v 61.030582 132.343765 3.160000
v 60.882000 132.375000 3.160000
v 60.882000 132.375000 10.000000
v 101.910004 96.165001 10.000000
v 103.505997 99.360001 10.000000
v 101.364998 96.082001 10.000000
v 61.688999 122.528000 3.160000
v 61.658001 120.778000 3.160000
v 61.658001 120.778000 10.000000
v 61.688999 122.528000 10.000000
v 61.617001 119.440002 3.160000
v 61.617001 119.440002 10.000000
v 61.653038 120.615997 3.160000
v 90.400002 106.127998 10.000000
v 61.715527 124.711998 3.160000
v 61.716000 124.750999 10.000000
v 61.716000 124.750999 3.160000
v 95.949005 102.190002 10.000000
v 61.758934 128.807999 3.160000
v 92.123001 99.558998 10.000000
v 66.083000 123.459999 10.000000
v 67.257996 123.459999 3.160000
v 95.542000 103.113998 10.000000
v 95.734001 102.636002 10.000000
v 65.835999 127.693001 10.000000
v 65.875999 127.438004 10.000000
v 65.875999 127.438004 3.160000
v 65.835999 127.693001 3.160000
v 97.520996 100.289001 10.000000
v 96.277000 96.796997 10.000000
v 98.112999 99.928001 10.000000
v 65.801003 127.992996 10.000000
v 65.801003 127.992996 3.160000
v 65.738998 128.684998 10.000000
v 65.766006 128.326996 10.000000
v 65.766006 128.326996 3.160000
v 65.738998 128.684998 3.160000
v 98.895004 96.033005 10.000000
v 66.069000 126.320000 3.160000
v 97.375999 96.332001 10.000000
v 100.926003 98.962006 10.000000
v 100.133003 96.000000 10.000000
v 100.763000 96.027000 10.000000
v 96.841003 96.537994 10.000000
v 97.057999 100.671997 10.000000
v 96.742004 101.015999 10.000000
v 92.195999 99.518997 10.000000
v 92.278000 99.500000 10.000000
v 65.900002 120.693001 10.000000
v 65.900002 120.693001 3.160000
v 66.083000 123.459999 3.160000
v 88.800003 124.695999 0.000000
v 92.553001 99.348999 10.000000
v 92.734001 99.227005 10.000000
v 93.621002 98.520004 10.000000
v 82.850998 118.514999 10.000000
v 82.850998 118.514999 3.160000
v 82.134003 119.268997 10.000000
v 92.399002 99.441002 10.000000
v 96.188004 101.774002 10.000000
v 82.134003 119.268997 3.160000
v 81.528999 120.135002 10.000000
v 93.158005 98.908997 10.000000
v 93.387001 98.720001 10.000000
v 96.452003 101.382996 10.000000
v 115.987000 116.718002 0.000000
v 95.130005 97.428001 10.000000
v 95.701004 97.096001 10.000000
v 115.854004 116.811005 0.000000
v 115.854004 116.811005 3.160000
v 115.592003 116.841995 3.160000
v 115.592003 116.841995 0.000000
v 116.183998 116.788002 3.160000
v 95.371002 103.622002 10.000000
v 115.406998 116.884003 3.160000
v 115.406998 116.884003 0.000000
v 115.317924 116.932251 0.000000
v 115.317924 116.932251 3.160000
v 115.327003 116.910995 0.000000
v 109.647758 116.863281 0.000000
v 109.647758 116.863281 3.160000
v 109.667000 116.813995 0.000000
v 109.806000 116.694000 0.000000
v 109.806000 116.694000 3.160000
v 110.033005 116.563004 0.000000
v 110.033005 116.563004 3.160000
v 110.647804 115.912888 0.000000
v 110.647804 115.912888 3.160000
v 110.467140 115.813202 3.160000
v 110.467140 115.813202 0.000000
v 110.570999 116.171997 0.000000
v 110.647919 115.913292 3.160000
v 110.647919 115.913292 0.000000
v 93.452003 113.253998 3.160000
v 93.339005 113.070999 3.160000
v 92.888000 112.596001 3.160000
v 110.487999 116.294998 3.160000
v 110.487999 116.294998 0.000000
v 92.714005 112.445999 3.160000
v 110.692001 116.071999 0.000000
v 110.692001 116.071999 3.160000
v 110.641998 115.891998 0.000000
v 110.641998 115.891998 3.160000
v 93.674004 114.270996 3.160000
v 93.702003 114.462997 3.160000
v 93.692162 114.395546 3.160000
v 79.737000 116.486000 3.160000
v 79.904999 116.410004 3.160000
v 79.737000 116.486000 10.000000
v 93.652000 113.839005 3.160000
v 106.219864 116.914001 3.160000
v 106.219864 116.914001 0.000000
v 106.205002 116.887001 0.000000
v 93.719215 114.511078 3.160000
v 103.984764 116.914001 0.000000
v 103.984764 116.914001 3.160000
v 103.998001 116.673004 0.000000
v 95.339722 115.445770 3.160000
v 106.567001 118.757004 0.000000
v 106.564766 118.732582 0.000000
v 95.309998 115.901001 0.000000
v 100.174004 117.637001 0.000000
v 100.173691 117.636719 0.000000
v 100.173691 117.636719 3.160000
v 94.113998 114.849998 3.160000
v 100.174271 117.637405 3.160000
v 100.174271 117.637405 0.000000
v 70.981003 120.438004 10.000000
v 83.658005 117.895004 10.000000
v 83.658005 117.895004 3.160000
v 95.011002 114.913002 3.160000
v 94.814003 114.891998 3.160000
v 104.667000 106.959000 0.000000
v 105.682739 106.615784 0.000000
v 76.604996 120.548004 3.160000
v 76.555954 120.615997 3.160000
v 76.604996 120.548004 10.000000
v 76.852997 120.206001 10.000000
v 77.063004 119.925003 10.000000
v 76.852997 120.206001 3.160000
v 94.570000 114.886002 3.160000
v 94.317001 114.877998 3.160000
v 104.000000 107.026001 0.000000
v 105.295998 106.889999 3.160000
v 104.845001 106.982002 3.160000
v 105.295998 106.889999 0.000000
v 104.845001 106.982002 0.000000
v 105.562004 106.778999 3.160000
v 105.562004 106.778999 0.000000
v 77.401001 119.550003 3.160000
v 77.389000 119.530998 3.160000
v 77.401001 119.550003 10.000000
v 95.358002 115.220001 3.160000
v 105.681000 106.641998 0.000000
v 105.681000 106.641998 3.160000
v 77.237000 120.263000 3.160000
v 77.288002 120.091995 3.160000
v 77.237000 120.263000 10.000000
v 104.173004 107.059998 3.160000
v 104.173004 107.059998 0.000000
v 102.000999 107.150002 0.000000
v 93.705223 114.472000 3.160000
v 93.837997 114.723000 3.160000
v 77.177002 120.447998 3.160000
v 77.177002 120.447998 10.000000
v 100.448997 107.270004 0.000000
v 100.448997 107.270004 3.160000
v 72.490997 118.658005 10.000000
v 73.315002 117.690002 10.000000
v 102.013000 107.198997 3.160000
v 102.013000 107.198997 0.000000
v 103.242004 107.130997 3.160000
v 103.242004 107.130997 0.000000
v 65.684006 129.781006 10.000000
v 122.843002 98.287003 0.000000
v 122.862480 98.299789 0.000000
v 122.976997 98.375000 0.000000
v 123.179001 97.063004 0.000000
v 123.634003 97.009995 0.000000
v 99.537048 117.139381 3.160000
v 99.537048 117.139381 0.000000
v 99.296997 116.997002 0.000000
v 122.993752 98.422577 0.000000
v 98.869003 116.845001 3.160000
v 98.869003 116.845001 0.000000
v 98.048004 116.623001 3.160000
v 98.048004 116.623001 0.000000
v 91.961998 118.339996 0.000000
v 91.957413 118.344818 0.000000
v 98.692001 116.757004 0.000000
v 97.973000 116.572998 0.000000
v 92.051003 117.807999 0.000000
v 91.936043 117.508675 0.000000
v 99.926208 117.412506 3.160000
v 100.052002 117.526466 3.160000
v 92.026001 117.610001 0.000000
v 92.026001 117.610001 3.160000
v 99.551041 117.147675 3.160000
v 92.035004 118.323997 3.160000
v 92.035004 118.323997 0.000000
v 92.149002 118.242004 3.160000
v 92.149002 118.242004 0.000000
v 91.862999 118.444000 3.160000
v 92.205002 117.971001 3.160000
v 92.029999 118.182999 0.000000
v 92.205002 117.971001 0.000000
v 122.331001 97.481003 0.000000
v 122.594002 97.222000 0.000000
v 122.430000 97.337006 0.000000
v 122.839005 97.132996 0.000000
v 97.080002 116.476997 0.000000
v 99.926208 117.412506 0.000000
v 99.791000 117.290001 0.000000
v 79.604004 116.537003 10.000000
v 99.551041 117.147675 0.000000
v 98.707001 115.018997 3.160000
v 97.139999 116.441002 0.000000
v 79.904999 116.410004 10.000000
v 80.104996 116.313004 10.000000
v 77.401001 119.602997 10.000000
v 98.867996 115.223000 3.160000
v 96.602997 116.420998 3.160000
v 96.206001 116.358002 3.160000
v 96.206001 116.358002 0.000000
v 96.602997 116.420998 0.000000
v 77.288002 120.091995 10.000000
v 97.080002 116.476997 3.160000
v 77.365005 119.800003 10.000000
v 77.331001 119.934998 10.000000
v 77.389000 119.688004 10.000000
v 95.541000 116.132996 0.000000
v 95.389000 116.028999 0.000000
v 77.337997 119.578003 10.000000
v 77.227005 119.712997 10.000000
v 74.210999 116.638000 10.000000
v 71.707001 119.582001 10.000000
v 79.514000 116.563004 10.000000
v 79.473000 116.558998 10.000000
v 76.244003 114.232002 10.000000
v 79.500000 116.446999 10.000000
v 75.197006 115.471001 10.000000
v 77.389000 119.530998 10.000000
v 110.155998 130.822006 0.000000
v 115.287003 130.076996 0.000000
v 115.071014 129.947693 0.000000
v 113.898003 131.507996 0.000000
v 112.793999 131.369995 0.000000
v 113.125000 131.466003 0.000000
v 112.745003 130.658997 0.000000
v 114.986000 131.503006 0.000000
v 79.660995 116.155998 10.000000
v 79.970001 115.658005 10.000000
v 80.331001 116.197998 10.000000
v 80.576996 116.066002 10.000000
v 80.835999 115.920998 10.000000
v 95.321999 115.545998 0.000000
v 95.333710 115.479790 3.160000
v 81.539001 115.598999 10.000000
v 82.389999 115.336998 10.000000
v 83.348999 115.140999 10.000000
v 84.530998 117.429001 10.000000
v 115.021637 129.918121 0.000000
v 80.451996 114.920998 10.000000
v 77.319000 112.957001 10.000000
v 81.125000 113.917000 10.000000
v 95.292999 115.742004 0.000000
v 78.389000 111.683998 10.000000
v 114.971626 129.888184 0.000000
v 112.691002 128.917999 0.000000
v 112.688560 128.807999 0.000000
v 109.425003 128.899994 0.000000
v 109.419083 128.807999 0.000000
v 80.385002 109.306000 10.000000
v 82.009003 112.612999 10.000000
v 79.421005 110.455002 10.000000
v 114.431999 129.160995 0.000000
v 114.256004 128.227997 0.000000
v 95.350449 115.385071 3.160000
v 82.033005 107.334000 10.000000
v 82.785995 106.443001 10.000000
v 109.746040 130.868286 0.000000
v 109.598000 130.884995 0.000000
v 109.805000 129.910995 0.000000
v 106.715004 129.337006 0.000000
v 109.509003 129.414993 0.000000
v 93.056000 112.737000 3.160000
v 110.676003 130.608994 0.000000
v 110.554741 130.700317 0.000000
v 65.942001 117.847000 10.000000
v 65.859001 118.181000 10.000000
v 66.270996 117.267998 10.000000
v 110.514000 130.731003 0.000000
v 108.833000 130.919998 0.000000
v 65.818001 118.596001 10.000000
v 65.816002 119.125999 10.000000
v 61.561001 118.456001 10.000000
v 95.778000 116.219002 0.000000
v 65.845001 119.813004 10.000000
v 95.333710 115.479790 0.000000
v 109.633003 129.727005 0.000000
v 106.707504 128.807999 0.000000
v 93.666000 114.033005 3.160000
v 95.306000 115.494003 3.160000
v 95.306000 115.494003 0.000000
v 95.227005 115.607002 3.160000
v 105.145905 130.930054 0.000000
v 107.859001 130.931000 0.000000
v 95.227005 115.607002 0.000000
v 102.334999 130.653000 0.000000
v 95.205002 115.754997 0.000000
v 95.205002 115.754997 3.160000
v 91.860001 118.445107 3.160000
v 95.304001 116.011002 0.000000
v 95.434998 116.114998 3.160000
v 95.304001 116.011002 3.160000
v 101.993004 130.878998 0.000000
v 101.462997 131.065994 0.000000
v 95.434998 116.114998 0.000000
v 91.719002 118.497002 3.160000
v 91.539055 118.495255 3.160000
v 91.513000 118.495003 3.160000
v 95.229004 115.891998 3.160000
v 95.229004 115.891998 0.000000
v 91.130997 116.535004 3.160000
v 91.577003 116.964005 3.160000
v 91.227005 118.436996 3.160000
v 91.029549 118.376167 3.160000
v 90.348999 118.139999 3.160000
v 102.467003 130.074005 0.000000
v 102.490997 130.384003 0.000000
v 102.386002 129.927994 0.000000
v 102.235001 129.811996 0.000000
v 101.995003 129.723999 0.000000
v 101.649002 129.662003 0.000000
v 101.178001 129.621994 0.000000
v 100.742004 131.210999 0.000000
v 100.561005 129.604004 0.000000
v 100.052002 129.602692 0.000000
v 129.181000 131.210007 3.160000
v 128.988998 131.126007 3.160000
v 132.305283 128.807999 3.160000
v 128.817001 130.850998 3.160000
v 128.800995 130.651001 3.160000
v 95.625999 116.207001 3.160000
v 95.625999 116.207001 0.000000
v 85.445999 117.138000 0.000000
v 101.259003 123.382004 0.000000
v 100.233002 123.907997 0.000000
v 84.492455 117.449577 3.160000
v 128.723999 130.331512 3.160000
v 87.020996 117.117004 0.000000
v 95.882004 116.288002 0.000000
v 128.718994 130.317001 3.160000
v 86.667000 117.063995 0.000000
v 95.882004 116.288002 3.160000
v 109.347000 126.959000 0.000000
v 109.374001 128.106995 0.000000
v 112.637001 126.481003 0.000000
v 114.143997 127.046997 0.000000
v 90.576004 116.128998 3.160000
v 91.057083 116.480927 3.160000
v 109.335999 125.382004 0.000000
v 114.099998 125.754997 0.000000
v 112.590004 123.681000 0.000000
v 130.839264 131.320633 3.160000
v 130.395996 131.317993 3.160000
v 112.553001 120.854004 0.000000
v 109.334000 123.302002 0.000000
v 114.373512 122.596260 0.000000
v 129.369858 131.247513 3.160000
v 91.521431 118.495079 3.160000
v 89.088043 117.666695 3.160000
v 89.088043 117.666695 0.000000
v 88.804001 117.570000 0.000000
v 114.378998 122.569000 0.000000
v 114.612999 122.188004 0.000000
v 88.135002 117.386002 3.160000
v 88.135002 117.386002 0.000000
v 79.473000 116.558998 3.160000
v 79.475449 116.559235 3.160000
v 79.514000 116.563004 3.160000
v 79.572006 116.546242 3.160000
v 128.784042 130.520477 3.160000
v 77.063004 119.925003 3.160000
v 128.781006 130.496994 3.160000
v 86.798004 117.186005 3.160000
v 86.798004 117.186005 0.000000
v 77.389000 119.688004 3.160000
v 85.571999 117.209999 3.160000
v 85.571999 117.209999 0.000000
v 84.530998 117.429001 0.000000
v 84.492455 117.449577 0.000000
v 129.867996 131.300995 3.160000
v 77.331001 119.934998 3.160000
v 77.365005 119.800003 3.160000
v 110.590004 94.906998 3.160000
v 109.643997 96.326996 3.160000
v 115.667999 93.335999 3.160000
v 115.353004 93.259995 3.160000
v 116.087997 93.451004 3.160000
v 114.508003 93.081001 3.160000
v 114.286003 93.041000 3.160000
v 128.818787 130.856003 3.160000
v 114.764999 93.132004 3.160000
v 115.048004 93.191002 3.160000
v 113.244003 93.138000 3.160000
v 113.042000 93.179001 3.160000
v 115.023003 121.165001 0.000000
v 114.734001 122.106003 0.000000
v 112.829002 93.223999 3.160000
v 112.609001 93.268997 3.160000
v 113.430000 93.098999 3.160000
v 113.833000 93.015999 3.160000
v 113.730003 93.037003 3.160000
v 113.594002 93.066002 3.160000
v 112.331001 93.341995 3.160000
v 113.898003 93.001999 3.160000
v 128.494995 129.906006 3.160000
v 114.106003 93.014000 3.160000
v 127.967003 129.259995 3.160000
v 113.973999 93.000000 3.160000
v 127.757004 129.063995 3.160000
v 109.335999 121.222000 0.000000
v 108.166000 95.197998 3.160000
v 110.839005 94.553001 3.160000
v 111.083000 94.247002 3.160000
v 111.322998 93.986000 3.160000
v 111.566002 93.766998 3.160000
v 100.505997 120.120003 0.000000
v 102.708000 122.417999 0.000000
v 102.457001 122.627998 0.000000
v 100.174004 120.524002 0.000000
v 102.123001 122.863998 0.000000
v 101.718002 123.117996 0.000000
v 100.052002 120.625549 0.000000
v 99.673004 120.941002 0.000000
v 100.759003 123.648003 0.000000
v 103.663330 120.615997 0.000000
v 100.063469 120.615997 0.000000
v 99.807274 124.103027 0.000000
v 100.052002 123.990913 0.000000
v 98.998001 121.375000 0.000000
v 111.812004 93.589005 3.160000
v 112.066002 93.447998 3.160000
v 77.337997 119.578003 3.160000
v 77.326492 119.591995 3.160000
v 107.411758 100.944183 3.160000
v 129.468002 131.266998 3.160000
v 106.831001 101.052002 3.160000
v 106.679001 101.026001 3.160000
v 106.980003 101.061005 3.160000
v 128.873001 131.007996 3.160000
v 106.528999 100.981003 3.160000
v 107.121002 101.050003 3.160000
v 106.133003 100.764999 3.160000
v 106.033997 100.668999 3.160000
v 105.950562 100.597137 3.160000
v 106.251999 100.848999 3.160000
v 106.386002 100.923004 3.160000
v 128.621994 130.117996 3.160000
v 77.227005 119.712997 3.160000
v 128.162003 129.472000 3.160000
v 128.339996 129.688004 3.160000
v 91.022789 124.178688 3.160000
v 131.430008 128.037003 3.160000
v 79.660995 116.155998 3.160000
v 79.646873 116.181534 3.160000
v 80.451996 114.920998 3.160000
v 82.389999 115.336998 3.160000
v 82.515106 115.311432 3.160000
v 104.494301 99.760002 3.160000
v 80.835999 115.920998 3.160000
v 103.884003 99.533997 0.000000
v 103.884003 99.533997 3.160000
v 80.331001 116.197998 3.160000
v 80.104996 116.313004 3.160000
v 82.138245 112.423996 3.160000
v 82.009003 112.612999 3.160000
v 79.970001 115.658005 3.160000
v 81.539001 115.598999 3.160000
v 83.125343 115.186707 3.160000
v 124.859001 126.445999 3.160000
v 79.572006 116.316864 3.160000
v 124.977997 125.586998 3.160000
v 124.964577 125.683891 3.160000
v 80.576996 116.066002 3.160000
v 124.886520 126.247330 3.160000
v 79.648331 116.520004 3.160000
v 83.667999 115.100197 3.160000
v 84.380997 115.009003 3.160000
v 79.500000 116.446999 3.160000
v 79.482407 116.520004 3.160000
v 132.347061 124.630806 3.160000
v 77.319000 112.957001 3.160000
v 77.767006 112.423996 3.160000
v 102.389999 99.140999 3.160000
v 101.662003 99.028999 3.160000
v 76.244003 114.232002 3.160000
v 75.197006 115.471001 3.160000
v 79.604004 116.537003 3.160000
v 129.751007 122.854004 3.160000
v 103.142998 99.313004 3.160000
v 132.001999 123.274002 3.160000
v 132.563995 123.317001 3.160000
v 81.528999 120.135002 3.160000
v 129.516006 121.815002 3.160000
v 100.633369 99.021294 3.160000
v 100.992004 98.988998 3.160000
v 129.565826 122.664001 3.160000
v 106.692001 121.741997 0.000000
v 106.597000 94.247002 3.160000
v 105.719002 93.908997 3.160000
v 104.748001 93.653999 3.160000
v 77.401001 119.602997 3.160000
v 107.403999 94.675995 3.160000
v 103.658997 93.479004 3.160000
v 101.025002 93.344002 3.160000
v 102.425003 93.377998 3.160000
v 99.431999 93.375000 3.160000
v 96.694000 93.585999 3.160000
v 95.620003 93.785004 3.160000
v 97.951004 93.455002 3.160000
v 93.847000 94.449997 3.160000
v 93.063004 94.946999 3.160000
v 94.683998 94.067001 3.160000
v 92.292999 95.578003 3.160000
v 91.494003 96.352997 3.160000
v 131.936005 128.511993 3.160000
v 83.684006 101.137001 3.160000
v 82.701004 102.308998 3.160000
v 129.856003 125.874001 3.160000
v 130.145004 126.416000 3.160000
v 130.373917 126.760002 3.160000
v 91.089996 96.761002 3.160000
v 90.747002 97.076004 3.160000
v 90.444000 97.307999 3.160000
v 90.154999 97.470001 3.160000
v 87.737000 97.622002 3.160000
v 88.049004 97.604004 3.160000
v 129.984009 124.834999 3.160000
v 129.880997 124.847000 3.160000
v 89.858002 97.570999 3.160000
v 88.365005 97.598999 3.160000
v 89.528000 97.619995 3.160000
v 89.143005 97.630005 3.160000
v 81.125000 113.917000 3.160000
v 88.680000 97.610001 3.160000
v 130.667007 124.710999 3.160000
v 130.663452 124.711998 3.160000
v 106.723999 124.599998 0.000000
v 130.596008 124.731003 3.160000
v 130.509003 124.750999 3.160000
v 85.927002 98.544998 3.160000
v 86.357002 98.087006 3.160000
v 86.586998 97.877998 3.160000
v 86.735001 97.807999 3.160000
v 106.709000 122.679001 0.000000
v 106.721001 123.639000 0.000000
v 86.932999 97.746002 3.160000
v 87.171997 97.694000 3.160000
v 87.443001 97.651001 3.160000
v 84.565002 100.099998 3.160000
v 85.320999 99.227005 3.160000
v 129.645996 124.902000 3.160000
v 129.563004 125.048996 3.160000
v 74.350998 137.518997 3.160000
v 73.563004 137.669006 3.160000
v 75.736000 137.126999 3.160000
v 76.341995 136.880997 3.160000
v 83.348999 115.140999 3.160000
v 83.383560 115.136581 3.160000
v 75.072998 137.339005 3.160000
v 72.360001 137.809998 3.160000
v 70.783005 137.912994 3.160000
v 68.968002 137.975006 3.160000
v 67.051003 138.000000 3.160000
v 65.164001 137.983994 3.160000
v 106.723000 126.101997 0.000000
v 63.447002 137.927994 3.160000
v 62.032001 137.832001 3.160000
v 74.310699 116.520004 3.160000
v 74.210999 116.638000 3.160000
v 61.056000 137.695007 3.160000
v 59.996002 137.309998 3.160000
v 59.111000 136.686005 3.160000
v 73.315002 117.690002 3.160000
v 83.403000 135.337997 3.160000
v 72.490997 118.658005 3.160000
v 82.595001 135.313995 3.160000
v 70.981003 120.438004 3.160000
v 81.875000 135.278000 3.160000
v 71.707001 119.582001 3.160000
v 130.199005 124.806000 3.160000
v 106.666000 120.856003 0.000000
v 81.268997 135.231003 3.160000
v 80.802002 135.173996 0.000000
v 80.802002 135.173996 3.160000
v 129.748001 124.866562 3.160000
v 78.389000 111.683998 3.160000
v 80.247002 135.089005 3.160000
v 79.421005 110.455002 3.160000
v 79.794998 135.037003 3.160000
v 80.385002 109.306000 3.160000
v 81.244995 108.275002 3.160000
v 79.431000 135.018005 3.160000
v 82.033005 107.334000 3.160000
v 79.135002 135.037003 3.160000
v 78.889999 135.093994 3.160000
v 78.678001 135.192001 3.160000
v 129.744995 124.866997 3.160000
v 83.125000 110.981003 3.160000
v 78.484001 135.334000 3.160000
v 82.785995 106.443001 3.160000
v 78.287003 135.522003 3.160000
v 83.490005 105.622002 3.160000
v 77.862999 135.921997 3.160000
v 77.401001 136.279999 3.160000
v 129.794556 125.736000 3.160000
v 76.895004 136.600006 3.160000
v 83.667999 105.416855 3.160000
v 65.845001 119.813004 3.160000
v 115.286003 117.007004 3.160000
v 66.834999 116.563004 3.160000
v 66.789566 116.620010 3.160000
v 130.949005 127.517998 3.160000
v 130.514999 126.972000 3.160000
v 66.079002 117.555000 3.160000
v 78.376999 128.527008 3.160000
v 115.097343 120.615997 3.160000
v 65.895187 120.615997 3.160000
v 61.561001 118.456001 3.160000
v 81.856003 123.082001 3.160000
v 81.186005 122.986000 3.160000
v 115.156998 118.168999 3.160000
v 61.094002 116.801003 3.160000
v 60.924999 116.645004 3.160000
v 80.785995 122.804001 3.160000
v 60.806892 116.520004 3.160000
v 109.459000 117.647003 3.160000
v 109.406998 118.445999 3.160000
v 65.994995 115.652000 3.160000
v 109.840004 116.629997 0.000000
v 60.382000 134.128006 3.160000
v 66.896942 116.462357 3.160000
v 109.487999 115.583000 3.160000
v 110.066063 115.678741 3.160000
v 60.805000 116.517998 3.160000
v 129.634003 125.351997 3.160000
v 58.416000 135.871002 3.160000
v 57.927002 134.914001 3.160000
v 57.666000 133.858002 3.160000
v 57.646999 132.753006 3.160000
v 57.888000 131.643997 3.160000
v 58.407001 130.578003 3.160000
v 58.648003 130.184998 3.160000
v 58.833000 129.813995 3.160000
v 129.748001 125.631416 3.160000
v 129.725998 125.582001 3.160000
v 58.970001 129.412003 3.160000
v 130.412994 124.770004 3.160000
v 130.309006 124.788002 3.160000
v 115.247002 117.193001 3.160000
v 59.067001 128.932007 3.160000
v 61.294003 115.681000 3.160000
v 61.346432 115.656128 3.160000
v 130.437286 124.765190 3.160000
v 65.816002 119.125999 3.160000
v 59.128002 128.322998 3.160000
v 59.164001 127.532997 3.160000
v 65.818001 118.596001 3.160000
v 59.179001 126.515999 3.160000
v 59.184002 125.218002 3.160000
v 59.056000 121.449997 3.160000
v 59.122002 122.114998 3.160000
v 66.525002 116.951996 3.160000
v 59.179001 123.949997 3.160000
v 66.259628 117.285004 3.160000
v 59.160999 122.931999 3.160000
v 58.957001 120.886002 3.160000
v 65.942001 117.847000 3.160000
v 65.872337 118.127327 3.160000
v 65.859001 118.181000 3.160000
v 73.546005 112.892998 3.160000
v 73.270996 113.175003 3.160000
v 72.417999 114.156998 3.160000
v 72.699005 113.816002 3.160000
v 72.985001 113.486000 3.160000
v 73.803001 112.650002 3.160000
v 74.031006 112.455002 3.160000
v 61.256001 116.995003 3.160000
v 74.350006 112.154999 3.160000
v 61.485001 117.761002 3.160000
v 129.585999 124.959000 3.160000
v 72.154999 114.497002 3.160000
v 71.915001 114.826996 3.160000
v 69.104004 112.832001 3.160000
v 68.677002 112.548004 3.160000
v 129.580994 125.177002 3.160000
v 70.028000 113.726997 3.160000
v 69.775002 113.414001 3.160000
v 70.235001 114.066002 3.160000
v 70.829002 116.388000 3.160000
v 70.401001 114.438995 3.160000
v 125.019753 124.996407 3.160000
v 70.533005 114.856003 3.160000
v 70.635002 115.321999 3.160000
v 126.007004 126.113998 3.160000
v 69.469002 113.117996 3.160000
v 126.400757 127.258278 3.160000
v 67.957001 112.290001 3.160000
v 99.695999 124.153999 0.000000
v 75.542999 110.854004 3.160000
v 76.365997 109.912003 3.160000
v 77.301003 108.820999 3.160000
v 94.773003 131.384995 0.000000
v 94.199005 131.324005 0.000000
v 78.326004 107.607002 3.160000
v 79.410004 106.303001 3.160000
v 80.531006 104.940002 3.160000
v 95.472000 131.419998 0.000000
v 98.704002 131.389999 0.000000
v 97.378998 131.425003 0.000000
v 99.822998 131.319000 0.000000
v 81.641006 103.585999 3.160000
v 74.862000 111.611000 3.160000
v 97.832001 129.632996 0.000000
v 97.025002 129.630997 0.000000
v 98.816002 129.617996 0.000000
v 99.779999 129.602005 0.000000
v 131.559998 124.654999 3.160000
v 132.119995 124.637001 3.160000
v 66.826996 112.097000 3.160000
v 96.329002 131.431000 0.000000
v 95.956001 131.426208 0.000000
v 130.813995 124.694000 3.160000
v 96.367996 129.606003 0.000000
v 60.787041 116.140945 3.160000
v 130.772003 124.698860 3.160000
v 61.063210 115.860367 3.160000
v 99.162003 124.377998 0.000000
v 61.026001 115.882996 3.160000
v 60.808002 116.068001 3.160000
v 60.889000 115.979996 3.160000
v 95.411003 129.483002 0.000000
v 95.061005 129.376999 0.000000
v 94.764000 129.238007 0.000000
v 95.837997 129.559006 0.000000
v 93.714996 131.229996 0.000000
v 94.496002 129.063004 0.000000
v 93.286003 131.097000 0.000000
v 92.880997 130.921997 0.000000
v 129.447006 122.279999 3.160000
v 59.112000 112.428001 3.160000
v 92.462997 130.699005 0.000000
v 90.240997 131.063995 0.000000
v 130.738007 123.132004 3.160000
v 58.818001 120.375999 3.160000
v 58.632000 119.870003 3.160000
v 58.393002 119.320000 3.160000
v 57.965000 118.216995 3.160000
v 57.690002 117.145004 3.160000
v 94.326004 128.925995 0.000000
v 57.563999 116.120003 3.160000
v 57.587002 115.167000 3.160000
v 57.754002 114.300003 3.160000
v 90.844002 118.319000 3.160000
v 58.065002 113.542000 3.160000
v 94.025002 128.630005 0.000000
v 58.519001 112.910995 3.160000
v 95.337997 126.324997 0.000000
v 96.166000 125.820000 0.000000
v 59.823002 112.186005 3.160000
v 60.945999 112.022003 3.160000
v 131.119003 124.673996 3.160000
v 62.346001 111.932999 3.160000
v 63.882999 111.917000 3.160000
v 89.692001 131.425995 0.000000
v 65.421997 111.971001 3.160000
v 88.606003 131.593994 0.000000
v 87.764000 131.625916 0.000000
v 89.246002 131.529999 0.000000
v 94.168999 128.779999 0.000000
v 90.147018 128.807999 0.000000
v 90.098999 128.878998 0.000000
v 91.117004 129.931000 0.000000
v 89.747452 129.149567 0.000000
v 90.466003 130.787003 0.000000
v 129.520996 122.617996 3.160000
v 90.002998 131.274994 0.000000
v 89.717003 129.173004 0.000000
v 89.724998 117.895996 3.160000
v 86.494003 131.640991 0.000000
v 125.039864 124.711998 3.160000
v 87.709000 131.628006 0.000000
v 130.089996 124.820999 3.160000
v 84.902000 131.643997 0.000000
v 115.121002 119.552002 3.160000
v 115.124001 119.065002 3.160000
v 115.136002 118.599998 3.160000
v 124.686005 127.199997 3.160000
v 115.210999 117.455002 3.160000
v 115.181000 117.785004 3.160000
v 124.886101 126.250397 3.160000
v 125.862999 125.323997 3.160000
v 126.214005 126.824997 3.160000
v 131.522003 123.229004 3.160000
v 130.151001 123.016998 3.160000
v 109.543999 117.128998 3.160000
v 98.378212 124.711998 0.000000
v 97.117996 122.296997 0.000000
v 98.106003 124.828003 0.000000
v 116.131004 115.336998 3.160000
v 93.455002 123.713997 0.000000
v 94.643997 126.809998 0.000000
v 95.903000 122.792000 0.000000
v 94.499001 123.310997 0.000000
v 91.380997 124.999001 0.000000
v 90.994003 125.504997 0.000000
v 93.772003 127.648003 0.000000
v 96.976555 122.354630 0.000000
v 97.098000 125.315002 0.000000
v 129.709000 121.192001 3.160000
v 93.900002 128.479996 0.000000
v 93.796997 128.333008 0.000000
v 93.718002 128.195007 0.000000
v 93.652000 127.961998 0.000000
v 93.668999 128.069000 0.000000
v 91.712585 124.711998 0.000000
v 94.112000 127.257004 0.000000
v 92.597000 124.119003 0.000000
v 112.320999 115.167999 3.160000
v 123.362000 129.488007 3.160000
v 123.796005 128.994995 3.160000
v 110.648003 115.913002 3.160000
v 110.301003 113.277000 3.160000
v 110.228485 115.705643 3.160000
v 122.818001 129.987000 3.160000
v 122.718040 130.059052 3.160000
v 110.291000 115.716003 3.160000
v 120.902000 130.990005 3.160000
v 120.045998 131.195007 3.160000
v 91.860001 124.584412 0.000000
v 91.908997 124.542000 0.000000
v 98.149002 121.826004 0.000000
v 119.024002 131.354004 3.160000
v 117.799004 131.477005 3.160000
v 90.447998 123.817001 0.000000
v 92.501114 124.177956 0.000000
v 91.650002 118.375000 0.000000
v 90.242996 123.688004 0.000000
v 90.153999 123.632004 0.000000
v 112.340004 115.168839 3.160000
v 110.656616 112.423996 3.160000
v 116.436005 131.567368 3.160000
v 121.625000 130.727005 3.160000
v 121.163383 130.894913 3.160000
v 122.251999 130.395004 3.160000
v 110.323494 113.223038 3.160000
v 108.244003 115.512955 3.160000
v 108.612999 113.387001 3.160000
v 108.244003 113.422371 3.160000
v 110.418411 112.995369 3.160000
v 91.871002 118.367996 0.000000
v 90.356003 128.498993 0.000000
v 103.694519 120.485275 3.160000
v 103.674232 120.591850 3.160000
v 90.501999 128.031998 0.000000
v 103.706551 120.422089 3.160000
v 90.610352 126.640739 0.000000
v 90.592003 126.723999 0.000000
v 90.735001 126.074997 0.000000
v 106.314003 117.084999 3.160000
v 103.870003 119.003998 3.160000
v 106.395004 117.379997 3.160000
v 106.459000 117.788002 3.160000
v 106.528000 118.331001 3.160000
v 90.546005 127.467003 0.000000
v 103.780998 120.030998 3.160000
v 89.811996 124.434158 0.000000
v 90.404999 124.195999 0.000000
v 100.445000 118.042000 3.160000
v 100.608002 118.500999 3.160000
v 100.663002 119.020004 3.160000
v 100.264000 120.149002 3.160000
v 100.569000 119.595001 3.160000
v 88.067001 123.250999 0.000000
v 84.138000 123.125999 0.000000
v 84.395004 124.848000 0.000000
v 86.964996 123.180000 0.000000
v 104.291000 115.553001 3.160000
v 104.710999 114.765999 3.160000
v 105.150002 114.673996 3.160000
v 105.505997 114.550003 3.160000
v 106.499001 115.501999 3.160000
v 108.227005 115.512001 3.160000
v 108.227005 113.423996 3.160000
v 106.293999 114.037003 3.160000
v 104.158997 114.833000 3.160000
v 105.652679 114.472000 3.160000
v 83.863998 124.850998 0.000000
v 90.023003 124.369003 0.000000
v 89.811996 123.524002 0.000000
v 107.876656 113.477112 3.160000
v 107.152000 113.653999 3.160000
v 106.834999 113.765999 3.160000
v 107.489998 113.559998 3.160000
v 107.850998 113.481003 3.160000
v 88.964996 123.348999 0.000000
v 89.466003 124.541000 0.000000
v 89.660004 123.475998 0.000000
v 105.788330 114.399864 3.160000
v 105.805000 114.390999 3.160000
v 106.078003 114.192001 3.160000
v 106.421738 113.966095 3.160000
v 106.548004 113.895996 3.160000
v 91.778992 124.654526 0.000000
v 123.922295 128.807999 3.160000
v 100.456001 114.938995 3.160000
v 100.203003 115.533997 3.160000
v 103.467003 114.877998 3.160000
v 103.488815 114.876579 3.160000
v 104.148003 115.558731 3.160000
v 104.148003 114.833717 3.160000
v 102.606003 114.906998 3.160000
v 101.378998 115.663002 3.160000
v 101.122002 115.650002 3.160000
v 101.545998 114.925003 3.160000
v 101.594002 115.660995 3.160000
v 100.833000 115.622002 3.160000
v 100.524002 115.583000 3.160000
v 90.615997 118.158005 0.000000
v 90.134003 118.004997 0.000000
v 91.026001 118.270004 0.000000
v 91.370003 118.341995 0.000000
v 89.578003 117.811005 0.000000
v 84.459000 117.457001 0.000000
v 111.968002 109.190002 3.160000
v 112.082001 108.884003 3.160000
v 111.834000 109.538002 3.160000
v 112.281960 108.328003 3.160000
v 112.340004 108.162247 3.160000
v 115.097000 118.648003 0.000000
v 112.530998 118.331001 0.000000
v 112.174004 108.632004 3.160000
v 112.262001 108.385002 3.160000
v 111.045998 111.489998 3.160000
v 111.686005 109.915001 3.160000
v 111.528000 110.309998 3.160000
v 111.365997 110.711998 3.160000
v 111.205002 111.111000 3.160000
v 131.417999 118.502998 3.160000
v 115.181999 117.498001 0.000000
v 112.529999 116.448997 0.000000
v 115.119003 118.218002 0.000000
v 115.562004 116.794998 0.000000
v 115.531998 115.354996 0.000000
v 115.221001 117.231003 0.000000
v 114.841003 115.345001 0.000000
v 115.311005 116.936005 0.000000
v 115.264000 117.039001 0.000000
v 114.212997 115.348000 0.000000
v 112.365997 108.087997 3.160000
v 112.484001 107.757996 3.160000
v 112.610001 107.403000 3.160000
v 112.739998 107.033997 3.160000
v 112.873001 106.660995 3.160000
v 113.001999 106.296997 3.160000
v 113.125000 105.951996 3.160000
v 113.249001 105.612000 3.160000
v 113.388000 105.262001 3.160000
v 113.535004 104.910995 3.160000
v 113.687004 104.570999 3.160000
v 113.836998 104.250999 3.160000
v 113.846466 104.231995 3.160000
v 113.982002 103.959999 3.160000
v 113.663002 115.363998 0.000000
v 130.817993 119.028000 3.160000
v 130.580002 119.313995 3.160000
v 130.016006 120.387001 3.160000
v 130.188995 119.984001 3.160000
v 130.375000 119.630997 3.160000
v 106.539001 116.914001 0.000000
v 106.560555 118.435410 0.000000
v 109.425003 117.704002 0.000000
v 108.244003 115.599838 0.000000
v 106.710999 109.691002 3.160000
v 105.249001 110.961998 3.160000
v 106.288208 110.322716 3.160000
v 109.510002 117.188004 0.000000
v 109.634003 116.877998 0.000000
v 109.346001 119.645004 0.000000
v 109.374001 118.498001 0.000000
v 131.093002 118.761002 3.160000
v 113.207001 115.391998 0.000000
v 112.860001 115.430000 0.000000
v 112.638000 115.479996 0.000000
v 112.555000 115.539001 0.000000
v 99.333000 111.976997 3.160000
v 110.158005 113.010002 0.000000
v 107.072998 109.016998 3.160000
v 110.069000 116.498001 0.000000
v 110.337997 115.754997 0.000000
v 109.775002 115.660004 0.000000
v 108.952003 115.607002 0.000000
v 87.867004 117.301003 0.000000
v 108.306999 113.113998 0.000000
v 107.414001 113.199997 0.000000
v 107.055000 113.265999 0.000000
v 107.636215 115.600563 0.000000
v 89.274002 117.729996 3.160000
v 100.749001 119.067001 0.000000
v 100.673004 119.729004 0.000000
v 103.706001 119.903999 0.000000
v 103.745003 116.914001 0.000000
v 100.674004 118.477997 0.000000
v 103.720001 119.195000 0.000000
v 100.445999 117.959000 0.000000
v 103.680000 120.466995 0.000000
v 87.426003 117.196999 0.000000
v 106.512001 115.623001 0.000000
v 107.864998 115.596001 0.000000
v 106.049004 116.764999 0.000000
v 105.164001 116.673004 0.000000
v 105.544998 116.677002 0.000000
v 104.862999 115.675003 0.000000
v 86.378998 117.043999 0.000000
v 104.148003 115.694191 0.000000
v 89.227997 115.457001 3.160000
v 106.605003 119.337997 0.000000
v 106.637001 120.044998 0.000000
v 91.110497 116.520004 3.160000
v 85.439392 114.950363 3.160000
v 106.562973 118.606232 0.000000
v 86.371574 114.962181 3.160000
v 86.510002 114.964005 3.160000
v 87.428391 115.047241 3.160000
v 89.932999 115.764000 3.160000
v 87.536003 115.056999 3.160000
v 88.179466 115.173996 3.160000
v 101.624001 115.723000 0.000000
v 100.070000 117.514000 0.000000
v 102.510002 115.725998 0.000000
v 66.910004 115.872002 3.160000
v 65.173004 115.567001 3.160000
v 66.938271 115.905640 3.160000
v 66.861465 116.520004 3.160000
v 100.052002 117.501297 0.000000
v 67.052002 116.041000 3.160000
v 67.034782 116.157356 3.160000
v 104.148003 112.121201 0.000000
v 104.027000 112.182999 0.000000
v 105.092003 114.413002 0.000000
v 104.564003 114.499001 0.000000
v 104.729767 114.472000 0.000000
v 63.454002 115.441002 3.160000
v 63.188000 115.431480 3.160000
v 105.835999 116.699997 0.000000
v 63.978439 115.474892 3.160000
v 62.923000 115.421997 3.160000
v 88.330002 117.427002 0.000000
v 104.148003 114.530579 0.000000
v 107.829002 113.149002 0.000000
v 108.244003 113.118614 0.000000
v 105.980003 111.115997 0.000000
v 105.803001 111.186005 0.000000
v 106.747002 113.349998 0.000000
v 106.237999 111.056999 0.000000
v 106.126999 111.071999 0.000000
v 105.602997 111.276001 0.000000
v 106.389999 110.923996 0.000000
v 106.995003 109.917000 0.000000
v 106.649391 110.531967 0.000000
v 60.737999 116.210999 3.160000
v 60.758900 116.181145 3.160000
v 105.904999 113.912003 0.000000
v 104.354004 112.015999 0.000000
v 105.707001 114.125999 0.000000
v 106.069000 113.734001 0.000000
v 105.455002 114.291000 0.000000
v 62.470001 115.426003 3.160000
v 106.491814 110.770485 0.000000
v 60.711002 116.311996 3.160000
v 106.260002 113.583000 0.000000
v 106.484001 113.456001 0.000000
v 83.667999 117.889664 3.160000
v 60.733002 116.412003 3.160000
v 103.689003 112.306000 0.000000
v 103.813004 114.556000 0.000000
v 103.034531 112.423996 0.000000
v 102.781998 114.589005 0.000000
v 102.885002 112.441002 0.000000
v 102.371002 112.460999 0.000000
v 104.692001 111.803001 0.000000
v 101.417000 114.601997 0.000000
v 101.750999 112.454002 0.000000
v 101.000999 112.423996 0.000000
v 103.558998 115.709999 0.000000
v 100.237000 112.379997 0.000000
v 99.658997 114.606003 0.000000
v 103.316002 112.391998 0.000000
v 88.482002 115.229004 3.160000
v 100.052002 116.520004 0.000000
v 100.814003 115.695999 0.000000
v 66.270996 117.267998 3.160000
v 85.445999 114.949997 3.160000
v 112.041000 108.178001 0.000000
v 113.179001 105.405998 0.000000
v 106.646004 110.538002 0.000000
v 106.545860 110.688995 0.000000
v 108.509003 106.831001 0.000000
v 115.941002 104.792999 0.000000
v 116.418999 105.925003 0.000000
v 113.656998 104.313004 0.000000
v 61.384003 117.293999 3.160000
v 107.936005 108.044998 0.000000
v 92.516998 112.250000 3.160000
v 106.392036 110.920937 0.000000
v 106.269661 111.029297 0.000000
v 92.306999 112.014000 3.160000
v 64.072998 115.481003 3.160000
v 97.056999 107.571999 3.160000
v 66.563995 115.748001 3.160000
v 105.385002 111.387001 0.000000
v 105.156998 111.514000 0.000000
v 104.923004 111.653000 0.000000
v 99.610001 107.311005 3.160000
v 106.327744 110.978470 0.000000
v 67.043579 116.030975 3.160000
v 67.018997 116.264000 3.160000
v 66.992218 116.307526 3.160000
v 95.205002 104.231995 3.160000
v 94.977997 105.139999 3.160000
v 107.428001 109.080002 0.000000
v 99.401001 105.528999 3.160000
v 98.712997 105.482002 3.160000
v 107.797096 108.328003 0.000000
v 61.509003 115.579002 3.160000
v 61.771000 115.503998 3.160000
v 92.691887 112.423996 3.160000
v 100.052002 112.363991 0.000000
v 60.781143 116.149368 3.160000
v 96.348999 109.485001 3.160000
v 97.287003 110.572998 3.160000
v 62.089001 115.453003 3.160000
v 98.281998 111.403999 3.160000
v 91.865005 111.455002 3.160000
v 91.860001 111.447922 3.160000
v 61.082104 115.843277 3.160000
v 61.119999 115.808998 3.160000
v 105.692001 106.475998 0.000000
v 105.635002 106.315002 0.000000
v 105.309998 106.085999 0.000000
v 105.000999 106.009003 0.000000
v 96.677002 107.632996 3.160000
v 95.956001 107.769783 3.160000
v 104.569000 105.953003 0.000000
v 103.995003 105.915001 0.000000
v 103.258003 105.889000 0.000000
v 95.180000 107.917000 3.160000
v 95.486420 108.328003 3.160000
v 98.860001 107.373001 3.160000
v 61.478718 115.593369 3.160000
v 97.561005 107.507004 3.160000
v 172.442001 134.386993 3.160000
v 171.580994 135.369995 3.160000
v 168.488007 131.910004 3.160000
v 166.908997 131.990997 3.160000
v 173.078003 133.421997 3.160000
v 172.921005 133.755997 3.160000
v 104.148003 105.925125 0.000000
v 173.191010 133.016998 3.160000
v 97.509003 105.382004 3.160000
v 172.712997 134.061996 3.160000
v 173.270996 132.492996 3.160000
v 173.324997 131.807999 3.160000
v 173.363998 130.916992 3.160000
v 173.398010 129.772995 3.160000
v 92.086998 111.745003 3.160000
v 108.577003 105.930000 3.160000
v 173.425995 128.604996 3.160000
v 169.804993 126.801003 3.160000
v 98.168999 107.440002 3.160000
v 167.863007 123.695999 3.160000
v 169.600998 126.832001 3.160000
v 167.537994 123.847000 3.160000
v 167.350006 123.951996 3.160000
v 99.054001 115.572998 0.000000
v 99.542999 117.141998 0.000000
v 99.007568 115.568893 0.000000
v 98.074997 105.432999 3.160000
v 91.860001 118.368347 0.000000
v 91.860001 117.423027 0.000000
v 173.436005 127.704002 3.160000
v 172.932999 125.475998 3.160000
v 173.132996 125.779999 3.160000
v 173.274994 126.107002 3.160000
v 173.367004 126.503998 3.160000
v 173.419006 127.020004 3.160000
v 109.169998 104.641998 3.160000
v 172.487000 124.935997 3.160000
v 172.287994 124.729996 3.160000
v 172.076996 124.528999 3.160000
v 172.669006 125.143997 3.160000
v 91.648003 111.148003 3.160000
v 168.263000 123.586998 3.160000
v 90.543999 108.801003 3.160000
v 171.862000 124.342003 3.160000
v 171.648010 124.169998 3.160000
v 97.921997 115.473000 0.000000
v 100.052002 115.651772 0.000000
v 99.987000 115.648003 0.000000
v 90.517029 108.615555 3.160000
v 170.201996 123.568001 3.160000
v 170.665009 123.668999 3.160000
v 171.079010 123.813004 3.160000
v 100.240005 99.100998 3.160000
v 99.514000 99.319000 3.160000
v 98.112999 99.928001 3.160000
v 98.791000 99.598000 3.160000
v 95.956001 115.357468 0.000000
v 96.054001 115.352997 0.000000
v 96.528999 115.367004 0.000000
v 97.147003 115.408005 0.000000
v 97.830002 114.604004 0.000000
v 169.365005 127.082001 3.160000
v 169.100998 127.551003 3.160000
v 167.205994 123.997002 3.160000
v 99.099998 112.251999 0.000000
v 96.441002 114.591995 0.000000
v 84.675003 104.268005 3.160000
v 95.703003 115.369003 0.000000
v 95.459999 115.415001 0.000000
v 84.494003 108.989998 3.160000
v 83.667999 110.191292 3.160000
v 171.441010 124.020996 3.160000
v 171.250000 123.900002 3.160000
v 95.431999 114.561996 0.000000
v 94.742004 114.507996 0.000000
v 91.442001 110.835999 3.160000
v 91.253998 110.526001 3.160000
v 90.803001 109.648003 3.160000
v 91.001999 110.066002 3.160000
v 90.661415 109.260056 3.160000
v 166.936005 122.007004 3.160000
v 166.944000 121.400002 3.160000
v 90.653000 109.237000 3.160000
v 166.940002 122.695000 3.160000
v 166.951996 123.218002 3.160000
v 166.966003 120.886002 3.160000
v 90.427002 107.719002 3.160000
v 90.472000 108.306000 3.160000
v 91.860001 115.419052 3.160000
v 90.433998 104.606003 3.160000
v 166.977997 123.591003 3.160000
v 90.408005 105.313004 3.160000
v 167.026001 123.833000 3.160000
v 167.100006 123.963997 3.160000
v 168.718994 123.517998 3.160000
v 169.209000 123.494003 3.160000
v 169.709000 123.510002 3.160000
v 84.942863 108.328003 3.160000
v 87.069000 104.731995 3.160000
v 86.740997 105.417000 3.160000
v 164.612000 132.003998 3.160000
v 161.466003 131.998001 3.160000
v 86.335999 106.152000 3.160000
v 159.757004 131.996994 3.160000
v 85.836998 106.971001 3.160000
v 85.229004 107.905998 3.160000
v 84.125999 104.889000 3.160000
v 84.573845 108.872238 3.160000
v 90.475204 108.328003 3.160000
v 91.860001 115.419052 0.000000
v 91.653999 117.191002 0.000000
v 94.309998 114.420998 0.000000
v 91.127998 116.747002 0.000000
v 90.406998 107.003998 3.160000
v 90.400002 106.127998 3.160000
v 94.563240 114.472000 0.000000
v 90.407364 105.377670 3.160000
v 93.875000 113.517998 0.000000
v 93.773003 113.292999 0.000000
v 93.962997 113.886002 0.000000
v 93.981003 114.117004 0.000000
v 93.940002 113.718002 0.000000
v 94.137878 114.326843 0.000000
v 94.076004 114.292999 0.000000
v 93.999252 114.150818 0.000000
v 93.286003 112.542999 0.000000
v 93.638000 113.051003 0.000000
v 96.880005 110.913002 0.000000
v 93.474998 112.798004 0.000000
v 89.057999 115.572998 0.000000
v 112.798004 96.483002 3.160000
v 113.156830 96.452980 3.160000
v 90.800400 116.520004 0.000000
v 90.492996 116.306999 0.000000
v 112.658417 96.797554 3.160000
v 114.119003 103.709000 3.160000
v 83.684006 115.163002 0.000000
v 114.065002 96.376999 3.160000
v 114.462997 96.349998 3.160000
v 114.784004 96.354996 3.160000
v 98.673004 112.152000 0.000000
v 98.306999 112.016998 0.000000
v 97.973999 111.841003 0.000000
v 97.650002 111.613998 0.000000
v 114.240997 103.507996 3.160000
v 114.787003 102.671997 3.160000
v 109.785004 103.272995 3.160000
v 115.274002 96.514999 3.160000
v 115.046997 96.404999 3.160000
v 115.941002 97.328003 3.160000
v 105.471443 100.417946 3.160000
v 105.264999 100.334999 3.160000
v 97.771904 100.136002 3.160000
v 97.520996 100.289001 3.160000
v 96.452003 101.382996 3.160000
v 95.949005 102.190002 3.160000
v 95.371002 103.622002 3.160000
v 95.542000 103.113998 3.160000
v 95.221001 104.167999 3.160000
v 89.694550 104.231995 3.160000
v 107.963379 100.136002 3.160000
v 107.962997 100.150002 3.160000
v 107.941002 100.369995 3.160000
v 100.905289 96.040001 3.160000
v 100.972931 96.046181 3.160000
v 100.052002 96.000259 3.160000
v 100.763000 96.027000 3.160000
v 100.133003 96.000000 3.160000
v 107.891319 100.586426 3.160000
v 107.848999 100.697998 3.160000
v 107.539368 100.940308 3.160000
v 107.462997 100.949005 3.160000
v 107.419319 100.944893 3.160000
v 105.712997 100.514999 3.160000
v 105.842041 100.559616 3.160000
v 104.893997 100.155998 3.160000
v 104.863205 100.136002 3.160000
v 104.551003 99.861000 3.160000
v 107.585999 100.934998 3.160000
v 107.778999 100.809998 3.160000
v 107.692001 100.888000 3.160000
v 104.527100 96.762421 3.160000
v 104.238998 96.709000 3.160000
v 104.874001 96.820999 3.160000
v 104.568001 96.770004 3.160000
v 105.517998 96.970001 3.160000
v 107.970001 99.893005 3.160000
v 107.910004 99.345001 3.160000
v 107.903999 100.553001 3.160000
v 104.642998 99.992996 3.160000
v 104.531998 99.806000 3.160000
v 104.733398 100.051704 3.160000
v 107.736000 98.824005 3.160000
v 107.459000 98.341003 3.160000
v 107.470993 98.361916 3.160000
v 106.195999 97.260925 3.160000
v 106.628853 97.518341 3.160000
v 106.635002 97.522003 3.160000
v 107.087997 97.903000 3.160000
v 107.244705 98.087997 3.160000
v 104.148003 96.690536 3.160000
v 103.899002 96.639999 3.160000
v 106.107002 97.208000 3.160000
v 103.557999 96.570000 3.160000
v 103.223000 96.492996 3.160000
v 102.905998 96.417999 3.160000
v 102.621002 96.346001 3.160000
v 102.373001 96.275002 3.160000
v 101.910004 96.165001 3.160000
v 101.896255 96.162903 3.160000
v 101.704147 96.133652 3.160000
v 101.572105 96.113541 3.160000
v 101.364998 96.082001 3.160000
v 101.032967 96.051666 3.160000
v 95.734001 102.636002 3.160000
v 96.188004 101.774002 3.160000
v 96.742004 101.015999 3.160000
v 97.057999 100.671997 3.160000
v 100.052002 99.157455 3.160000
v 95.701004 97.096001 3.160000
v 95.130005 97.428001 3.160000
v 96.277000 96.796997 3.160000
v 97.375999 96.332001 3.160000
v 96.841003 96.537994 3.160000
v 91.914825 99.825317 3.160000
v 91.905998 99.837997 3.160000
v 92.030098 99.661385 3.160000
v 92.195999 99.518997 3.160000
v 92.123001 99.558998 3.160000
v 92.553001 99.348999 3.160000
v 92.399002 99.441002 3.160000
v 92.278000 99.500000 3.160000
v 93.387001 98.720001 3.160000
v 93.158005 98.908997 3.160000
v 92.740425 99.222305 3.160000
v 92.734001 99.227005 3.160000
v 92.615242 99.307053 3.160000
v 93.621002 98.520004 3.160000
v 94.160141 98.087997 3.160000
v 95.956001 96.963631 3.160000
v 98.831314 96.040001 3.160000
v 98.339996 96.094002 3.160000
v 97.865005 96.184998 3.160000
v 98.895004 96.033005 3.160000
v 99.501999 96.001999 3.160000
v 92.096024 99.588730 3.160000
f 1 2 3
f 3 2 4
f 4 2 5
f 5 2 6
f 7 8 9
f 10 11 12
f 13 14 15
f 10 12 16
f 17 18 19
f 20 21 22
f 23 24 20
f 25 26 27
f 26 28 29
f 30 29 28
f 29 27 26
f 27 31 25
f 32 33 34
f 35 36 19
f 2 36 35
f 17 19 36
f 37 36 2
f 38 36 37
f 39 36 38
f 40 17 36
f 33 41 42
f 33 42 34
f 41 43 44
f 41 44 42
f 45 46 47
f 47 14 45
f 43 48 49
f 43 49 44
f 50 51 52
f 15 14 50
f 51 12 52
f 53 54 55
f 53 55 56
f 57 58 59
f 7 60 61
f 8 7 61
f 62 9 8
f 63 9 62
f 64 9 63
f 65 66 64
f 67 66 65
f 68 66 67
f 69 70 68
f 22 70 69
f 59 61 60
f 57 59 60
f 71 72 73
f 74 75 73
f 76 75 74
f 71 73 75
f 77 78 79
f 77 79 80
f 41 33 81
f 78 82 83
f 78 83 79
f 82 84 85
f 82 85 83
f 76 86 75
f 87 32 19
f 88 32 87
f 6 35 32
f 84 89 90
f 84 90 85
f 91 92 93
f 94 95 2
f 1 94 2
f 35 6 2
f 19 32 35
f 89 96 97
f 89 97 90
f 93 98 91
f 99 91 98
f 38 37 100
f 100 101 38
f 95 100 37
f 37 2 95
f 102 103 104
f 105 104 99
f 96 106 107
f 96 107 97
f 36 39 108
f 109 110 111
f 108 112 36
f 36 113 40
f 106 114 115
f 106 115 107
f 39 38 101
f 108 39 101
f 101 116 108
f 114 117 118
f 114 118 115
f 119 120 121
f 122 123 124
f 123 125 124
f 126 124 125
f 125 109 126
f 127 128 121
f 117 129 130
f 117 130 118
f 111 131 126
f 131 132 126
f 129 133 134
f 129 134 130
f 122 124 135
f 133 136 137
f 133 137 134
f 136 138 139
f 136 139 137
f 140 139 138
f 141 124 142
f 143 124 141
f 144 142 126
f 145 124 143
f 132 144 126
f 146 122 135
f 135 147 146
f 147 148 146
f 149 124 145
f 149 135 124
f 126 142 124
f 112 116 111
f 112 108 116
f 131 111 116
f 150 151 152
f 152 153 150
f 111 126 109
f 154 113 111
f 112 111 113
f 110 154 111
f 36 112 113
f 155 156 146
f 157 158 159
f 160 146 156
f 161 162 163
f 164 163 162
f 165 157 159
f 165 159 166
f 154 167 113
f 168 167 154
f 160 169 170
f 168 170 167
f 171 165 166
f 171 166 172
f 173 174 175
f 161 163 171
f 161 171 172
f 176 177 178
f 138 179 140
f 180 146 181
f 182 181 146
f 183 146 180
f 184 182 146
f 185 184 146
f 155 146 183
f 148 185 146
f 128 186 177
f 187 188 189
f 187 189 158
f 190 191 192
f 193 192 194
f 190 192 193
f 157 187 158
f 192 195 194
f 196 197 198
f 199 200 201
f 202 203 204
f 202 204 205
f 200 206 201
f 207 194 195
f 208 202 205
f 208 205 209
f 210 207 195
f 40 113 18
f 211 212 208
f 211 208 209
f 113 167 18
f 195 213 214
f 189 188 215
f 189 215 216
f 156 217 160
f 218 219 160
f 220 160 219
f 140 179 221
f 169 160 220
f 217 218 160
f 167 170 169
f 222 18 167
f 55 216 223
f 224 216 55
f 213 225 19
f 18 213 19
f 223 19 225
f 54 223 225
f 226 227 228
f 226 228 229
f 229 204 226
f 203 226 204
f 48 43 162
f 162 161 48
f 50 52 230
f 231 232 233
f 234 235 71
f 233 236 119
f 120 119 236
f 237 236 233
f 238 239 46
f 239 240 46
f 45 241 242
f 241 243 244
f 245 244 243
f 99 104 103
f 127 121 120
f 246 245 243
f 244 242 241
f 178 177 186
f 247 248 249
f 46 250 51
f 45 251 241
f 250 252 51
f 241 253 243
f 12 51 252
f 16 12 252
f 243 254 246
f 242 238 45
f 46 45 238
f 255 256 257
f 258 259 260
f 250 46 240
f 258 261 259
f 262 263 257
f 262 257 256
f 264 265 266
f 267 152 151
f 239 268 240
f 238 269 239
f 242 269 238
f 270 271 272
f 273 272 271
f 274 228 275
f 227 275 228
f 265 264 234
f 240 276 277
f 250 240 252
f 277 252 240
f 274 275 263
f 274 263 262
f 278 279 280
f 281 282 268
f 283 284 196
f 283 196 285
f 267 151 286
f 287 276 240
f 196 284 288
f 196 288 197
f 279 278 289
f 290 289 278
f 176 291 292
f 293 292 291
f 294 276 295
f 277 276 294
f 290 296 289
f 173 175 297
f 298 299 300
f 16 300 10
f 301 302 303
f 301 303 304
f 176 178 291
f 305 302 301
f 305 301 306
f 307 308 276
f 175 292 293
f 175 293 297
f 295 298 294
f 298 300 294
f 277 294 300
f 300 16 277
f 252 277 16
f 309 305 306
f 309 306 310
f 72 71 235
f 311 312 313
f 311 313 314
f 311 304 312
f 303 312 304
f 102 315 316
f 102 316 103
f 308 317 276
f 295 276 317
f 318 295 317
f 319 298 318
f 299 298 319
f 11 320 12
f 320 52 12
f 10 300 299
f 295 318 298
f 321 307 276
f 310 197 309
f 288 309 197
f 315 322 316
f 323 324 199
f 313 325 326
f 313 326 314
f 199 324 200
f 327 328 307
f 329 330 109
f 331 332 308
f 333 334 335
f 333 335 336
f 337 206 200
f 109 338 329
f 339 340 341
f 339 341 342
f 328 331 308
f 308 307 328
f 328 343 331
f 344 345 340
f 344 340 339
f 346 347 348
f 349 350 351
f 349 351 352
f 353 354 319
f 319 318 353
f 332 353 318
f 318 317 332
f 335 350 349
f 335 349 336
f 341 355 356
f 341 356 342
f 260 357 258
f 331 358 332
f 359 360 332
f 353 332 360
f 360 361 353
f 354 353 361
f 344 326 345
f 325 345 326
f 362 363 364
f 365 231 364
f 362 364 231
f 258 366 261
f 355 334 333
f 355 333 356
f 358 367 359
f 367 368 359
f 266 369 264
f 237 233 232
f 365 232 231
f 237 232 370
f 234 264 371
f 10 299 354
f 372 373 354
f 280 374 278
f 375 376 377
f 373 378 10
f 10 354 373
f 379 373 372
f 299 319 354
f 380 381 382
f 383 384 385
f 385 386 383
f 386 387 388
f 389 388 387
f 390 389 391
f 260 289 296
f 260 296 357
f 392 393 394
f 392 394 395
f 236 396 120
f 397 392 395
f 397 395 398
f 366 369 261
f 266 261 369
f 391 399 390
f 400 128 127
f 376 397 398
f 388 383 386
f 401 402 384
f 280 403 404
f 280 404 405
f 280 405 374
f 397 376 375
f 186 128 400
f 371 235 234
f 406 390 399
f 407 408 409
f 410 409 408
f 351 409 410
f 351 410 352
f 411 412 413
f 414 413 412
f 315 415 322
f 416 417 418
f 416 418 419
f 330 322 420
f 415 420 322
f 386 385 391
f 399 391 385
f 387 386 391
f 406 399 385
f 385 402 406
f 421 406 402
f 421 402 401
f 413 422 423
f 413 423 411
f 389 424 388
f 330 110 109
f 422 417 416
f 422 416 423
f 402 385 384
f 425 426 383
f 384 383 427
f 427 428 384
f 414 412 429
f 414 429 430
f 338 125 403
f 431 432 388
f 433 434 383
f 435 436 437
f 429 438 430
f 439 430 438
f 440 162 43
f 441 389 442
f 424 389 441
f 443 388 424
f 444 388 443
f 445 446 383
f 431 388 447
f 448 81 33
f 88 448 33
f 32 88 33
f 81 440 41
f 43 41 440
f 449 445 388
f 383 388 445
f 433 383 446
f 450 449 388
f 451 388 452
f 453 452 388
f 447 388 451
f 432 450 388
f 454 453 388
f 454 388 455
f 444 455 388
f 456 457 458
f 458 457 459
f 460 383 434
f 461 383 460
f 462 383 461
f 463 383 462
f 464 383 463
f 465 383 464
f 425 383 465
f 458 466 456
f 466 458 467
f 468 469 470
f 470 469 428
f 471 472 473
f 470 428 427
f 467 394 466
f 393 466 394
f 474 475 476
f 477 478 479
f 133 189 136
f 129 189 133
f 117 158 129
f 114 159 117
f 106 159 114
f 96 159 106
f 89 159 96
f 82 166 84
f 82 78 172
f 77 172 78
f 84 159 89
f 480 481 482
f 483 384 484
f 19 223 216
f 470 427 485
f 486 487 485
f 77 48 161
f 427 488 485
f 488 486 485
f 158 117 159
f 159 84 166
f 489 478 473
f 166 82 172
f 161 172 77
f 490 491 478
f 492 493 478
f 493 490 478
f 436 494 495
f 55 496 224
f 497 481 480
f 478 477 498
f 498 492 478
f 499 273 500
f 491 473 478
f 495 437 436
f 216 224 501
f 211 501 224
f 468 484 384
f 484 480 482
f 179 138 189
f 488 383 486
f 427 383 488
f 469 468 384
f 428 469 384
f 189 129 158
f 502 495 494
f 502 494 503
f 504 505 506
f 209 179 211
f 503 457 502
f 459 457 503
f 216 179 189
f 501 179 216
f 501 211 179
f 138 136 189
f 507 508 496
f 509 510 511
f 512 513 514
f 515 504 516
f 516 504 506
f 491 517 518
f 519 518 517
f 518 471 473
f 520 519 517
f 517 485 520
f 487 426 485
f 426 520 485
f 489 473 472
f 521 522 523
f 205 524 209
f 525 524 204
f 229 525 204
f 526 525 228
f 527 528 529
f 527 529 530
f 531 532 533
f 534 478 535
f 536 499 537
f 538 478 534
f 489 535 478
f 539 540 541
f 540 542 541
f 542 543 541
f 544 541 543
f 545 527 530
f 545 530 546
f 547 548 549
f 550 549 548
f 551 552 535
f 535 489 551
f 472 551 489
f 534 535 552
f 552 512 534
f 473 491 518
f 553 554 555
f 553 555 556
f 539 557 540
f 541 544 558
f 559 560 561
f 556 511 553
f 510 553 511
f 538 534 512
f 555 554 545
f 555 545 546
f 211 224 562
f 514 563 512
f 548 564 550
f 408 407 565
f 408 565 566
f 567 516 513
f 568 507 569
f 570 571 559
f 563 538 512
f 562 496 508
f 496 562 224
f 516 514 513
f 572 573 574
f 572 574 575
f 507 568 576
f 576 508 507
f 577 578 579
f 577 579 580
f 581 582 583
f 574 578 577
f 574 577 575
f 507 584 569
f 472 425 551
f 471 425 472
f 518 425 471
f 519 425 518
f 551 425 552
f 512 425 513
f 552 425 512
f 567 513 425
f 585 509 511
f 586 587 584
f 587 569 584
f 583 533 581
f 520 425 519
f 486 383 487
f 565 573 572
f 565 572 566
f 588 586 589
f 584 589 586
f 531 590 532
f 487 383 426
f 591 592 509
f 591 509 585
f 256 255 593
f 588 589 255
f 593 255 589
f 594 593 589
f 595 596 592
f 595 592 591
f 597 590 476
f 598 516 599
f 600 516 598
f 601 516 600
f 602 599 516
f 603 516 601
f 604 516 603
f 567 602 516
f 605 606 596
f 605 596 595
f 594 589 607
f 558 589 541
f 607 589 558
f 608 609 606
f 608 606 605
f 526 228 544
f 544 262 256
f 544 256 593
f 544 593 594
f 544 594 607
f 544 607 558
f 579 609 608
f 579 608 580
f 601 600 610
f 611 541 589
f 612 529 613
f 528 613 529
f 600 598 610
f 603 601 610
f 213 195 225
f 192 614 195
f 612 613 615
f 612 615 616
f 615 617 618
f 615 618 616
f 425 610 598
f 599 425 598
f 584 507 614
f 496 55 507
f 55 614 507
f 584 614 589
f 619 521 523
f 620 604 610
f 425 599 602
f 602 567 425
f 426 425 520
f 621 622 521
f 621 521 619
f 623 624 622
f 623 622 621
f 516 604 620
f 516 620 625
f 516 625 626
f 516 626 627
f 627 515 516
f 628 629 624
f 628 624 623
f 18 222 213
f 222 214 213
f 214 210 195
f 630 631 629
f 630 629 628
f 632 633 634
f 620 610 625
f 274 544 228
f 262 544 274
f 229 228 525
f 635 636 631
f 635 631 630
f 637 638 636
f 637 636 635
f 639 640 641
f 617 638 637
f 617 637 618
f 198 642 196
f 285 642 191
f 643 644 639
f 645 646 197
f 647 221 648
f 649 648 221
f 643 650 644
f 651 652 326
f 140 221 647
f 326 344 651
f 314 326 652
f 344 339 651
f 653 654 655
f 656 644 650
f 657 644 658
f 659 660 661
f 659 661 662
f 656 650 663
f 657 664 665
f 349 666 336
f 310 667 197
f 654 668 655
f 649 669 670
f 649 670 648
f 671 663 650
f 669 672 673
f 669 673 670
f 656 658 644
f 672 674 675
f 672 675 673
f 610 671 650
f 336 676 333
f 356 333 676
f 342 356 676
f 339 342 676
f 676 651 339
f 410 677 352
f 311 314 652
f 352 666 349
f 674 660 659
f 674 659 675
f 661 678 679
f 661 679 662
f 645 680 646
f 667 680 681
f 646 682 683
f 684 680 667
f 685 677 684
f 686 677 685
f 687 688 689
f 678 690 691
f 678 691 679
f 639 610 643
f 641 610 639
f 505 610 641
f 504 610 505
f 515 610 504
f 627 610 515
f 650 643 610
f 626 610 627
f 625 610 626
f 604 603 610
f 692 693 694
f 690 693 692
f 690 692 691
f 310 306 684
f 667 310 684
f 685 684 306
f 681 680 645
f 694 695 692
f 646 683 197
f 681 197 667
f 694 696 697
f 694 697 695
f 698 641 640
f 699 700 701
f 699 701 702
f 683 703 704
f 704 705 706
f 701 707 708
f 701 708 702
f 709 614 198
f 198 614 642
f 642 614 192
f 657 665 710
f 644 657 710
f 640 639 644
f 711 712 713
f 696 714 715
f 696 715 697
f 714 700 699
f 714 699 715
f 225 195 614
f 698 506 505
f 505 641 698
f 716 711 713
f 717 718 713
f 718 716 713
f 719 720 717
f 717 721 719
f 681 645 197
f 709 198 197
f 683 704 197
f 706 197 704
f 709 197 706
f 285 196 642
f 192 191 642
f 722 723 713
f 721 724 719
f 725 726 727
f 706 728 614
f 729 727 726
f 729 726 730
f 665 664 722
f 713 731 717
f 376 732 377
f 733 732 376
f 734 732 733
f 735 736 614
f 732 737 377
f 738 739 740
f 741 717 720
f 742 743 729
f 742 729 730
f 718 717 741
f 744 743 742
f 744 742 745
f 746 740 739
f 734 611 614
f 733 611 734
f 725 747 744
f 725 744 745
f 394 748 395
f 749 750 751
f 749 751 752
f 706 614 709
f 751 750 753
f 751 753 754
f 755 756 757
f 758 757 756
f 712 759 722
f 759 760 722
f 722 713 712
f 665 722 760
f 225 614 54
f 376 748 733
f 398 748 376
f 395 748 398
f 54 614 55
f 754 753 761
f 754 761 762
f 763 710 665
f 760 763 665
f 762 761 764
f 762 764 765
f 765 764 766
f 765 766 767
f 720 719 768
f 767 766 769
f 767 769 770
f 768 719 771
f 537 771 772
f 770 769 773
f 770 773 774
f 686 775 677
f 680 684 677
f 682 646 680
f 703 683 682
f 705 704 703
f 728 706 705
f 776 614 728
f 735 614 776
f 775 652 677
f 652 651 677
f 666 677 651
f 676 666 651
f 777 708 778
f 707 778 708
f 779 780 781
f 771 537 499
f 537 782 536
f 768 771 499
f 783 536 782
f 784 768 499
f 500 784 499
f 245 783 785
f 777 778 749
f 777 749 752
f 786 787 781
f 788 789 790
f 721 717 731
f 658 664 657
f 658 656 663
f 791 658 663
f 664 658 791
f 723 722 664
f 731 713 723
f 682 408 703
f 408 566 703
f 268 269 792
f 792 793 268
f 282 794 795
f 792 796 793
f 797 798 799
f 306 301 685
f 686 685 301
f 682 680 408
f 677 410 680
f 666 352 677
f 800 281 268
f 793 800 268
f 566 572 728
f 728 705 566
f 705 703 566
f 775 686 301
f 244 245 801
f 242 244 802
f 269 242 802
f 268 239 269
f 795 240 268
f 287 240 795
f 801 802 244
f 676 336 666
f 304 311 775
f 301 304 775
f 652 775 311
f 408 680 410
f 803 804 805
f 804 806 805
f 807 803 805
f 808 809 810
f 809 811 810
f 805 785 807
f 812 807 785
f 785 782 813
f 772 771 719
f 772 719 724
f 814 815 737
f 736 732 614
f 734 614 732
f 816 377 737
f 801 810 811
f 817 808 805
f 806 818 805
f 801 811 819
f 820 817 805
f 818 821 805
f 822 823 824
f 825 435 826
f 435 827 826
f 436 435 825
f 828 826 827
f 827 829 828
f 829 815 828
f 814 828 815
f 816 737 815
f 810 805 808
f 736 735 575
f 821 820 805
f 830 831 832
f 818 833 821
f 817 834 808
f 820 834 817
f 821 834 820
f 808 834 809
f 804 803 833
f 572 575 735
f 813 812 785
f 830 835 831
f 560 831 835
f 836 748 458
f 772 813 782
f 772 782 537
f 467 458 748
f 835 561 560
f 785 805 245
f 805 810 245
f 810 801 245
f 782 785 783
f 828 605 826
f 511 556 825
f 803 807 833
f 837 833 807
f 807 812 837
f 812 813 837
f 724 837 813
f 813 772 724
f 802 838 269
f 459 836 458
f 503 836 459
f 494 839 503
f 394 467 748
f 840 841 842
f 843 844 845
f 845 844 840
f 732 736 577
f 735 776 572
f 575 577 736
f 776 728 572
f 825 826 511
f 556 555 825
f 846 847 801
f 847 848 801
f 848 849 801
f 849 850 801
f 839 851 836
f 851 852 836
f 853 851 839
f 748 836 852
f 611 748 852
f 539 541 852
f 541 611 852
f 853 621 851
f 851 523 852
f 854 855 852
f 856 857 542
f 564 548 858
f 841 840 844
f 839 612 853
f 619 523 851
f 859 860 861
f 582 571 862
f 611 733 748
f 863 864 865
f 583 582 862
f 529 612 839
f 866 861 860
f 529 839 530
f 494 436 555
f 597 532 590
f 436 825 555
f 555 546 494
f 839 494 546
f 530 839 546
f 836 503 839
f 589 614 611
f 867 842 841
f 868 859 869
f 867 866 860
f 867 860 870
f 867 870 842
f 474 476 590
f 871 872 873
f 869 859 861
f 577 580 732
f 737 732 580
f 580 608 737
f 814 737 608
f 828 814 608
f 605 828 608
f 595 826 605
f 591 826 595
f 585 826 591
f 511 826 585
f 547 549 475
f 630 853 635
f 628 853 630
f 635 853 637
f 623 853 628
f 621 853 623
f 619 851 621
f 523 854 852
f 637 853 618
f 618 853 616
f 616 853 612
f 874 875 876
f 877 878 879
f 878 880 879
f 649 221 881
f 882 883 678
f 678 661 882
f 884 882 661
f 660 674 884
f 672 884 674
f 669 884 672
f 649 884 669
f 885 881 221
f 179 885 221
f 881 884 649
f 858 886 564
f 714 696 745
f 696 694 745
f 725 745 694
f 745 742 714
f 726 778 730
f 887 888 380
f 381 380 888
f 889 890 891
f 892 890 889
f 893 894 890
f 890 892 895
f 890 895 896
f 897 898 896
f 899 896 898
f 890 896 899
f 725 883 900
f 883 882 900
f 882 884 900
f 884 881 900
f 900 881 885
f 901 902 885
f 850 903 801
f 904 905 906
f 847 907 848
f 846 907 847
f 848 907 849
f 849 907 850
f 725 900 726
f 789 726 900
f 908 801 909
f 910 911 801
f 912 801 913
f 914 910 801
f 908 914 801
f 915 801 912
f 916 801 915
f 846 801 916
f 917 918 801
f 919 920 921
f 900 922 789
f 923 924 921
f 915 925 916
f 916 907 846
f 926 927 919
f 928 749 726
f 701 700 742
f 742 730 701
f 707 701 730
f 929 801 911
f 930 801 929
f 931 801 930
f 913 801 931
f 932 893 933
f 934 893 932
f 700 714 742
f 531 533 935
f 694 693 725
f 929 936 930
f 930 936 931
f 690 678 883
f 693 690 883
f 883 725 693
f 911 936 929
f 909 936 908
f 931 936 913
f 661 660 884
f 937 893 934
f 938 893 937
f 885 179 901
f 939 801 940
f 941 801 939
f 909 801 941
f 940 801 942
f 901 179 524
f 571 570 943
f 944 893 945
f 749 928 750
f 753 750 928
f 928 946 753
f 862 571 943
f 761 753 946
f 945 893 938
f 946 947 764
f 766 764 947
f 908 936 914
f 941 936 909
f 939 936 941
f 940 936 939
f 942 936 940
f 948 936 942
f 949 936 948
f 707 730 778
f 935 533 583
f 912 936 915
f 913 936 912
f 950 907 951
f 764 761 946
f 778 726 749
f 950 269 952
f 950 951 269
f 951 953 269
f 954 269 955
f 792 269 954
f 956 928 788
f 928 726 788
f 789 788 726
f 955 907 954
f 957 796 954
f 958 890 959
f 960 890 961
f 962 890 960
f 962 963 890
f 963 964 890
f 964 965 890
f 965 966 890
f 966 967 890
f 891 890 967
f 475 474 968
f 951 907 953
f 953 907 955
f 961 890 958
f 952 269 969
f 547 475 968
f 953 955 269
f 946 928 970
f 970 971 946
f 956 970 928
f 972 973 974
f 832 924 975
f 976 907 969
f 952 907 950
f 969 907 952
f 944 977 893
f 801 903 802
f 976 269 838
f 838 802 903
f 969 269 976
f 978 979 947
f 959 890 894
f 980 894 893
f 974 947 979
f 838 907 976
f 903 907 838
f 850 907 903
f 946 981 947
f 979 972 974
f 980 893 977
f 982 983 822
f 823 822 983
f 917 801 984
f 985 984 801
f 986 987 801
f 987 988 801
f 949 801 989
f 948 801 949
f 990 985 801
f 819 990 801
f 893 991 992
f 993 982 994
f 983 982 993
f 918 995 801
f 995 986 801
f 989 801 988
f 911 910 936
f 996 997 998
f 996 998 999
f 790 789 1000
f 790 1000 1001
f 1002 1003 1004
f 1002 1004 1005
f 999 1006 996
f 1007 996 1006
f 1007 1006 1008
f 918 1009 995
f 1010 1011 997
f 942 801 948
f 1004 1012 1013
f 1005 1004 1013
f 1013 1012 1014
f 910 914 936
f 988 936 989
f 987 1015 988
f 989 936 949
f 1016 1017 1018
f 986 1009 987
f 995 1009 986
f 917 1019 918
f 984 1019 917
f 1001 1000 1020
f 1021 1022 1014
f 1023 53 1024
f 809 834 811
f 1025 1020 1000
f 1024 1026 1027
f 1024 1027 1028
f 985 1029 984
f 1021 1030 1022
f 1008 92 1007
f 91 1007 92
f 811 1029 819
f 990 1029 985
f 819 1029 990
f 957 954 907
f 1026 1024 53
f 1031 1032 215
f 1019 984 1029
f 1029 811 834
f 834 821 833
f 806 804 833
f 1009 918 1019
f 1015 987 1009
f 806 833 818
f 1033 1034 1035
f 795 268 282
f 794 321 287
f 276 287 321
f 287 795 794
f 1036 1037 1034
f 1025 1038 1039
f 1025 1039 1020
f 793 1040 800
f 211 562 212
f 1041 212 1032
f 1031 1041 1032
f 1042 1043 1044
f 1039 972 1045
f 1046 56 1044
f 1023 1044 56
f 1047 1048 1049
f 1050 1049 1048
f 1048 1051 1050
f 798 1052 1047
f 1052 1048 1047
f 327 1050 1051
f 328 327 1051
f 328 1051 343
f 359 332 358
f 343 358 331
f 1038 972 1039
f 343 367 358
f 1051 1053 343
f 1035 1054 1055
f 1056 1055 1057
f 1058 1059 1057
f 1060 1061 1062
f 1012 922 1063
f 570 559 561
f 1003 1064 1004
f 794 282 1049
f 1049 1050 794
f 830 832 975
f 317 308 332
f 1062 1065 1066
f 1066 1059 1058
f 1048 1067 1051
f 1068 1069 798
f 800 799 281
f 360 359 368
f 1062 1070 1004
f 1071 1072 1064
f 1073 1074 886
f 1074 564 886
f 282 281 798
f 798 1047 282
f 1047 1049 282
f 321 794 1050
f 321 1050 327
f 321 327 307
f 1057 1055 1054
f 1075 1034 1037
f 1076 1057 1054
f 936 988 1015
f 907 916 925
f 925 915 936
f 1040 793 796
f 799 800 1040
f 1077 1021 1078
f 1079 1021 1077
f 971 981 946
f 1080 947 981
f 978 947 1080
f 1069 1081 798
f 1082 773 983
f 993 1082 983
f 1083 1084 1085
f 1085 1078 1083
f 974 823 773
f 823 983 773
f 1086 1087 798
f 1081 1086 798
f 1087 1088 798
f 281 799 798
f 1089 1068 798
f 1089 798 797
f 792 954 796
f 773 769 974
f 1021 1083 1078
f 1090 1091 1092
f 973 1093 974
f 1088 1094 798
f 1052 798 1095
f 1094 1096 798
f 1096 1097 798
f 1097 1095 798
f 1095 1098 1052
f 1048 1052 1098
f 1067 1048 1098
f 1053 1051 1067
f 367 343 1053
f 1099 1100 1092
f 1101 1102 1103
f 823 974 1093
f 824 823 1093
f 1092 1100 1090
f 1030 1021 1104
f 1079 1104 1021
f 1093 1105 824
f 1106 1107 1108
f 1109 1110 1111
f 1112 1109 1111
f 1113 1114 1115
f 1116 1115 1114
f 1117 1116 1114
f 1118 1116 1117
f 1119 1120 1118
f 1121 1122 1119
f 1123 1124 1121
f 1125 1124 1123
f 1126 1127 1125
f 1128 1129 1126
f 1130 1131 1132
f 1133 1134 1135
f 1136 1085 1084
f 1137 1138 1139
f 1137 1139 1140
f 1132 1141 1130
f 1131 1142 1143
f 1099 1138 1137
f 1099 1137 1100
f 1134 1136 1084
f 1084 1135 1134
f 1144 1145 1141
f 1145 1130 1141
f 1093 973 1146
f 1147 1146 973
f 973 972 1147
f 972 1038 1147
f 1025 1148 1038
f 1000 1149 1025
f 789 1150 1000
f 1148 1147 1038
f 1146 1151 1093
f 1141 1152 1144
f 1153 1154 1155
f 1156 1157 1158
f 1159 1160 1161
f 900 1162 922
f 1163 1164 922
f 1165 1163 922
f 1166 1165 922
f 1167 1168 1169
f 1170 1169 1168
f 1168 1171 1170
f 1171 1172 1170
f 1173 1161 1174
f 1167 1173 1168
f 1175 1170 1172
f 1004 1176 1012
f 1177 1178 1179
f 1063 922 1164
f 1163 1137 1164
f 1178 1140 1179
f 1139 1179 1140
f 1180 1181 1182
f 1183 1184 1185
f 1185 1186 1183
f 1186 1187 1188
f 1152 1141 1188
f 1189 1188 1141
f 1132 1190 1141
f 1191 1164 1137
f 1192 1193 1194
f 1195 1091 524
f 1091 1090 524
f 902 901 1196
f 1156 1155 1188
f 1155 1152 1188
f 1157 1156 1188
f 1187 1197 1188
f 1198 1195 525
f 524 525 1195
f 1199 1200 1201
f 1199 1201 1150
f 524 1196 901
f 1202 1198 525
f 526 1202 525
f 1181 1185 1184
f 1201 1200 1149
f 1196 524 1090
f 1149 1200 1203
f 1204 885 902
f 1193 1192 1199
f 1193 1199 1150
f 900 885 1204
f 1205 1206 1207
f 900 1204 1162
f 1166 922 1162
f 1202 526 1208
f 1178 1177 544
f 1209 1151 1210
f 1211 1212 1213
f 1204 902 1162
f 1166 1162 902
f 1166 902 1196
f 1090 1165 1196
f 1137 1163 1100
f 1100 1165 1090
f 1165 1100 1163
f 1166 1196 1165
f 179 209 524
f 205 204 524
f 1146 1214 1210
f 1146 1210 1151
f 1215 1216 1217
f 1218 1219 1220
f 1221 1214 1146
f 1221 1146 1147
f 1222 1212 1223
f 1224 1225 1218
f 1226 1221 1147
f 1226 1147 1148
f 1148 1149 1226
f 1203 1226 1149
f 1227 1228 1223
f 1229 774 1082
f 773 1082 774
f 1225 1224 1230
f 1219 1218 1225
f 1231 1220 1219
f 857 1220 1231
f 856 1220 857
f 1191 1230 1224
f 1164 1191 1063
f 1224 1063 1191
f 1232 1233 1234
f 1232 1234 1235
f 1082 1236 1237
f 1082 1237 1229
f 1238 1239 1240
f 1231 542 857
f 1240 1239 1241
f 1240 1241 1242
f 1219 543 1231
f 1225 1178 1219
f 1137 1140 1191
f 1243 1244 1245
f 1243 1245 1246
f 1177 1208 544
f 1236 1247 1248
f 1236 1248 1237
f 1234 1233 1249
f 1234 1249 1250
f 526 544 1208
f 543 1178 544
f 1247 1251 1252
f 1247 1252 1248
f 1251 1244 1243
f 1251 1243 1252
f 1191 1140 1230
f 1178 1230 1140
f 1225 1230 1178
f 543 1219 1178
f 540 557 542
f 542 1231 543
f 1253 1238 1254
f 1253 1254 1255
f 1256 789 922
f 1254 1238 1240
f 787 786 1257
f 779 781 787
f 1245 1258 1259
f 1245 1259 1246
f 1260 1261 1256
f 1262 1260 1256
f 1261 1263 1256
f 1263 1264 1256
f 1265 1256 1264
f 1264 1266 1265
f 1193 1265 1266
f 1266 1267 1193
f 1194 1193 1267
f 1267 1268 1194
f 1269 1194 1268
f 1269 1268 1270
f 1271 1272 1273
f 1272 1271 1274
f 1272 1274 1275
f 1276 1277 1278
f 1253 1255 1274
f 1275 1274 1255
f 1267 1279 1268
f 1258 1280 1281
f 1258 1281 1259
f 1228 1282 1249
f 1283 1271 1273
f 1262 922 1260
f 1260 922 1261
f 1280 1283 1273
f 1280 1273 1281
f 1266 1284 1267
f 1149 1000 1201
f 922 1262 1256
f 1265 789 1256
f 1193 789 1265
f 1261 1285 1263
f 1286 1287 1213
f 1264 1288 1266
f 1263 1289 1264
f 1201 1000 1150
f 1150 789 1193
f 1290 1291 1292
f 1293 1294 1295
f 1222 1213 1212
f 1296 1297 1298
f 1299 1300 1301
f 1302 1303 1304
f 1209 1292 1291
f 1291 1305 1209
f 1292 1306 1290
f 1269 1270 1306
f 1307 1290 1306
f 1307 1306 1270
f 1151 1209 1305
f 1308 1151 1305
f 1305 1309 1308
f 1302 1310 1303
f 1042 1303 1310
f 1301 1311 1299
f 1279 1312 1268
f 1313 1314 1315
f 1227 1223 1212
f 1316 1102 1308
f 1317 1316 1308
f 1318 1319 1315
f 1304 1303 1320
f 1317 1308 1309
f 1321 1317 1309
f 1322 1321 1309
f 1296 994 1297
f 994 1296 993
f 1323 1324 508
f 562 508 1324
f 1325 1326 1307
f 1290 1307 1326
f 1307 1270 1325
f 1270 1268 1325
f 1312 1325 1268
f 1326 1327 1290
f 1328 1329 1291
f 1327 1330 1290
f 1188 1183 1186
f 904 906 1074
f 1197 1157 1188
f 1331 1242 1332
f 1241 1332 1242
f 1181 1180 1333
f 1180 1334 1333
f 1334 1335 1333
f 1185 1181 1333
f 923 921 920
f 1331 1332 1336
f 1331 1336 1337
f 1187 1338 1197
f 1197 1338 1157
f 832 921 924
f 1334 1180 1339
f 920 919 927
f 1340 1341 1342
f 1341 1343 1342
f 1158 1344 1159
f 1174 1161 1160
f 1157 1345 1158
f 1158 1346 1156
f 905 1347 1348
f 1349 895 892
f 1349 892 1350
f 1351 1352 1205
f 1155 1156 1153
f 1346 1153 1156
f 1353 1354 1355
f 1356 1354 1353
f 1357 1355 1354
f 896 1358 1359
f 1293 1295 1314
f 1360 1314 1295
f 1361 1362 1363
f 1364 1361 1363
f 1365 1366 1367
f 1368 1369 1355
f 1368 1355 1357
f 1358 896 895
f 1358 895 1349
f 1370 1363 1362
f 1371 1372 1294
f 1373 1374 1369
f 1368 1373 1369
f 1369 1374 1375
f 1376 1375 1374
f 1377 1375 1376
f 1378 1379 1375
f 1378 1375 1377
f 1301 1300 1380
f 892 889 1381
f 892 1381 1350
f 1382 1383 1384
f 1385 1383 1382
f 1383 1379 1384
f 1378 1384 1379
f 1386 1299 1311
f 1387 1388 1174
f 1160 1387 1174
f 1344 1387 1160
f 1345 1387 1344
f 1338 1387 1345
f 1333 1387 1338
f 1389 1387 1333
f 1390 1387 1389
f 1391 1387 1390
f 1392 1393 1391
f 1360 1315 1314
f 1394 1395 1396
f 1397 1395 1394
f 1395 1383 1396
f 1385 1396 1383
f 922 1012 1176
f 1397 1398 1399
f 1397 1399 1395
f 1400 1319 1318
f 1401 1402 1403
f 1402 1399 1403
f 1398 1403 1399
f 1318 1386 1311
f 1318 1311 1400
f 1035 1404 1405
f 1160 1159 1344
f 1401 1406 1402
f 1037 1036 855
f 1037 855 854
f 1101 1105 1308
f 1102 1101 1308
f 1407 1408 1409
f 1033 1035 1405
f 1033 1405 1410
f 1148 1025 1149
f 1151 1308 1093
f 1105 1093 1308
f 1411 1412 1356
f 1411 1356 1353
f 855 1036 1033
f 855 1033 1410
f 1408 1407 1413
f 1411 1414 1412
f 1415 1416 1417
f 1418 1419 1239
f 1420 1421 1422
f 1420 1422 1423
f 1035 1055 1404
f 1056 1416 1415
f 1056 1415 1424
f 1404 1055 1056
f 1404 1056 1424
f 1425 1426 1427
f 1428 1429 1430
f 1428 1430 1431
f 1418 1239 1238
f 1432 1433 1274
f 1434 1435 1436
f 1437 1438 1439
f 1430 1429 1440
f 1430 1440 1441
f 1434 1436 1442
f 1434 1442 1060
f 1441 1440 1443
f 1441 1443 1444
f 1445 1446 1274
f 854 523 1037
f 522 1037 523
f 1444 1443 1447
f 1444 1447 1448
f 1271 1112 1274
f 1449 1380 1450
f 1300 1450 1380
f 557 1076 1058
f 557 1058 1451
f 1422 1421 1452
f 1422 1452 1453
f 1454 1301 1380
f 1220 1455 1070
f 1406 1456 1457
f 1406 1457 1402
f 1458 1449 1459
f 1450 1459 1449
f 1251 1460 1244
f 1245 1461 1258
f 1244 1461 1245
f 1247 1462 1251
f 1236 1463 1247
f 1280 1258 1110
f 769 766 947
f 947 974 769
f 1457 1456 1464
f 1428 1431 1464
f 1457 1464 1431
f 1465 1451 1058
f 1465 1058 1057
f 1466 1467 1468
f 1459 1468 1467
f 1070 1455 1176
f 1070 1176 1004
f 1448 1447 1420
f 1448 1420 1423
f 1437 1469 1470
f 1076 557 1465
f 1076 1465 1057
f 1471 1472 1473
f 1474 824 1105
f 1470 1466 1468
f 1475 1072 1476
f 1475 1476 1435
f 1477 1474 1105
f 1478 1479 1472
f 1480 1481 1482
f 1480 1482 1483
f 1484 1472 1471
f 1484 1471 1485
f 1105 1101 1477
f 1486 1480 1483
f 1486 1483 1487
f 1485 1414 1484
f 1411 1484 1414
f 1108 1486 1487
f 1108 1487 1488
f 1476 1072 1108
f 1476 1108 1488
f 1463 1296 1111
f 1296 1298 1111
f 1298 1489 1111
f 1316 1111 1489
f 1489 1490 1316
f 1102 1316 1490
f 1490 1103 1102
f 1110 1461 1111
f 1103 1477 1101
f 1207 1491 1205
f 1463 1236 1296
f 1296 1236 993
f 1434 1475 1435
f 1482 1481 1492
f 1110 1258 1461
f 1416 1493 1417
f 1494 1495 1496
f 1493 1497 1498
f 1493 1498 1417
f 1499 1500 1501
f 1500 1502 1501
f 1497 1059 1503
f 1497 1503 1498
f 1460 1251 1462
f 1462 1247 1463
f 1236 1082 993
f 1504 1061 1060
f 1504 1060 1442
f 1461 1244 1460
f 1109 1283 1110
f 1283 1280 1110
f 1505 1506 1061
f 1505 1061 1504
f 1507 1508 1495
f 1507 1495 1494
f 1509 1510 1511
f 1512 1501 1502
f 1513 1514 1515
f 1516 1515 1514
f 1517 1513 1515
f 1518 1112 1111
f 1519 1518 1111
f 1514 1520 1516
f 1521 1517 1522
f 1217 1523 1215
f 1445 1521 1522
f 1316 1524 1111
f 1525 1526 1527
f 1520 1519 1111
f 1510 1528 1529
f 1529 1511 1510
f 1528 1530 1531
f 1530 1133 1532
f 1135 1532 1133
f 1532 1531 1530
f 1523 1525 1527
f 1523 1527 1215
f 1460 1462 1111
f 1462 1463 1111
f 1533 1534 1535
f 1111 1516 1520
f 1536 1537 1506
f 1536 1506 1505
f 1461 1460 1111
f 1538 1065 1537
f 1538 1537 1536
f 1507 1533 1535
f 1507 1535 1508
f 1059 1065 1538
f 1059 1538 1503
f 1513 1274 1514
f 1517 1274 1513
f 1521 1274 1517
f 1514 1274 1520
f 1519 1274 1518
f 1539 1540 1541
f 1539 1541 1542
f 1518 1274 1112
f 1112 1271 1109
f 1543 1544 1540
f 1543 1540 1539
f 1433 1432 1545
f 1524 1545 1432
f 1546 1433 1545
f 1547 1418 1253
f 1548 1549 1257
f 1515 1522 1517
f 1550 1551 1552
f 1550 1552 1553
f 1554 1555 1556
f 780 779 1557
f 1558 1559 1551
f 1558 1551 1550
f 1432 1446 1524
f 1560 1561 1562
f 1560 1562 1563
f 1541 1559 1558
f 1541 1558 1542
f 787 1257 1564
f 1283 1109 1271
f 1446 1432 1274
f 1520 1274 1519
f 1445 1274 1521
f 1433 1546 1274
f 1546 1565 1274
f 1565 1566 1274
f 1567 1544 1568
f 1543 1568 1544
f 780 1557 1569
f 1570 1571 1569
f 1572 1573 1574
f 1572 1574 1575
f 864 1576 865
f 1574 1577 1578
f 1574 1578 1575
f 1579 1580 1581
f 1581 1582 1579
f 1419 1583 1580
f 1584 1579 1582
f 1585 1584 1582
f 1418 1586 1419
f 1581 1580 1583
f 1582 1587 1585
f 1577 1588 1589
f 1577 1589 1578
f 1576 1590 865
f 1591 1592 1593
f 1588 1594 1595
f 1588 1595 1589
f 1561 1560 1596
f 1597 1596 1560
f 1592 1598 1593
f 1594 1599 1600
f 1594 1600 1595
f 871 873 1590
f 1579 1584 1336
f 1585 1336 1584
f 1599 1601 1602
f 1599 1602 1600
f 1372 1295 1294
f 1603 1585 1587
f 1587 1604 1603
f 872 871 1605
f 1568 1606 1607
f 1568 1607 1567
f 1371 1608 1372
f 1609 1610 1608
f 1372 1608 1610
f 1611 1336 1612
f 1606 1573 1572
f 1606 1572 1607
f 864 863 1613
f 1612 1603 1604
f 1614 1612 1615
f 1601 1616 1617
f 1601 1617 1602
f 1597 872 1596
f 1605 1596 872
f 1618 1610 1619
f 1609 1620 1610
f 1620 1619 1610
f 1621 1618 1619
f 1622 1623 1624
f 1625 1626 1627
f 1625 1627 1628
f 1591 1618 1629
f 1621 1629 1618
f 1630 1625 1628
f 1630 1628 1631
f 1582 1632 1587
f 1581 1632 1582
f 1583 1632 1581
f 1604 1587 1632
f 1580 1579 1336
f 1419 1580 1332
f 1336 1332 1580
f 1351 1205 1491
f 1627 1626 1633
f 1627 1633 1634
f 1623 1635 1624
f 1636 1205 1352
f 1637 1638 1639
f 1637 1639 1640
f 1332 1241 1419
f 1241 1239 1419
f 1238 1253 1418
f 1253 1274 1566
f 1566 1641 1253
f 1642 1643 1644
f 1639 1645 1646
f 1639 1646 1640
f 1647 1648 1649
f 1650 1651 1652
f 1652 1647 1649
f 1653 1654 1638
f 1653 1638 1637
f 1655 1656 1657
f 1653 1617 1654
f 1616 1654 1617
f 1658 1622 1655
f 1645 1659 1646
f 1660 1630 1631
f 1660 1631 1492
f 1644 1556 1661
f 1662 1661 1556
f 1648 1641 1663
f 1481 1660 1492
f 1664 1665 1650
f 1666 1667 1668
f 1524 1446 1522
f 1446 1445 1522
f 1313 1315 1319
f 153 1669 346
f 153 346 348
f 1670 1671 1667
f 1664 1316 1665
f 1316 1664 1652
f 1316 1652 1649
f 1316 1649 1663
f 1316 1663 1545
f 1316 1545 1524
f 1522 1515 1524
f 1516 1524 1515
f 1516 1111 1524
f 1672 1673 347
f 1674 347 1673
f 1675 1673 1676
f 1647 1652 1651
f 1663 1649 1648
f 1641 1566 1663
f 1566 1565 1663
f 1545 1663 1565
f 1565 1546 1545
f 1677 1678 1679
f 1677 1679 1680
f 1681 1682 1683
f 1684 1685 1683
f 1686 1687 1427
f 153 1678 1677
f 153 1677 1669
f 323 1675 1688
f 1676 1688 1675
f 1689 1425 1427
f 1690 1691 1650
f 323 1688 324
f 1692 1693 1694
f 1622 1695 1623
f 1651 1650 1691
f 1691 1696 1651
f 1647 1651 1696
f 1672 1676 1673
f 1697 1698 1635
f 1696 1699 1647
f 1699 1700 1647
f 1701 1702 1703
f 1701 1703 1704
f 1691 1358 1696
f 1679 1702 1701
f 1679 1701 1680
f 1697 1635 1623
f 1648 1647 1700
f 1700 1547 1648
f 1641 1648 1547
f 1458 1459 1467
f 1469 1705 1470
f 1703 992 1706
f 1703 1706 1704
f 1707 1708 1709
f 1710 1709 1708
f 1708 1711 1712
f 1713 1714 1715
f 1716 1717 1713
f 1718 1719 1716
f 1321 1322 1720
f 1470 1705 1466
f 992 1721 1722
f 992 1722 1706
f 1187 1186 1333
f 1622 1658 1695
f 1390 1389 1364
f 1361 1364 1389
f 1364 1723 1390
f 1724 1725 1726
f 1721 1727 1728
f 1721 1728 1722
f 1338 1187 1333
f 1345 1157 1338
f 1365 1729 1391
f 1392 1391 1729
f 1182 1339 1180
f 1184 1182 1181
f 1362 1730 1370
f 1731 1370 1730
f 886 1732 1073
f 1733 1682 1681
f 1362 1389 1730
f 1361 1389 1362
f 1730 1389 1335
f 1344 1158 1345
f 1186 1185 1333
f 1168 1173 1174
f 1389 1333 1335
f 1734 1735 1736
f 1668 1667 1671
f 886 1737 1738
f 1739 1175 1172
f 1732 886 1738
f 1172 1171 1388
f 1171 1168 1388
f 1168 1174 1388
f 1387 1391 1393
f 905 904 1347
f 1129 1740 1388
f 1740 1172 1388
f 904 1074 1073
f 1127 1129 1741
f 1124 1742 1743
f 1741 1743 1742
f 1127 1741 1742
f 1744 1745 1685
f 1122 1124 1746
f 1743 1746 1124
f 1738 1737 1747
f 1738 1747 1748
f 1746 1749 1122
f 1120 1122 1749
f 1749 1750 1120
f 1745 1744 1751
f 1747 1752 1748
f 1388 1741 1129
f 1753 1754 1755
f 1753 1755 1756
f 1757 1758 1759
f 1760 1761 1754
f 1760 1754 1753
f 1562 1762 1563
f 1760 1553 1761
f 1552 1761 1553
f 1693 1763 1554
f 1764 1554 1763
f 1388 1765 1741
f 1743 1741 1765
f 1746 1743 1765
f 1749 1746 1765
f 1750 1749 1765
f 1387 1765 1388
f 1393 1765 1387
f 1755 1766 1767
f 1755 1767 1756
f 1768 1693 1692
f 1751 1694 1693
f 1693 1768 1763
f 1769 1770 1771
f 1769 1771 1772
f 1764 1555 1554
f 1662 1556 1555
f 1724 1726 1773
f 1769 1767 1770
f 1766 1770 1767
f 1120 1119 1122
f 1774 1726 1725
f 1122 1121 1124
f 1127 1126 1129
f 1742 1125 1127
f 1775 1776 1777
f 1775 1777 1778
f 1725 1779 1774
f 1780 1781 1776
f 1780 1776 1775
f 1129 1128 1740
f 1782 1759 1758
f 1172 1740 1739
f 1783 1739 1740
f 1576 1784 1590
f 1785 1758 1757
f 1785 1757 1786
f 1730 1335 1731
f 1787 1365 1367
f 1786 1788 1785
f 1335 1334 1731
f 1339 1731 1334
f 1784 871 1590
f 1734 1736 1788
f 1789 1790 1791
f 1792 1793 1613
f 1793 864 1613
f 1794 1795 1796
f 1795 1797 1796
f 1475 1434 1062
f 1798 1774 1779
f 1799 1800 1798
f 1801 1802 1790
f 1802 1791 1790
f 1475 1062 1072
f 1434 1060 1062
f 1493 1416 1057
f 1800 1803 1804
f 1670 1635 1698
f 1805 1806 1807
f 1808 1809 1804
f 1803 1808 1804
f 1671 1670 1698
f 1810 1811 1812
f 1813 1801 1790
f 1811 1810 1782
f 1807 1814 1805
f 1815 1816 1817
f 1818 1813 1807
f 1790 1807 1813
f 1108 1072 1106
f 1071 1106 1072
f 1004 1064 1072
f 1062 1004 1072
f 1481 1480 1819
f 1480 1486 1107
f 1486 1108 1107
f 1819 1480 1107
f 1630 1660 1820
f 1820 1821 1630
f 1642 1644 1661
f 1822 1724 1773
f 1683 1685 1745
f 1805 1814 1796
f 1814 1790 1796
f 1790 1789 1796
f 1789 1823 1796
f 1823 1367 1796
f 1367 1824 1796
f 1824 1363 1796
f 1363 1370 1796
f 1825 1796 1370
f 1825 1370 1731
f 1342 1826 1189
f 1189 1190 1342
f 1190 1827 1342
f 1827 1340 1342
f 1824 1367 1723
f 1799 1798 1779
f 1751 1744 1828
f 1829 1630 1830
f 1367 1823 1831
f 1831 1787 1367
f 1366 1832 1367
f 1832 1723 1367
f 1723 1364 1824
f 1363 1824 1364
f 1751 1828 1694
f 1833 1666 1668
f 1834 1835 1818
f 1788 1786 1836
f 1837 1392 1831
f 1831 1791 1837
f 1729 1831 1392
f 1391 1390 1365
f 1833 1733 1666
f 1681 1666 1733
f 1830 1630 1838
f 1734 1788 1836
f 1684 1683 1682
f 1735 1734 1839
f 1840 1841 1842
f 1842 1841 1843
f 1843 1841 1844
f 1844 1845 1837
f 1846 1841 1840
f 1837 1393 1392
f 1735 1839 1847
f 1848 1630 1849
f 1838 1630 1848
f 1849 1850 1848
f 1821 1849 1630
f 1723 1832 1390
f 1800 1799 1851
f 1852 1848 1850
f 1851 1803 1800
f 1843 1844 1802
f 1842 1843 1802
f 1844 1837 1791
f 1802 1801 1842
f 1791 1802 1844
f 1832 1366 1390
f 1366 1365 1390
f 1853 1854 1855
f 1815 1817 1809
f 1817 1804 1809
f 1762 1854 1853
f 1853 1563 1762
f 1823 1789 1831
f 1791 1831 1789
f 1506 1062 1061
f 1537 1062 1506
f 1065 1062 1537
f 1059 1066 1065
f 1497 1057 1059
f 1493 1057 1497
f 1056 1057 1416
f 1856 1834 1857
f 1810 1858 1782
f 1834 1841 1835
f 1856 1841 1834
f 1859 1860 1856
f 1861 1860 1859
f 1559 1378 1551
f 1541 1378 1559
f 1540 1378 1541
f 1759 1782 1858
f 1801 1813 1842
f 1840 1842 1813
f 1815 1862 1816
f 1813 1818 1840
f 1846 1840 1818
f 1835 1846 1818
f 1863 1816 1864
f 1862 1864 1816
f 1818 1857 1834
f 1857 1806 1856
f 1859 1856 1806
f 1865 1866 1867
f 1868 1867 1866
f 1868 1866 1869
f 1575 1378 1572
f 1607 1572 1378
f 1578 1378 1575
f 1567 1607 1378
f 1589 1378 1578
f 1544 1567 1378
f 1595 1378 1589
f 1600 1384 1595
f 1540 1544 1378
f 1797 1870 1805
f 1806 1857 1807
f 1818 1807 1857
f 1805 1796 1797
f 1871 1872 1873
f 562 1324 212
f 1032 212 1324
f 1874 1875 1876
f 1630 1877 1625
f 1876 1878 1874
f 1879 1880 1806
f 1861 1859 1806
f 1881 1861 1806
f 1882 1883 1870
f 1883 1875 1870
f 1874 1870 1875
f 568 569 1884
f 568 1884 1885
f 1886 1633 1626
f 1625 1886 1626
f 1886 1625 1877
f 1879 1806 1870
f 1874 1879 1870
f 1887 1888 1883
f 587 1889 569
f 1884 569 1889
f 1890 1876 1883
f 1875 1883 1876
f 576 1891 508
f 1323 508 1891
f 1806 1805 1870
f 1637 1385 1653
f 1617 1653 1385
f 1646 1397 1640
f 1640 1385 1637
f 1885 1891 568
f 576 568 1891
f 1473 1472 1479
f 1877 1630 1892
f 1883 1893 1887
f 1046 1044 1043
f 1481 1819 1660
f 1819 1820 1660
f 1892 1630 1829
f 1894 1895 1896
f 1897 1282 1228
f 1250 1249 1282
f 1890 1883 1888
f 1887 1898 1888
f 1882 1893 1883
f 1899 1887 1893
f 586 1900 587
f 1889 587 1900
f 1901 1898 1899
f 1898 1887 1899
f 1900 586 588
f 1900 588 1902
f 1903 1888 1898
f 1904 1903 1901
f 1898 1901 1903
f 1286 1902 255
f 588 255 1902
f 1905 1906 1907
f 1908 1909 1910
f 844 843 1908
f 1911 1910 247
f 1911 247 249
f 249 173 1911
f 1286 255 257
f 1286 257 1287
f 1211 1213 1287
f 1899 1912 1901
f 1913 1914 1882
f 1893 1882 1899
f 1899 1882 1914
f 1914 1915 1899
f 1912 1899 1915
f 1915 1797 1912
f 1907 1912 1797
f 1797 1795 1907
f 1916 1917 1918
f 1043 1042 1310
f 1909 1908 843
f 247 1910 1909
f 1919 1920 1921
f 1921 1920 1922
f 1922 1920 1880
f 1881 1880 1860
f 1861 1881 1860
f 1393 1837 1845
f 1845 1844 1841
f 1835 1841 1846
f 1880 1879 1922
f 1881 1806 1880
f 1227 1897 1228
f 1860 1880 1920
f 1923 1920 1924
f 1925 1926 1927
f 1927 1926 1928
f 1929 1924 1920
f 1925 1930 1926
f 1931 1932 1933
f 1934 1933 1932
f 1932 1935 1934
f 1935 1936 1937
f 1936 1938 1937
f 1511 1937 1938
f 1939 1940 1511
f 1940 1941 1511
f 1942 1929 1920
f 1919 1942 1920
f 1841 1856 1860
f 1943 382 1944
f 1920 1765 1860
f 1923 1765 1920
f 1945 1765 1923
f 1841 1860 1765
f 1930 1765 1945
f 1925 1765 1930
f 1927 1765 1925
f 1928 1765 1927
f 1845 1841 1765
f 1946 382 1947
f 1948 382 1949
f 1946 1949 382
f 1948 1944 382
f 1848 1947 382
f 1945 1923 1924
f 1924 1950 1945
f 1930 1945 1950
f 1926 1930 1950
f 1947 1848 1852
f 1921 1879 1919
f 1922 1879 1921
f 1951 1952 1953
f 1954 1878 1926
f 1876 1955 1878
f 1890 1955 1876
f 1950 1954 1926
f 1027 1018 1028
f 291 178 1956
f 1888 1955 1890
f 293 291 1956
f 1929 1879 1924
f 1954 1950 1879
f 1924 1879 1950
f 1942 1879 1929
f 1919 1879 1942
f 1878 1954 1879
f 1879 1874 1878
f 186 1943 178
f 1115 1116 1957
f 1958 893 1959
f 1960 1961 1962
f 1961 1963 1962
f 1115 1962 1963
f 1964 1965 1966
f 1967 1966 1965
f 1968 1967 1965
f 1960 1969 1970
f 1961 1960 1971
f 1972 1973 1974
f 933 893 1975
f 153 152 893
f 1975 893 1976
f 267 893 152
f 286 893 267
f 1959 893 286
f 1976 893 1958
f 173 297 1911
f 1977 1911 297
f 1718 1316 1720
f 1716 1316 1718
f 1316 1317 1321
f 1719 1717 1716
f 1714 1713 1717
f 1719 1718 1978
f 1720 1978 1718
f 297 293 1977
f 1978 1720 1322
f 1956 1977 293
f 1291 1290 1979
f 1980 1979 1290
f 1979 1328 1291
f 1330 1980 1290
f 1981 439 1982
f 1715 1316 1713
f 1716 1713 1316
f 1715 1709 1316
f 1321 1720 1316
f 1983 1984 1985
f 1986 1985 1984
f 1987 1712 1711
f 1988 1989 1990
f 1991 1988 1990
f 1992 1993 1650
f 1994 1995 1996
f 153 893 1678
f 1703 1702 893
f 992 1703 893
f 1702 1679 893
f 1678 893 1679
f 1997 1998 1996
f 1999 2000 1711
f 1652 1664 1650
f 382 363 380
f 1973 2001 1974
f 1115 1974 2001
f 2001 2002 1115
f 2002 1113 1115
f 1124 1125 1742
f 1783 1740 1128
f 1116 1118 1120
f 2003 2004 2005
f 2005 2004 2006
f 1957 1962 1115
f 2005 2006 1957
f 1120 1750 1116
f 1957 1116 2005
f 2005 1116 1750
f 370 232 237
f 1962 2007 1960
f 1969 1960 2007
f 2008 2009 2007
f 1966 2009 2008
f 1967 2009 1966
f 1968 2009 1967
f 1969 2007 2009
f 1962 1957 2006
f 2006 2004 1962
f 2004 2003 1962
f 2003 2010 1962
f 2011 2012 2013
f 1956 178 1943
f 396 236 120
f 382 120 236
f 2014 2015 2016
f 127 1943 400
f 120 382 127
f 2017 2018 2016
f 2019 2020 2012
f 2021 2012 2020
f 2022 2023 2005
f 382 1943 127
f 2023 2019 2011
f 2005 2023 2003
f 400 1943 186
f 2010 2011 2013
f 364 382 365
f 2005 1750 2022
f 1765 2022 1750
f 2010 2003 2023
f 2012 2011 2019
f 365 382 232
f 237 232 382
f 2007 1962 2013
f 1962 2010 2013
f 2011 2010 2023
f 236 237 382
f 2008 2007 2024
f 1771 1781 1780
f 1771 1780 1772
f 1966 2008 1964
f 2024 1964 2008
f 2013 2024 2007
f 2025 2026 2027
f 2025 2027 2028
f 1963 1961 1971
f 2029 1778 2030
f 1777 2030 1778
f 2031 1963 1971
f 2032 1974 2031
f 2033 2034 2026
f 2033 2026 2025
f 1972 1974 2032
f 1963 2031 1974
f 2030 2034 2033
f 2030 2033 2029
f 1970 1971 1960
f 1969 2009 1970
f 2009 1968 1970
f 1965 1970 1968
f 1659 2035 2036
f 1659 2036 2037
f 1645 2035 1659
f 2038 2039 2040
f 2040 2012 2038
f 2021 1765 2012
f 2038 2012 1765
f 2041 2013 2012
f 2042 2041 2012
f 2012 2040 2043
f 2043 2042 2012
f 2044 2045 2046
f 2047 2048 2040
f 2048 2049 2040
f 2049 2043 2040
f 1928 2039 2038
f 1393 1845 1765
f 2038 1765 1928
f 2047 2040 2039
f 1926 2039 1928
f 2050 2051 2052
f 2053 2052 2051
f 2047 2039 2054
f 2055 2056 2057
f 2039 2058 2054
f 2059 1953 2060
f 2061 2062 2063
f 2064 2063 2062
f 2065 2066 2067
f 2068 2069 2070
f 2071 2070 2069
f 2047 2072 2048
f 2073 2071 2074
f 2075 2076 2077
f 2053 2078 2061
f 2079 2078 2053
f 2080 2081 2082
f 2083 2082 2081
f 2063 2064 2084
f 2085 2082 2083
f 2086 2087 2054
f 2087 2072 2054
f 2047 2054 2072
f 2088 2086 2054
f 2089 2050 2052
f 2090 2081 2080
f 2086 2088 2091
f 2092 2091 2088
f 2084 2068 2070
f 2093 2067 2094
f 2095 2096 2097
f 2098 2097 2096
f 1951 2099 2100
f 2101 2102 2103
f 2102 2104 2103
f 2104 2105 2103
f 2106 2103 2105
f 2106 2105 1905
f 1904 1912 1906
f 1901 1912 1904
f 1912 1907 1906
f 2106 1905 1907
f 2098 2107 2097
f 2108 2099 2085
f 1906 1896 1904
f 2107 2109 2014
f 2110 2015 2014
f 2102 2111 2104
f 2100 1952 1951
f 2018 2112 2016
f 2111 2113 2104
f 1010 2059 2060
f 2071 2073 2114
f 2115 2114 2073
f 2111 2116 2113
f 2117 1894 1896
f 998 997 1011
f 2113 2117 1896
f 2118 2114 2119
f 1017 1028 1018
f 2120 2121 2122
f 2123 2122 2121
f 1905 2105 2113
f 2105 2104 2113
f 2113 1896 1905
f 1906 1905 1896
f 1904 1896 1903
f 2124 2125 2126
f 2127 2126 2125
f 2103 2128 2101
f 1917 2129 2128
f 2130 2129 1917
f 2130 1917 1916
f 2115 2119 2114
f 2131 2132 2133
f 2134 2133 2132
f 2118 2135 2136
f 2118 2136 2137
f 1795 1794 2103
f 2103 2106 1795
f 2106 1907 1795
f 2128 2103 1794
f 1016 2138 1017
f 2139 2137 2140
f 2101 2128 2141
f 2129 2141 2128
f 2133 2134 2142
f 2143 2144 2145
f 2146 2138 2147
f 2143 2148 2144
f 2149 2150 2151
f 2152 2151 2150
f 2147 2153 2132
f 2147 2132 2131
f 2154 2155 2156
f 2142 2125 2124
f 2157 2158 2159
f 2158 2160 2159
f 2160 2161 2159
f 2111 2159 2161
f 2111 2161 2116
f 2162 2113 2116
f 2163 2164 2156
f 2156 2164 2121
f 2150 2165 2152
f 2166 2152 2165
f 2167 2168 2169
f 2170 2171 2172
f 2158 2173 2174
f 2127 2175 2126
f 2166 2165 2036
f 2037 2036 2165
f 2167 2176 2168
f 2172 1634 2170
f 1633 2170 1634
f 2159 2129 2157
f 2111 2101 2159
f 2102 2101 2111
f 2101 2141 2159
f 2141 2129 2159
f 2129 2130 2157
f 2130 2177 2157
f 2178 2179 2180
f 2181 2182 2149
f 2183 2184 2185
f 2182 2186 2187
f 1903 1896 1895
f 1895 1955 1903
f 1888 1903 1955
f 1926 1878 1955
f 2186 2188 2187
f 2189 2190 2191
f 2192 2193 2117
f 1894 2117 2193
f 2194 2195 2196
f 2046 2197 2044
f 1895 1894 2198
f 1955 1895 2199
f 2200 2201 2202
f 2203 2204 2116
f 2205 2206 2207
f 2117 2113 2162
f 2208 2209 2206
f 2210 2184 2183
f 2210 2183 2211
f 2079 2053 2212
f 2051 2212 2053
f 2205 2207 2188
f 2213 2214 2215
f 2216 2217 2218
f 2171 2216 2218
f 2162 2116 2204
f 2204 2219 2162
f 2219 2192 2162
f 2198 1894 2193
f 2117 2162 2192
f 2220 2203 2116
f 2221 2222 2116
f 2222 2220 2116
f 2223 2221 2161
f 2224 2225 2226
f 2227 2209 2228
f 2228 2209 2208
f 2225 2224 2229
f 2230 2229 2224
f 2199 1895 2198
f 2214 2195 2215
f 2228 2231 2232
f 2228 2232 2227
f 2233 2229 2230
f 2232 2231 2234
f 2235 2234 2231
f 1871 1873 2233
f 2236 2234 2237
f 2235 2237 2234
f 2238 2239 2240
f 2202 2201 2199
f 1926 1955 2058
f 2241 2242 2243
f 2243 2201 2244
f 2244 2201 2245
f 2246 2242 2241
f 2247 2242 2246
f 2248 2242 2247
f 2245 2201 2200
f 2237 2249 2236
f 2199 2250 1955
f 1872 2251 418
f 419 418 2251
f 2238 2252 2253
f 2254 2255 2249
f 1985 1981 1983
f 1982 1983 1981
f 2256 2257 2258
f 2259 372 2260
f 2260 2173 2259
f 2157 2259 2173
f 2158 2157 2173
f 2261 2260 372
f 372 354 2261
f 361 2261 354
f 2255 2262 2263
f 2264 2265 2266
f 2262 2255 2254
f 2267 2252 2238
f 1986 2268 2269
f 2261 361 2270
f 360 368 361
f 2258 2253 2271
f 2258 2271 2256
f 2272 2185 2273
f 2213 2273 2185
f 2274 2275 2276
f 2277 2276 2275
f 2161 2160 2278
f 2160 2158 2278
f 2174 2278 2158
f 2272 2183 2185
f 2276 2277 1478
f 2279 1478 2277
f 2280 2174 2173
f 2264 2266 2257
f 1479 1478 2279
f 2173 2260 2280
f 2281 2280 2260
f 2260 2261 2281
f 2282 2281 2261
f 2270 2282 2261
f 2151 2181 2149
f 2196 2191 2190
f 2283 2284 2285
f 2259 2286 372
f 2275 2274 2287
f 2223 2161 2288
f 2161 2278 2288
f 2171 2289 2172
f 2271 2253 2252
f 2290 2291 2292
f 2116 2161 2221
f 2269 2293 2294
f 2269 2294 2295
f 2296 2297 2298
f 2057 2299 2055
f 2182 2181 2186
f 2294 2300 2295
f 2301 2302 2297
f 2298 2297 2303
f 2303 2297 2302
f 2211 2094 2210
f 2304 2303 2302
f 2305 2306 2307
f 2186 2308 2188
f 2309 2310 2304
f 2302 2309 2304
f 2205 2311 2206
f 2312 2313 2310
f 2311 2208 2206
f 2213 2215 2273
f 2188 2308 2205
f 2314 2291 2315
f 2316 2317 2318
f 2218 2217 2319
f 2320 1995 1994
f 2315 2317 2316
f 2171 2218 2289
f 2191 2265 2189
f 2312 1955 2318
f 2310 1955 2312
f 2309 1955 2310
f 2302 1955 2309
f 2315 1955 2314
f 2314 1955 2250
f 2316 1955 2315
f 2318 1955 2316
f 2301 1955 2302
f 2321 1955 2301
f 2299 1955 2321
f 2057 1955 2299
f 2058 1955 2057
f 2039 1926 2058
f 2321 2301 2322
f 2322 2055 2299
f 2058 2057 2056
f 2088 2054 2058
f 2056 2088 2058
f 2237 2323 2249
f 2324 2325 2326
f 2297 2322 2301
f 2323 2254 2249
f 2327 2328 2325
f 2324 2326 2329
f 2074 2071 2069
f 1711 1990 1999
f 2330 1992 1665
f 2331 2328 2327
f 1709 1715 1707
f 1714 1707 1715
f 2217 2263 2319
f 2262 2319 2263
f 1987 2000 1316
f 2000 1987 1711
f 2239 2332 2333
f 364 363 382
f 1989 1999 1990
f 2333 2240 2239
f 2334 2335 2336
f 1709 1710 1316
f 1710 1712 1316
f 1712 1987 1316
f 2000 1999 1316
f 1999 1989 1316
f 1989 1988 1316
f 1988 1991 1316
f 1991 2330 1316
f 1665 1316 2330
f 2330 1991 1992
f 1650 1665 1992
f 829 2337 2338
f 1990 1992 1991
f 1712 1710 1708
f 2334 2339 2335
f 423 412 411
f 2340 2341 1993
f 2251 438 419
f 2342 2343 1871
f 429 419 438
f 1993 1992 2340
f 2344 2340 1992
f 1711 1708 2345
f 2346 2345 1708
f 1708 1707 2346
f 423 429 412
f 419 429 416
f 2345 2346 2347
f 2348 2345 2349
f 2350 2347 2346
f 2346 2351 2350
f 2351 2352 2350
f 429 423 416
f 2348 2353 1990
f 2353 2344 1990
f 1992 1990 2344
f 1990 1711 2348
f 2345 2348 1711
f 2354 2355 2356
f 2357 2358 2359
f 2359 2360 2357
f 2361 2362 2363
f 862 943 935
f 531 935 943
f 583 862 935
f 590 531 943
f 474 590 943
f 548 547 570
f 561 858 570
f 968 474 570
f 968 570 547
f 943 570 474
f 2364 2349 2359
f 2360 2359 2347
f 2324 2329 2365
f 2340 2344 2366
f 1650 1993 2341
f 2341 2340 2366
f 2344 2353 2366
f 2353 2348 2349
f 2365 2329 2367
f 2368 2367 2329
f 886 975 1737
f 924 923 1737
f 858 561 886
f 548 570 858
f 561 835 886
f 830 886 835
f 975 886 830
f 924 1737 975
f 2347 2359 2349
f 2331 2369 2332
f 2370 1690 2341
f 1650 2341 1690
f 2341 2366 2370
f 2366 2349 2370
f 2364 2370 2349
f 2333 2332 2371
f 2372 2373 1700
f 1586 1418 2374
f 1690 2375 1691
f 2376 2372 1700
f 1699 2376 1700
f 1696 1358 1699
f 1737 923 1747
f 1752 1747 920
f 927 2377 1752
f 829 2338 2378
f 1641 1547 1253
f 920 1747 923
f 927 1752 920
f 2379 2380 2381
f 2382 2381 2380
f 2336 2383 2334
f 2381 2384 2379
f 2385 2375 1690
f 2386 2387 1690
f 2388 2385 1690
f 829 827 2337
f 1358 1691 1359
f 2384 2389 2390
f 2391 1699 1358
f 1547 1700 2373
f 2376 1699 2391
f 1377 1376 1754
f 1770 1766 1357
f 1754 1761 1377
f 1552 1378 1761
f 1551 1378 1552
f 2392 2393 2394
f 2395 2396 2397
f 2395 2397 2398
f 1394 1640 1397
f 2382 2380 2399
f 2400 2399 2380
f 1865 1867 2395
f 1865 2395 2398
f 1397 2037 1398
f 2401 2402 2403
f 2401 2403 2404
f 2405 2406 2407
f 2408 2409 2410
f 2402 2411 2412
f 2339 2413 2368
f 2397 2396 2401
f 2404 2397 2401
f 827 2414 2337
f 1385 1640 1396
f 2415 2416 2417
f 2418 1812 2419
f 1812 1811 2419
f 2367 2368 2420
f 2037 1397 1659
f 1382 1600 1385
f 2421 2422 2423
f 2421 2423 2424
f 2425 2426 437
f 2423 2422 2427
f 2423 2427 2428
f 2336 2407 2383
f 2406 2383 2407
f 2429 2430 2431
f 2060 1953 2432
f 2431 2430 2421
f 2431 2421 2424
f 2093 2065 2067
f 2075 2067 2066
f 2076 2075 2066
f 2428 2427 2433
f 2428 2433 2434
f 2435 2436 2437
f 2438 2077 2076
f 2439 2434 2433
f 2439 2433 2440
f 2441 2439 2440
f 2441 2440 2442
f 1600 1602 1385
f 1378 1595 1384
f 1602 1617 1385
f 2418 2419 2441
f 2418 2441 2442
f 2085 2083 2108
f 1357 1354 1770
f 1755 1754 1373
f 1376 1374 1754
f 2090 2443 2081
f 2444 2445 2446
f 2210 2094 2067
f 2355 2447 2356
f 2356 2447 2446
f 1377 1761 1378
f 1374 1373 1754
f 1368 1357 1766
f 2448 2449 2445
f 2438 2443 2090
f 2438 2090 2077
f 1382 1384 1600
f 1951 2085 2099
f 2450 2451 2452
f 2450 2452 2453
f 2432 1953 1952
f 1010 2060 2454
f 1010 2454 1011
f 1354 1356 1770
f 1771 1770 1356
f 2455 2456 1994
f 2457 2455 2458
f 1781 1412 1776
f 1766 1755 1368
f 1373 1368 1755
f 2146 1017 2138
f 1781 1771 1356
f 1412 1781 1356
f 2134 2459 2142
f 2153 2147 2138
f 2030 1412 2034
f 1414 2027 1412
f 2034 1412 2026
f 2142 2459 2125
f 2460 2461 2462
f 1776 1412 1777
f 2030 1777 1412
f 816 2463 377
f 2464 377 2463
f 2026 1412 2027
f 2465 2466 2467
f 2096 2095 2467
f 377 2464 375
f 2175 375 2126
f 2464 2126 375
f 2460 2468 2461
f 2469 2470 2471
f 2390 2379 2384
f 2165 1398 2037
f 1403 2150 1401
f 1396 1640 1394
f 1659 1397 1646
f 2264 2257 2472
f 2390 2389 2417
f 2194 2196 2190
f 2473 2474 2475
f 2476 2477 2478
f 2479 2475 2474
f 2149 1401 2150
f 2479 2480 2476
f 2170 1886 2171
f 2257 2256 2472
f 2481 2482 2471
f 2483 2471 2482
f 2150 1403 2165
f 2484 2195 2194
f 2483 2485 2486
f 2487 2486 2485
f 2486 2488 2489
f 2487 2488 2486
f 1633 1886 2170
f 2490 2491 2354
f 2492 2354 2491
f 2493 2489 2494
f 2495 2494 2489
f 2182 1401 2149
f 2492 2355 2354
f 2496 2497 2493
f 2498 2499 2500
f 2501 2265 2264
f 2502 2503 2504
f 2189 2265 2501
f 2505 2506 2507
f 2508 2491 2490
f 2209 2227 1447
f 2215 2195 2484
f 2188 1456 2187
f 2505 2507 2509
f 2510 2511 2512
f 2207 2206 1447
f 2206 2209 1447
f 2511 2408 2410
f 2325 2324 2513
f 2044 2197 2504
f 2327 2325 2513
f 2216 2171 1452
f 2514 2515 2509
f 2497 2500 2499
f 2498 2465 2499
f 2232 2234 1447
f 2234 2236 1447
f 2236 2249 1447
f 2249 2255 1447
f 1420 1447 2255
f 2227 2232 1447
f 1453 2516 2517
f 2518 2517 2516
f 2331 2327 2369
f 1452 2519 2516
f 1452 2516 1453
f 1452 1421 2263
f 2187 1406 2182
f 2371 2332 2369
f 2519 1452 2517
f 2519 2517 2518
f 1421 1420 2263
f 1452 2263 2217
f 1452 2217 2216
f 2520 2028 2027
f 2267 2238 2240
f 2300 2521 2522
f 2307 2523 2524
f 815 829 2378
f 1401 2182 1406
f 1398 2165 1403
f 1406 2187 1456
f 1886 1452 2171
f 2517 1452 1886
f 1863 2525 1816
f 2469 1816 2525
f 2413 2339 2334
f 2481 2471 2470
f 815 2378 816
f 2463 816 2378
f 2255 2263 1420
f 1447 1443 2207
f 2188 2207 1443
f 1443 1440 2188
f 1456 2188 1464
f 1440 1429 2188
f 1428 2188 1429
f 1464 2188 1428
f 2405 2426 2526
f 2425 2526 2426
f 2527 2405 2526
f 1485 2027 1414
f 1473 2528 1471
f 1479 2528 1473
f 2529 2530 2531
f 2527 2406 2405
f 2532 2533 2508
f 1471 2528 1485
f 2534 2491 2508
f 2535 2531 2530
f 2420 2368 2413
f 2437 2436 2512
f 2414 827 435
f 2530 2529 2536
f 2537 2536 2538
f 2538 2536 2529
f 2530 2536 2297
f 2297 2536 2322
f 2539 2540 2055
f 2541 2536 2537
f 2055 2322 2539
f 2410 2512 2511
f 2414 437 2426
f 435 437 2414
f 1997 1983 1998
f 1984 1983 1997
f 2342 2230 1982
f 2343 2342 1982
f 438 1871 2343
f 2444 2448 2445
f 2201 2242 2250
f 2314 2250 2242
f 2314 2242 2291
f 2317 2315 2291
f 2313 2312 2317
f 2530 2297 2296
f 2299 2321 2322
f 2304 2310 2313
f 2318 2317 2312
f 2230 2224 1982
f 1998 1983 2224
f 2444 2446 2447
f 2290 2542 2313
f 1983 1982 2224
f 2542 2543 2304
f 2544 438 2251
f 2545 2546 2547
f 2452 2451 2437
f 2548 2453 2547
f 2250 2199 2201
f 1871 438 2544
f 2201 2243 2242
f 2248 2292 2291
f 2291 2242 2248
f 2549 2550 2551
f 2298 2303 2543
f 2304 2313 2542
f 2317 2290 2313
f 2291 2290 2317
f 2552 1320 2551
f 2062 2061 2078
f 2553 1995 2305
f 2064 2554 2084
f 2089 2052 2112
f 2084 2554 2068
f 2555 2556 2557
f 2557 2558 2555
f 2558 2559 2555
f 2560 2557 2561
f 2556 2561 2557
f 2559 2562 2555
f 2562 2563 2555
f 2563 2564 2555
f 2564 2541 2555
f 2541 2537 2555
f 2537 2538 2555
f 2565 2555 2538
f 2531 2565 2529
f 2538 2529 2565
f 2296 2535 2530
f 2566 2478 2477
f 2479 2474 2567
f 2568 2569 2570
f 2098 2571 2107
f 2479 2567 2480
f 2572 2476 2573
f 2480 2573 2476
f 2531 2535 2574
f 2575 2014 2109
f 2110 2014 2575
f 2571 2109 2107
f 2574 2576 2565
f 2485 2483 2482
f 1632 2374 1547
f 2373 1632 1547
f 2017 2016 2015
f 2561 2577 2560
f 2560 2577 2578
f 1418 1547 2374
f 2579 2570 2569
f 2052 2016 2112
f 1359 1691 1381
f 2495 2489 2488
f 2570 2580 2568
f 2496 2493 2494
f 2581 2118 2119
f 2559 2568 2582
f 2580 2582 2568
f 2563 2583 2564
f 2564 2536 2541
f 2496 2584 2497
f 1381 1691 2375
f 2585 2120 2122
f 2579 2578 2577
f 2569 2578 2579
f 2586 2577 2561
f 2586 2561 2556
f 2555 2576 2556
f 2535 2296 2574
f 2296 2298 2543
f 1583 1419 1586
f 2524 2587 2305
f 2524 2305 2307
f 2088 2056 2092
f 2135 2118 2581
f 2588 2553 2305
f 2588 2305 2587
f 2589 2553 2588
f 2589 2588 2590
f 2562 2559 2582
f 2582 2591 2562
f 2591 2592 2562
f 2563 2562 2592
f 2583 2563 2592
f 2536 2564 2583
f 2056 2055 2092
f 2540 2092 2055
f 2539 2322 2536
f 1586 2374 1583
f 1632 1583 2374
f 2372 2593 2373
f 2376 2593 2372
f 2391 2593 2376
f 1358 2593 2391
f 1349 2594 1358
f 1350 2594 1349
f 1381 2594 1350
f 2375 2594 1381
f 2385 2594 2375
f 2387 2594 2388
f 2388 2594 2385
f 2595 2139 2140
f 2596 2589 2590
f 2596 2590 2597
f 2565 2531 2574
f 2555 2565 2576
f 2586 2556 2576
f 2543 2574 2296
f 2303 2304 2543
f 2145 2598 2143
f 2521 2300 2596
f 2521 2596 2597
f 2270 361 368
f 2358 2599 2359
f 2599 2600 2359
f 2600 2601 2359
f 2364 2359 2601
f 2602 2603 2364
f 2603 2604 2364
f 2370 2364 2604
f 2601 2602 2364
f 91 99 75
f 2343 1982 439
f 75 99 71
f 2605 2606 2607
f 2361 2607 2608
f 2606 2608 2607
f 2609 2610 2358
f 2610 2611 2358
f 2226 1996 1998
f 99 103 71
f 103 316 71
f 234 71 316
f 279 261 280
f 289 259 279
f 260 259 289
f 261 279 259
f 266 403 261
f 265 338 266
f 2612 2613 2370
f 2613 2386 2370
f 1690 2370 2386
f 1998 2224 2226
f 322 234 316
f 330 234 322
f 329 265 330
f 265 234 330
f 338 265 329
f 403 266 338
f 280 261 403
f 2388 1690 2387
f 2230 2342 2233
f 2604 2612 2370
f 996 1007 1024
f 2155 2154 2148
f 2154 2144 2148
f 2602 2601 2614
f 2603 2602 2614
f 2604 2603 2614
f 2601 2600 2614
f 2600 2599 2614
f 2599 2358 2611
f 2611 2614 2599
f 2163 2156 2155
f 1024 1028 996
f 997 996 1028
f 2615 2616 2617
f 2123 2121 2164
f 1007 75 1023
f 1023 1024 1007
f 1032 1023 75
f 75 1007 91
f 2169 2618 2167
f 1220 856 1455
f 1451 1455 856
f 1023 1032 1044
f 2619 2618 2180
f 2169 2180 2618
f 2615 2620 1176
f 2620 922 1176
f 2617 922 2620
f 2621 922 2617
f 2622 2176 2167
f 2623 2624 2625
f 2623 2625 2626
f 2627 2623 2626
f 2627 2626 2628
f 1233 2629 1249
f 1232 2630 1233
f 1404 1465 1405
f 2622 2598 2176
f 2145 2176 2598
f 557 1410 1465
f 1405 1465 1410
f 2631 2632 2624
f 2625 2624 2632
f 1504 1176 1505
f 1498 1465 1417
f 1891 1044 1323
f 1323 1044 1324
f 1032 1324 1044
f 1885 1042 1891
f 1884 1042 1885
f 1415 1417 1465
f 1436 1176 1442
f 1424 1415 1465
f 1404 1424 1465
f 1435 1176 1436
f 1455 1536 1176
f 1228 1249 2633
f 856 557 1451
f 2631 2634 2632
f 2632 2634 2635
f 1900 1042 1889
f 1465 1503 1451
f 1451 1538 1455
f 1902 1042 1900
f 1286 1042 1902
f 1889 1042 1884
f 1410 557 539
f 856 542 557
f 855 1410 539
f 539 852 855
f 1044 1891 1042
f 2636 2616 1285
f 2637 2616 2636
f 1285 2616 1289
f 1289 2616 2638
f 2638 2616 1288
f 1042 1286 1303
f 1222 1277 1213
f 2584 2500 2497
f 1223 1228 2639
f 2640 2504 2503
f 2638 1264 1289
f 2633 2639 1228
f 1223 2639 1222
f 2641 2551 1277
f 1285 922 2636
f 2637 2636 922
f 922 2621 2637
f 1289 1263 1285
f 1288 1264 2638
f 1284 1266 1288
f 922 1285 1261
f 1279 1267 2642
f 2643 2515 2644
f 2514 2644 2515
f 2645 2505 2509
f 2077 2265 2075
f 2257 2266 2082
f 2075 2265 2067
f 2646 2647 2506
f 2648 2131 1951
f 1284 2649 2642
f 2642 2649 1279
f 1288 2616 1284
f 1312 1279 2650
f 2621 2616 2637
f 2617 2616 2621
f 2620 2615 2617
f 2651 2616 2615
f 2649 1284 2616
f 2650 1279 2649
f 1327 1326 2652
f 1953 2648 1951
f 2059 2648 1953
f 2258 2257 2082
f 1010 2648 2059
f 2651 2615 1176
f 2502 2504 2197
f 2616 2651 1176
f 2131 2133 1951
f 1176 2649 2616
f 2645 2509 2515
f 2649 1176 2650
f 2642 1267 1284
f 2465 2498 2653
f 2146 2648 1017
f 1028 1017 997
f 2654 2655 1312
f 1325 1312 2655
f 2142 2332 2133
f 2653 2466 2465
f 2650 2654 1312
f 2147 2648 2146
f 997 1017 1010
f 1329 2656 1291
f 2466 2096 2467
f 2655 2657 1325
f 2131 2648 2147
f 1010 1017 2648
f 2656 2658 1291
f 1305 1291 2658
f 2463 2328 2464
f 2126 2328 2124
f 2464 2328 2126
f 2124 2331 2142
f 2238 2253 2133
f 2085 1951 2133
f 2659 2660 1328
f 2661 2662 1330
f 1979 1980 2663
f 2082 2085 2258
f 1326 1325 2657
f 2657 2652 1326
f 1330 1327 2661
f 2660 2664 1329
f 2665 2666 1309
f 1309 1305 2665
f 2658 2665 1305
f 1322 1309 2667
f 2666 2667 1309
f 1978 1322 2667
f 2667 2668 1978
f 2668 2669 1978
f 2478 2670 2671
f 2662 2663 1980
f 1980 1330 2662
f 2672 2661 2652
f 2191 2196 2185
f 2191 2210 2265
f 2213 2185 2196
f 2265 2077 2266
f 2214 2213 2195
f 2196 2195 2213
f 2090 2080 2266
f 2080 2082 2266
f 2253 2258 2085
f 2090 2266 2077
f 2184 2210 2191
f 2067 2265 2210
f 2185 2184 2191
f 2673 2674 2671
f 2672 2657 1482
f 2328 2463 2325
f 2652 2661 1327
f 2325 2463 2326
f 2654 1488 2655
f 2331 2124 2328
f 2239 2133 2332
f 2675 2676 2677
f 1488 2650 1476
f 2332 2142 2331
f 2238 2133 2239
f 2085 2133 2253
f 2678 2677 2679
f 2680 2681 2682
f 2683 2682 2681
f 2589 1995 2553
f 2684 2683 2681
f 2684 2681 2685
f 2306 2305 1995
f 2685 2686 2684
f 2687 2684 2686
f 2463 2378 2338
f 2463 2338 2337
f 2463 2337 2414
f 2463 2414 2426
f 2463 2426 2405
f 2463 2405 2407
f 2463 2407 2336
f 2463 2336 2335
f 2463 2335 2339
f 2463 2339 2368
f 2326 2463 2329
f 2368 2329 2463
f 2688 2689 2045
f 1995 2320 2690
f 2691 2687 2686
f 2691 2686 2692
f 2300 2294 1997
f 2690 2306 1995
f 2693 2694 2695
f 2696 2695 2694
f 2695 2549 2693
f 2641 2693 2549
f 2549 2551 2641
f 1213 1277 1303
f 1286 1213 1303
f 2551 1303 1277
f 2692 2689 2691
f 2589 2596 1997
f 2697 1997 2268
f 1984 1997 2697
f 2698 2046 2045
f 2678 2699 2682
f 2268 1997 2293
f 2596 2300 1997
f 2293 1997 2294
f 2700 2701 2702
f 2701 2703 2702
f 2703 2704 2702
f 2704 2705 2702
f 2705 2706 2702
f 2706 2707 2702
f 2707 2708 2702
f 2708 2709 2702
f 2709 2710 2702
f 2710 2711 2702
f 2711 2696 2702
f 2694 2702 2696
f 2712 2713 2714
f 2715 2713 2712
f 2715 2712 2716
f 2320 2456 2690
f 1997 1995 2589
f 2456 2717 2690
f 2550 2549 2695
f 2718 2719 2720
f 2721 2719 2718
f 2719 2722 2720
f 2723 2719 2721
f 2641 1277 1034
f 2724 2725 2726
f 2279 2528 1479
f 2277 2528 2279
f 2693 2641 1075
f 1034 1075 2641
f 2727 2720 2722
f 2723 2728 2719
f 2715 2716 2729
f 2275 2730 2528
f 2694 2693 2731
f 2275 2528 2277
f 2136 2140 2137
f 2552 2551 2550
f 2732 2733 2734
f 2139 2735 2178
f 1232 2734 2733
f 2736 2732 2734
f 1303 2551 1320
f 2619 2180 2179
f 2728 2737 2734
f 2738 2696 2739
f 2740 2741 2742
f 2740 2742 2743
f 2695 2696 2738
f 2719 2728 2734
f 2744 2736 2734
f 1232 2733 2745
f 2630 1232 2745
f 2743 2746 2740
f 2708 2747 2709
f 2748 2742 2741
f 2749 2750 2751
f 2709 2752 2710
f 2284 2623 2627
f 2753 2751 2750
f 2754 2753 2750
f 2755 2756 2757
f 2758 2759 2760
f 2761 2760 2759
f 2705 2762 2706
f 2759 2763 2761
f 1075 2731 2693
f 2744 2734 2764
f 2764 2734 2737
f 2756 2764 2737
f 2765 2690 2717
f 2717 2766 2765
f 2766 2634 2765
f 2634 2631 2765
f 2631 2624 2765
f 2624 2623 2765
f 2767 2765 2623
f 2283 2767 2623
f 2284 2283 2623
f 2389 2491 2415
f 2284 2627 2768
f 1476 1176 1435
f 2769 2770 2771
f 2757 2749 2755
f 2772 2757 2756
f 2737 2772 2756
f 2773 2755 2749
f 2751 2773 2749
f 2768 2627 2533
f 2774 2775 2771
f 1483 1482 2657
f 2652 2657 2672
f 1487 1483 2657
f 2655 1487 2657
f 1176 1476 2650
f 2650 1488 2654
f 2661 2672 1492
f 1487 2655 1488
f 1492 1631 2661
f 2663 2662 1631
f 2659 2663 1631
f 1277 1222 2639
f 2776 2777 2778
f 2663 2659 1979
f 1328 1979 2659
f 1329 1328 2660
f 2666 2665 2779
f 2780 2534 2781
f 2782 2783 2778
f 2630 2629 1233
f 2633 1249 2629
f 2754 2784 2785
f 2662 2661 1631
f 2659 2786 2660
f 2787 2754 2785
f 2729 2788 2789
f 2790 2788 2729
f 2791 2491 2780
f 1482 1492 2672
f 2664 2660 2786
f 2792 2793 2794
f 2753 2754 2787
f 2793 2785 2784
f 2784 2794 2793
f 1503 1465 1498
f 1538 1451 1503
f 1536 1455 1538
f 1505 1176 1536
f 1442 1176 1504
f 1550 2795 1558
f 1542 1558 2795
f 1539 1542 2795
f 2796 2797 2798
f 2679 2677 2676
f 2678 2679 2699
f 2797 2796 2799
f 2796 2800 2799
f 2722 2799 2800
f 2722 2800 2801
f 2727 2722 2801
f 2802 2803 1594
f 1594 1588 2802
f 1588 1577 2802
f 1574 1573 2802
f 1573 1606 2802
f 1606 1568 2802
f 1568 1543 2802
f 2795 2802 1543
f 1543 1539 2795
f 1599 1594 2803
f 1601 1599 2803
f 2804 2805 2806
f 2807 2808 2809
f 1634 2810 1627
f 2698 2045 2689
f 2803 2811 1616
f 1654 1616 2811
f 1638 1654 2811
f 2812 2813 2814
f 2812 2814 2815
f 2816 2814 2813
f 2815 2814 2817
f 2817 2818 2819
f 2819 2820 2821
f 2822 2823 2816
f 2809 2824 2822
f 2810 2786 1627
f 2688 2691 2689
f 2825 2826 2786
f 1628 2786 1631
f 2786 2659 1631
f 2824 2809 2808
f 2680 2682 2699
f 2823 2822 2824
f 2827 2779 2665
f 2665 2658 2827
f 2828 2829 2668
f 2347 2349 2345
f 2349 2366 2353
f 2830 2831 2832
f 2714 2833 2712
f 2818 2817 2814
f 2814 2816 2823
f 2834 2835 2831
f 2363 2836 2350
f 2837 2833 2725
f 2714 2725 2833
f 2838 2821 2820
f 2828 2834 2829
f 2835 2839 2840
f 2607 2361 2363
f 2820 2819 2818
f 2838 2798 2821
f 2797 2821 2798
f 2342 1871 2233
f 1871 2544 1872
f 2830 2834 2831
f 2830 2829 2834
f 2350 2831 2840
f 2363 2350 2840
f 2347 2350 2360
f 2836 2360 2350
f 2544 2251 1872
f 2841 2827 2656
f 2658 2656 2827
f 2656 1329 2664
f 2664 2841 2656
f 2842 2843 2844
f 2844 2845 2842
f 2846 2842 2845
f 2845 2847 2846
f 2847 2848 2849
f 2848 2850 2851
f 2852 2851 2850
f 2851 2849 2848
f 2849 2846 2847
f 2853 2844 2843
f 2854 2853 2843
f 2855 2854 2843
f 438 2343 439
f 2829 2830 2669
f 2669 2668 2829
f 2832 2669 2830
f 2352 2832 2831
f 2831 2350 2352
f 2856 2857 2858
f 1984 2697 1986
f 2702 2694 2859
f 2860 2861 2858
f 1986 2697 2268
f 2293 2269 2268
f 2859 2862 2702
f 2863 2765 2767
f 2863 2767 2285
f 2283 2285 2767
f 2864 2701 2700
f 2865 2866 2867
f 2866 2868 2867
f 2869 2870 2871
f 2872 2867 2868
f 2701 2864 2703
f 2852 2850 2873
f 2868 2873 2872
f 2872 2873 2850
f 2867 2874 2865
f 2875 2865 2874
f 2874 2876 2875
f 2877 2875 2876
f 2532 2285 2284
f 2878 2879 2871
f 2675 2871 2879
f 2275 2287 2730
f 2880 2792 2881
f 2882 2883 2884
f 2762 2707 2706
f 2792 2794 2881
f 2885 2881 2794
f 2883 2886 2884
f 2739 2696 2711
f 2887 2888 2889
f 2890 2891 2887
f 2695 2892 2550
f 2522 2523 2300
f 2523 2295 2300
f 2566 2670 2478
f 2673 2671 2670
f 2893 1278 2639
f 2522 2524 2523
f 1276 1034 1277
f 2894 2895 2896
f 2897 2898 2899
f 2690 2900 2306
f 2900 2307 2306
f 2898 2901 2902
f 2449 2903 2445
f 2287 2903 2730
f 2904 2905 2906
f 2863 2900 2765
f 2690 2765 2900
f 2907 2908 2902
f 2909 2910 2888
f 2906 2911 2909
f 2912 2905 2904
f 2888 2887 2891
f 2891 2890 2913
f 1997 1996 1995
f 2914 2915 2912
f 2320 1994 2456
f 2916 2456 2455
f 2917 2918 2914
f 2919 2918 2917
f 2910 2909 2911
f 2889 2888 2910
f 2695 2738 2892
f 2457 2458 2920
f 2919 2921 2922
f 2894 2922 2921
f 2921 2895 2894
f 2752 2709 2747
f 2923 2747 2708
f 2916 2455 2457
f 2924 2710 2752
f 2924 2925 2710
f 2711 2710 2925
f 2926 2711 2925
f 2918 2919 2922
f 2915 2914 2918
f 2905 2912 2915
f 2911 2906 2905
f 2927 2928 2462
f 2929 2462 2928
f 2705 2930 2762
f 430 439 2931
f 2932 2933 2934
f 2935 2923 2707
f 2708 2707 2923
f 2936 2806 2805
f 2768 2532 2284
f 2805 2937 2936
f 2731 2938 2694
f 2768 2533 2532
f 2938 2859 2694
f 2462 2929 2460
f 2939 2940 2936
f 2941 2942 2936
f 2937 2941 2936
f 2943 2928 2927
f 2944 2943 2927
f 2862 2945 2702
f 2700 2702 2945
f 2946 2700 2945
f 2864 2700 2946
f 2947 2461 2468
f 2948 2703 2864
f 2669 2832 1719
f 1719 1978 2669
f 1717 1719 2832
f 2832 2352 1717
f 2352 2351 1717
f 1714 1717 2351
f 1707 1714 2351
f 2351 2346 1707
f 2703 2948 2704
f 2949 2704 2948
f 2668 2667 2828
f 2667 2666 2950
f 2950 2828 2667
f 2779 2950 2666
f 2951 2952 2953
f 2949 2930 2704
f 2705 2704 2930
f 2950 2834 2828
f 2415 2417 2389
f 2664 2786 2841
f 2707 2762 2935
f 2739 2711 2926
f 2841 2786 2827
f 2779 2834 2950
f 2834 2779 2786
f 2827 2786 2779
f 2801 2954 2727
f 2392 2394 2955
f 2940 2956 2936
f 2957 2936 2958
f 2958 2936 2956
f 2959 2960 2936
f 2960 2939 2936
f 2961 2962 2728
f 2961 2728 2723
f 2399 2400 2409
f 2400 2410 2409
f 2720 2727 2963
f 2720 2963 2964
f 2965 2966 2411
f 2943 2944 2393
f 2718 2720 2964
f 2718 2964 2967
f 2968 2412 2411
f 2955 2417 2969
f 2416 2969 2417
f 2955 2969 2970
f 2363 2840 2607
f 2362 2971 2363
f 2972 2973 2835
f 2974 2973 2972
f 2975 2976 2974
f 2977 2976 2975
f 2836 2363 2971
f 2360 2836 2971
f 2971 2357 2360
f 2978 2979 2980
f 2721 2718 2967
f 2721 2967 2981
f 2974 2834 2975
f 2721 2981 2961
f 2721 2961 2723
f 2972 2834 2974
f 2982 2983 2953
f 2534 2508 2533
f 2728 2962 2984
f 2984 2737 2728
f 2942 2959 2936
f 2985 2986 2987
f 2986 2936 2987
f 2957 2987 2936
f 2807 2804 2806
f 2808 2807 2806
f 2988 2512 2436
f 2510 2512 2988
f 2719 2989 2990
f 2719 2990 2991
f 2719 2991 2992
f 2719 2992 2993
f 2719 2993 2994
f 2719 2994 2995
f 2719 2995 747
f 725 727 747
f 727 2722 747
f 2435 2437 2996
f 2997 2998 2999
f 3000 2999 2998
f 2985 2997 2986
f 3001 3002 3003
f 3004 3000 2998
f 3005 3006 3007
f 3000 3004 3008
f 3000 3008 3009
f 3010 3011 3012
f 2287 2445 2903
f 2953 2952 3003
f 2451 2996 2437
f 2986 2997 2999
f 2548 3013 2453
f 3014 2999 3000
f 3015 3016 3000
f 2734 3017 2719
f 2450 2453 3013
f 3015 3018 3016
f 3019 2757 2772
f 3020 3010 3012
f 3021 3000 3016
f 3014 3000 3021
f 3022 3023 3024
f 3025 3024 3023
f 3023 3026 3025
f 3027 3022 3024
f 3019 2772 2737
f 3028 3029 3024
f 3029 3027 3024
f 3030 3028 3024
f 2751 2753 3031
f 3032 3033 3034
f 2725 2724 2837
f 2790 2729 2716
f 3035 3036 3037
f 3038 3036 3035
f 1787 2139 3039
f 2595 3039 2139
f 2756 2755 3040
f 2932 3041 2933
f 3042 3043 3044
f 2764 2756 3040
f 2139 1787 2735
f 2179 2178 2735
f 2857 3045 3046
f 3018 3044 3043
f 3043 3016 3018
f 3042 3047 3048
f 2787 3049 2753
f 3026 3050 3025
f 3051 3025 3050
f 3052 3051 3050
f 3051 3052 3053
f 2968 2411 2966
f 2758 2760 3054
f 2403 2402 2412
f 2835 2834 2972
f 3055 3056 2763
f 2633 3057 2639
f 2607 2840 2839
f 3057 2893 2639
f 2759 3055 2763
f 1680 1701 2605
f 3058 3059 3060
f 2769 3061 2770
f 3062 3063 2793
f 2976 2977 1669
f 2774 3064 2775
f 2769 2771 2775
f 1669 2977 346
f 2973 2974 3065
f 3065 2974 2976
f 3062 2793 2792
f 2776 3066 2777
f 2782 2778 2777
f 2839 2835 2973
f 2782 3067 2783
f 3067 3068 2783
f 1677 1680 2605
f 1669 1677 2605
f 2976 1669 2605
f 3065 2976 2605
f 2973 3065 2605
f 3069 2605 1701
f 2839 2973 2605
f 2607 2839 2605
f 2840 2831 2835
f 3070 2789 2788
f 3071 3072 1672
f 347 3073 1672
f 3064 2774 3074
f 2789 3074 2774
f 346 3075 347
f 3001 3003 2952
f 2789 3070 3074
f 2776 2770 3066
f 3061 3066 2770
f 3076 2932 2934
f 324 3077 200
f 3078 200 3077
f 3079 3080 3081
f 1198 2732 2736
f 1676 1672 3072
f 1688 3082 324
f 3080 3079 3012
f 2860 2740 2746
f 337 200 3078
f 3083 3037 3084
f 3083 3084 3081
f 1208 2745 2733
f 1232 1235 2734
f 3085 3017 2734
f 2989 2719 3017
f 1701 1704 3069
f 3086 3069 1704
f 1728 3087 3088
f 2860 1870 2861
f 2856 2858 2861
f 3089 3090 3091
f 3092 2966 2965
f 2757 3093 2749
f 3094 2377 926
f 2984 3095 2737
f 3060 2980 2979
f 3096 3097 3053
f 3015 3000 3098
f 3009 3098 3000
f 3048 3099 3096
f 3047 3042 3044
f 3099 3048 3047
f 3097 3096 3099
f 3051 3053 3097
f 2737 3095 3019
f 3100 3101 3102
f 2751 3031 3103
f 2773 2751 3103
f 2773 3103 3104
f 3105 2545 3106
f 3107 3108 3109
f 3104 3110 2773
f 2755 2773 3110
f 2548 2547 2546
f 3102 3107 3111
f 3111 3100 3102
f 2876 3112 2877
f 3005 3007 3113
f 3040 2755 3110
f 3006 3114 2934
f 3115 2764 3040
f 3024 3102 3101
f 3116 3109 3108
f 3108 3117 3116
f 3112 3116 3117
f 2629 3118 2633
f 2633 3119 3057
f 3120 3030 3024
f 3121 3120 3024
f 3101 3121 3024
f 3109 3111 3107
f 2877 3112 3117
f 1277 2639 1278
f 2785 2793 3063
f 3051 3122 3123
f 3124 3125 3126
f 2745 1208 2630
f 3020 3012 3079
f 3025 3051 3123
f 3127 3128 3122
f 3128 3123 3122
f 3124 3128 3127
f 2978 2980 3011
f 2785 3063 2787
f 3129 3130 3131
f 3132 3129 3131
f 3133 3134 3135
f 3136 3137 3135
f 3138 3139 3140
f 3141 3142 3143
f 3144 3140 3139
f 3145 3144 3139
f 3146 3145 3139
f 3115 1092 2764
f 3038 3035 3032
f 1348 3147 3148
f 3149 3150 3138
f 3140 3149 3138
f 3141 3138 3150
f 3142 3141 3150
f 3151 3143 3142
f 3152 3143 3151
f 2736 2744 1091
f 2736 1091 1195
f 2736 1195 1198
f 3153 3154 3155
f 3156 3155 3154
f 3033 3046 3045
f 3157 3154 3158
f 3153 3158 3154
f 1202 2733 1198
f 2733 2732 1198
f 3046 2858 2857
f 3132 3159 3129
f 3155 3156 3094
f 3160 3094 3156
f 2733 1202 1208
f 3161 3162 3158
f 3139 3163 3146
f 3164 3146 3163
f 3165 3164 3163
f 3166 3165 3163
f 3163 3090 3166
f 3089 3166 3090
f 3159 3091 3090
f 3132 3091 3159
f 3085 2734 1235
f 3160 2377 3094
f 3167 3168 2869
f 3169 3170 3171
f 2757 3019 3093
f 2878 2871 2870
f 1063 1224 2750
f 3172 3173 3167
f 3174 2749 3093
f 3136 3135 3134
f 3173 3172 3175
f 2750 2749 1012
f 1063 2750 1012
f 3174 1012 2749
f 3137 3169 3135
f 3171 3135 3169
f 3133 3131 3130
f 2882 3176 2883
f 3177 3133 3130
f 3178 3133 3177
f 3134 3133 3178
f 2886 2883 3179
f 2899 2671 2674
f 3170 3180 3171
f 3180 3181 3171
f 3181 3182 3171
f 3182 3183 3171
f 3183 3184 3171
f 3185 3186 3184
f 3187 3186 3185
f 3188 3186 3187
f 3189 248 3188
f 3190 2898 2897
f 3191 3192 3193
f 2907 2902 3194
f 3194 2902 2901
f 3195 3196 3197
f 2744 2764 1092
f 1091 2744 1092
f 2965 3198 3199
f 3092 2965 3199
f 3200 3201 3202
f 3105 3106 3203
f 3179 3204 3198
f 3179 3198 2886
f 3205 2882 2908
f 3176 2882 3205
f 2882 2902 2908
f 3206 3202 3201
f 3197 3207 2896
f 2630 1179 2629
f 3118 2629 1179
f 1177 1179 2630
f 3204 3199 3198
f 3208 3206 3209
f 3191 3210 3192
f 3119 2633 3118
f 3211 3208 3209
f 3201 3209 3206
f 3212 3213 3214
f 3126 3213 3212
f 3211 3214 3208
f 3058 3060 2979
f 3127 3125 3124
f 3213 3126 3125
f 3208 3214 3213
f 2630 1208 1177
f 3215 2982 3059
f 2982 3060 3059
f 2792 3216 3062
f 3215 2983 2982
f 2951 2953 2983
f 3063 3217 2787
f 3218 3196 3195
f 3218 3200 3202
f 3196 3218 3202
f 3207 3197 3196
f 2894 2896 3207
f 3219 3220 3113
f 3221 3113 3220
f 3031 2753 3049
f 3217 3049 2787
f 3005 3113 3221
f 2784 1218 2794
f 1220 2794 1218
f 3222 3223 292
f 3223 151 176
f 2794 1220 1070
f 3076 2934 3114
f 2784 2754 1218
f 1224 1218 2754
f 348 128 150
f 3219 3003 3002
f 3219 3002 3220
f 2754 2750 1224
f 3006 3005 3114
f 2980 3012 3011
f 151 150 177
f 128 177 150
f 1674 121 348
f 177 176 151
f 176 292 3223
f 3222 175 3189
f 175 3222 292
f 174 3189 175
f 248 3189 174
f 3186 3188 248
f 3171 3184 3186
f 362 231 199
f 2719 747 2722
f 3224 362 206
f 3225 2799 2722
f 3083 3081 3080
f 201 206 362
f 3224 206 3226
f 233 119 1673
f 128 348 121
f 231 233 1675
f 323 199 231
f 362 199 201
f 121 1674 119
f 1674 1673 119
f 1673 1675 233
f 1675 323 231
f 3227 3173 3175
f 414 3228 413
f 3032 3034 3229
f 413 1074 422
f 422 906 417
f 906 422 1074
f 3032 3229 3038
f 3230 822 2816
f 430 2931 414
f 3231 3037 3036
f 3084 3037 3231
f 3228 414 2931
f 3175 2933 3041
f 2813 3232 2816
f 3233 3234 3148
f 3228 597 413
f 3034 3033 3045
f 3235 3236 2936
f 2808 2806 3237
f 582 381 571
f 571 381 559
f 581 381 582
f 532 3228 533
f 597 3228 532
f 3238 3239 3203
f 3240 3203 3239
f 476 413 597
f 3105 3203 3240
f 475 413 476
f 3228 381 533
f 3238 3192 3210
f 549 413 475
f 550 413 549
f 564 413 550
f 831 560 381
f 2963 2727 2954
f 381 888 831
f 2838 981 2798
f 3241 3242 3243
f 559 381 560
f 971 2796 2798
f 3193 3244 3191
f 3245 3244 3246
f 1074 413 564
f 906 905 417
f 3225 2722 727
f 919 921 888
f 581 533 381
f 3239 3238 3210
f 1348 3148 1996
f 2821 2797 3247
f 3248 3247 2797
f 3249 3250 3246
f 832 831 888
f 3251 3252 3253
f 3254 3249 3243
f 921 832 888
f 926 919 888
f 3252 3255 3253
f 1873 1872 905
f 2547 2920 3256
f 2815 3257 2812
f 3258 3259 3161
f 3260 3161 3259
f 3260 3162 3161
f 3157 3158 3162
f 1395 1399 1369
f 1355 1369 1399
f 1383 1395 1375
f 1379 1383 1375
f 1369 1375 1395
f 1399 1402 1355
f 1353 1355 1402
f 1402 1457 1353
f 3259 3258 3261
f 3262 3263 2812
f 3233 3148 3147
f 3256 3148 3234
f 1422 1453 1472
f 1457 1431 1353
f 1411 1353 1431
f 1411 1431 1430
f 1441 1411 1430
f 1444 1448 1484
f 3264 2808 3237
f 1411 1444 1484
f 1441 1444 1411
f 1448 1423 1484
f 1423 1422 1484
f 1472 1484 1422
f 927 926 2377
f 3264 3265 2808
f 3256 3234 3266
f 3267 3256 3268
f 3266 3268 3256
f 3267 3268 3269
f 3267 3269 3270
f 2226 2225 1348
f 2225 2229 1348
f 2229 2233 1348
f 2233 1873 1348
f 905 1348 1873
f 1872 418 905
f 418 417 905
f 3271 3272 3267
f 1981 1985 1453
f 439 1981 1453
f 1453 2931 439
f 3105 3273 2545
f 1985 1986 1453
f 3273 2546 2545
f 1986 2269 1453
f 3274 2821 3247
f 2295 1453 2269
f 3274 3275 2821
f 2523 2356 1453
f 2819 3276 2817
f 3276 3277 2817
f 3277 3257 2815
f 2863 2490 2900
f 2900 2354 2307
f 2307 2356 2523
f 2295 2523 1453
f 2446 2445 1453
f 1453 2287 2274
f 1453 2274 2276
f 1472 1453 1478
f 2276 1478 1453
f 1474 1477 2809
f 3254 3243 3242
f 3278 3242 3241
f 2455 1994 3148
f 1994 1996 3148
f 1996 2226 1348
f 3193 3246 3244
f 2458 3256 2920
f 1474 2809 2822
f 2452 2437 2461
f 3279 3272 3271
f 3280 3232 2813
f 2508 2863 2532
f 2285 2532 2863
f 3249 3281 3250
f 3245 3246 3250
f 2462 2461 2437
f 2461 2947 2452
f 2393 2944 2512
f 2453 2452 2947
f 2458 2455 3256
f 3148 3256 2455
f 3254 3281 3249
f 2820 2818 978
f 2824 2808 3265
f 2390 2417 2512
f 2417 2955 2512
f 2955 2394 2512
f 2927 2462 2512
f 2944 2927 2512
f 2437 2512 2462
f 2394 2393 2512
f 2824 3265 2823
f 2356 2307 2354
f 2446 1453 2356
f 2354 2900 2490
f 2508 2490 2863
f 978 2818 2814
f 3282 3261 3283
f 3261 3284 3283
f 2400 2380 2410
f 2380 2379 2410
f 2512 2410 2390
f 3259 3261 3282
f 2287 1453 2445
f 2456 2916 3285
f 788 2801 956
f 2800 956 2801
f 2379 2390 2410
f 2547 2453 2920
f 2456 3286 2717
f 2801 788 790
f 2801 790 2954
f 2456 3285 3286
f 2545 2547 3256
f 2796 971 970
f 3155 3094 3287
f 888 3287 3094
f 926 888 3094
f 2800 2796 956
f 970 956 2796
f 2920 3288 2457
f 2920 2468 3288
f 2947 2468 2920
f 3106 2545 3267
f 3256 3267 2545
f 3286 3289 2766
f 3286 2766 2717
f 2799 3225 3290
f 3267 3272 3106
f 2797 2799 3248
f 3290 3248 2799
f 3289 2635 2634
f 3289 2634 2766
f 2819 2821 3275
f 3106 3272 3279
f 3106 3279 3251
f 3106 3251 3253
f 3255 3203 3253
f 3241 3203 3255
f 3243 3203 3241
f 3249 3203 3243
f 3246 3238 3249
f 3193 3192 3246
f 3238 3246 3192
f 3238 3203 3249
f 3106 3253 3203
f 2947 2920 2453
f 3275 3276 2819
f 3161 3287 3258
f 3158 3287 3161
f 2815 2817 3277
f 3262 2812 3257
f 3291 3292 3293
f 2822 824 1474
f 3294 3292 3295
f 3293 3292 3294
f 2813 2812 3263
f 3280 2813 3263
f 3296 3297 3298
f 2822 2816 822
f 824 2822 822
f 2781 2533 2627
f 3299 3300 3291
f 3301 3300 3299
f 3302 3300 3301
f 3230 2816 3303
f 3303 2816 3232
f 3304 3296 3298
f 3297 3305 3298
f 2970 2491 2791
f 3292 3291 3300
f 3305 3152 3298
f 3298 3300 3302
f 3302 3304 3298
f 3151 3298 3152
f 2969 2491 2970
f 2820 978 1080
f 3306 3307 3308
f 3309 3308 3307
f 3310 3311 3312
f 3313 3310 3314
f 3312 3314 3310
f 3265 3315 2823
f 2814 2823 1045
f 972 979 1045
f 2814 1045 979
f 3315 1045 2823
f 3316 3306 3317
f 3308 3317 3306
f 3317 3313 3316
f 3314 3316 3313
f 2416 2491 2969
f 979 978 2814
f 3318 3314 3312
f 3319 3320 3321
f 2838 2820 981
f 1080 981 2820
f 3292 3322 3295
f 3322 3323 3324
f 971 2798 981
f 3318 3325 3314
f 3324 3295 3322
f 2996 2451 3326
f 3327 3328 2842
f 3329 3330 3331
f 2435 3326 2436
f 3309 3307 3330
f 3332 3331 3330
f 2451 2450 3326
f 2450 3013 3326
f 3013 2548 3326
f 3323 3321 3320
f 3320 3324 3323
f 3333 3334 3335
f 3334 3319 3321
f 3321 3335 3334
f 3336 3337 3338
f 3339 3336 3338
f 2548 2546 3326
f 3340 3341 3302
f 3304 3302 3341
f 3335 3338 3333
f 3337 3333 3338
f 3342 3336 3339
f 2546 3273 3326
f 3343 3344 3295
f 3345 3346 3347
f 3348 3347 3346
f 3349 3346 3345
f 3350 3348 3346
f 2988 3326 2510
f 2436 3326 2988
f 3351 3296 3341
f 3304 3341 3296
f 2449 2448 3326
f 3352 3350 3346
f 3353 3354 3355
f 3356 3352 3346
f 2510 3326 2448
f 3339 3355 3354
f 3342 3339 3354
f 3357 3353 3355
f 3358 3359 3360
f 3360 3361 3358
f 3361 3362 3363
f 3363 3358 3361
f 2415 2491 2416
f 3355 3346 3357
f 3349 3357 3346
f 3292 3300 3364
f 3297 3296 3351
f 2491 2389 2492
f 2384 2492 2389
f 2534 2780 2491
f 3365 3366 3367
f 2381 2355 2384
f 3368 3369 3367
f 3370 3369 3368
f 3369 3365 3367
f 3306 3367 3366
f 3306 3366 3307
f 3332 3330 3307
f 3371 3372 3373
f 3374 3375 3371
f 2875 2877 1933
f 3376 3377 3378
f 2492 2384 2355
f 2382 2447 2381
f 2355 2381 2447
f 3379 3300 3298
f 2533 2781 2534
f 3380 3381 3378
f 3377 3380 3378
f 3382 3378 3381
f 3383 3378 3384
f 3385 3378 3383
f 3386 3378 3385
f 3387 3374 3386
f 3375 3374 3387
f 3372 3371 3375
f 3388 3373 3372
f 3378 3386 3374
f 3382 3384 3378
f 3362 3389 3363
f 2382 2399 2444
f 2399 2409 2448
f 2903 3326 2730
f 2408 2511 2448
f 3331 3390 3329
f 3359 3329 3390
f 3360 3359 3390
f 2408 2448 2409
f 3391 3392 3393
f 3394 3395 2855
f 2511 2510 2448
f 2444 2447 2382
f 3389 3396 3392
f 3396 3393 3392
f 3397 3301 3299
f 2448 2444 2399
f 2843 3398 2855
f 3392 3363 3389
f 3399 3391 3393
f 2027 1485 2528
f 3291 3397 3299
f 3400 3401 1868
f 1868 3402 3400
f 3401 3403 1868
f 1867 1868 3403
f 2431 1867 3403
f 3404 3405 3406
f 3407 3408 3406
f 2848 2847 1192
f 3409 1192 2847
f 1752 2377 3410
f 3160 3156 3410
f 3411 3412 3162
f 3162 3260 3411
f 3147 3410 3154
f 3233 3154 3234
f 3147 3154 3233
f 3413 3414 3415
f 3416 3415 3414
f 3301 3417 3302
f 3418 3322 3292
f 2846 2849 1083
f 3416 3414 3419
f 3420 3419 3414
f 3160 3410 2377
f 3156 3154 3410
f 2585 3421 2120
f 2120 3421 3422
f 3414 3224 3420
f 3226 3420 3224
f 2845 3423 2847
f 1194 1269 2848
f 3424 3425 3426
f 3269 3427 3270
f 3428 3429 3430
f 3431 3430 3429
f 3432 3433 3346
f 3434 3432 3346
f 3433 3356 3346
f 3414 3413 3435
f 3346 3414 3436
f 3437 3438 3154
f 3429 3428 3439
f 3268 3266 3427
f 3268 3427 3269
f 3436 3440 3346
f 3440 3434 3346
f 3435 3441 3414
f 3441 3436 3414
f 3430 3431 3442
f 3438 3443 3154
f 2854 3444 2853
f 3442 3445 3446
f 3446 3447 3448
f 3446 3448 3449
f 3450 3451 3452
f 3154 3157 3412
f 3412 3437 3154
f 3266 3154 3443
f 3427 3266 3443
f 3234 3154 3266
f 3327 2842 2846
f 3453 3454 3455
f 3456 3457 3453
f 3458 3459 3456
f 2854 2855 3395
f 3460 3461 3458
f 3462 3424 3426
f 3462 3426 3422
f 3394 2855 3398
f 3463 3464 3465
f 3466 3467 3468
f 3466 3468 3469
f 3450 3452 3278
f 3469 3470 3466
f 3471 3466 3470
f 3472 3471 3470
f 3472 3470 3473
f 3242 3278 3452
f 3474 3475 3476
f 3475 3477 3476
f 3478 3476 3477
f 3478 3477 3455
f 3478 3455 3454
f 3473 3479 3472
f 3480 3481 3482
f 2851 1135 2849
f 3254 3242 3452
f 3483 3484 3485
f 3482 3486 3487
f 3105 3240 3326
f 3240 3239 3326
f 3409 2847 3423
f 3488 3468 3467
f 3273 3105 3326
f 2850 2848 1269
f 3465 3464 3489
f 3490 3489 3464
f 3239 3210 3326
f 1532 1135 2852
f 3491 3492 3493
f 3210 3191 3326
f 3462 3422 3421
f 3494 3492 3495
f 3493 3492 3496
f 3497 3463 3498
f 3499 3498 3463
f 2435 2996 3326
f 3500 3391 3399
f 3501 3460 3500
f 3461 3460 3501
f 3498 3499 3425
f 3499 3426 3425
f 3502 3503 2876
f 3452 3504 3245
f 3505 3458 3461
f 3459 3458 3505
f 3457 3456 3459
f 3391 3500 3460
f 3496 3454 3457
f 1292 2867 2872
f 3281 3452 3250
f 3112 2876 3506
f 3491 3507 3492
f 3495 3508 3494
f 3492 3454 3496
f 3453 3457 3454
f 2874 3509 2876
f 3510 3326 3191
f 3439 3511 3429
f 1292 2874 2867
f 3512 3452 3513
f 3281 3254 3452
f 3431 3445 3442
f 3078 3514 3515
f 3447 3446 3445
f 1937 1511 2865
f 2866 2865 1511
f 3244 3516 3191
f 3245 3250 3452
f 3439 3517 3511
f 3518 3511 3517
f 1937 2865 2875
f 1676 3519 1688
f 3075 3073 347
f 3075 346 2977
f 3071 1672 3073
f 3519 1676 3072
f 3082 1688 3519
f 3077 324 3082
f 2866 1511 1529
f 2866 1529 2868
f 3077 3514 3078
f 3479 3518 3517
f 1531 2873 1529
f 2868 1529 2873
f 3157 3162 3412
f 3451 3513 3452
f 3497 3464 3463
f 3520 3072 3071
f 2873 1531 2852
f 3075 2977 2834
f 2977 2975 2834
f 3073 3075 2834
f 2834 3520 3071
f 3071 3073 2834
f 3082 3519 3520
f 3519 3072 3520
f 3514 3077 3520
f 3082 3520 3077
f 3521 2843 3328
f 2843 2842 3328
f 2834 2786 3522
f 2826 3522 2786
f 3517 3472 3479
f 3522 3523 2834
f 3524 2853 3444
f 3525 3526 2834
f 3527 3528 3529
f 3530 3531 3528
f 3528 3532 3530
f 1194 2848 1192
f 1073 1732 3533
f 3534 1073 3533
f 3486 3535 3487
f 3512 3259 3536
f 3512 3513 3259
f 3537 3538 2834
f 3523 3537 2834
f 2846 1083 3327
f 3260 3259 3513
f 3513 3411 3260
f 3488 3487 3539
f 3535 3539 3487
f 3526 3540 2834
f 3444 2854 3395
f 3540 3541 2834
f 3283 3536 3282
f 3488 3539 3468
f 3541 3530 2834
f 3532 2834 3530
f 3542 3543 2853
f 3544 2844 3543
f 2844 2853 3543
f 3524 3542 2853
f 3545 3527 3533
f 2528 2730 3326
f 2903 2449 3326
f 3521 3398 2843
f 3244 3245 3504
f 1732 3545 3533
f 3449 3546 3547
f 3548 2825 2786
f 3549 3550 2970
f 3259 3282 3536
f 3551 2393 2392
f 3552 3553 3554
f 3555 3553 3552
f 2392 2955 3550
f 3536 3283 3555
f 2825 3548 3534
f 3534 3533 2825
f 3529 3523 3533
f 3531 3538 3529
f 3530 3526 3531
f 3541 3540 3530
f 3540 3526 3530
f 3526 3525 3531
f 3525 3538 3531
f 3538 3537 3529
f 3537 3523 3529
f 3522 3533 3523
f 2826 3533 3522
f 2825 3533 2826
f 2943 2393 3551
f 3534 3556 1073
f 3556 3557 1073
f 3558 904 3557
f 2955 2970 3550
f 3559 3560 1347
f 3561 3244 3562
f 3563 3244 3561
f 3564 3562 3244
f 3565 3244 3563
f 3566 3244 3565
f 3516 3244 3566
f 3567 3191 3516
f 3504 3564 3244
f 3568 3547 3569
f 3510 3191 3567
f 3557 3556 3548
f 3558 3557 3548
f 3556 3534 3548
f 3559 3558 3548
f 3548 3570 3559
f 3571 3572 3520
f 3573 3574 3514
f 3574 3575 3514
f 3576 3577 3578
f 3579 3576 3578
f 3580 3578 3577
f 3577 3581 3580
f 3582 3580 3581
f 3554 3582 3581
f 3514 3520 3573
f 3572 3573 3520
f 2781 2627 3583
f 2627 2628 3583
f 2834 3584 3520
f 3571 3520 3585
f 2763 3056 3586
f 3587 3588 3589
f 3590 3586 3591
f 3529 3533 3527
f 3531 3529 3528
f 2781 3583 2780
f 2780 3583 3592
f 3593 3594 3595
f 3538 3525 2834
f 3584 2834 3596
f 3532 3596 2834
f 3592 3597 2780
f 3598 3520 3584
f 3351 3599 3297
f 3585 3520 3598
f 2791 2780 3597
f 3297 3599 3305
f 3571 3585 3532
f 3532 3528 3571
f 3596 3532 3585
f 3572 3571 3528
f 3598 3584 3585
f 3584 3596 3585
f 3528 3527 3572
f 3527 3545 3572
f 3573 3572 3545
f 3545 1732 3573
f 3574 3573 1732
f 1732 1738 3574
f 3575 3574 1738
f 3600 3601 3514
f 3602 3603 3305
f 3575 3604 3514
f 3605 3600 3604
f 3600 3514 3604
f 3604 3606 3605
f 3607 3605 3606
f 406 421 390
f 3606 3608 3607
f 3325 3318 3609
f 3379 3610 3611
f 3330 3329 3612
f 3330 3613 3614
f 3330 3614 3309
f 3308 3309 3615
f 3614 3615 3309
f 3313 3616 3310
f 1073 3557 904
f 3558 3559 904
f 2791 3549 2970
f 3617 3618 3310
f 2791 3597 3549
f 3619 3620 3621
f 3622 3313 3317
f 1738 1748 3604
f 3606 3604 1748
f 3575 1738 3604
f 1748 3623 3606
f 3608 3606 3623
f 3607 3624 3605
f 3615 3625 3308
f 3621 3620 3364
f 3626 3627 1756
f 3628 3626 1756
f 1753 1756 3627
f 3306 3316 3589
f 3325 3589 3316
f 2811 2803 3629
f 3630 2811 3629
f 3629 3627 3630
f 2802 2795 2803
f 2795 3629 2803
f 3631 3630 3627
f 3632 3631 3627
f 3627 3626 3632
f 3633 3632 3626
f 3626 3628 3633
f 2528 3634 2520
f 2027 2528 2520
f 1347 3635 1348
f 3636 3637 3633
f 3316 3314 3325
f 3638 3147 3635
f 3418 3621 3639
f 3418 3640 3621
f 3630 3631 1645
f 3631 3632 1645
f 1645 3632 3633
f 3623 1752 3410
f 3623 3410 3641
f 3640 3619 3621
f 1645 1639 3630
f 1348 3635 3147
f 3300 3379 3611
f 1639 1638 3630
f 3410 3147 3638
f 3410 3638 3641
f 3611 3364 3300
f 1553 1760 2795
f 3629 2795 1760
f 1752 3623 1748
f 1616 1601 2803
f 2811 3630 1638
f 3267 3270 3642
f 3294 3643 3293
f 3627 3629 1753
f 1760 1753 3629
f 1550 1553 2795
f 1577 1574 2802
f 3267 3642 3271
f 3351 3644 3599
f 3644 3645 3599
f 3343 3644 3351
f 3343 3351 3341
f 3340 3344 3341
f 3417 3344 3340
f 3646 3344 3417
f 3343 3341 3344
f 3647 3279 3271
f 3270 3648 3642
f 3628 3649 3636
f 3650 3651 3649
f 3636 3633 3628
f 3652 3650 3649
f 3649 3653 3652
f 3654 3652 3653
f 3655 3654 3653
f 3655 3653 3656
f 3657 3658 3656
f 1756 1767 3628
f 3649 3628 1767
f 3294 3295 3344
f 3270 3427 3659
f 3653 3649 1767
f 1767 1769 3653
f 3651 3636 3649
f 3648 3270 3659
f 3412 3411 3660
f 3661 3364 3662
f 3621 3364 3661
f 3650 3652 3637
f 3652 3654 3637
f 3437 3412 3660
f 3364 3611 3662
f 3651 3637 3636
f 1645 3633 3637
f 3651 3650 3637
f 3291 3663 3397
f 3437 3660 3664
f 3665 3639 3616
f 3616 3639 3617
f 3443 3659 3427
f 3666 3667 1775
f 3667 3668 1775
f 1780 1775 3668
f 3659 3443 3669
f 3617 3639 3618
f 3340 3302 3417
f 3664 3670 3437
f 3438 3437 3670
f 3418 3639 3322
f 3668 3667 3671
f 3671 3672 3668
f 3668 3672 3673
f 3674 3671 3667
f 3666 3674 3667
f 3673 3672 3675
f 3676 3674 3666
f 3675 3672 3677
f 3678 3677 3658
f 3679 3672 3671
f 3438 3670 3443
f 3669 3443 3670
f 3418 3292 3640
f 3279 3647 3680
f 3279 3680 3251
f 3621 3618 3639
f 3639 3665 3681
f 3681 3682 3639
f 3639 3625 3615
f 3639 3615 3614
f 3639 3614 3613
f 3639 3613 3612
f 3619 3640 3292
f 3625 3639 3682
f 3255 3683 3241
f 1769 1772 3678
f 3675 3677 1772
f 3305 3599 3602
f 3684 3685 3278
f 3684 3278 3241
f 3676 3666 1778
f 1775 1778 3666
f 3674 3676 2028
f 3620 3619 3292
f 3671 3674 2028
f 3679 3671 2028
f 3656 3653 1769
f 3686 3152 3603
f 3305 3603 3152
f 3687 3662 3611
f 3251 3680 3252
f 3668 3673 1780
f 3673 3675 1780
f 1772 1780 3675
f 3677 3678 1772
f 3678 3657 1769
f 3657 3656 1769
f 3364 3620 3292
f 3688 3687 3611
f 3689 3690 3611
f 3688 3611 3690
f 2025 3676 2033
f 2028 3676 2025
f 2033 3676 2029
f 1778 2029 3676
f 3691 3609 3318
f 3318 3692 3691
f 3684 3241 3683
f 2152 2166 3637
f 1645 3637 2035
f 2036 2035 3637
f 3611 3691 3692
f 3692 3689 3611
f 2172 2810 1634
f 3693 3616 3313
f 3617 3310 3616
f 2152 3637 2151
f 3618 3661 3310
f 3311 3310 3661
f 3662 3311 3661
f 3313 3622 3693
f 2181 2151 3637
f 3255 3252 3683
f 3694 3695 3696
f 2172 2289 2810
f 3662 3687 3311
f 3687 3688 3311
f 3690 3312 3688
f 3697 3694 3696
f 3411 3698 3660
f 2036 3637 2166
f 3695 3699 3700
f 3701 3595 3697
f 3700 3696 3695
f 3696 3701 3697
f 3637 3655 2181
f 3594 3697 3595
f 3682 3317 3625
f 3308 3625 3317
f 2186 2181 3655
f 3685 3450 3278
f 3588 3702 3703
f 2205 3704 2311
f 2311 3704 2208
f 3450 3685 3705
f 3312 3692 3318
f 3706 3707 3708
f 3311 3688 3312
f 3689 3312 3690
f 3312 3689 3692
f 2308 2186 3709
f 3655 3709 2186
f 2308 3710 2205
f 3451 3450 3711
f 2289 2218 2810
f 3450 3705 3711
f 3712 3713 3714
f 3714 3715 3712
f 3715 3716 3712
f 1822 3712 3716
f 3717 3700 3699
f 3718 3707 3699
f 3719 3708 3707
f 3720 3706 3708
f 2237 3704 2323
f 2235 3704 2237
f 2231 3704 2235
f 2228 3704 2231
f 2208 3704 2228
f 2323 3704 2254
f 3721 3722 2262
f 2254 3721 2262
f 3711 3723 3451
f 3513 3451 3723
f 3718 3719 3707
f 2319 2519 2218
f 2262 2519 2319
f 2519 2518 2218
f 3343 3295 3324
f 3724 3700 3725
f 3657 3678 3658
f 3709 3656 3658
f 3723 3698 3411
f 3723 3411 3513
f 3655 3656 3709
f 3726 3727 3333
f 3702 3728 3729
f 3729 3703 3702
f 3703 3589 3588
f 3589 3325 3587
f 3730 3672 2308
f 2810 2218 2518
f 3709 3658 2308
f 3658 3730 2308
f 3637 3654 3655
f 3512 3536 3731
f 3512 3731 3732
f 3452 3512 3732
f 3452 3732 3733
f 3595 3729 3728
f 1628 1627 2786
f 3734 3612 3329
f 2528 3326 3634
f 3735 3736 2810
f 3736 3737 2810
f 3359 3738 3329
f 3735 2810 2516
f 2518 2516 2810
f 3554 3739 3740
f 3555 3552 3741
f 3555 3741 3742
f 2516 2519 3735
f 3609 3587 3325
f 3555 3742 3536
f 3742 3731 3536
f 3741 3552 3554
f 3741 3554 3740
f 3717 3743 3700
f 3721 3704 3744
f 3744 3745 3721
f 3722 3721 3745
f 3745 3746 3722
f 2519 3722 3746
f 3735 2519 3746
f 3747 3744 3704
f 3704 3710 3747
f 3748 3747 3710
f 3563 3749 3750
f 3563 3750 3565
f 3750 3751 3566
f 3750 3566 3565
f 2028 3752 3679
f 3751 3753 3516
f 3751 3516 3566
f 3710 3754 3748
f 3753 3755 3567
f 3753 3567 3516
f 3756 3757 3700
f 3758 3756 3700
f 3759 3758 3700
f 3724 3696 3700
f 3728 3593 3595
f 3752 3748 3754
f 3755 3760 3510
f 3755 3510 3567
f 3754 3672 3752
f 3326 3510 3760
f 3326 3760 3634
f 3730 3677 3672
f 3658 3677 3730
f 3504 3452 3761
f 3733 3761 3452
f 3679 3752 3672
f 3504 3761 3762
f 3504 3762 3564
f 3762 3763 3562
f 3762 3562 3564
f 3754 2308 3672
f 3710 2308 3754
f 3704 2205 3710
f 3721 2254 3704
f 2519 2262 3722
f 3763 3764 3561
f 3763 3561 3562
f 3752 2028 3748
f 3764 3749 3563
f 3764 3563 3561
f 3744 3747 2028
f 3747 3748 2028
f 3765 3766 3767
f 3765 3767 3768
f 2028 2520 3744
f 3767 3769 3770
f 3767 3770 3768
f 3746 3745 2520
f 3745 3744 2520
f 3771 3577 3576
f 3771 3576 3772
f 3736 3735 2520
f 3735 3746 2520
f 3739 3581 3577
f 3739 3577 3771
f 3554 3581 3739
f 3560 3773 3635
f 3635 1347 3560
f 3774 3770 3769
f 3775 3706 3776
f 3777 3570 2810
f 2786 2810 3548
f 3778 3579 3766
f 3778 3766 3765
f 3576 3579 3778
f 3576 3778 3772
f 3777 2810 3779
f 3570 3548 2810
f 3610 1337 1611
f 1336 1611 1337
f 1611 3780 3691
f 1611 3691 3610
f 3781 3638 3782
f 3780 3783 3609
f 3780 3609 3691
f 3784 3785 3786
f 3783 3787 3587
f 3783 3587 3609
f 3787 3788 3587
f 3363 3392 3789
f 3782 3773 3779
f 3790 3782 3779
f 3777 3779 3773
f 3773 3560 3777
f 3570 3777 3560
f 3560 3559 3570
f 2521 3791 3736
f 3791 3792 3736
f 3301 3397 3793
f 3794 3355 3339
f 3794 3795 3355
f 1869 3796 1868
f 3796 3797 1868
f 3736 3798 3799
f 3736 3799 3800
f 3736 3800 3801
f 3736 3801 3802
f 3736 3802 3803
f 3736 3803 3804
f 3736 3804 2587
f 3736 2587 2524
f 3736 2524 2522
f 2522 2521 3736
f 3301 3793 3417
f 3805 3417 3793
f 3319 3334 3727
f 3720 3806 3706
f 3802 2628 3803
f 3726 3333 3337
f 3803 2626 3804
f 2587 3286 2588
f 3324 3644 3343
f 3807 3646 3805
f 3417 3805 3646
f 3707 3808 3699
f 3717 3699 3808
f 3792 3737 3736
f 3790 2810 3737
f 3779 2810 3790
f 3320 3645 3324
f 3809 3293 3643
f 3759 3700 3743
f 3334 3333 3727
f 3809 3663 3293
f 3791 3782 3792
f 3737 3792 3782
f 2521 3782 3791
f 2597 3782 2521
f 2590 3782 2597
f 3790 3737 3782
f 3323 3810 3811
f 3323 3811 3321
f 3812 3643 3344
f 3294 3344 3643
f 3811 3335 3321
f 2588 3285 2590
f 3804 3286 2587
f 3798 3813 3799
f 3813 3814 3799
f 3291 3293 3663
f 3639 3810 3322
f 3810 3323 3322
f 3335 3815 3338
f 3344 3646 3812
f 3807 3812 3646
f 2943 3816 2928
f 3816 3817 2929
f 3757 3818 3700
f 3819 3616 3693
f 3738 3359 3820
f 3358 3820 3359
f 3821 3661 3618
f 3821 3618 3822
f 2625 3804 2626
f 2626 3803 2628
f 3613 3330 3612
f 3734 3329 3738
f 3317 3682 3622
f 3818 3823 3824
f 3824 3700 3818
f 3823 3825 3824
f 3826 3827 3825
f 3828 3826 3825
f 3829 3828 3825
f 3825 3830 3829
f 3831 3832 2460
f 3773 3782 3638
f 3827 3824 3825
f 3661 3821 3833
f 3661 3833 3621
f 3834 3835 2457
f 3285 3781 3782
f 3836 3837 3342
f 3336 3342 3837
f 3616 3819 3838
f 3616 3838 3665
f 3839 3840 3841
f 3842 3843 3830
f 3844 3845 3846
f 3840 3846 3845
f 3837 3337 3336
f 2457 3288 3834
f 3847 3781 3285
f 3621 3833 3822
f 3621 3822 3618
f 3285 2916 3847
f 3354 3353 3848
f 3665 3838 3849
f 3665 3849 3681
f 3836 3342 3354
f 3850 3622 3682
f 2468 2460 3832
f 2468 3851 3288
f 3339 3338 3852
f 3682 3681 3850
f 3849 3850 3681
f 3788 3588 3587
f 3845 3841 3840
f 3549 3597 3800
f 2632 3804 2625
f 2632 2635 3804
f 3289 3804 2635
f 3286 3804 3289
f 3285 2588 3286
f 3782 2590 3285
f 3788 3853 3702
f 3788 3702 3588
f 3734 3810 3612
f 3639 3612 3810
f 3347 3854 3345
f 3853 3855 3728
f 3853 3728 3702
f 3593 3728 3856
f 3855 3856 3728
f 3857 3858 3345
f 3817 3859 2929
f 3859 3860 2929
f 2929 2928 3816
f 3816 2943 3551
f 3816 3551 2392
f 3816 2392 3550
f 3816 3550 3549
f 3816 3549 3861
f 3816 3861 3814
f 3816 3814 3813
f 3816 3813 3862
f 3816 3862 3863
f 3856 3864 3594
f 3856 3594 3593
f 3864 3865 3697
f 3864 3697 3594
f 3815 3820 3866
f 3831 2460 3860
f 3697 3865 3867
f 3697 3867 3694
f 3694 3867 3868
f 3694 3868 3695
f 2460 2929 3860
f 3869 3870 3288
f 3834 3288 3870
f 3870 3871 3834
f 3872 3873 3718
f 3872 3718 3699
f 3718 3873 3874
f 3718 3874 3719
f 3852 3866 3820
f 3811 3810 3734
f 3734 3738 3811
f 3815 3811 3738
f 3820 3815 3738
f 3719 3874 3875
f 3719 3875 3708
f 3708 3875 3876
f 3708 3876 3720
f 3877 3878 3407
f 3876 3879 3806
f 3876 3806 3720
f 3879 3880 3776
f 3879 3776 3806
f 3353 3357 3848
f 3880 3881 3882
f 3880 3882 3776
f 3883 3494 3508
f 3884 3726 893
f 3603 3602 3645
f 3602 3599 3645
f 3885 3727 3886
f 3884 3886 3727
f 3726 3884 3727
f 3887 893 3726
f 3881 3888 3714
f 3881 3714 3882
f 3888 3889 3715
f 3888 3715 3714
f 3404 3406 3408
f 3408 3407 3878
f 3890 3508 3877
f 3891 3892 3893
f 3868 3872 3699
f 3868 3699 3695
f 3725 3894 3895
f 3507 3495 3492
f 3895 3896 3824
f 3894 3725 3700
f 3894 3700 3897
f 3898 3899 3352
f 3824 3896 3897
f 3824 3897 3700
f 3900 3901 780
f 3357 3902 3848
f 3903 3904 1216
f 3857 3345 3854
f 3905 3854 3347
f 3906 3907 3908
f 3909 3910 893
f 3348 3911 3347
f 3912 3913 3914
f 3915 780 3916
f 3916 780 3917
f 3917 780 3901
f 1494 1216 3904
f 1507 1494 3904
f 1533 1507 3904
f 3918 3919 3920
f 3918 3920 3921
f 3350 3899 3348
f 3920 3919 3922
f 3920 3922 3923
f 3924 1533 3904
f 3925 1571 3924
f 3900 780 3926
f 3927 1571 3925
f 3905 3347 3911
f 3858 893 3928
f 3923 3922 3929
f 3923 3929 3930
f 3928 3931 3349
f 3433 3910 3356
f 3908 3907 3929
f 3930 3929 3907
f 3902 3931 893
f 3931 3928 893
f 3857 893 3858
f 3854 893 3857
f 3932 3913 3912
f 3932 3912 3933
f 3932 3933 3918
f 3932 3918 3921
f 3883 3508 3890
f 3878 3877 3508
f 3934 3935 3891
f 3890 3891 3935
f 3935 3883 3890
f 3898 3909 893
f 3887 3837 893
f 3898 893 3899
f 3843 3936 3937
f 3938 780 3915
f 3939 781 3938
f 3940 786 3939
f 3339 3941 3794
f 3905 893 3854
f 3848 3902 893
f 3836 893 3837
f 3942 893 3836
f 3346 3355 3795
f 3866 3852 3338
f 3911 893 3905
f 3942 3848 893
f 893 3943 3899
f 1205 1636 3944
f 3945 1205 3944
f 3946 3944 1636
f 3947 1205 3945
f 3948 3949 1206
f 3949 3950 1206
f 3485 3951 3950
f 3948 1205 3947
f 3952 3903 1502
f 3953 3946 1636
f 3319 3727 3885
f 3943 893 3911
f 3153 3155 3287
f 3716 3715 3954
f 3889 3954 3715
f 3726 3337 3887
f 3941 3852 3955
f 3820 3955 3852
f 3794 3941 3955
f 3795 3794 3789
f 3956 3795 3789
f 3954 3957 3958
f 3954 3958 3716
f 3957 3959 3960
f 3957 3960 3958
f 3961 3962 3963
f 3955 3789 3794
f 3964 3965 3966
f 3964 3966 3967
f 3320 3319 3885
f 3320 3885 3645
f 3968 3962 3961
f 3966 3965 3969
f 3966 3969 3970
f 3644 3324 3645
f 3971 3962 3968
f 3963 3962 3972
f 3970 3969 3973
f 3970 3973 3974
f 3959 3964 3967
f 3959 3967 3960
f 3975 3976 3977
f 3978 3979 3976
f 3980 3981 1142
f 3980 1142 3982
f 3983 3984 3971
f 3985 3986 3981
f 3985 3981 3980
f 3335 3811 3815
f 3987 3984 3983
f 3977 3984 3987
f 3988 3976 3979
f 3978 3976 3975
f 3973 3989 3990
f 3973 3990 3974
f 3866 3338 3815
f 3991 3992 3986
f 3991 3986 3985
f 3930 3993 3923
f 3984 3977 3976
f 3990 3989 3994
f 3990 3994 3995
f 3358 3955 3820
f 3995 3994 3996
f 3995 3996 3997
f 3997 3996 3992
f 3997 3992 3991
f 2525 3998 3999
f 2525 3999 2469
f 4000 3993 3907
f 1206 3950 3951
f 2469 3999 2470
f 4001 2470 3999
f 1205 3948 1206
f 3976 3988 1636
f 4002 4003 2477
f 4002 2477 2476
f 3350 3352 3899
f 2572 4004 4002
f 2572 4002 2476
f 4005 3952 1502
f 2477 4003 4004
f 2477 4004 2572
f 3920 3923 3843
f 1500 3951 3485
f 3998 2470 4001
f 3998 2525 2470
f 4006 4007 3843
f 4007 3913 3843
f 3932 3843 3913
f 3485 3484 1500
f 3337 3837 3887
f 1533 3924 4008
f 1215 1527 3903
f 1527 1502 3903
f 1502 1500 4005
f 3484 4005 1500
f 4009 4010 4011
f 4009 4011 4012
f 3926 780 3927
f 4008 3924 1571
f 1216 1215 3903
f 2473 2506 2647
f 2474 2473 2647
f 4013 4014 4015
f 1571 3927 780
f 780 3938 781
f 2567 4016 2480
f 786 4017 1257
f 4017 4018 1257
f 4019 4020 4021
f 781 3939 786
f 4017 786 3940
f 2480 4016 4010
f 2480 4010 4009
f 4022 4023 4024
f 4025 3953 1636
f 4025 1636 3988
f 4022 4026 4023
f 4027 4028 1343
f 4027 1343 4029
f 1295 1372 1315
f 1372 1610 1315
f 1360 1295 1315
f 1610 1618 1315
f 1618 1591 1315
f 1591 1593 1315
f 1318 1315 1593
f 1593 1598 1318
f 1386 1318 1598
f 1299 1386 1598
f 1598 1413 1299
f 4018 4030 4031
f 4032 4031 4030
f 2644 2640 2643
f 4031 4032 4033
f 1343 1341 4034
f 1343 4034 4029
f 1470 1468 1686
f 1686 1427 1470
f 1300 1299 1413
f 4033 4035 4036
f 1827 4037 2503
f 2640 2503 4037
f 2643 2640 4037
f 4038 4039 4040
f 4038 4040 4041
f 4042 1340 1827
f 4042 1827 2503
f 4043 4044 4045
f 1413 1407 1300
f 4041 4046 4038
f 4047 4038 4046
f 1459 1450 1409
f 4040 4039 4043
f 4048 4049 4028
f 4048 4028 4027
f 4050 4051 4052
f 4053 4052 4051
f 1450 1300 1407
f 1407 1409 1450
f 1468 1459 1409
f 1409 1686 1468
f 4047 4046 4054
f 1341 1340 4042
f 1341 4042 4034
f 4055 4056 4057
f 4058 4057 4056
f 2646 2506 2505
f 4035 4045 4036
f 4044 4036 4045
f 4059 1773 1735
f 3569 3547 3546
f 3448 3546 3449
f 1735 3376 4059
f 4060 4061 4049
f 4060 4049 4048
f 4062 4063 4064
f 4055 4065 4056
f 4066 4056 4065
f 1736 1735 1773
f 3378 4059 3376
f 4063 4067 4068
f 4063 4068 4064
f 4052 4053 4069
f 4070 4071 4061
f 4070 4061 4060
f 1774 1798 1785
f 1785 1788 1774
f 1726 1774 1788
f 1788 1736 1726
f 1773 1726 1736
f 4072 4073 4074
f 4070 4012 4071
f 4011 4071 4012
f 4069 4075 4076
f 1782 1758 1798
f 1798 1800 1782
f 2674 4077 4078
f 2674 4078 2899
f 4079 4030 4018
f 4080 2897 4078
f 2899 4078 2897
f 4076 4081 4072
f 4076 4072 4074
f 4077 2674 2897
f 4077 2897 4080
f 4057 4058 4082
f 1817 2419 1804
f 2478 2671 2469
f 1800 1804 1811
f 1811 1782 1800
f 1758 1785 1798
f 3190 4083 4084
f 3190 4084 2898
f 4082 4051 4050
f 4085 2901 4084
f 2898 4084 2901
f 3402 3406 3405
f 4083 3190 2901
f 4083 2901 4085
f 4086 3400 3402
f 3405 4086 3402
f 3568 4066 4065
f 2401 2428 2402
f 1811 1804 2419
f 4014 4087 2726
f 4088 4089 4090
f 4091 3590 4092
f 4093 4094 4095
f 4096 2869 3168
f 2424 2395 2431
f 2423 2396 2424
f 4097 4098 4099
f 4100 4099 4098
f 3167 3173 3168
f 2434 2402 2428
f 2428 2401 2423
f 1867 2431 2395
f 3591 3586 3056
f 2396 2423 2401
f 2395 2424 2396
f 4101 2870 4096
f 3591 4092 3590
f 2411 2434 2965
f 2439 2882 2434
f 4088 4090 4102
f 4103 4102 4090
f 4104 4100 4098
f 4104 4098 4105
f 1817 1816 2419
f 2441 2419 1816
f 2869 4096 2870
f 4091 4106 4099
f 4105 4107 4104
f 4108 4104 4107
f 4109 4110 2870
f 4109 2870 4101
f 4111 4108 4107
f 2899 2441 2671
f 2479 2493 2475
f 2473 2475 2497
f 4112 4113 4111
f 4114 4115 4116
f 4117 4118 4119
f 4117 4119 4120
f 4121 4122 4123
f 4121 4123 4124
f 4113 4112 4125
f 2493 2479 2489
f 2483 2486 2479
f 2489 2479 2486
f 2471 2483 2479
f 2479 2476 2471
f 2493 2497 2475
f 2469 2471 2476
f 2476 2478 2469
f 4124 4102 4121
f 4103 4121 4102
f 4126 4127 4128
f 4123 4122 4118
f 4123 4118 4117
f 4129 4130 4131
f 4129 4131 4132
f 2499 2465 2506
f 3544 4133 2845
f 3544 2845 2844
f 4128 4127 4134
f 2497 2499 2473
f 1084 2849 1135
f 4126 4135 4136
f 2640 2095 2504
f 2095 2097 2504
f 1083 2849 1084
f 4137 4136 4138
f 4139 4138 4136
f 4138 4140 4137
f 4133 3423 2845
f 2467 2095 2644
f 2640 2644 2095
f 2644 2514 2467
f 2514 2509 2467
f 2465 2467 2509
f 2509 2507 2465
f 2507 2506 2465
f 2506 2473 2499
f 3167 2869 3046
f 2869 2871 2858
f 2675 2860 2871
f 3033 3167 3046
f 4141 4142 4140
f 2469 2671 2441
f 2851 2852 1135
f 1816 2469 2441
f 2850 1269 1306
f 2898 2439 2899
f 4131 4130 4143
f 4131 4143 4144
f 4132 4145 4129
f 4146 4129 4145
f 2902 2439 2898
f 2882 2439 2902
f 2884 2434 2882
f 2886 2434 2884
f 3198 2434 2886
f 2965 2434 3198
f 2441 2899 2439
f 4147 4146 4145
f 4148 3112 4149
f 2402 2434 2411
f 2872 1306 1292
f 3506 4149 3112
f 3502 2876 3509
f 1210 3509 2874
f 1209 1210 2874
f 3003 3219 3037
f 2953 3003 3037
f 2982 2953 3037
f 3060 2982 3037
f 3219 3113 3037
f 3113 3007 3037
f 3006 3037 3007
f 2980 3060 3037
f 2934 3037 3006
f 2933 3037 2934
f 3037 3083 2980
f 2874 1292 1209
f 4150 4151 4152
f 3012 2980 3083
f 3080 3012 3083
f 4153 4151 4114
f 4053 4075 4069
f 1933 1934 2875
f 3037 2933 3035
f 3032 3035 3175
f 3175 3172 3032
f 3175 3035 2933
f 3033 3032 3172
f 3172 3167 3033
f 2875 1934 1937
f 4081 4076 4075
f 4062 4044 4154
f 4155 4154 4043
f 4156 4157 4158
f 4058 4159 4082
f 4043 4039 4155
f 1532 2852 1531
f 4038 4047 4160
f 4082 4159 4051
f 2872 2850 1306
f 4039 4038 4160
f 3568 3569 4161
f 1058 1076 2881
f 1066 1058 2881
f 2880 2881 1076
f 1054 2880 1076
f 4162 4163 4164
f 4165 4166 4023
f 4166 4019 4023
f 4019 4021 4023
f 4021 4167 4023
f 3568 4161 4066
f 4158 4157 4162
f 3216 2792 1054
f 2880 1054 2792
f 4033 4036 4168
f 4169 4015 4014
f 2881 2885 1062
f 2881 1062 1066
f 4170 4171 4172
f 4062 4064 4036
f 2724 2726 4087
f 4013 4087 4014
f 1062 2885 1070
f 4091 4092 4106
f 3354 3848 3942
f 4173 3893 3892
f 1005 2910 1002
f 1002 2910 1003
f 3892 4160 4047
f 4047 4054 3892
f 3349 3345 3858
f 3928 3349 3858
f 2794 1070 2885
f 3356 3909 3352
f 4160 4155 4039
f 4054 4173 3892
f 3893 3934 3891
f 1014 2887 2889
f 1014 2889 1013
f 3943 3348 3899
f 2889 2910 1005
f 2889 1005 1013
f 3911 3348 3943
f 1022 2890 2887
f 1022 2887 1014
f 4097 4099 4106
f 4044 4062 4036
f 4043 4154 4044
f 4168 4036 4152
f 1030 1104 2913
f 3357 3349 3931
f 3902 3357 3931
f 2911 1003 2910
f 3909 3356 3910
f 4168 1548 4033
f 4111 4107 4174
f 3898 3352 3909
f 4111 4174 4112
f 4175 4176 4177
f 4178 4177 4176
f 4179 4095 4180
f 4180 4178 4179
f 4176 4179 4178
f 4015 4169 4181
f 4068 4180 4095
f 3354 3942 3836
f 4182 4125 4112
f 3921 3920 3843
f 3932 3921 3843
f 4169 4125 4182
f 4169 4182 4181
f 4183 4036 4095
f 4184 4185 3843
f 4152 4036 4183
f 4064 4068 4036
f 4126 4128 4135
f 4006 3843 4185
f 4152 4153 4168
f 4134 4186 4128
f 4095 4036 4068
f 4114 4187 4153
f 4116 4187 4114
f 4188 4187 4116
f 4187 4168 4153
f 4139 4136 4135
f 4138 4189 4140
f 3829 3830 4190
f 4191 3844 3846
f 4190 3830 4192
f 4192 3830 3843
f 4193 4194 4187
f 4195 4193 4187
f 4164 4187 4162
f 4194 4158 4187
f 4158 4162 4187
f 4188 4195 4187
f 4141 4196 4142
f 1022 1030 2890
f 2912 1510 2914
f 4141 4140 4189
f 4197 4184 3843
f 4143 4198 4199
f 4197 3843 4200
f 4201 4202 4187
f 4203 4204 4171
f 4205 4204 4203
f 4200 3843 3846
f 3842 4191 3846
f 4206 4187 4207
f 4147 4145 4208
f 4202 4172 4187
f 4171 4204 4172
f 3843 3842 3846
f 4208 4186 4147
f 4134 4147 4186
f 2931 1877 3228
f 1877 1892 3228
f 3786 4209 4187
f 4209 4201 4187
f 4164 4210 4187
f 4207 4187 4210
f 4187 4206 4211
f 4187 4211 3786
f 3716 3958 1822
f 1724 1822 3958
f 3960 1724 3958
f 3967 1725 3960
f 3966 1799 3967
f 4212 4213 4214
f 3802 3801 3583
f 2628 3802 3583
f 3970 1851 3966
f 4215 4216 4212
f 4213 4217 4214
f 4218 4214 4217
f 3592 3583 3801
f 3801 3800 3592
f 3597 3592 3800
f 1079 1077 2913
f 1071 2911 1106
f 1107 1106 2905
f 4219 4218 4023
f 4217 4023 4218
f 4220 4216 4215
f 4221 4222 4220
f 4223 4224 4221
f 4225 4219 4023
f 4167 4225 4023
f 3869 3851 3634
f 2909 1134 2906
f 3634 3851 3832
f 3860 3634 3831
f 3832 3831 3634
f 2904 2906 1530
f 1133 1530 2906
f 4226 4227 4228
f 4227 4224 4229
f 2421 2430 1839
f 2427 2422 1759
f 1757 1759 2422
f 1858 1810 2427
f 1759 1858 2427
f 4230 4226 4228
f 4231 4228 4227
f 3860 3859 3634
f 3863 3798 3816
f 3862 3798 3863
f 3817 3798 3859
f 2904 1530 2912
f 3861 3549 3800
f 4232 4233 4230
f 4216 4234 4212
f 1077 2888 2891
f 3814 3861 3799
f 3800 3799 3861
f 3862 3813 3798
f 3817 3816 3798
f 3882 3714 3713
f 3776 3882 3775
f 3806 3776 3706
f 3713 3775 3882
f 3634 3859 3798
f 2520 3634 3798
f 2520 3798 3736
f 2913 2890 1030
f 1724 3960 1725
f 4222 4221 4224
f 4223 4229 4224
f 4229 4231 4227
f 4226 4230 4233
f 4216 4220 4222
f 4213 4212 4234
f 4235 4233 4232
f 1725 3967 1779
f 1528 1510 2912
f 4018 1548 1257
f 1941 1940 2914
f 2921 1938 2895
f 4236 4204 4237
f 4237 4204 4205
f 4187 4172 4204
f 4238 4204 4236
f 4239 4240 4238
f 4031 4033 1548
f 4018 4031 1548
f 4241 4242 4240
f 1938 2921 2919
f 4204 4238 4240
f 4243 4244 4240
f 1815 3974 1862
f 4245 4246 4247
f 4246 4240 4248
f 4239 4249 4240
f 2915 1819 1107
f 2915 1107 2905
f 4250 4251 4252
f 1862 3974 1864
f 1809 3974 1815
f 1849 2918 2922
f 1821 1820 2918
f 1438 1437 1426
f 1427 1426 1437
f 1437 1470 1427
f 2894 1850 2922
f 1803 3970 1808
f 4247 4253 4254
f 4254 4245 4247
f 4248 4247 4246
f 4251 4254 4253
f 4253 4252 4251
f 4252 1438 4250
f 1426 4250 1438
f 4255 4256 4257
f 1003 2911 1064
f 4258 4259 4260
f 4255 4261 4256
f 2891 2913 1077
f 3974 1808 3970
f 1779 3967 1799
f 1071 1064 2911
f 1851 3970 1803
f 1799 3966 1851
f 4262 4263 4240
f 4264 4262 4240
f 4243 4240 4263
f 4265 4264 4240
f 4266 4265 4240
f 4249 4266 4240
f 2911 2905 1106
f 1786 1757 2422
f 2433 2427 1810
f 1812 2433 1810
f 3490 4267 3489
f 3489 4267 4268
f 4244 4241 4240
f 4269 1613 4248
f 4270 4248 1613
f 4271 4269 4248
f 863 865 4270
f 2896 2895 1935
f 1936 1935 2895
f 4272 4273 4268
f 4274 4275 4276
f 4273 4274 4276
f 2496 2494 3995
f 3997 2584 3995
f 4277 4278 1656
f 4279 1656 4278
f 4280 4279 4278
f 4281 4282 4280
f 1656 1655 4277
f 4283 4277 1655
f 1655 1622 4283
f 4284 4285 4286
f 2917 2914 1940
f 4287 4288 4289
f 4290 4289 4288
f 1938 1936 2895
f 3991 2498 3997
f 3985 2653 3991
f 1133 2906 1134
f 1136 1134 2909
f 4287 4291 4292
f 4293 4292 4291
f 3972 3962 4294
f 4294 3962 4295
f 4296 4297 4298
f 4299 4296 4298
f 3990 3995 2494
f 1085 1136 2909
f 4300 4292 4301
f 4293 4301 4292
f 1530 1528 2912
f 4302 3962 3287
f 4295 3962 4302
f 3962 3971 3984
f 4303 3287 3962
f 4303 4304 3287
f 4304 4305 3287
f 4306 4299 4298
f 1077 1078 2888
f 4301 4307 4300
f 4308 4300 4307
f 2909 2888 1085
f 1078 1085 2888
f 4298 4309 4310
f 3153 3287 3158
f 4305 4311 3287
f 4311 4312 3287
f 4312 4313 3287
f 4314 3287 4313
f 4315 3287 4314
f 4316 3287 4315
f 4316 3284 3287
f 3261 3287 3284
f 3258 3287 3261
f 4119 4110 4109
f 4119 4109 4120
f 2480 4090 2573
f 2573 4090 2572
f 4317 4318 4319
f 4285 4290 4288
f 4320 4321 4322
f 4321 4323 4322
f 4324 4322 4323
f 4323 4325 4324
f 4326 4324 4325
f 4327 4328 4325
f 4329 4330 4327
f 4331 4332 4329
f 4333 4334 4331
f 4335 4325 4328
f 4326 4325 4335
f 2470 2525 2481
f 4307 4336 4308
f 4268 4273 4276
f 4337 4338 4339
f 4340 4341 4342
f 4343 4256 4261
f 4344 4342 4341
f 4345 4340 4346
f 4347 4346 4340
f 3059 4348 3215
f 2584 3997 2500
f 2983 3215 4349
f 4346 4337 4345
f 4339 4345 4337
f 4342 4347 4340
f 4350 4344 4341
f 4332 4331 4334
f 4351 4329 4332
f 4330 4329 4351
f 4352 4327 4330
f 4328 4327 4352
f 4353 2023 3480
f 3480 2023 3481
f 3486 3482 3481
f 4354 4355 4356
f 4272 4268 4267
f 3980 2466 3985
f 4334 4333 4341
f 4333 4357 4341
f 4358 4350 4341
f 4357 4358 4341
f 3175 3041 3227
f 4359 3227 3041
f 4286 4276 4275
f 4284 4286 4360
f 4275 4360 4286
f 4361 4362 4363
f 4285 4284 4364
f 4365 4363 4362
f 4291 4287 4289
f 4366 4354 4338
f 3363 3789 3955
f 4355 4354 4366
f 3358 3363 3955
f 4367 4361 4368
f 4297 4369 4298
f 4370 4371 4372
f 3941 3339 3852
f 4354 4339 4338
f 4373 4374 4375
f 4376 4375 4374
f 4374 4377 4376
f 4378 4376 4377
f 4378 4377 4379
f 4380 4381 4379
f 4372 4381 4380
f 4382 2983 4383
f 4384 4298 4385
f 4306 4298 4386
f 4384 4386 4298
f 4310 4385 4298
f 4387 4372 4371
f 4383 2983 4349
f 4381 4372 4387
f 4317 4319 4388
f 4389 4388 4390
f 4390 4388 4319
f 4371 4370 4391
f 4392 4373 4375
f 4298 4319 4318
f 4309 4298 4318
f 4393 4391 4370
f 4375 4356 4392
f 4355 4392 4356
f 4378 4379 4381
f 4285 4364 4290
f 4390 4308 4336
f 4390 4336 4389
f 4394 4395 4396
f 4394 4396 4397
f 3059 4382 4348
f 4398 4399 4400
f 1079 2913 1104
f 4242 4401 4240
f 4394 4397 4402
f 4397 4403 4402
f 4404 4402 4403
f 1510 1509 2914
f 1941 2914 1509
f 668 654 4405
f 4298 4406 4403
f 4404 4403 4406
f 4298 4369 4406
f 2919 2917 1939
f 1940 1939 2917
f 654 4407 4405
f 4198 4408 4409
f 2919 1939 1938
f 4409 4199 4198
f 4144 4143 4199
f 4410 1597 4411
f 4248 4240 4401
f 4401 4271 4248
f 4412 4413 4414
f 4412 4414 4415
f 4416 4417 4418
f 4419 4412 4415
f 4419 4415 4420
f 1848 3228 1838
f 1830 1838 3228
f 4421 4422 4423
f 4421 4423 4424
f 4425 4368 4361
f 4424 4257 4421
f 4257 4256 4421
f 1849 1821 2918
f 4073 4072 4426
f 4348 4382 4383
f 4414 4413 4073
f 4414 4073 4426
f 4423 4422 4419
f 4423 4419 4420
f 633 4365 4362
f 4427 633 4362
f 4428 4367 4429
f 4368 4429 4367
f 4429 4430 4428
f 4363 4425 4361
f 4362 4418 4431
f 4431 4427 4362
f 4417 4431 4418
f 4432 4433 688
f 4434 4435 4405
f 4407 4434 4405
f 4411 1853 4405
f 4408 4436 4437
f 4408 4437 4438
f 4089 4088 4439
f 757 4432 688
f 4408 4438 4409
f 4440 4441 4405
f 4442 688 4433
f 4443 4444 4445
f 4441 740 4405
f 4435 4446 4405
f 4447 4405 740
f 4448 4449 4445
f 740 4450 4447
f 4359 4089 4439
f 4446 4440 4405
f 4451 4442 4452
f 4433 4452 4442
f 4452 4447 4451
f 4450 4451 4447
f 4089 4359 3041
f 3367 3703 3368
f 206 337 4453
f 4432 4454 4416
f 4417 4416 4455
f 4455 4416 4454
f 4454 4432 757
f 4370 4428 4393
f 4430 4393 4428
f 1624 1635 4283
f 3366 3365 3826
f 3827 3826 3365
f 4456 4457 4458
f 4456 4458 4459
f 3087 4460 4457
f 3087 4457 4456
f 3827 3365 3824
f 1590 873 4461
f 4410 4461 873
f 865 1590 4461
f 872 4410 873
f 1597 4410 872
f 1560 4411 1597
f 1563 4411 1560
f 4461 4270 865
f 1613 863 4270
f 1751 1556 1745
f 3366 3826 3307
f 4458 4462 4463
f 4458 4463 4459
f 1556 1644 1681
f 3703 3367 3589
f 3306 3589 3367
f 4464 4465 4466
f 1683 1556 1681
f 4462 4465 4464
f 4462 4464 4463
f 3087 1728 4460
f 1727 4460 1728
f 1644 4283 1670
f 1635 1670 4283
f 1670 1667 1644
f 1667 1666 1644
f 1666 1681 1644
f 1745 1556 1683
f 1693 1554 1751
f 1554 1556 1751
f 1622 1624 4283
f 668 4405 1853
f 1853 4411 1563
f 4467 4468 4469
f 3712 1822 4059
f 4468 4467 4470
f 4468 4470 4471
f 2053 2691 2052
f 2061 2691 2053
f 2084 2691 2063
f 2107 2014 2691
f 2070 2691 2084
f 4472 4473 4471
f 4472 4471 4470
f 3757 3756 3387
f 4474 4475 4476
f 4474 4476 4477
f 2063 2691 2061
f 2016 2052 2691
f 2014 2016 2691
f 2071 2691 2070
f 2691 2688 2107
f 4478 4479 4480
f 4209 3785 4201
f 4481 4201 3785
f 2114 2687 2071
f 2118 2684 2114
f 4481 4482 4201
f 4483 4203 4171
f 4484 4473 4472
f 4484 4472 4485
f 2137 2683 2118
f 4205 4203 4486
f 4483 4486 4203
f 4487 4488 4485
f 4484 4485 4488
f 4475 4474 4489
f 4475 4489 4490
f 4207 4491 4206
f 2154 3442 2144
f 2144 3442 2145
f 2145 3442 2176
f 2176 3442 2168
f 2168 3442 2169
f 2121 2120 3430
f 3428 3430 2120
f 2120 3422 3428
f 4488 4487 4480
f 4488 4480 4479
f 4492 4493 4210
f 4490 4489 4477
f 4490 4477 4476
f 2858 3046 2869
f 4202 4482 4172
f 2139 2178 2677
f 4494 4495 4496
f 2678 2139 2677
f 2675 2677 2178
f 4211 4497 3786
f 4209 3786 3785
f 2684 2118 2683
f 4498 4499 4500
f 2687 2114 2684
f 2691 2071 2687
f 4163 4501 4164
f 2045 2044 2097
f 4207 4210 4493
f 2044 2504 2097
f 2097 2107 2045
f 2139 2678 2682
f 2683 2137 2682
f 2688 2045 2107
f 4502 4503 4504
f 4499 4498 4503
f 4179 4505 4095
f 2713 2715 3547
f 3449 3547 2178
f 2714 2713 3547
f 2180 3449 2178
f 2178 3547 2715
f 4499 4503 4502
f 2139 2682 2137
f 4067 4180 4068
f 4506 4507 3993
f 2169 3446 2180
f 2774 2771 2860
f 4508 4175 4177
f 2860 2771 2740
f 4507 3936 3993
f 3843 3993 3936
f 4509 4510 4511
f 2715 2675 2178
f 2715 2729 2675
f 2675 2729 2860
f 2858 2871 2860
f 4194 4512 4158
f 4513 4514 4509
f 4514 4513 4511
f 4514 4511 4510
f 4091 4099 4142
f 4142 4515 4091
f 4150 4152 4183
f 1591 1629 1592
f 4516 4517 4444
f 4516 4444 4443
f 4518 4519 4116
f 4448 4445 4444
f 1598 1592 4520
f 4153 4152 4151
f 1621 1619 4521
f 2748 2741 4449
f 4115 4114 4151
f 2729 2789 2860
f 2774 2860 2789
f 2770 2740 2771
f 2770 2776 2740
f 2741 2740 2778
f 2783 2741 2778
f 2776 2778 2740
f 2915 2918 1820
f 1819 2915 1820
f 4522 4523 4524
f 2894 1852 1850
f 1849 2922 1850
f 4525 4526 4527
f 4188 4519 4195
f 4524 4525 4527
f 4195 4528 4193
f 3446 2169 3442
f 4529 4512 4193
f 4530 1413 1598
f 3449 2180 3446
f 2156 2121 3430
f 3430 3442 2156
f 2154 2156 3442
f 3463 3472 3499
f 3517 3439 3499
f 3426 3499 3439
f 3439 3428 3426
f 3422 3426 3428
f 3471 3463 3466
f 3472 3463 3471
f 3517 3499 3472
f 3487 3489 3482
f 3488 3465 3487
f 4531 4532 4533
f 3467 3465 3488
f 3466 3463 3467
f 3465 3467 3463
f 3489 3487 3465
f 4533 4532 4534
f 4533 4535 4531
f 4183 4095 4094
f 4535 4533 4536
f 4156 4158 4512
f 4134 4127 4069
f 4537 4538 4539
f 4183 4540 4150
f 4536 4541 4535
f 4104 4108 4057
f 4082 4104 4057
f 4188 4116 4519
f 2760 4524 3054
f 4104 4082 4050
f 4147 4134 4076
f 4146 4147 4076
f 3568 4065 4108
f 4542 4535 4541
f 4522 4524 4527
f 4521 1619 4542
f 4111 4113 3568
f 4065 4055 4108
f 4055 4057 4108
f 4108 4111 3568
f 4113 4125 3568
f 2725 2714 3568
f 3547 3568 2714
f 4116 4115 4518
f 4521 4542 4541
f 4137 4140 4100
f 4099 4100 4140
f 4140 4142 4099
f 4543 4544 4545
f 4050 4052 4136
f 4546 4534 4532
f 4194 4193 4512
f 4534 4546 4547
f 4100 4104 4136
f 4136 4137 4100
f 1409 4548 1686
f 1687 1686 4548
f 4125 4169 3568
f 1408 4548 1409
f 4549 4210 4501
f 1413 4530 1408
f 2726 2725 3568
f 4014 2726 3568
f 4169 4014 3568
f 4162 4550 4163
f 4520 4530 1598
f 4551 4543 4552
f 1689 1427 1687
f 4104 4050 4136
f 4553 4554 246
f 2760 2761 4555
f 4524 2760 4555
f 4555 4556 4524
f 4525 4524 4556
f 4202 4201 4482
f 4557 4554 4553
f 4557 4553 4558
f 4130 4074 4143
f 4129 4074 4130
f 4559 4557 4558
f 4559 4558 4560
f 4069 4076 4134
f 1886 1877 2931
f 1829 1830 3228
f 1892 1829 3228
f 4052 4069 4126
f 1347 904 3559
f 2931 1453 2517
f 2931 2517 1886
f 4126 4136 4052
f 4127 4126 4069
f 4129 4146 4074
f 4491 4207 4493
f 4561 4298 4343
f 4353 4298 4561
f 4170 4172 4482
f 3480 4298 4353
f 3638 390 3641
f 3781 390 3638
f 390 3608 3641
f 3623 3641 3608
f 4560 4546 4559
f 4547 4546 4560
f 3784 3786 4497
f 3648 4562 3642
f 3482 3489 3480
f 4268 3480 3489
f 4563 4564 4565
f 4566 4565 4564
f 4567 4568 4569
f 4206 4497 4211
f 3871 4566 4564
f 4564 4570 3871
f 4570 3834 3871
f 4343 4298 4256
f 3669 390 3659
f 3835 3834 390
f 4568 4567 4571
f 4568 4571 4572
f 4164 4501 4210
f 3698 390 3660
f 3664 3660 390
f 4268 4298 3480
f 3851 3869 3288
f 3832 3851 2468
f 4571 4573 4574
f 4571 4574 4572
f 4563 390 4564
f 3834 4570 390
f 3847 3835 390
f 4575 4576 4020
f 4155 4577 4154
f 4578 4154 4577
f 4268 4276 4286
f 4268 4286 4285
f 4268 4285 4288
f 4268 4288 4287
f 4268 4287 4292
f 4268 4292 4300
f 4268 4300 4308
f 4268 4308 4390
f 4268 4390 4319
f 4268 4319 4298
f 4403 4256 4298
f 2916 2457 3835
f 3635 3773 3638
f 3847 2916 3835
f 4579 4026 4580
f 4155 4160 4577
f 4569 4577 4160
f 3892 3891 4581
f 4582 4581 3891
f 4074 4073 4198
f 4583 4580 4026
f 4583 4026 4584
f 4563 4562 390
f 3648 390 4562
f 4570 4564 390
f 3659 390 3648
f 3670 390 3669
f 3664 390 3670
f 3781 3847 390
f 4160 3892 4567
f 4569 4160 4567
f 4585 4567 3892
f 4586 4020 4576
f 4586 4576 4587
f 4588 4586 4587
f 4588 4587 4589
f 4019 4575 4020
f 4590 4021 4020
f 4588 4589 4591
f 4592 4575 4166
f 4019 4166 4575
f 4591 4589 4593
f 4143 4074 4198
f 4408 4198 4073
f 4074 4146 4076
f 4583 4591 4593
f 4413 4403 4073
f 4412 4403 4413
f 4594 3685 4595
f 3685 3684 4595
f 4596 4594 4595
f 3684 3683 4595
f 3683 3252 4595
f 4597 4595 3252
f 3252 3680 4597
f 3680 3647 4597
f 3647 3271 4597
f 3271 3642 4597
f 4565 4597 3642
f 3642 4562 4565
f 4562 4563 4565
f 4591 4583 4584
f 4403 4397 4408
f 4396 4436 4397
f 4408 4397 4436
f 4154 4578 4062
f 4165 4023 4026
f 4579 4165 4026
f 4598 4574 4573
f 4403 4408 4073
f 4403 4412 4419
f 4403 4419 4422
f 4256 4403 4421
f 4422 4421 4403
f 4579 4592 4165
f 4166 4165 4592
f 4581 4599 4600
f 4581 4600 3892
f 4601 4496 4449
f 3760 3755 4595
f 4602 4585 4600
f 3892 4600 4585
f 3762 3761 4596
f 3763 3762 4596
f 4032 4603 4033
f 4599 4581 4585
f 4599 4585 4602
f 3870 3869 3634
f 4033 4603 4035
f 4604 4062 4578
f 4566 3871 3634
f 3871 3870 3634
f 4496 4605 4445
f 4605 4606 4445
f 4445 4449 4496
f 4595 4597 3634
f 4597 4565 3634
f 4565 4566 3634
f 4539 4449 4607
f 4043 4045 4608
f 4594 4596 3761
f 3705 3685 3733
f 3723 3711 3733
f 3711 3705 3733
f 387 391 389
f 4043 4608 4040
f 4609 4610 4611
f 4609 4611 4612
f 4613 2741 4545
f 3742 389 3731
f 4598 4614 4609
f 4598 4609 4612
f 4615 2741 4616
f 4616 2741 4613
f 3731 390 3732
f 3741 389 3742
f 4573 4614 4598
f 4617 4449 4615
f 4607 4449 4617
f 390 3698 3733
f 3733 3732 390
f 3634 3760 4595
f 3586 3590 4515
f 3590 4091 4515
f 4062 4604 4063
f 4545 2741 4552
f 2783 4552 2741
f 3740 3739 389
f 3739 3771 389
f 3741 3740 389
f 390 3731 389
f 2741 4615 4449
f 2761 2763 4555
f 4596 4595 3753
f 3751 4596 3753
f 3750 4596 3751
f 3749 4596 3750
f 3763 4596 3764
f 3764 4596 3749
f 3685 4594 3733
f 3761 3733 4594
f 3698 3723 3733
f 3755 3753 4595
f 4178 4618 4177
f 4619 4177 4618
f 4620 4621 4622
f 4623 4555 2763
f 2763 3586 4623
f 4515 4623 3586
f 3768 389 3765
f 3778 3765 389
f 3772 3778 389
f 3770 389 3768
f 3774 389 3770
f 442 389 3774
f 3771 3772 389
f 4449 4539 4624
f 4625 4624 4539
f 4601 4449 4624
f 4626 4627 4628
f 4629 4620 4622
f 3780 4630 3783
f 1585 1603 1336
f 1603 1612 1336
f 4508 4176 4175
f 4631 4632 4633
f 4634 4635 4636
f 4633 4637 4631
f 1615 4631 4637
f 4637 1614 1615
f 1604 1615 1612
f 4638 4626 4639
f 4625 4628 4627
f 4618 4178 4180
f 4606 4640 4445
f 4619 4508 4177
f 1614 1611 1612
f 4641 4642 4443
f 4635 4634 3780
f 4540 4183 4094
f 4179 4643 4644
f 4642 4645 4443
f 4637 4633 1611
f 4633 4635 1611
f 1614 4637 1611
f 4645 4646 4516
f 4646 4647 4516
f 4648 4516 4647
f 4632 4649 4633
f 4640 4641 4445
f 4443 4445 4641
f 4516 4443 4645
f 4647 4235 4648
f 4232 4648 4235
f 4650 4651 4652
f 4650 4639 4651
f 3663 3809 4636
f 4635 4633 3663
f 4636 4635 3663
f 4176 4653 4643
f 4176 4643 4179
f 3397 3663 4633
f 3793 3397 4633
f 4638 4627 4626
f 4539 4629 4625
f 4626 4651 4639
f 4629 4628 4625
f 4651 4654 4652
f 4655 3805 4633
f 3805 3793 4633
f 4195 4519 4528
f 4649 4655 4633
f 4526 4525 4556
f 4508 4653 4176
f 4529 4193 4528
f 4656 4657 4658
f 4659 4658 4657
f 4556 4622 4621
f 4621 4526 4556
f 4628 4629 4622
f 3809 3643 4636
f 4660 4661 4662
f 4661 4652 4654
f 4656 4636 3643
f 4663 4664 4657
f 3643 3812 4656
f 3812 4663 4656
f 4505 4179 4644
f 4093 4095 4665
f 4665 4095 4505
f 1632 4663 3812
f 1632 3812 3807
f 1632 3807 3805
f 1632 3805 4655
f 1632 4655 4649
f 1632 4649 4632
f 1632 4632 4631
f 1632 4631 1615
f 1632 1615 1604
f 4492 4210 4549
f 4661 4660 4258
f 4654 4662 4661
f 4258 4660 4259
f 4666 4260 4259
f 4667 4260 4666
f 4282 4281 4667
f 4279 4280 4282
f 4260 4667 4281
f 4668 3622 4669
f 3850 4670 4669
f 4658 4671 4672
f 4550 4162 4157
f 23 25 31
f 4171 4170 4673
f 3622 4668 3693
f 4674 3821 4675
f 3821 3822 4675
f 3819 4630 3822
f 3693 4630 3819
f 4676 4677 21
f 4678 23 31
f 4675 3822 4679
f 4679 3822 4630
f 3850 4669 3622
f 4680 4669 4670
f 4630 3693 4668
f 4681 4682 4683
f 4067 4684 4180
f 4399 4683 4682
f 4678 24 23
f 4630 3780 4679
f 4684 4618 4180
f 4675 3780 4674
f 4171 4673 4483
f 4677 4681 4683
f 4682 4685 4399
f 4396 4399 4685
f 4396 4685 4436
f 4636 4656 3833
f 3822 3833 4656
f 3821 4636 3833
f 4686 4644 4643
f 4672 4680 4687
f 4670 4687 4680
f 4659 4688 4658
f 70 22 21
f 4491 4689 4206
f 4690 4644 4686
f 4690 4686 4691
f 21 20 4676
f 24 4676 20
f 4683 21 4677
f 66 68 70
f 9 64 66
f 4670 4656 4687
f 3850 4656 4670
f 3849 4656 3850
f 4672 4687 4656
f 3838 4656 3849
f 4658 4672 4656
f 3819 3822 4656
f 3838 3819 4656
f 3780 1611 4635
f 3821 4674 4636
f 4634 4636 4674
f 3780 4634 4674
f 4675 4679 3780
f 4668 3783 4630
f 4669 3783 4668
f 4680 3787 4669
f 3787 3783 4669
f 3856 3894 3864
f 4691 4692 4690
f 3855 4693 3856
f 3853 4693 3855
f 4206 4689 4497
f 3864 3894 3865
f 3787 4694 3788
f 3788 4694 3853
f 4692 4691 4695
f 3867 3865 3897
f 3868 3867 3897
f 3897 4696 3872
f 4695 4697 4692
f 4698 4692 4697
f 3873 3872 4696
f 4021 4699 4167
f 4700 4701 4702
f 3876 3875 4703
f 3879 4703 3880
f 3875 3874 4703
f 4696 4703 3874
f 3874 3873 4696
f 3880 4704 3881
f 4701 4700 4705
f 4706 4707 4167
f 3868 3897 3872
f 3881 4704 3888
f 3879 3876 4703
f 4708 4219 4225
f 4709 4698 4710
f 4693 3895 3894
f 4711 4712 4213
f 4694 4671 3896
f 4694 3896 3895
f 4694 3895 4693
f 4698 4697 4710
f 4680 4672 4694
f 4694 4672 4671
f 3897 3865 3894
f 3894 3856 4693
f 4713 4714 4219
f 4693 3853 4694
f 3787 4680 4694
f 4671 4688 3896
f 4709 4710 4702
f 4710 4700 4702
f 4214 4715 4212
f 4703 4696 4716
f 4717 4716 4696
f 4716 4718 4703
f 4718 4719 4703
f 4719 4720 4703
f 4720 4721 4703
f 4704 4703 4721
f 4721 4722 4704
f 4723 4704 4722
f 4723 4722 4724
f 4723 4724 4725
f 4726 4727 2939
f 2986 4728 2936
f 4723 3888 4704
f 4704 3880 4703
f 4729 4730 2958
f 4731 4701 4732
f 4712 4024 4217
f 4719 4718 3936
f 4701 4705 4732
f 4733 4648 4232
f 4720 4719 4734
f 4721 4735 4722
f 4648 4736 4516
f 2987 4737 2985
f 4231 4738 4228
f 4732 4739 4731
f 4740 2997 2985
f 3936 4734 4719
f 4688 3936 4718
f 3897 3896 4716
f 4716 4717 3897
f 4717 4696 3897
f 4718 3896 4688
f 4718 4716 3896
f 4741 4230 4228
f 4742 4731 4739
f 4743 3937 4744
f 4230 4733 4232
f 4744 4688 4659
f 4745 4657 4746
f 4657 4656 4663
f 4664 4746 4657
f 4747 4748 4234
f 4234 4748 4213
f 4749 4743 4745
f 4743 4744 4745
f 4659 4657 4744
f 4657 4745 4744
f 4746 4750 4745
f 2593 4751 4750
f 4610 4742 4739
f 4234 4216 4747
f 4750 1632 2593
f 4746 1632 4750
f 4664 1632 4746
f 4663 1632 4664
f 2373 2593 1632
f 4610 4739 4611
f 2941 4752 2942
f 2593 2594 4751
f 4745 4750 4751
f 4753 2959 2942
f 4590 4699 4021
f 4706 4167 4699
f 4225 4167 4707
f 4751 4754 4755
f 4745 4751 4749
f 4754 4751 4756
f 2594 4756 4751
f 2960 4757 2939
f 4707 4758 4225
f 4759 4760 4761
f 4762 4754 4756
f 4762 4763 4754
f 4727 2956 2940
f 4219 4708 4713
f 4217 4213 4712
f 4629 4539 4538
f 4760 4759 4764
f 4760 4764 4765
f 2940 2939 4727
f 4629 4538 4620
f 2806 2936 3236
f 3237 2806 3236
f 4766 4767 4625
f 4625 4767 4624
f 3759 3743 3372
f 2957 2958 4730
f 4768 4769 4624
f 4730 4770 2957
f 4526 4771 4527
f 4772 4737 2987
f 4765 4764 4773
f 4765 4773 4774
f 3823 3385 3383
f 2783 3068 4552
f 1103 2804 1477
f 2807 1477 2804
f 3386 3385 3823
f 4775 4607 4617
f 1103 1490 2804
f 4773 4776 4777
f 4773 4777 4774
f 4778 4779 4736
f 3376 1735 1847
f 4776 4736 4779
f 4776 4779 4777
f 3377 3376 1847
f 4613 4544 4616
f 1689 246 1425
f 2959 4753 4780
f 3845 3380 3377
f 4554 1425 246
f 4781 4782 4616
f 4780 2960 2959
f 425 4783 4784
f 3845 3844 3380
f 4617 4615 4775
f 3373 3707 3371
f 442 4785 4786
f 442 4786 441
f 4545 4552 4543
f 3774 4787 4785
f 3774 4785 442
f 444 4788 4789
f 444 4789 455
f 4729 2958 4790
f 3378 3374 3713
f 443 4791 4788
f 443 4788 444
f 424 4792 4791
f 424 4791 443
f 3713 3712 4059
f 3713 4059 3378
f 4786 4792 424
f 4786 424 441
f 4537 4539 4607
f 1773 4059 1822
f 3769 4787 3774
f 4793 4794 449
f 4793 449 450
f 2609 4754 2610
f 4795 4754 2609
f 2608 4754 4795
f 4763 4796 4754
f 4794 4797 445
f 4794 445 449
f 3388 3808 3373
f 2956 4790 2958
f 445 4797 4798
f 445 4798 446
f 432 4799 4793
f 432 4793 450
f 3757 3387 3386
f 2358 2357 2609
f 2357 2971 2609
f 4800 4801 447
f 4800 447 451
f 4740 2985 4737
f 4801 4802 431
f 4801 431 447
f 2614 4754 4796
f 2611 4754 2614
f 2610 4754 2611
f 431 4802 4799
f 431 4799 432
f 4762 2387 4763
f 4756 2387 4762
f 433 446 4803
f 4798 4803 446
f 4796 4763 2387
f 2594 2387 4756
f 452 4804 4800
f 452 4800 451
f 2386 2613 2614
f 4805 2998 2997
f 455 4789 4806
f 455 4806 454
f 4807 3009 3008
f 2613 2612 2614
f 2387 2386 2614
f 2614 4796 2387
f 2593 1358 2594
f 2612 2604 2614
f 453 4808 4804
f 453 4804 452
f 2998 4805 3004
f 4806 4808 453
f 4806 453 454
f 4809 3098 4807
f 3009 4807 3098
f 4755 4754 4810
f 4749 4751 4755
f 3383 3825 3823
f 4811 610 4784
f 4783 465 464
f 4783 464 4812
f 464 463 4813
f 464 4813 4812
f 3372 3375 3759
f 463 462 4814
f 463 4814 4813
f 2807 2809 1477
f 461 4815 4814
f 461 4814 462
f 3912 4816 4817
f 4817 4816 4818
f 4818 4819 4820
f 4821 4820 4822
f 4822 4823 4821
f 4734 4821 4823
f 4824 4734 4823
f 3914 4816 3912
f 3906 4816 3914
f 3908 4816 3906
f 4825 4816 3908
f 4822 4820 4826
f 4827 4828 4829
f 4823 4829 4824
f 460 4830 4815
f 460 4815 461
f 434 4831 4830
f 434 4830 460
f 2805 2804 1490
f 3918 3936 3919
f 3919 3936 3922
f 4803 4831 434
f 4803 434 433
f 1489 2937 1490
f 2805 1490 2937
f 425 465 4783
f 4832 4833 4620
f 2494 2495 3990
f 2525 1863 2481
f 1864 3974 1863
f 3974 2482 2481
f 2481 1863 3974
f 1809 1808 3974
f 1489 1298 2937
f 2941 2937 1298
f 2496 3995 2584
f 2482 3974 2485
f 4832 4620 4538
f 1297 4752 2941
f 1298 1297 2941
f 4753 2942 4752
f 2488 2487 3990
f 2485 3974 2487
f 4834 468 470
f 3974 3990 2487
f 2495 2488 3990
f 2960 4780 4835
f 4836 4837 479
f 4836 479 497
f 4726 2939 4757
f 4835 4757 2960
f 2498 3991 2653
f 2500 3997 2498
f 4838 4836 497
f 4838 497 480
f 4727 4839 2956
f 4551 4552 3068
f 2653 3985 2466
f 479 4837 4840
f 479 4840 477
f 4839 4790 2956
f 4841 4838 480
f 4841 480 484
f 468 4841 484
f 4841 468 4834
f 4781 4616 4544
f 4842 4843 490
f 4842 490 493
f 4844 517 491
f 4118 4122 4048
f 4027 4029 2878
f 2878 2870 4027
f 2046 2878 2197
f 4029 4034 2878
f 4034 4042 2878
f 4042 2503 2878
f 2503 2502 2878
f 2197 2878 2502
f 4772 2987 4770
f 2987 2957 4770
f 490 4843 4844
f 490 4844 491
f 4845 4842 493
f 4845 493 492
f 4846 4845 492
f 4846 492 498
f 4847 4805 2997
f 4848 4771 4621
f 4526 4621 4771
f 477 4840 4846
f 477 4846 498
f 4849 4807 3008
f 3841 1847 2430
f 1847 1839 2430
f 1836 1786 2422
f 2418 2433 1812
f 2442 2440 2418
f 2433 2418 2440
f 2422 2421 1836
f 1734 1836 2421
f 1839 1734 2421
f 4740 4847 2997
f 4621 4620 4833
f 3020 3079 2403
f 3010 3020 2968
f 4850 3004 4805
f 4849 3008 4850
f 3004 4850 3008
f 3079 4708 2403
f 2968 4851 3010
f 2979 2978 4851
f 3081 4708 3079
f 2999 3014 4852
f 2978 3011 4851
f 4853 4854 4638
f 2430 2429 3841
f 3839 3841 2429
f 4852 2986 2999
f 4639 4650 4855
f 4853 4638 4639
f 4856 4857 4646
f 563 514 4858
f 2572 4090 2477
f 2674 2673 4090
f 2673 2670 4090
f 2477 4090 2566
f 2670 2566 4090
f 4645 4642 4859
f 2907 3194 4090
f 3194 2901 4090
f 4605 4496 4495
f 563 4858 4860
f 4861 4860 4858
f 2897 2674 4090
f 2901 3190 4090
f 3190 2897 4090
f 4862 4641 4640
f 4495 4863 4605
f 4606 4863 4640
f 4642 4641 4859
f 3703 3729 3368
f 4258 4864 4661
f 3370 3696 3724
f 3369 3370 3725
f 3895 3369 3725
f 3724 3725 3370
f 4661 4865 4652
f 3696 3370 3701
f 4855 4650 4652
f 3828 3829 3307
f 4639 4855 4866
f 3369 3895 3824
f 3369 3824 3365
f 3368 3595 3370
f 3701 3370 3595
f 4639 4866 4853
f 3826 3828 3307
f 4856 4646 4867
f 4645 4867 4646
f 4857 4868 4646
f 3729 3595 3368
f 4869 3089 3091
f 4870 4638 4854
f 3707 3706 3371
f 4645 4859 4867
f 4871 4872 3132
f 3371 3706 3374
f 3775 3374 3706
f 875 3015 3098
f 3775 3713 3374
f 4641 4862 4873
f 3091 3132 4874
f 4606 4605 4863
f 4862 4640 4863
f 3717 3388 3743
f 4873 4859 4641
f 3707 3373 3808
f 3717 3808 3388
f 3097 868 3051
f 4601 4875 4496
f 3386 3818 3757
f 4647 4876 4235
f 4877 4235 4876
f 875 3018 3015
f 3375 3387 3756
f 3758 3375 3756
f 3388 3372 3743
f 3842 3382 4191
f 3381 4191 3382
f 3382 3842 3384
f 3830 3384 3842
f 4638 4870 4627
f 4627 4870 4878
f 3503 3506 2876
f 4878 4879 4627
f 4627 4879 4625
f 3830 3825 3384
f 3383 3384 3825
f 4148 4880 3112
f 4881 4882 4651
f 271 4883 4884
f 271 4884 500
f 4885 4626 4886
f 3386 3823 3818
f 4651 4626 4881
f 4885 4881 4626
f 3759 3375 3758
f 4887 4601 4769
f 4601 4624 4769
f 4887 4875 4601
f 4494 4496 4875
f 4888 3024 3025
f 3377 1847 3841
f 4883 271 4889
f 270 4889 271
f 3377 3841 3845
f 4890 4891 3108
f 270 4860 4889
f 4860 4861 4889
f 3381 3380 3844
f 3381 3844 4191
f 4449 4448 4892
f 4449 4892 2748
f 4893 3124 3126
f 3054 4524 4523
f 3128 3124 4893
f 720 768 4894
f 784 4895 4894
f 784 4894 768
f 3123 4896 3025
f 4884 4895 784
f 500 4884 784
f 3389 4897 3396
f 663 4898 4899
f 663 4899 791
f 869 861 3051
f 4899 4900 664
f 4899 664 791
f 4607 4775 4901
f 4009 4090 2480
f 2908 2907 4090
f 4090 4089 2908
f 3205 2908 4089
f 3205 3041 3176
f 671 4902 4898
f 671 4898 663
f 610 4811 4902
f 610 4902 671
f 4613 4545 4544
f 425 4784 610
f 4607 4901 4537
f 4900 4903 723
f 4900 723 664
f 3204 3179 3005
f 721 4904 724
f 3186 843 3171
f 731 4905 4904
f 731 4904 721
f 3171 840 3135
f 845 840 3171
f 4903 4905 731
f 4903 731 723
f 4615 4616 4782
f 842 870 3135
f 4904 4906 724
f 833 4907 4908
f 833 4908 834
f 4009 4012 4090
f 4615 4782 4775
f 837 4909 4907
f 837 4907 833
f 4906 4909 837
f 4906 837 724
f 1019 4910 4911
f 1019 4911 1009
f 1029 4912 4910
f 1029 4910 1019
f 4913 4914 1015
f 4911 4913 1015
f 4911 1015 1009
f 4103 4090 4012
f 4915 4728 2986
f 3235 2936 4728
f 4908 4912 1029
f 4908 1029 834
f 367 1053 4916
f 367 4916 4917
f 4848 4621 4833
f 4918 4919 3043
f 3016 3043 4919
f 3396 4897 3393
f 4919 4920 3016
f 925 936 4914
f 925 4914 4921
f 1015 4914 936
f 925 4921 4922
f 925 4922 907
f 4923 4924 796
f 4923 796 957
f 4768 4624 4767
f 907 4922 4923
f 907 4923 957
f 4925 1081 4926
f 1069 4926 1081
f 4927 4928 3022
f 799 1040 4929
f 4924 4929 1040
f 4924 1040 796
f 1068 4930 4926
f 1068 4926 1069
f 4931 4932 797
f 4931 797 799
f 4652 4865 4933
f 4929 4931 799
f 1089 4934 4930
f 1089 4930 1068
f 4652 4933 4855
f 797 4932 4934
f 797 4934 1089
f 4935 4936 3101
f 3360 4937 3361
f 4938 4939 3121
f 4940 1095 1097
f 4940 1097 4941
f 4647 4646 4868
f 3332 4192 3331
f 1096 4942 4941
f 1096 4941 1097
f 4192 3843 3331
f 1094 4943 4942
f 1094 4942 1096
f 3389 3362 4944
f 4945 4944 3362
f 1088 4946 4943
f 1088 4943 1094
f 3389 4944 4897
f 1087 4947 4946
f 1087 4946 1088
f 1086 4948 4947
f 1086 4947 1087
f 4925 4948 1086
f 4925 1086 1081
f 1053 1067 4949
f 1053 4949 4916
f 4945 3362 4937
f 3361 4937 3362
f 1067 1098 4950
f 1067 4950 4949
f 3050 4951 3052
f 1098 1095 4940
f 1098 4940 4950
f 3053 3052 4952
f 4953 1126 1125
f 4953 1125 4954
f 3096 3053 4952
f 1783 4955 4956
f 4647 4957 4958
f 4647 4958 4876
f 3405 3913 4086
f 1783 1128 4959
f 1783 4959 4955
f 4647 4868 4957
f 1128 1126 4953
f 1128 4953 4959
f 4006 4185 4086
f 3400 4086 4185
f 1125 1123 4960
f 1125 4960 4954
f 4184 4197 3400
f 1123 1121 4961
f 1123 4961 4960
f 4766 4625 4879
f 3401 3840 3403
f 1121 1119 4962
f 1121 4962 4961
f 1119 1118 4963
f 1119 4963 4962
f 3840 3839 3403
f 1118 1117 4964
f 1118 4964 4963
f 3390 3937 3360
f 4965 3360 3937
f 1117 1114 4966
f 1117 4966 4964
f 1114 1113 4967
f 1114 4967 4966
f 3360 4965 4937
f 4886 4628 4968
f 4628 4622 4968
f 4969 4968 4622
f 1113 2002 4970
f 1113 4970 4967
f 3307 3829 3332
f 4190 3332 3829
f 2002 2001 4971
f 2002 4971 4970
f 4886 4626 4628
f 3332 4190 4192
f 2001 4972 4971
f 4556 4973 4969
f 4556 4969 4622
f 3937 3390 3843
f 3390 3331 3843
f 4974 3982 1131
f 1142 1131 3982
f 4555 4975 4973
f 4555 4973 4556
f 1131 1130 4976
f 1131 4976 4974
f 4142 4196 4515
f 4977 4515 4196
f 4978 4976 1145
f 1130 1145 4976
f 4515 4977 4979
f 4515 4979 4623
f 3029 3028 4980
f 4981 3393 4897
f 1145 1144 4982
f 1145 4982 4978
f 4979 4975 4555
f 4979 4555 4623
f 1144 4983 4984
f 1144 4984 4982
f 4928 4985 3023
f 4882 4986 4654
f 4882 4654 4651
f 4983 1154 4987
f 4983 4987 4984
f 4654 4986 4988
f 4654 4988 4662
f 4987 1154 1153
f 4987 1153 4989
f 3101 4936 3121
f 4662 4988 4990
f 4662 4990 4660
f 4660 4990 4991
f 4660 4991 4259
f 4989 1153 4992
f 4991 4993 4666
f 4991 4666 4259
f 1153 1346 4992
f 3404 3906 3914
f 3404 3914 3405
f 4992 1346 1158
f 4992 1158 4994
f 4994 1158 1159
f 4994 1159 4995
f 3906 3404 3907
f 4000 3907 3404
f 4995 1159 1161
f 4995 1161 4996
f 3026 4997 4951
f 3050 3026 4951
f 4998 4864 4258
f 4865 4661 4864
f 4996 1161 1173
f 4996 1173 4999
f 3913 4007 4086
f 3914 3913 3405
f 4006 4086 4007
f 4993 5000 4667
f 4993 4667 4666
f 4999 1173 1167
f 4999 1167 5001
f 4184 3400 4185
f 5000 5002 4282
f 5000 4282 4667
f 1167 1169 5003
f 1167 5003 5001
f 1169 1170 5004
f 1169 5004 5003
f 3042 5005 3043
f 3846 3401 4200
f 3401 3400 4200
f 4197 4200 3400
f 1170 1175 5006
f 1170 5006 5004
f 4279 4282 5007
f 5002 5007 4282
f 3846 3840 3401
f 1175 1739 4956
f 1175 4956 5006
f 4685 4682 5008
f 1739 1783 4956
f 2431 3403 2429
f 3839 2429 3403
f 5009 3415 3416
f 5010 5011 27
f 1807 2676 2675
f 2675 2879 1807
f 1814 1807 2879
f 3014 5012 4852
f 1790 2676 1807
f 5013 5012 3021
f 3014 3021 5012
f 4676 24 5014
f 2676 1790 1814
f 2676 1814 2879
f 4915 2986 4852
f 3039 1365 1787
f 1787 1831 2735
f 1365 3039 5015
f 1365 5015 1729
f 991 5016 3432
f 4436 4685 5017
f 5008 5017 4685
f 1729 5015 2735
f 1729 2735 1831
f 5018 21 4683
f 2860 2746 1870
f 4398 5018 4683
f 4398 4683 4399
f 1797 2861 1870
f 3432 3434 991
f 5019 1915 1914
f 5019 1914 5020
f 4396 4400 4399
f 2861 1797 1915
f 2861 1915 5019
f 3441 3435 5021
f 66 5022 9
f 3436 3441 5021
f 1882 1870 2746
f 5022 5023 9
f 3023 3022 4928
f 1914 1913 5024
f 1914 5024 5020
f 5023 5025 7
f 3029 4980 3027
f 3458 3456 5026
f 5026 5027 3458
f 3460 3458 5027
f 26 25 5028
f 1913 1882 2746
f 1913 2746 5024
f 2001 1973 4972
f 25 23 5028
f 4275 1115 1963
f 4275 1963 4360
f 3026 3023 4985
f 3453 3455 5029
f 4360 1963 5030
f 1974 5030 1963
f 5027 3391 3460
f 29 5031 27
f 5030 1974 4275
f 1115 4275 1974
f 3789 3392 3391
f 1973 1972 4972
f 1765 2021 4261
f 4343 4261 2021
f 2021 2020 4343
f 4561 4343 2020
f 5032 5033 3478
f 2019 4353 2020
f 4561 2020 4353
f 60 5034 57
f 3048 5035 3042
f 2023 4353 2019
f 2023 2022 3481
f 3481 2022 1765
f 3481 1765 4261
f 1972 5036 4972
f 1972 2032 5037
f 1972 5037 5036
f 2032 2031 5038
f 2032 5038 5037
f 2031 1971 5039
f 2031 5039 5038
f 1971 1970 5040
f 1971 5040 5039
f 1970 1965 5041
f 1970 5041 5040
f 5013 3021 4920
f 1965 1964 5042
f 1965 5042 5041
f 3419 4465 3416
f 5042 1964 2024
f 5042 2024 5043
f 5044 5005 3042
f 5045 5044 3042
f 5046 2024 2013
f 3030 5047 5048
f 3030 5048 3028
f 5043 2024 5046
f 3415 5049 3413
f 5046 2013 2041
f 5046 2041 5050
f 5051 5052 63
f 3030 3120 5053
f 4682 5054 5008
f 5055 2042 2043
f 5055 2043 5056
f 4681 5057 4682
f 5056 2043 2049
f 5056 2049 5058
f 5058 2049 2048
f 5058 2048 5059
f 4927 3022 3027
f 4121 4103 4070
f 4070 4060 4121
f 4012 4070 4103
f 4060 4048 4121
f 4048 4027 4119
f 31 27 5011
f 2086 5060 5061
f 5048 4980 3028
f 4678 31 5062
f 2048 2072 5063
f 2048 5063 5059
f 4678 5064 24
f 5014 24 5064
f 5063 2072 2087
f 5063 2087 5065
f 4119 4118 4048
f 4122 4121 4048
f 5065 2087 2086
f 5065 2086 5061
f 2086 2091 5060
f 5060 2091 2092
f 5060 2092 5066
f 3120 3121 4939
f 4382 4851 2983
f 5067 5068 4676
f 2041 2042 5055
f 2041 5055 5050
f 4939 5053 3120
f 5057 4681 4677
f 5057 4677 5069
f 2220 5070 2203
f 5071 2203 5070
f 4437 4436 5017
f 5072 2192 2219
f 5072 2219 5073
f 2983 4851 2951
f 5074 2204 2203
f 5074 2203 5071
f 5045 3042 5035
f 2222 5075 5070
f 2222 5070 2220
f 5076 5075 2222
f 5076 2222 2221
f 66 70 5077
f 4851 4382 3059
f 2979 4851 3058
f 5078 5076 2221
f 21 5079 70
f 3052 4951 5080
f 2219 2204 5074
f 2219 5074 5073
f 3058 4851 3059
f 4395 4400 4396
f 5081 2193 2192
f 5081 2192 5072
f 4952 3052 5080
f 66 5077 5022
f 2198 2193 5081
f 2198 5081 5082
f 3929 3922 4507
f 3936 4507 3922
f 3908 3929 4507
f 3001 4851 3002
f 2247 5083 5084
f 2247 5084 2248
f 3096 5085 3048
f 4817 3936 3912
f 3912 3936 3933
f 2243 5086 5087
f 2243 5087 2241
f 3220 3002 3199
f 2951 4851 2952
f 2198 5082 2199
f 3933 3936 3918
f 2244 5088 5086
f 2244 5086 2243
f 5089 2199 5082
f 2952 4851 3001
f 3098 4809 875
f 4821 4734 3936
f 2245 5090 5088
f 2245 5088 2244
f 4820 4821 3936
f 3131 5091 3132
f 2200 5092 5090
f 2200 5090 2245
f 4827 4722 4828
f 4874 3132 4872
f 4965 3937 4743
f 2202 5093 5092
f 2202 5092 2200
f 4743 4749 4965
f 3099 5094 3097
f 5089 5093 2202
f 5089 2202 2199
f 3936 4744 3937
f 4671 4658 4688
f 4688 4744 3936
f 2246 5095 5083
f 2246 5083 2247
f 4945 4755 4944
f 3199 4851 3092
f 5087 5095 2246
f 5087 2246 2241
f 878 5096 3044
f 4944 4810 4897
f 3092 4851 2966
f 5084 5097 2248
f 4897 4810 4981
f 5094 3099 3047
f 3044 3018 880
f 3204 3221 3199
f 4945 4937 4755
f 4965 4749 4937
f 4810 4944 4755
f 4755 4937 4749
f 3018 875 880
f 4817 4818 3936
f 4818 4820 3936
f 4824 4720 4734
f 4735 4721 4824
f 4721 4720 4824
f 4828 4722 4735
f 4724 4722 5098
f 5099 2278 2174
f 5099 2174 5100
f 4890 3108 3107
f 3220 3199 3221
f 4851 3199 3002
f 3005 3221 3204
f 5100 2174 2280
f 5100 2280 5101
f 5102 5103 3965
f 3969 3965 5103
f 5101 2280 2281
f 5101 2281 5104
f 3179 3114 3005
f 5104 2281 2282
f 5104 2282 5105
f 5105 2282 2270
f 5105 2270 5106
f 3179 2883 3114
f 3964 5107 3965
f 3957 5108 3959
f 3959 5109 3964
f 3888 4723 3889
f 3889 5110 3954
f 5106 2270 5111
f 3117 3108 4891
f 2223 2288 5112
f 2223 5112 5078
f 2877 3117 4891
f 5113 5114 5109
f 5109 5108 5113
f 5115 5113 5108
f 5108 5110 5115
f 5116 5115 5110
f 4725 5116 5110
f 4725 5110 4723
f 2278 5099 2288
f 5112 2288 5099
f 3109 3116 5117
f 5118 5117 3116
f 5097 2292 2248
f 2290 2292 5119
f 5097 5119 2292
f 3109 5117 3111
f 2223 5078 2221
f 5120 3964 5109
f 5121 3964 5120
f 3111 5122 3100
f 4089 3041 3205
f 2932 3076 2883
f 3076 3114 2883
f 5114 5123 5120
f 5121 5120 5123
f 5124 2559 2558
f 5122 5125 3100
f 3101 3100 5125
f 8 61 2557
f 5120 5109 5114
f 4938 3121 4936
f 2932 3176 3041
f 2883 3176 2932
f 8 2557 5126
f 2560 5126 2557
f 5116 4725 5127
f 5098 5127 4724
f 2412 2968 3020
f 5109 3959 5108
f 3954 5110 3957
f 5108 3957 5110
f 5110 3889 4723
f 3116 3112 4880
f 2578 5128 2560
f 5126 2560 5128
f 2559 5124 5129
f 2559 5129 2568
f 2966 4851 2968
f 5128 2569 5130
f 3011 3010 4851
f 5131 5132 5102
f 5103 5102 5132
f 5132 5133 5103
f 5107 5131 5102
f 5121 5134 5107
f 5135 5103 5133
f 5123 5134 5121
f 5131 5107 5134
f 5133 5136 5135
f 5137 5135 5136
f 5138 5137 5136
f 3128 4893 5139
f 5128 2578 2569
f 5139 3123 3128
f 2568 5129 5130
f 2568 5130 2569
f 2577 5140 2579
f 2403 2412 3020
f 5141 5142 3989
f 5140 2577 2586
f 3989 3973 5138
f 5138 5141 3989
f 5143 3107 3102
f 2092 2540 5144
f 2092 5144 5066
f 3973 3969 5137
f 5137 5138 3973
f 5144 2540 2539
f 5144 2539 5145
f 5107 3964 5121
f 5102 3965 5107
f 5145 2539 2536
f 5145 2536 5146
f 4708 4758 2403
f 2536 2583 5147
f 2536 5147 5146
f 2583 2592 5148
f 2583 5148 5147
f 5136 5149 5138
f 2592 2591 5150
f 2592 5150 5148
f 5150 2591 2582
f 5150 2582 5151
f 4758 4707 2403
f 5143 3102 3024
f 2582 2580 5152
f 2582 5152 5151
f 3231 5153 3084
f 2580 2570 5154
f 2580 5154 5152
f 3998 5141 5155
f 2570 2579 5156
f 2570 5156 5154
f 3084 4713 3081
f 2877 4891 1933
f 5140 5156 2579
f 5132 5131 5133
f 5136 5133 5131
f 5131 5134 5136
f 5123 5157 5134
f 5136 5134 5149
f 5113 5158 5114
f 5114 5158 5123
f 5140 2586 5159
f 5103 5135 3969
f 5159 2586 5160
f 2576 5160 2586
f 5117 5161 3111
f 2574 5162 5160
f 2574 5160 2576
f 2543 5163 5162
f 2543 5162 2574
f 4707 4706 2403
f 3994 3989 5164
f 5135 5137 3969
f 3111 5161 5122
f 2542 5165 5163
f 2542 5163 2543
f 4935 3101 5125
f 2290 5119 5165
f 2290 5165 2542
f 3996 3994 5166
f 5166 5167 3996
f 5168 5166 3994
f 5164 5168 3994
f 2404 2403 4706
f 5141 5138 5169
f 5149 5169 5138
f 2270 368 5111
f 3036 5153 3231
f 368 367 4917
f 368 4917 5111
f 5170 5171 5172
f 4001 3999 5172
f 5170 5172 3999
f 4002 5172 4003
f 5171 4003 5172
f 3229 4715 3038
f 5173 5174 4004
f 4004 5174 4002
f 3038 5153 3036
f 5170 4088 5171
f 5139 5175 3123
f 5175 4896 3123
f 869 3051 868
f 3122 3051 861
f 866 867 3122
f 2567 2474 5168
f 5168 5164 2567
f 5164 5176 2567
f 5176 5142 2567
f 5142 5174 2567
f 4016 2567 5174
f 5177 4016 5174
f 5173 5177 5174
f 5172 4002 5174
f 3034 5178 3229
f 3133 860 3131
f 3986 3992 5179
f 859 5180 3131
f 3998 4001 5174
f 5172 5174 4001
f 5181 5179 3992
f 3045 4764 3034
f 5166 5168 2474
f 2474 2647 5166
f 2646 5181 2647
f 5167 5166 2647
f 3021 3016 4920
f 4708 3081 4713
f 4918 3043 5005
f 5173 4102 5177
f 4016 4102 4010
f 5047 3030 5053
f 2856 4776 2857
f 2857 4764 3045
f 2748 4892 2856
f 3992 3996 5181
f 5167 5181 3996
f 4980 5182 3027
f 5182 4927 3027
f 5176 5164 3989
f 5142 5176 3989
f 5174 5142 5141
f 3998 5174 5141
f 2645 2515 5183
f 4997 3026 4985
f 5184 5185 992
f 3910 5016 893
f 991 893 5016
f 991 5184 992
f 5167 2647 5181
f 2505 2645 5179
f 5183 5179 2645
f 2515 2643 5183
f 5021 1721 5186
f 5179 5183 3986
f 1142 3981 5183
f 3981 3986 5183
f 3096 4952 5085
f 1143 1132 1131
f 5183 1143 1142
f 4983 1144 1152
f 1152 1155 1154
f 1154 4983 1152
f 5035 3048 5085
f 1143 5183 2643
f 4869 5187 3089
f 5187 877 3089
f 3166 3089 877
f 4037 1143 2643
f 4457 5049 4458
f 4457 4460 5188
f 1727 5189 4460
f 1721 5021 1727
f 4458 5049 4462
f 5185 5186 992
f 5049 4457 5188
f 5009 4462 5049
f 4465 4462 5009
f 1827 1132 4037
f 1190 1132 1827
f 4871 3132 5091
f 4874 5190 3091
f 4869 3091 5190
f 5188 4460 5189
f 1721 992 5186
f 5189 1727 5021
f 1143 4037 1132
f 5094 5191 3097
f 5191 868 3097
f 1189 1141 1190
f 5192 3047 5096
f 3047 3044 5096
f 5192 5094 3047
f 878 3044 880
f 3107 5143 5193
f 5193 4890 3107
f 2505 5179 2646
f 5179 5181 2646
f 3024 4888 5194
f 3024 5194 5143
f 5026 5195 3795
f 3956 5027 3795
f 5026 3795 5027
f 5195 4468 3795
f 4473 3795 4471
f 4471 3795 4468
f 4109 4101 4028
f 4120 4109 4028
f 4117 4120 4028
f 4101 1342 4028
f 4123 4117 4028
f 4049 4123 4028
f 4102 4124 4071
f 4011 4102 4071
f 4061 4124 4049
f 1343 4028 1342
f 5196 5197 5198
f 5199 380 363
f 5157 5200 5201
f 5202 5203 5158
f 5204 5205 5206
f 5207 5202 5208
f 5118 3116 4880
f 5198 5207 5208
f 3126 3212 5209
f 3126 5209 4893
f 5210 5211 3998
f 5211 5212 3998
f 5169 5155 5141
f 5213 5206 4084
f 5212 5214 3999
f 4888 3025 4896
f 5215 5204 5216
f 5201 5217 5216
f 5155 5210 3998
f 866 3122 861
f 841 3127 867
f 3127 3122 867
f 3999 3998 5212
f 1908 3125 844
f 841 844 3127
f 859 3131 860
f 5206 5216 5204
f 4473 4484 3795
f 5091 3131 5180
f 4488 3795 4484
f 842 3135 840
f 860 3133 870
f 3133 3135 870
f 3795 4488 5218
f 4490 5218 4475
f 5219 3146 3164
f 5219 3164 5220
f 893 890 3138
f 899 3139 890
f 4479 5218 4488
f 5221 5218 4479
f 3141 3143 3886
f 3141 3886 3884
f 3886 3143 3152
f 3886 3152 3686
f 893 3138 3141
f 893 3141 3884
f 5033 5032 5222
f 5223 5033 5222
f 5224 3145 5219
f 3145 3146 5219
f 5198 5208 5115
f 5113 5115 5208
f 5158 5113 5208
f 5157 5123 5158
f 5201 5134 5157
f 5216 5134 5201
f 5206 5134 5216
f 5213 5134 5206
f 5214 5134 5213
f 5212 5134 5214
f 5211 5134 5212
f 5210 5134 5211
f 5155 5134 5210
f 5169 5134 5155
f 5149 5134 5169
f 4725 4724 5127
f 5224 5225 3145
f 5221 4475 5218
f 5226 5222 4476
f 4476 5222 4490
f 3149 5227 5228
f 3149 5228 3150
f 5158 5208 5202
f 5157 5158 5203
f 5203 5200 5157
f 5207 5198 5197
f 5229 5216 5230
f 5127 5231 5196
f 4735 4824 4829
f 5228 5232 3142
f 5228 3142 3150
f 5233 3151 5232
f 3151 3142 5232
f 5234 5235 5236
f 5237 5236 5238
f 5199 5239 5240
f 3298 3151 5241
f 5233 5241 3151
f 3379 3298 5241
f 5127 5196 5116
f 3140 5242 5243
f 5227 3149 5243
f 3140 5243 3149
f 5235 5216 5217
f 5230 5216 5235
f 5200 5217 5201
f 5225 5244 3144
f 5225 3144 3145
f 5244 5242 3140
f 5244 3140 3144
f 5226 5223 5222
f 5218 4490 5222
f 5222 5245 5218
f 874 876 3165
f 3164 3165 876
f 5098 4827 4829
f 4829 5231 5098
f 5032 5246 5247
f 5197 5196 5231
f 5127 5098 5231
f 5247 5222 5032
f 3165 3166 874
f 962 960 3137
f 5248 5247 5246
f 4823 4822 4602
f 4829 4574 5231
f 4599 4602 4822
f 5231 4589 5197
f 4826 4599 4822
f 5245 5249 5218
f 5234 5236 5237
f 5200 5250 5217
f 5203 4587 5200
f 4828 4735 4829
f 5218 5240 5239
f 5249 5240 5218
f 5115 5116 5198
f 5196 5198 5116
f 5098 4722 4827
f 3999 5214 5251
f 5252 3993 5253
f 3130 967 3177
f 5214 5213 4078
f 4078 4077 5214
f 4077 5254 5214
f 5254 5251 5214
f 5253 3993 4000
f 5255 3993 5252
f 5256 5257 5206
f 5257 4085 5206
f 5258 5256 5206
f 4085 4084 5206
f 5205 5258 5206
f 3999 5251 5170
f 3843 3923 3993
f 5259 5260 4498
f 5261 5262 5260
f 5261 5260 5259
f 5262 5263 5260
f 3993 5260 5263
f 5264 4080 5213
f 4080 4078 5213
f 4083 5264 5213
f 4084 4083 5213
f 898 897 3163
f 897 896 3090
f 5265 3993 5255
f 3930 3907 3993
f 3139 3138 890
f 5254 4088 5251
f 4077 4088 5254
f 4080 4088 4077
f 5264 4088 4080
f 4083 4088 5264
f 4085 4088 4083
f 5257 4088 4085
f 5170 5251 4088
f 3159 889 3129
f 898 3163 899
f 3139 899 3163
f 5258 4359 5256
f 5256 4088 5257
f 4503 4498 5260
f 874 3166 879
f 5265 5260 3993
f 4088 4102 4003
f 4016 5177 4102
f 4003 5171 4088
f 5205 5266 5258
f 5204 5267 5205
f 3797 4582 4511
f 3797 4511 4513
f 3797 4513 5268
f 3797 5268 5269
f 5270 5271 5269
f 5272 5271 5270
f 3797 5269 5271
f 3178 965 3134
f 1342 4101 1918
f 3173 5273 3168
f 1826 1342 1918
f 1918 5274 1826
f 5275 1826 5274
f 964 963 3134
f 3136 963 3137
f 4101 4096 1918
f 5276 1918 4096
f 3168 5276 4096
f 891 967 3129
f 3130 3129 967
f 5277 5278 5279
f 5280 5281 5279
f 5282 5283 5246
f 5281 5284 5282
f 4004 4003 4102
f 5277 5279 5281
f 4102 5173 4004
f 894 3181 3180
f 3182 3181 980
f 894 980 3181
f 4123 4049 4124
f 4061 4071 4124
f 980 977 3182
f 3185 934 3187
f 937 934 3185
f 5278 5277 5285
f 933 3188 3187
f 3188 1976 3189
f 3169 3137 960
f 5286 5281 5280
f 4011 4010 4102
f 1731 1339 5287
f 1188 1189 1826
f 1183 1188 1826
f 1184 1183 1826
f 1826 5275 1184
f 1182 1184 5275
f 1339 1182 5275
f 5287 1339 5275
f 1825 1731 5287
f 961 3170 960
f 3169 960 3170
f 961 958 3170
f 3178 3177 965
f 5237 5238 5288
f 5237 5288 5267
f 4349 3215 5267
f 5237 5267 3215
f 5237 3215 4348
f 5237 4348 5234
f 964 3134 965
f 3136 3134 963
f 5238 5289 5288
f 5266 5288 5289
f 962 3137 963
f 5283 5282 5290
f 5291 5282 5292
f 5293 5282 5291
f 5294 5282 5293
f 5290 5282 5294
f 3185 3184 937
f 5273 3173 3227
f 4359 5295 3227
f 5296 5295 4359
f 5266 5289 5296
f 5297 5296 5289
f 5297 5295 5296
f 5273 3227 5295
f 5286 5298 5281
f 5299 5300 5281
f 5300 5284 5281
f 5284 5301 5282
f 5301 5302 5282
f 5302 5292 5282
f 5248 5246 5283
f 5276 3168 5273
f 5287 5275 5274
f 5274 1794 5287
f 1825 5287 1794
f 1796 1825 1794
f 5299 5281 5298
f 932 3187 934
f 5303 5229 4383
f 4349 5204 4383
f 5229 5230 4383
f 933 1975 3188
f 1975 1976 3188
f 5304 5220 876
f 5220 3164 876
f 5296 5258 5266
f 3090 3163 897
f 5267 5204 4349
f 5288 5205 5267
f 5266 5205 5288
f 3159 3090 896
f 3159 896 1359
f 4088 5256 4439
f 5229 5303 5216
f 5215 5216 5303
f 1381 889 1359
f 3159 1359 889
f 891 3129 889
f 3166 877 879
f 4079 5305 5306
f 5307 5308 5309
f 5308 5310 5309
f 5277 5309 5285
f 5310 5285 5309
f 5311 5307 5309
f 5312 5313 5314
f 5309 5315 5311
f 5313 5316 5314
f 5305 5314 5316
f 5317 5305 5316
f 5306 5305 5317
f 4359 5258 5296
f 4439 5256 4359
f 5204 5215 4383
f 5303 4383 5215
f 5297 5318 5295
f 5318 5319 5295
f 5315 5312 5314
f 959 3180 958
f 4348 4383 5235
f 5230 5235 4383
f 5234 4348 5235
f 5217 5236 5235
f 966 965 3177
f 5311 5315 5314
f 5289 5320 5297
f 5238 5321 5289
f 5322 4760 5273
f 5276 4774 1918
f 4779 5323 1918
f 5323 1916 1918
f 5324 5325 380
f 5199 5326 380
f 5327 5328 380
f 3177 967 966
f 3183 944 945
f 3183 945 3184
f 938 3184 945
f 937 3184 938
f 2606 2605 4754
f 5329 5330 3086
f 3086 5330 3069
f 4754 3069 5330
f 2606 4754 2608
f 5331 5332 380
f 5332 5327 380
f 3180 3170 958
f 4472 4470 5330
f 959 894 3180
f 4795 2609 2971
f 5240 5333 5199
f 5334 5199 5335
f 5326 5199 5334
f 3183 3182 977
f 944 3183 977
f 3069 4754 2605
f 933 3187 932
f 2362 2361 4795
f 5329 3086 1706
f 2608 4795 2361
f 5335 5199 5336
f 1958 3189 1976
f 3197 2896 1932
f 5336 5199 5337
f 2971 2362 4795
f 1706 3086 1704
f 3195 3197 1932
f 3218 3195 5338
f 5339 5340 3088
f 5341 3088 5330
f 5329 5341 5330
f 5337 5199 5333
f 5338 3200 3218
f 5324 380 5326
f 5342 4453 5343
f 5344 5340 5339
f 5325 5331 380
f 5342 5345 4466
f 3515 5343 4453
f 4453 337 3515
f 3078 3515 337
f 5330 3088 5340
f 381 3228 1848
f 5346 5340 5347
f 5347 5340 5344
f 4464 5348 5346
f 4466 5348 4464
f 887 380 5328
f 5328 5349 887
f 5350 5351 887
f 5352 5353 887
f 5353 5354 887
f 5354 5355 887
f 887 5356 5357
f 887 5357 5358
f 887 5358 5359
f 887 5359 5360
f 887 5360 5361
f 5361 5362 887
f 5340 5346 5363
f 2896 1935 1932
f 5351 5352 887
f 1932 1931 3195
f 3195 1931 5338
f 5364 5365 3201
f 3209 3201 5365
f 5350 887 5349
f 5366 5209 3212
f 4459 4463 5347
f 5347 5344 4459
f 4464 5347 4463
f 4456 4459 5344
f 5346 5347 4464
f 5344 5339 4456
f 3087 4456 5339
f 5339 3088 3087
f 1722 1728 5341
f 5341 5329 1722
f 1706 1722 5329
f 3088 5341 1728
f 5356 887 5355
f 5364 3201 3200
f 3214 5367 3212
f 5366 3212 5367
f 5365 5368 3209
f 3211 3209 5368
f 5369 5370 5371
f 3211 5368 3214
f 5367 3214 5368
f 4469 5372 4467
f 174 249 248
f 248 247 3186
f 1909 3186 247
f 1909 843 3186
f 5373 1499 4532
f 1217 4532 1523
f 1499 1501 4532
f 1501 1512 4532
f 5374 1570 4559
f 1534 5374 4559
f 1947 1852 3207
f 1512 5375 4532
f 1948 1949 3202
f 5376 5377 5369
f 5375 1526 4532
f 1496 4546 1217
f 4467 5372 5377
f 5371 5376 5369
f 1525 4532 1526
f 1523 4532 1525
f 1570 1569 4559
f 1569 1557 4557
f 787 4557 779
f 4485 4472 5330
f 5330 5378 4754
f 4470 4467 5330
f 4467 5377 5330
f 5376 5330 5377
f 5371 5330 5376
f 5379 5330 5371
f 5378 5330 5379
f 4810 4754 5378
f 5380 3200 5338
f 4557 4559 1569
f 3200 5380 5364
f 5363 5346 5348
f 5345 5348 4466
f 5343 5345 5342
f 5381 5382 5340
f 5383 5340 5382
f 5363 5381 5340
f 5384 5340 5383
f 1911 3213 1910
f 3125 1910 3213
f 779 4557 1557
f 4559 4546 1534
f 5385 4554 1549
f 787 1564 4554
f 1549 4554 1564
f 3208 3213 1977
f 1911 1977 3213
f 1977 1956 3206
f 1977 3206 3208
f 5384 5386 4489
f 3202 3206 1943
f 1944 3202 1943
f 1948 3202 1944
f 1908 1910 3125
f 3127 844 3125
f 5381 5363 3601
f 5383 5386 5384
f 4535 5387 4531
f 845 3171 843
f 5363 5348 3601
f 381 1848 382
f 1947 3207 1946
f 3196 1946 3207
f 4532 4531 5373
f 2894 3207 1852
f 1956 1943 3206
f 3196 3202 1949
f 3196 1949 1946
f 1352 1351 4542
f 5343 3514 5345
f 3515 3514 5343
f 173 249 174
f 3222 1959 3223
f 286 3223 1959
f 4542 1351 4535
f 5382 5381 3601
f 5348 3514 3601
f 5345 3514 5348
f 1958 1959 3189
f 3222 3189 1959
f 150 153 348
f 348 347 1674
f 286 151 3223
f 4478 4480 5388
f 4480 4474 5388
f 4474 4477 5388
f 4477 5389 5388
f 5389 5390 5388
f 5029 5388 5390
f 5391 5372 4469
f 5369 5377 5372
f 4469 5029 5391
f 5390 5391 5029
f 1620 1352 1619
f 1609 1352 1620
f 4218 4219 4714
f 3432 5016 3433
f 4480 4487 5384
f 5340 5384 4487
f 5330 5340 4487
f 4485 5330 4487
f 4221 5392 4223
f 991 3434 5184
f 4489 4474 5384
f 4474 4480 5384
f 3436 5186 3440
f 5185 5184 3440
f 3434 3440 5184
f 4715 4214 4218
f 5389 4477 5386
f 4477 4489 5386
f 5390 5389 5386
f 5391 5390 5386
f 5382 3601 5383
f 5386 5393 5391
f 5394 5395 5396
f 5372 5391 5393
f 4212 5397 4215
f 5218 3414 3795
f 5397 4759 4215
f 5398 5399 5400
f 5401 5402 5403
f 5403 5398 5400
f 5404 5402 5401
f 5398 5403 5402
f 5405 5400 5399
f 4825 5405 5399
f 4825 5399 4816
f 4825 3908 4507
f 4023 4217 4024
f 4231 4229 4738
f 5406 4738 4229
f 5405 4825 4507
f 363 362 3224
f 5199 363 3224
f 4499 5369 4500
f 3454 5246 3478
f 5396 5407 5369
f 4223 5392 4229
f 5372 5408 5369
f 5379 5371 5370
f 3476 4476 3474
f 4741 4228 4738
f 5221 4479 3474
f 5409 4500 5407
f 4500 5369 5407
f 5408 5396 5369
f 5410 5411 5412
f 5410 5412 4504
f 3477 5029 3455
f 4230 5413 4733
f 5401 4502 4504
f 4504 5412 5414
f 4224 5415 4222
f 5247 5248 3484
f 5416 5417 5378
f 5378 5379 5416
f 4222 5415 4216
f 4466 4465 3419
f 5009 3416 4465
f 3415 5009 5049
f 4711 4213 5418
f 5188 3413 5049
f 4506 5416 5379
f 5417 4981 5378
f 4810 5378 4981
f 4877 5419 4235
f 5370 5420 5379
f 5420 4507 5379
f 4507 4506 5379
f 3226 206 4453
f 4233 5421 4226
f 5342 4466 3420
f 3419 3420 4466
f 5422 5423 4226
f 4227 4226 5423
f 7 9 5023
f 5420 5370 5403
f 4499 5403 5370
f 5369 4499 5370
f 4507 5420 5403
f 4502 5403 4499
f 5401 5403 4502
f 5403 5400 4507
f 5400 5405 4507
f 5342 3420 4453
f 3226 4453 3420
f 4216 5424 4747
f 4819 4818 4816
f 4826 4820 4819
f 60 7 5025
f 3910 3433 5016
f 5425 5426 4227
f 4510 4509 5427
f 5428 4510 5427
f 5189 3435 5188
f 3413 5188 3435
f 4514 5404 5427
f 4509 4514 5427
f 5401 5429 5404
f 5429 5427 5404
f 5185 3440 5186
f 5430 28 26
f 23 5431 5028
f 5430 5432 28
f 30 28 5432
f 4708 4225 4758
f 5010 27 5433
f 3435 5189 5021
f 5399 5398 4816
f 4819 4816 5398
f 5398 5402 4819
f 5402 5404 4819
f 5404 4514 4819
f 4826 4819 4514
f 4826 4514 4510
f 5428 4826 4510
f 5434 4826 5428
f 5435 5436 30
f 5437 5438 5439
f 3436 5021 5186
f 5440 5412 5441
f 5442 22 5443
f 4469 4468 3453
f 5195 3456 4468
f 3453 4468 3456
f 5444 5409 5407
f 5412 5411 5407
f 5411 5444 5407
f 5442 5445 22
f 5026 3456 5195
f 4714 5153 4218
f 5446 69 68
f 4221 4220 5447
f 4761 5447 4220
f 5441 5412 5439
f 5448 5414 5440
f 5408 5372 5449
f 5450 5449 5372
f 5393 5450 5372
f 4221 5447 5392
f 5451 5452 5453
f 5395 5454 5453
f 5451 5453 5455
f 5452 5456 5453
f 22 69 5443
f 5446 5443 69
f 3453 5029 4469
f 5449 5457 5394
f 5458 5459 5393
f 3391 5027 3956
f 5460 5461 59
f 4715 5178 4212
f 5462 5463 5464
f 5465 5463 5462
f 5439 5466 5437
f 5464 5463 5466
f 3391 3956 3789
f 5153 4715 4218
f 5467 68 67
f 4212 5178 5397
f 5218 5239 3414
f 5199 3224 5239
f 3414 5239 3224
f 5394 5454 5395
f 4761 4220 4759
f 4220 4215 4759
f 5450 5468 5449
f 3346 3795 3414
f 3478 5033 3476
f 5223 3476 5033
f 5226 3476 5223
f 58 5469 5460
f 58 5460 59
f 4648 4733 4778
f 5051 63 62
f 5407 5396 5462
f 5465 5462 5396
f 5470 5465 5396
f 5471 5470 5396
f 5453 5471 5396
f 5464 5407 5462
f 5395 5453 5396
f 5396 5408 5449
f 5449 5394 5396
f 5439 5407 5466
f 5466 5407 5464
f 4648 4778 4736
f 4517 4516 5472
f 5472 4516 4736
f 4475 3474 4476
f 5226 4476 3476
f 5221 3474 4475
f 57 5473 58
f 5438 5474 5440
f 5448 5474 5475
f 5440 5441 5438
f 5475 5476 5477
f 5478 5479 5477
f 5470 5480 5465
f 5481 5479 5482
f 5482 5483 5481
f 5406 4229 5392
f 3475 3474 4479
f 4478 3475 4479
f 5477 5484 5475
f 5475 5414 5448
f 3475 4478 3477
f 5388 3477 4478
f 5485 5486 5483
f 5413 4230 4741
f 5388 5029 3477
f 5481 5477 5479
f 5476 5475 5487
f 5478 5477 5476
f 5054 4682 5057
f 5247 3484 5222
f 3483 5222 3484
f 5437 5463 4558
f 5474 5438 4558
f 5487 5474 4558
f 4224 5488 5415
f 3483 5245 5222
f 5424 4216 5415
f 5062 31 5011
f 5414 5484 4504
f 5401 4504 5484
f 5484 5429 5401
f 5427 5489 5434
f 4599 5434 5489
f 5427 5490 5489
f 5418 4213 4748
f 4678 5062 5491
f 5492 4233 5419
f 4235 5419 4233
f 5064 4678 5491
f 5422 4226 5421
f 5492 5421 4233
f 4676 5014 5067
f 5425 4227 5423
f 5477 5481 5429
f 5427 5429 5481
f 5484 5477 5429
f 5412 5440 5414
f 5414 5475 5484
f 5407 5439 5412
f 5490 5427 5481
f 5481 5486 5490
f 5261 3457 3459
f 4677 4676 5068
f 5069 4677 5068
f 3624 482 5493
f 3624 5494 483
f 482 3624 483
f 5459 5495 5393
f 5450 5393 5495
f 5496 5450 5495
f 5488 4224 5426
f 4227 5426 4224
f 482 5497 5493
f 5393 5386 5458
f 3601 5458 5386
f 421 5498 390
f 3607 3608 5499
f 5494 5500 384
f 384 483 5494
f 21 5018 5079
f 5500 401 384
f 3608 390 5498
f 5501 5077 70
f 5499 3608 5498
f 5501 70 5079
f 421 401 5498
f 401 5500 5498
f 5500 5494 5498
f 5499 5498 5494
f 5494 3624 5499
f 3607 5499 3624
f 5493 3605 3624
f 3601 3600 5493
f 5386 5383 3601
f 3605 5493 3600
f 5261 3459 3505
f 3601 5493 5497
f 5502 3601 5497
f 483 484 482
f 4237 5503 4236
f 5457 5449 5504
f 5454 5394 5505
f 5455 5453 5454
f 5506 4238 4236
f 20 5507 5431
f 20 5431 23
f 5508 4246 4245
f 3406 3402 5272
f 26 5028 5509
f 5510 5471 5456
f 5471 5453 5456
f 5511 5471 5510
f 5512 5470 5511
f 5480 5470 5512
f 5463 5465 5480
f 5470 5471 5511
f 3407 3406 5272
f 5505 4533 5454
f 5509 5430 26
f 5458 4533 5459
f 5513 4250 1426
f 5505 5394 5514
f 5514 4533 5505
f 5457 4533 5514
f 5515 30 5432
f 5435 30 5515
f 5268 4513 3890
f 5514 5394 5457
f 5265 5255 3408
f 4254 5508 4245
f 5516 5517 29
f 5517 5031 29
f 5433 27 5031
f 5504 4533 5457
f 5468 4533 5504
f 5455 5454 4533
f 5504 5449 5468
f 29 30 5436
f 29 5436 5516
f 5459 4533 5495
f 5496 4533 5468
f 5495 4533 5496
f 4270 5518 4248
f 3408 3878 5265
f 5468 5450 5496
f 20 22 5445
f 20 5445 5507
f 4533 4534 5455
f 4247 4248 5519
f 5520 5458 3601
f 68 5467 5446
f 5451 5455 4534
f 5520 4533 5458
f 5452 5451 4534
f 5521 1439 1438
f 3492 3494 5277
f 5437 5466 5463
f 5521 1438 4252
f 5521 4252 5522
f 3883 5309 3494
f 57 5034 5473
f 5520 3601 5523
f 64 5524 65
f 5525 65 5524
f 4205 5526 4237
f 4486 5526 4205
f 5510 5456 4547
f 5456 5452 4547
f 4534 4547 5452
f 4547 4560 5510
f 5511 5510 4560
f 5385 1549 1548
f 1564 1257 1549
f 5527 5486 5485
f 61 59 5528
f 5124 61 5528
f 2558 61 5124
f 5461 5528 59
f 5441 5439 5438
f 5448 5440 5474
f 5529 5530 4204
f 4187 4204 5530
f 5487 5475 5474
f 65 5525 67
f 5531 67 5525
f 5294 5293 3952
f 5530 4168 4187
f 5531 5467 67
f 4168 5532 1548
f 5533 5534 4239
f 2558 2557 61
f 4238 5533 4239
f 5480 5512 4560
f 4560 4558 5480
f 5512 5511 4560
f 5463 5480 4558
f 5479 5478 4558
f 5478 5476 4558
f 5476 5487 4558
f 8 5126 62
f 5126 5535 62
f 5536 62 5535
f 5506 4236 5503
f 4521 5537 1629
f 5537 5538 1629
f 1621 4521 1629
f 5538 481 1629
f 1592 1629 481
f 481 5539 1592
f 5539 5540 1592
f 5051 62 5536
f 5541 5542 4246
f 5540 5543 4520
f 5544 5545 4530
f 1408 4530 5545
f 5034 60 5025
f 5546 5547 4240
f 5529 4204 5547
f 5469 58 5473
f 4250 5513 5548
f 4250 5548 4251
f 5438 5437 4558
f 64 63 5052
f 64 5052 5549
f 64 5549 5524
f 4251 5550 4254
f 4254 5550 5508
f 5523 5502 4541
f 4541 4536 5523
f 5502 5497 4541
f 5551 5552 76
f 86 76 5552
f 5553 86 5552
f 34 5554 5552
f 5555 5556 76
f 4521 4541 5497
f 5513 1426 1425
f 5314 5305 3940
f 481 497 5539
f 5519 4248 5518
f 5540 478 5543
f 497 479 5539
f 5557 5543 478
f 5558 5555 76
f 5519 5559 4247
f 4533 5520 4536
f 5482 5479 4558
f 5523 4536 5520
f 5522 4252 4253
f 3939 5311 3940
f 5502 5523 3601
f 1469 1437 1439
f 5317 3893 4173
f 3935 3934 5312
f 5559 4253 4247
f 3883 3935 5312
f 5553 5552 5554
f 5560 5551 76
f 5556 5560 76
f 5503 4237 5526
f 5561 5558 76
f 74 5562 76
f 5317 4173 4054
f 5305 4079 4017
f 5561 76 5562
f 5563 5562 74
f 5540 5539 479
f 5497 482 5537
f 5537 4521 5497
f 5538 482 481
f 5538 5537 482
f 73 5563 74
f 4168 5530 5532
f 5385 1548 5532
f 4520 1592 5540
f 105 98 104
f 104 98 93
f 4530 4520 5543
f 5543 5557 4530
f 5563 73 5564
f 4238 5565 5533
f 1608 5566 1609
f 4542 1619 1352
f 5557 5544 4530
f 4548 1408 272
f 5545 272 1408
f 272 273 4548
f 1687 4548 273
f 273 499 1687
f 1689 1687 499
f 1689 536 246
f 72 5564 73
f 5567 5564 72
f 4238 5506 5565
f 5557 478 5544
f 235 5567 72
f 499 536 1689
f 536 783 246
f 4246 5508 5541
f 404 5568 405
f 4240 4246 5542
f 5546 4240 5542
f 1458 1467 4883
f 245 246 783
f 4240 5547 4204
f 1301 4845 1311
f 538 563 478
f 563 4860 478
f 4860 270 478
f 5545 478 272
f 5545 5544 478
f 478 5540 479
f 272 478 270
f 271 500 273
f 246 254 4553
f 5548 5569 4251
f 5527 5485 4553
f 4251 5569 5550
f 4532 1217 4546
f 5387 5373 4531
f 5387 4535 1207
f 1207 4535 1491
f 4558 4553 5483
f 5483 5482 4558
f 5485 5483 4553
f 374 405 5570
f 405 5568 5570
f 5568 5571 5570
f 5572 5571 5573
f 5489 5574 4569
f 5575 5489 4568
f 4569 4568 5489
f 5575 4602 5489
f 4569 5574 4577
f 1491 4535 1351
f 4577 5576 4578
f 1294 5566 1371
f 1371 5566 1608
f 5577 5522 4253
f 4576 4575 5250
f 4575 4592 5250
f 5578 5250 4592
f 4579 5236 4592
f 4580 5321 4579
f 5579 5321 4580
f 4593 5231 4732
f 4732 4705 4593
f 371 264 5567
f 5580 5567 264
f 5581 5582 258
f 5582 5583 258
f 366 258 5583
f 5584 366 5583
f 5585 366 5584
f 5250 5200 4576
f 5559 5577 4253
f 4576 5200 4587
f 5566 1293 5586
f 1293 1314 5586
f 1352 1609 5566
f 1319 1400 4837
f 1313 1319 4837
f 258 357 5587
f 5588 357 5589
f 4587 5202 4589
f 5207 4589 5202
f 1293 5566 1294
f 5587 5590 258
f 5590 5581 258
f 4239 5534 4249
f 5489 4600 4599
f 5434 5428 5427
f 4600 5489 4602
f 5591 4266 4249
f 5585 5580 369
f 4840 4837 1400
f 264 369 5580
f 5570 5592 374
f 4826 5434 4599
f 4829 4823 4602
f 5575 4829 4602
f 4568 4829 5575
f 4572 4829 4568
f 4574 4829 4572
f 4598 5231 4574
f 4612 5231 4598
f 4583 4593 4710
f 4700 4710 4593
f 4705 4700 4593
f 4739 4732 5231
f 4589 5231 4593
f 5197 4589 5207
f 4846 4840 1400
f 4263 5593 4243
f 5594 357 5595
f 5576 4577 5574
f 5596 4578 5576
f 5597 5598 5489
f 5597 5489 5490
f 5593 5599 4243
f 5600 5601 290
f 5601 5602 290
f 369 366 5585
f 1400 1311 4846
f 4884 4883 1467
f 1467 1466 4884
f 1466 1705 4884
f 4895 4884 1705
f 5603 4894 1705
f 1469 5604 1705
f 5605 5606 5521
f 235 371 5567
f 5607 4067 5608
f 5608 4067 5609
f 5610 5609 4063
f 4063 5609 4067
f 4063 4604 5610
f 5596 5610 4604
f 4604 4578 5596
f 4504 3508 5410
f 5572 5570 5571
f 4611 5231 4612
f 3501 3993 3461
f 5486 5611 5576
f 5610 5596 5611
f 4739 5231 4611
f 5612 5613 5614
f 254 5615 5486
f 5481 5483 5486
f 5527 254 5486
f 5611 5486 5615
f 5263 5262 3461
f 5259 4498 3457
f 5609 5610 5616
f 5571 5612 5573
f 5613 420 5614
f 5574 5489 5598
f 5617 1657 1656
f 104 93 102
f 5611 5616 5610
f 5596 5576 5611
f 5576 5574 5486
f 5574 5598 5486
f 5597 5490 5486
f 5598 5597 5486
f 93 5614 102
f 315 102 5614
f 420 415 5614
f 4279 5617 1656
f 415 315 5614
f 5618 5619 4653
f 4653 4508 5618
f 4508 4619 5618
f 4619 4618 5618
f 4618 4684 5618
f 5607 5618 4684
f 5607 4684 4067
f 3505 5262 5261
f 5620 5621 4260
f 4686 4643 5619
f 4643 4653 5619
f 5622 357 5623
f 5595 357 5622
f 5587 357 5588
f 5589 357 5594
f 5410 3495 3507
f 5624 5625 5619
f 5618 5624 5619
f 4686 5619 5625
f 4266 5591 5626
f 4511 4582 3891
f 4691 5625 4695
f 296 5623 357
f 296 290 5602
f 5623 296 5602
f 4265 4266 5627
f 5626 5627 4266
f 3402 1868 3797
f 5628 4262 5629
f 4264 5629 4262
f 1301 1454 1380
f 3402 5271 5272
f 5628 5630 4262
f 4894 4895 1705
f 5631 998 5632
f 4263 5633 5593
f 1508 1535 4546
f 999 998 5634
f 5268 3890 3877
f 5635 999 5634
f 5636 5632 1011
f 1496 1495 4546
f 4264 4265 5629
f 5627 5629 4265
f 4243 5599 4244
f 5255 5252 3408
f 1495 1508 4546
f 4557 787 4554
f 1535 1534 4546
f 4241 4244 5637
f 5638 5637 4244
f 5639 4550 4712
f 5640 1792 4269
f 5641 999 5635
f 4271 5642 4269
f 4712 4709 4024
f 4024 4709 4022
f 5643 999 5641
f 5637 4242 4241
f 4588 4591 2398
f 2398 2397 4588
f 5614 93 5644
f 92 1006 5644
f 278 374 5645
f 5645 5646 278
f 5646 5647 278
f 4742 4610 2398
f 4586 4588 2397
f 4260 4281 5648
f 5592 5645 374
f 290 278 5647
f 5647 5600 290
f 5573 5612 5614
f 3916 3917 5278
f 5649 4283 1643
f 1644 1643 4283
f 4591 4731 2398
f 4584 4709 4591
f 5278 3915 3916
f 5650 4277 4283
f 5650 4283 5649
f 5651 34 5652
f 4277 5650 4278
f 5653 4278 5650
f 5279 3917 3901
f 165 171 83
f 44 5654 42
f 4278 5653 4280
f 5655 4280 5653
f 3903 3952 5293
f 5655 5656 4280
f 4281 4280 5656
f 4701 4731 4591
f 4742 2398 4731
f 4614 4573 2398
f 1869 1866 4573
f 3796 4573 4571
f 3796 4571 4567
f 3796 4567 4585
f 4581 3797 4585
f 4582 3797 4581
f 3796 4585 3797
f 163 164 49
f 44 164 5654
f 5652 42 5654
f 5554 34 5651
f 42 5652 34
f 4026 4709 4584
f 4279 5657 5617
f 3484 5248 4005
f 5620 4260 5658
f 5648 5658 4260
f 53 56 1026
f 3903 5293 3904
f 4998 4258 5621
f 4260 5621 4258
f 4022 4709 4026
f 1008 1006 92
f 5292 5302 3924
f 5591 4249 5534
f 1866 1865 4573
f 3925 5301 3927
f 3796 1869 4573
f 5284 3926 3927
f 5298 5286 3900
f 4609 4614 2398
f 1865 2398 4573
f 5633 4263 5630
f 4263 4262 5630
f 4005 5290 3952
f 3904 5291 3924
f 5659 4244 5599
f 5282 5246 3454
f 5306 4046 4079
f 4041 4030 4046
f 4040 4030 4041
f 4608 4032 4040
f 4045 4603 4608
f 4035 4603 4045
f 4603 4032 4608
f 4030 4040 4032
f 4079 4046 4030
f 4695 5660 4697
f 5638 4244 5659
f 4697 5660 5661
f 4529 4528 4698
f 79 171 80
f 85 165 83
f 49 80 163
f 97 165 90
f 90 165 85
f 107 157 97
f 115 157 107
f 118 157 115
f 5579 4580 4710
f 4710 4697 5579
f 1613 4269 1792
f 5640 4269 5642
f 4692 4698 4528
f 4698 4712 4529
f 139 188 137
f 130 187 118
f 163 80 171
f 5662 5660 4695
f 5663 5661 5660
f 4242 5637 5664
f 4512 4529 4712
f 4528 4519 4692
f 5664 5665 4401
f 5664 4401 4242
f 4691 4686 5625
f 5608 5616 5607
f 5607 5624 5618
f 5609 5616 5608
f 5624 5607 5616
f 5625 5666 4695
f 5666 5662 4695
f 320 11 378
f 44 49 164
f 4401 5667 4271
f 5642 4271 5667
f 5665 5667 4401
f 4580 4583 4710
f 165 97 157
f 5656 5648 4281
f 79 83 171
f 5668 253 5669
f 5670 5671 253
f 5666 253 5662
f 5672 5670 253
f 5625 253 5666
f 5624 253 5625
f 5673 5674 5660
f 4701 4591 4702
f 4702 4591 4709
f 5673 253 5674
f 5675 5674 253
f 5662 253 5673
f 5674 5675 5660
f 5662 5673 5660
f 187 130 188
f 5671 5660 5675
f 5676 14 13
f 1658 1655 1657
f 5677 5678 5679
f 5679 251 5676
f 157 118 187
f 134 188 130
f 134 137 188
f 5669 5678 5677
f 4610 4609 2398
f 5675 253 5671
f 5007 5657 4279
f 208 140 202
f 208 212 140
f 1041 140 212
f 5669 5677 5660
f 5679 5676 5660
f 5676 13 5660
f 13 15 5660
f 15 50 5660
f 230 5660 50
f 5668 5669 5660
f 5680 230 52
f 140 188 139
f 1031 188 140
f 215 188 1031
f 3972 4294 5361
f 5362 5361 4294
f 140 1041 1031
f 5362 4294 4295
f 5579 5661 5320
f 5661 5663 5320
f 5318 5320 5663
f 5321 5579 5320
f 5236 4579 5321
f 5578 4592 5236
f 5680 378 5447
f 4501 5639 4549
f 5661 5579 4697
f 647 2989 140
f 5318 5297 5320
f 4644 4690 4519
f 4665 4505 4519
f 4690 4692 4519
f 4512 4712 4156
f 4156 4712 4157
f 3553 3283 3284
f 203 3017 226
f 3085 226 3017
f 140 3017 202
f 5321 5238 5236
f 5236 5217 5578
f 5578 5217 5250
f 5681 5682 4303
f 5322 5319 5683
f 5683 5684 5322
f 2893 3057 1054
f 4540 4094 4115
f 4094 4093 4518
f 4150 4540 4151
f 4115 4151 4540
f 4093 4665 4518
f 4519 4518 4665
f 5684 230 5322
f 5319 5318 5663
f 5663 5683 5319
f 4518 4115 4094
f 4505 4644 4519
f 257 263 1287
f 1227 1212 263
f 373 379 5413
f 56 1043 1026
f 1026 1043 1027
f 3962 5685 4303
f 4761 4760 230
f 4760 5322 230
f 4163 5639 4501
f 4163 4550 5639
f 1046 1043 56
f 4157 4712 4550
f 5447 4761 5680
f 230 5680 4761
f 1310 1027 1043
f 5406 5392 378
f 4709 4712 4698
f 4738 5406 373
f 1018 1027 1302
f 1310 1302 1027
f 1302 1304 1018
f 4295 5686 5362
f 3492 5281 3454
f 4779 2177 5323
f 1916 5323 2130
f 4733 2286 4778
f 2130 5323 2177
f 4778 2177 4779
f 5277 3494 5309
f 5315 5309 3883
f 3917 5279 5278
f 3578 4314 4313
f 5320 5289 5321
f 5202 4587 5203
f 5273 5295 5319
f 5319 5322 5273
f 4760 4765 5273
f 5276 5273 4765
f 4765 4774 5276
f 4777 1918 4774
f 4779 1918 4777
f 1917 2128 5274
f 1794 5274 2128
f 5274 1918 1917
f 5644 1006 5643
f 5631 5634 998
f 92 5644 93
f 999 5643 1006
f 1011 5632 998
f 4304 4303 5682
f 4741 4738 373
f 378 373 5406
f 5413 4741 373
f 5392 5447 378
f 4733 5413 379
f 379 2286 4733
f 2286 5687 4778
f 2177 4778 5687
f 5688 5689 4304
f 4305 4304 5689
f 4305 5689 4311
f 5690 4311 5689
f 378 5680 320
f 227 3085 275
f 275 1235 263
f 1235 275 3085
f 1234 263 1235
f 1234 1250 263
f 1282 263 1250
f 1282 1897 263
f 5690 4312 4311
f 379 372 2286
f 5687 2286 2259
f 2177 5687 2259
f 2259 2157 2177
f 52 320 5680
f 5671 5670 5660
f 1212 1211 263
f 1287 263 1211
f 1227 263 1897
f 4314 3578 4315
f 3580 4315 3578
f 5683 5663 5660
f 3580 3582 4315
f 230 5684 5660
f 5684 5683 5660
f 5677 5679 5660
f 5670 5672 5660
f 5672 5668 5660
f 11 10 378
f 5615 5691 5611
f 283 5636 1011
f 5616 5611 5692
f 5692 5693 5616
f 5691 5692 5611
f 3553 3284 4316
f 1011 2454 283
f 5694 253 5616
f 5678 5669 253
f 5624 5616 253
f 305 2076 302
f 5672 253 5668
f 47 50 14
f 4483 4673 5639
f 4673 4170 5639
f 4482 4481 5639
f 4481 3785 5639
f 3785 3784 5639
f 3784 4497 5639
f 4689 5639 4497
f 4170 4482 5639
f 5639 4689 4491
f 5695 5686 4302
f 4295 4302 5686
f 302 2093 303
f 303 2211 312
f 51 50 47
f 5693 5694 5616
f 4483 5639 4486
f 251 5679 5678
f 5639 5424 4486
f 313 312 2183
f 284 283 2454
f 2093 302 2065
f 309 2438 305
f 14 5676 251
f 4302 3287 5695
f 5696 5695 3287
f 4491 4493 5639
f 4493 4492 5639
f 5697 5685 3962
f 4549 5639 4492
f 2273 2215 341
f 2215 2484 334
f 341 340 2273
f 340 345 2273
f 345 325 2272
f 325 313 2272
f 2183 2272 313
f 335 334 2484
f 3962 3984 5697
f 51 47 46
f 14 251 45
f 5678 241 251
f 5678 253 241
f 5694 243 253
f 5694 5693 243
f 5693 5692 243
f 5691 243 5692
f 5615 243 5691
f 254 243 5615
f 5527 4553 254
f 4313 5698 3578
f 2094 303 2093
f 5688 4304 5682
f 2454 2060 284
f 288 284 2060
f 4020 4586 2397
f 4590 4020 2397
f 4706 4699 2404
f 5699 4312 5690
f 2397 2404 4590
f 4699 4590 2404
f 4714 3084 5153
f 2060 2432 288
f 2438 309 2443
f 2076 305 2438
f 2432 1952 309
f 1952 2100 309
f 2065 302 2066
f 5699 5698 4312
f 4313 4312 5698
f 4713 3084 4714
f 309 288 2432
f 2066 302 2076
f 2100 2099 309
f 2099 2108 309
f 4715 3229 5178
f 5178 3034 5397
f 5397 3034 4759
f 4316 4315 3582
f 5700 4316 3582
f 5153 3038 4715
f 2081 309 2083
f 2443 309 2081
f 2083 309 2108
f 5681 4303 5685
f 2856 5472 4736
f 2856 4736 4776
f 4759 3034 4764
f 4764 2857 4773
f 4773 2857 4776
f 3553 4316 5700
f 4998 5621 5419
f 392 397 2550
f 5419 4877 4998
f 4876 4864 4877
f 397 375 2550
f 392 2550 393
f 5492 5419 5621
f 5421 5492 5621
f 393 2550 466
f 375 2175 2550
f 2125 2459 2550
f 2134 2550 2459
f 2132 2550 2134
f 2153 2550 2132
f 2138 2550 2153
f 1016 2552 2138
f 1018 1320 1016
f 5422 5421 5621
f 5621 5629 5422
f 2127 2125 2550
f 4748 5639 5418
f 2175 2127 2550
f 5422 5629 5423
f 4712 4711 5639
f 5426 5425 5627
f 5423 5629 5425
f 5424 5639 4747
f 5565 5506 5415
f 2472 565 2264
f 2256 565 2472
f 4711 5418 5639
f 4747 5639 4748
f 407 409 2189
f 2271 573 2256
f 2252 573 2271
f 2240 573 2267
f 5532 5513 5385
f 5530 5548 5532
f 5529 5550 5530
f 5547 5542 5529
f 2264 407 2501
f 2501 407 2189
f 4331 5701 4333
f 5526 4486 5424
f 5702 4357 4333
f 5424 5415 5506
f 5506 5503 5424
f 5503 5526 5424
f 355 341 2215
f 2272 2273 345
f 2484 2194 350
f 1425 4554 5385
f 5541 5508 5529
f 5508 5550 5529
f 5550 5569 5530
f 5569 5548 5530
f 5513 5532 5548
f 1425 5385 5513
f 5703 5605 5521
f 5522 5704 5521
f 5577 5705 5522
f 5559 5706 5577
f 5707 5708 5559
f 5518 5709 5559
f 5519 5518 5559
f 5541 5529 5542
f 5542 5547 5546
f 2190 2189 409
f 351 350 2194
f 409 351 2194
f 2194 2190 409
f 5642 5710 5640
f 2211 303 2094
f 2183 312 2211
f 5599 5656 5659
f 5638 5655 5637
f 334 355 2215
f 350 335 2484
f 5650 5649 5665
f 5637 5653 5664
f 5653 5650 5664
f 5665 5664 5650
f 5630 5658 5633
f 456 466 2892
f 5593 5656 5599
f 5633 5656 5593
f 5659 5656 5638
f 5111 4917 5657
f 5617 5657 4917
f 495 2925 437
f 5658 5628 5620
f 5565 5415 5533
f 5591 5488 5626
f 5648 5633 5658
f 5533 5488 5534
f 5627 5425 5629
f 5488 5426 5626
f 5629 5621 5628
f 5628 5658 5630
f 5656 5633 5648
f 5653 5637 5655
f 2892 2738 457
f 456 2892 457
f 1643 5710 5649
f 5710 5642 5649
f 5642 5667 5649
f 5667 5665 5649
f 5655 5638 5656
f 3582 3554 5700
f 3553 3555 3283
f 5700 3554 3553
f 2333 573 2240
f 2267 573 2252
f 2371 574 2333
f 2369 574 2371
f 2327 578 2369
f 2513 578 2327
f 2324 578 2513
f 2413 2334 596
f 592 596 2334
f 5362 5686 887
f 5695 887 5686
f 5696 887 5695
f 3578 5698 3579
f 3769 3767 5698
f 3769 5698 5699
f 5688 4788 5689
f 5682 4797 5688
f 4791 4792 5689
f 4788 4791 5689
f 2383 553 2334
f 3767 3766 5698
f 2925 2924 2527
f 3766 3579 5698
f 553 510 2334
f 2365 578 2324
f 5711 5685 5712
f 2425 2925 2526
f 2425 437 2925
f 5697 5713 5685
f 2526 2925 2527
f 5681 5685 4783
f 510 509 2334
f 509 592 2334
f 5283 4005 5248
f 2406 2527 2924
f 5293 5291 3904
f 4786 4785 5690
f 5699 5690 4785
f 4785 4787 5699
f 3769 5699 4787
f 4792 4786 5690
f 5690 5689 4792
f 3925 3924 5302
f 596 606 2413
f 2367 2420 579
f 565 2256 573
f 4789 4788 5688
f 5284 3927 5301
f 5302 5301 3925
f 4793 4799 5688
f 5714 5715 4430
f 4806 5688 4808
f 1034 1276 1054
f 1278 1054 1276
f 3901 3900 5286
f 4800 4804 5688
f 4801 4800 5688
f 4797 5682 4798
f 4794 4793 5688
f 4802 4801 5688
f 4368 5716 4429
f 5283 5290 4005
f 1054 1035 1034
f 5717 4430 4429
f 5717 4429 5718
f 5292 3924 5291
f 4789 5688 4806
f 4803 4798 5682
f 4797 4794 5688
f 4799 4802 5688
f 4808 5688 4804
f 5713 4335 4328
f 4335 5713 4326
f 4017 3940 5305
f 2731 1075 522
f 522 2938 2731
f 1033 1036 1034
f 485 4329 4327
f 2862 2859 521
f 522 521 2938
f 3938 5311 3939
f 4831 5681 4830
f 4815 4830 5681
f 4814 4815 5681
f 4813 4814 5681
f 4803 5681 4831
f 4812 4813 5681
f 2859 2938 521
f 5314 3940 5311
f 5682 5681 4803
f 4783 4812 5681
f 4326 5719 4324
f 5720 4322 4324
f 3934 5313 5312
f 4838 4841 1314
f 5315 3883 5312
f 522 1075 1037
f 629 631 2864
f 2930 617 2762
f 521 622 2945
f 4321 5721 4323
f 5722 5723 4323
f 4054 5306 5317
f 485 4327 4325
f 4018 4017 4079
f 2945 2862 521
f 5310 5308 3915
f 5307 3938 5308
f 2946 2945 622
f 4843 1301 4844
f 5701 5724 1301
f 3501 3500 4506
f 5416 4506 3500
f 622 624 2946
f 5725 4844 1301
f 2864 2946 624
f 5702 5726 4357
f 3501 4506 3993
f 5263 3461 3993
f 2762 615 2935
f 3457 5261 5259
f 4846 1311 4845
f 4845 1301 4842
f 2935 613 2923
f 3491 3493 5444
f 5409 5444 3493
f 5701 1301 5702
f 545 554 2752
f 3505 3461 5262
f 5726 5727 4357
f 5724 5725 1301
f 4842 1301 4843
f 3496 3457 4498
f 4500 3496 4498
f 2752 2747 527
f 1301 1380 5702
f 5409 3493 4500
f 3496 4500 3493
f 545 2752 527
f 528 527 2747
f 2747 2923 528
f 5411 3507 5444
f 3491 5444 3507
f 3393 4981 3399
f 5417 3399 4981
f 5728 4344 4350
f 4836 4838 1313
f 1314 1313 4838
f 5586 1314 4841
f 3500 3399 5416
f 5417 5416 3399
f 2892 466 2550
f 2926 2925 502
f 1304 1320 1018
f 2550 2138 2552
f 3507 5411 5410
f 4834 5723 5586
f 4837 4836 1313
f 2552 1016 1320
f 5271 3402 3797
f 2739 502 2738
f 5721 5729 5586
f 5723 5722 5586
f 502 457 2738
f 3407 5272 5270
f 5269 3877 5270
f 3407 5270 3877
f 553 2383 554
f 502 2925 495
f 3877 5269 5268
f 554 2383 2752
f 2924 2752 2406
f 4509 4511 3891
f 2383 2406 2752
f 2739 2926 502
f 5722 5721 5586
f 5697 5586 5729
f 4841 4834 5586
f 3891 3890 4513
f 4509 3891 4513
f 5719 5697 5720
f 5720 5697 5730
f 5730 5697 5731
f 5252 5253 3404
f 4000 3404 5253
f 3404 3408 5252
f 4354 4356 5732
f 5733 5732 4356
f 3495 5410 3508
f 5734 4339 5735
f 4354 5735 4339
f 5731 5697 5729
f 3508 4503 3878
f 4504 4503 3508
f 5260 3878 4503
f 606 609 2413
f 2420 2413 609
f 609 579 2420
f 578 2365 579
f 2365 2367 579
f 574 2369 578
f 573 2333 574
f 407 2264 565
f 5734 5736 4339
f 5260 5265 3878
f 5737 5711 4352
f 5032 3478 5246
f 5737 5738 5685
f 5712 5685 5713
f 5711 5737 5685
f 5282 3454 5281
f 5697 5739 5713
f 3492 5277 5281
f 5697 5719 5739
f 636 638 2949
f 617 2930 638
f 2930 2949 638
f 2949 2948 636
f 615 2762 617
f 631 636 2948
f 613 2935 615
f 528 2923 613
f 2948 2864 631
f 624 629 2864
f 4347 506 4346
f 506 698 4346
f 5278 5285 3915
f 659 2989 675
f 673 675 2989
f 662 2989 659
f 670 673 2989
f 679 2989 662
f 5726 5702 1380
f 5728 5740 1449
f 5727 5726 1449
f 1380 1449 5726
f 5285 5310 3915
f 3901 5280 5279
f 5728 4350 4358
f 5741 5728 4861
f 5742 5727 1449
f 5286 5280 3901
f 2991 2990 691
f 2989 679 2990
f 647 648 2989
f 691 2990 679
f 648 670 2989
f 3926 5300 3900
f 5299 3900 5300
f 699 702 743
f 729 743 702
f 702 708 729
f 708 777 729
f 727 729 777
f 777 752 727
f 5299 5298 3900
f 5738 5743 5685
f 4783 5685 4784
f 744 747 695
f 5744 5745 4332
f 5744 4784 5745
f 5743 5745 4784
f 2967 3544 2981
f 2964 3544 2967
f 790 1001 1199
f 2961 2981 3544
f 2962 2961 3544
f 5284 5300 3926
f 5746 4811 5747
f 4784 5685 5743
f 5294 3952 5290
f 747 2995 695
f 5747 4811 5748
f 5749 4784 5750
f 5744 5750 4784
f 5748 4811 5749
f 3915 5308 3938
f 741 720 4370
f 692 695 2994
f 4428 4894 4367
f 2994 2993 692
f 2993 2992 692
f 5751 5752 4900
f 5307 5311 3938
f 691 692 2992
f 2995 2994 695
f 2991 691 2992
f 5734 5735 4900
f 4900 4899 5734
f 5753 4902 5746
f 3893 5317 5316
f 5752 5754 4900
f 5733 5751 4900
f 3017 140 2989
f 227 226 3085
f 203 202 3017
f 4054 4046 5306
f 763 4373 4392
f 3893 5316 3934
f 5313 3934 5316
f 5755 5756 4903
f 4903 4900 5754
f 5754 5755 4903
f 5756 5757 4903
f 5757 5758 4903
f 4905 4903 5758
f 5759 4905 5758
f 767 3274 765
f 5760 4905 5759
f 5732 5733 4900
f 3988 5328 4025
f 5760 5761 4905
f 4025 5332 3953
f 5331 3953 5332
f 5761 5762 4905
f 3225 727 752
f 5762 5763 4905
f 752 751 3225
f 3290 3225 751
f 754 3290 751
f 762 3290 754
f 765 3247 762
f 770 3276 767
f 715 699 743
f 3948 5335 3949
f 716 718 4380
f 5336 3950 3949
f 5764 4904 5763
f 5333 5240 3485
f 3485 5240 3483
f 774 3277 770
f 5333 3485 3950
f 5715 5714 4904
f 3946 3953 5331
f 3303 774 3230
f 822 3230 774
f 3280 774 3232
f 4378 4381 5755
f 3287 888 5696
f 4858 5741 4861
f 5740 5742 1449
f 4861 5728 1449
f 1449 1458 4889
f 4883 4889 1458
f 4889 4861 1449
f 3232 774 3303
f 5755 5754 4378
f 4376 4378 5754
f 5753 5736 4898
f 5736 5734 4899
f 4899 4898 5736
f 4902 5753 4898
f 4811 5746 4902
f 4784 5749 4811
f 982 822 774
f 3263 774 3280
f 5716 4906 5718
f 3988 3979 5349
f 5754 4375 4376
f 5717 5714 4430
f 3961 3963 5358
f 5735 5732 4900
f 4905 5763 4904
f 5764 5715 4904
f 5718 4904 5717
f 3968 3961 5358
f 4375 5751 4356
f 3257 774 3262
f 5717 4904 5714
f 3262 774 3263
f 3265 3264 1214
f 5521 5606 1439
f 1439 5604 1469
f 5707 5559 5709
f 5765 5559 5708
f 5765 5706 5559
f 5766 5577 5706
f 5766 5705 5577
f 5767 5522 5705
f 5767 5768 5522
f 5768 5704 5522
f 5703 5521 5704
f 644 4366 640
f 5349 5328 3988
f 4337 698 4338
f 640 4338 698
f 3236 3235 3509
f 3235 4728 3509
f 3237 3236 3509
f 3264 3237 3509
f 3509 1210 3264
f 1210 1214 3264
f 3502 3509 4728
f 5604 1439 5606
f 5769 1705 5604
f 5603 1705 5769
f 3976 1636 5566
f 743 744 715
f 695 697 744
f 697 715 744
f 3984 3976 5566
f 4338 640 4366
f 4910 4912 5770
f 710 4355 644
f 4366 644 4355
f 3290 762 3248
f 3248 762 3247
f 5770 5771 4910
f 763 4392 710
f 4355 710 4392
f 5772 5770 4912
f 3247 765 3274
f 5335 3948 3947
f 5773 5774 4908
f 3274 767 3275
f 3275 767 3276
f 5336 3949 5335
f 3277 774 3257
f 3276 770 3277
f 5240 5249 3483
f 5245 3483 5249
f 716 4380 4379
f 3950 5337 5333
f 4929 4924 5775
f 5775 5776 4929
f 5776 1855 4929
f 5777 653 4924
f 653 655 4924
f 3095 2984 3544
f 2984 2962 3544
f 3946 5331 5325
f 4387 4371 5757
f 5325 3944 3946
f 5759 5758 4391
f 1099 3103 1138
f 1092 3110 1099
f 5759 4391 5760
f 888 887 5696
f 5778 5779 4922
f 4387 5757 4381
f 655 5775 4924
f 1854 1762 4929
f 5352 5351 3975
f 3115 3110 1092
f 3040 3110 3115
f 3110 3104 1099
f 3103 1099 3104
f 3031 1138 3103
f 3049 1139 3031
f 5760 4391 5761
f 3979 5350 5349
f 5780 5781 4922
f 5782 5778 4922
f 5763 4393 5764
f 3972 5359 3963
f 3093 3544 3174
f 3174 3544 1012
f 1021 1014 1012
f 5781 5782 4922
f 4922 4921 5780
f 3963 5359 5358
f 5715 5764 4430
f 1278 2893 1054
f 1179 3062 3118
f 1138 3031 1139
f 1139 3049 1179
f 3217 1179 3049
f 3063 1179 3217
f 3062 1179 3063
f 3216 3119 3062
f 3118 3062 3119
f 5352 3975 5353
f 3977 5353 3975
f 5783 5784 4914
f 4921 4914 5784
f 5784 746 4921
f 5785 5786 4921
f 5787 5780 4921
f 5786 5787 4921
f 4328 5712 5713
f 3119 3216 3057
f 5353 3977 3987
f 4326 5713 5739
f 3216 1054 3057
f 739 738 4921
f 746 739 4921
f 738 5785 4921
f 3983 5356 5355
f 485 517 4329
f 5355 5354 3983
f 1199 1192 790
f 3315 3265 1214
f 3503 3502 4728
f 5788 5783 4914
f 4329 4844 4331
f 5724 4331 5725
f 5725 4331 4844
f 517 4844 4329
f 689 5788 4914
f 5739 5719 4326
f 5720 4324 5719
f 1636 1352 5566
f 5730 4322 5720
f 4320 4322 5731
f 5730 5731 4322
f 4914 4913 689
f 5789 687 4913
f 4913 4911 756
f 4911 4910 5771
f 5731 5729 4321
f 5731 4321 4320
f 5771 758 4911
f 756 755 4913
f 5772 5790 5770
f 758 756 4911
f 5722 4323 5721
f 5729 5721 4321
f 3947 5334 5335
f 4325 4323 4834
f 470 4325 4834
f 5723 4834 4323
f 5326 5334 3945
f 3947 3945 5334
f 5791 5792 4909
f 5792 5793 4909
f 5793 632 4909
f 5794 5791 4909
f 4909 4906 5794
f 4904 5718 4906
f 5795 5794 4906
f 4907 4909 632
f 470 485 4325
f 5795 4906 5716
f 632 634 4907
f 5336 5337 3950
f 3395 3394 1012
f 5702 4333 5701
f 5724 5701 4331
f 4912 4908 5772
f 5774 5772 4908
f 4908 4907 5773
f 634 5773 4907
f 5740 4358 5742
f 3444 3395 1012
f 5324 5326 3944
f 3945 3944 5326
f 4950 4940 1694
f 4352 5711 4328
f 5712 4328 5711
f 1021 1012 3394
f 5738 5737 4330
f 4352 4330 5737
f 3944 5325 5324
f 1694 1828 4950
f 1938 1939 1511
f 1937 1934 1935
f 5727 5742 4357
f 4358 4357 5742
f 5361 5360 3972
f 1623 1695 4916
f 4917 4916 1658
f 516 506 4347
f 3978 3975 5351
f 4337 4346 698
f 1623 4916 1697
f 1698 1697 4916
f 4916 4949 1698
f 3978 5351 3979
f 5350 3979 5351
f 1698 4949 1671
f 5740 5728 4358
f 1658 1657 4917
f 1657 5617 4917
f 4133 3544 790
f 5728 5741 4344
f 2963 2954 3544
f 3972 5360 5359
f 514 4342 4858
f 4344 4858 4342
f 5741 4858 4344
f 1684 4949 1685
f 4949 4950 1685
f 1833 4949 1733
f 3524 1012 3542
f 3444 1012 3524
f 3968 5358 5357
f 1744 1685 4950
f 1828 1744 4950
f 5356 3971 5357
f 3968 5357 3971
f 4342 514 4347
f 516 4347 514
f 1671 4949 1668
f 1668 4949 1833
f 4334 5750 4332
f 3983 3971 5356
f 3542 1012 3543
f 3543 1012 3544
f 1733 4949 1682
f 5743 4351 5745
f 4351 4332 5745
f 2964 2963 3544
f 4330 4351 5743
f 4330 5743 5738
f 5353 3987 5354
f 1682 4949 1684
f 2954 790 3544
f 5753 4340 5736
f 4345 5736 4340
f 4341 4340 5746
f 5753 5746 4340
f 5746 5747 4341
f 5748 4341 5747
f 3987 3983 5354
f 3093 3019 3544
f 3521 1021 3398
f 3328 1021 3521
f 4341 5748 4334
f 5749 4334 5748
f 5328 5327 4025
f 5332 4025 5327
f 3398 1021 3394
f 5744 4332 5750
f 5749 5750 4334
f 3984 5566 5586
f 1642 1661 5710
f 4932 1596 1763
f 4934 4932 1763
f 4930 4934 1763
f 1784 1576 1763
f 5586 5697 3984
f 1692 1694 4940
f 5735 4354 5732
f 1764 1763 1576
f 1021 3328 3327
f 3327 1083 1021
f 4345 4339 5736
f 5373 3951 1499
f 1500 1499 3951
f 1941 1509 1511
f 3951 5373 5387
f 3951 5387 1206
f 1662 1555 5710
f 5387 1207 1206
f 4428 4370 720
f 864 5710 1555
f 1496 1216 1494
f 1531 1529 1528
f 4428 720 4894
f 5603 4367 4894
f 5375 1512 1502
f 5604 4361 5769
f 1784 1763 871
f 1496 1217 1216
f 871 1763 1605
f 3019 3095 3544
f 1526 5375 1502
f 1793 1792 5710
f 5640 5710 1792
f 1192 3409 790
f 3423 4133 790
f 3409 3423 790
f 864 1793 5710
f 4926 4930 1763
f 712 4377 759
f 4374 759 4377
f 1526 1502 1527
f 1642 5710 1643
f 1662 5710 1661
f 1555 1764 864
f 1534 1533 4008
f 5374 1534 1571
f 4008 1571 1534
f 1226 1203 1020
f 1576 864 1764
f 4374 4373 759
f 760 759 4373
f 780 1569 1571
f 763 760 4373
f 1570 5374 1571
f 755 5789 4913
f 687 689 4913
f 712 711 4379
f 712 4379 4377
f 741 4370 4372
f 1933 4891 5338
f 5338 1931 1933
f 4891 4890 5367
f 5380 5338 4891
f 5364 5380 4891
f 5365 5364 4891
f 5368 5365 4891
f 5367 5368 4891
f 4924 4923 5779
f 4923 4922 5779
f 711 716 4379
f 5796 5777 4924
f 5779 5796 4924
f 718 741 4372
f 1001 1020 1203
f 1221 1226 1039
f 4372 4380 718
f 1020 1039 1226
f 1562 1561 4931
f 4932 4931 1561
f 1605 1763 1596
f 1561 1596 4932
f 4931 4929 1562
f 1855 1854 4929
f 1762 1562 4929
f 4371 5758 5757
f 1203 1200 1001
f 1039 1045 1221
f 1045 3315 1221
f 4371 4391 5758
f 4946 1763 4943
f 4947 1763 4946
f 4943 1763 4942
f 4941 4942 1763
f 4940 4941 1763
f 1763 1768 4940
f 4948 1763 4947
f 4925 1763 4948
f 4926 1763 4925
f 1768 1692 4940
f 1200 1199 1001
f 1214 1221 3315
f 5757 5756 4381
f 4970 4273 4967
f 4971 4273 4970
f 3498 3425 4953
f 4953 4954 3498
f 4960 3498 4954
f 4961 3497 4960
f 4962 3464 4961
f 4963 3490 4962
f 4381 5756 5755
f 2155 2148 4994
f 4994 4995 2155
f 2148 2143 4994
f 2143 2050 4994
f 2163 2155 4995
f 2050 2089 4994
f 5763 5762 4393
f 4393 5762 4391
f 4995 4996 2163
f 4992 4994 2089
f 1240 1242 5225
f 5761 4391 5762
f 2164 2163 4996
f 5754 5752 4375
f 2123 2164 4996
f 4996 4999 2123
f 5733 4356 5751
f 5752 5751 4375
f 5006 4956 3462
f 4956 4955 3462
f 3424 3462 4955
f 4955 4959 3424
f 3462 3421 5006
f 4393 4430 5764
f 5224 5219 1240
f 5225 5224 1240
f 4999 5001 2122
f 2122 2123 4999
f 2585 2122 5001
f 1273 1272 4839
f 1275 4790 1272
f 2017 2015 4989
f 4433 4432 5768
f 1252 1243 4726
f 1252 4835 1248
f 1246 4726 1243
f 1237 1248 4753
f 2015 2110 4989
f 4416 5704 5768
f 4416 5768 4432
f 4753 4752 1237
f 4987 4989 2110
f 4839 4727 1273
f 1281 1273 4727
f 2110 2575 4987
f 4447 4452 5766
f 994 982 1229
f 2143 2598 2079
f 2062 2078 2622
f 2598 2622 2078
f 2078 2079 2598
f 4405 4447 5766
f 4989 4992 2017
f 2212 2051 2143
f 2051 2050 2143
f 2079 2212 2143
f 2046 2698 2878
f 4418 4362 5605
f 5606 5605 4362
f 774 1229 982
f 1229 1237 994
f 4752 1297 1237
f 1297 994 1237
f 5605 5703 4418
f 4418 5703 4416
f 4753 1248 4780
f 4976 4978 2098
f 4982 4984 2571
f 5603 5769 4367
f 4780 1248 4835
f 4361 5604 4362
f 5606 4362 5604
f 2571 2098 4982
f 2109 2571 4984
f 4974 4976 2096
f 3980 3982 2466
f 4757 1252 4726
f 2096 2466 3982
f 3982 4974 2096
f 4978 4982 2098
f 2098 2096 4976
f 1246 1259 4727
f 4835 1252 4757
f 2119 2115 2167
f 2167 2073 2622
f 2069 2068 2622
f 2581 2119 2167
f 2135 2581 2167
f 2064 2062 2622
f 2140 2136 2618
f 2619 2595 2618
f 4363 5791 4425
f 2136 2135 2618
f 2167 2618 2135
f 4726 1246 4727
f 5776 5775 668
f 2554 2064 2622
f 2069 2622 2074
f 2073 2074 2622
f 4852 5012 4880
f 2068 2554 2622
f 2115 2073 2167
f 4847 4740 1275
f 2018 2017 4992
f 2575 2109 4984
f 2089 2112 4992
f 2112 2018 4992
f 4984 4987 2575
f 4159 4058 3468
f 3447 3429 3448
f 3445 3431 3447
f 3429 3447 3431
f 3511 3448 3429
f 3469 3468 4066
f 4414 4072 4415
f 4415 4072 4420
f 3535 4423 4072
f 4420 4072 4423
f 4424 4423 3535
f 3486 4257 3535
f 4072 4081 3535
f 3539 3535 4081
f 4729 1275 4730
f 4770 1275 4772
f 4839 1272 4790
f 1259 1281 4727
f 4850 1275 4849
f 4807 1275 4809
f 4849 1275 4807
f 4790 1275 4729
f 4850 4805 1275
f 4805 4847 1275
f 4737 4772 1275
f 4730 1275 4770
f 4737 1275 4740
f 3464 4962 3490
f 3497 4961 3464
f 5232 1337 5233
f 3490 4963 4267
f 4964 4966 4272
f 4959 4953 3425
f 3498 4960 3497
f 1853 1855 668
f 5228 5227 1337
f 5243 1337 5227
f 4964 4272 4963
f 3425 3424 4959
f 5004 5006 3421
f 5001 5003 2585
f 3421 2585 5004
f 5241 5233 3610
f 5228 1337 5232
f 5003 5004 2585
f 4454 757 758
f 5718 4429 5716
f 5795 5716 4368
f 3379 5241 3610
f 4368 4425 5794
f 4368 5794 5795
f 1337 3610 5233
f 4110 4119 4027
f 2870 4110 4027
f 2698 2689 2878
f 2689 2692 2878
f 2692 2686 2878
f 2686 2685 2878
f 2685 2681 2878
f 2681 2680 2878
f 2680 2699 2878
f 2699 2679 2878
f 2679 2676 2878
f 2879 2878 2676
f 4433 5768 5767
f 2140 2618 2595
f 5015 3039 2619
f 2595 2619 3039
f 5015 2619 2735
f 2179 2735 2619
f 2790 2716 2712
f 2790 2712 2833
f 2833 2837 2790
f 5767 5705 4433
f 4452 4433 5705
f 3886 3686 3885
f 3603 3645 3686
f 3645 3885 3686
f 3691 3611 3610
f 2724 2790 2837
f 4087 2790 2724
f 5518 4270 5709
f 5244 5225 1242
f 5766 4452 5705
f 4405 5766 5706
f 4411 4405 5706
f 4411 5706 5765
f 2790 4181 2788
f 3070 4092 3074
f 5765 5708 4411
f 4410 4411 5708
f 2788 4092 3070
f 4013 4015 2790
f 5707 4461 5708
f 4410 5708 4461
f 5707 5709 4461
f 4270 4461 5709
f 2775 3064 3056
f 5704 4416 5703
f 5243 5242 1337
f 3064 3074 3591
f 4361 4367 5769
f 3066 2758 2777
f 2769 3055 3061
f 2775 3056 2769
f 3055 2769 3056
f 3066 3061 2759
f 2758 3066 2759
f 3054 2777 2758
f 3055 2759 3061
f 4455 5770 4417
f 5770 5790 5772
f 5242 5244 1331
f 1337 5242 1331
f 4417 5772 4431
f 5774 4431 5772
f 4522 2782 4523
f 4523 2782 3054
f 2777 3054 2782
f 5773 4427 4431
f 5773 4431 5774
f 5304 876 5220
f 875 1275 876
f 5220 876 1275
f 2782 4522 3067
f 4427 634 633
f 5773 634 4427
f 4365 633 632
f 4365 632 5793
f 2856 2861 2748
f 5019 2742 2861
f 5020 2743 5019
f 5024 2743 5020
f 2746 2743 5024
f 2743 2742 5019
f 2748 2861 2742
f 4365 5793 4363
f 5792 4363 5793
f 1254 1240 5219
f 1242 1331 5244
f 4013 2790 4087
f 5792 5791 4363
f 5794 4425 5791
f 1275 1255 5220
f 1255 1254 5219
f 5219 5220 1255
f 4051 4159 3468
f 3448 3511 3546
f 4058 4056 3468
f 4056 4066 3468
f 3470 3469 4066
f 3473 3470 4066
f 3479 3473 4066
f 4066 4161 3479
f 4161 3569 3479
f 3518 3479 3569
f 3569 3546 3518
f 3511 3518 3546
f 5012 5013 5118
f 5118 4880 5012
f 5117 5118 5013
f 5161 5117 4920
f 5777 5796 654
f 4128 4437 4135
f 4208 4145 4437
f 4208 4437 4186
f 4145 4132 4437
f 4132 4131 4437
f 4131 4144 4437
f 4199 4437 4144
f 4139 4135 4437
f 4920 4919 5161
f 5013 4920 5117
f 5122 5161 4919
f 4138 4139 4437
f 5789 755 688
f 4918 5005 5048
f 4980 5048 5005
f 4451 4450 5784
f 4451 5784 5783
f 4189 4138 4437
f 5783 5788 4451
f 5017 5008 4189
f 4437 5017 4189
f 4196 4141 5054
f 5779 4434 4407
f 5047 5053 4919
f 5053 4939 4919
f 5048 5047 4918
f 4015 4181 2790
f 4174 4106 4112
f 4097 4106 4174
f 4107 4098 4174
f 4105 4098 4107
f 4097 4174 4098
f 4092 2788 4106
f 3591 3074 4092
f 3056 3064 3591
f 746 5784 740
f 4450 740 5784
f 4181 4182 2788
f 4446 4435 5781
f 4106 2788 4112
f 4927 5182 5045
f 5045 5035 4927
f 4182 4112 2788
f 4440 4446 5781
f 4360 5030 5038
f 5044 5045 4980
f 5036 5037 5030
f 653 5777 654
f 5037 5038 5030
f 5182 4980 5045
f 4290 5039 4289
f 4284 4360 5038
f 4440 5787 4441
f 4274 4273 5030
f 4274 5030 4275
f 4919 4918 5047
f 5786 5785 4441
f 5785 738 4441
f 4936 4935 4919
f 4935 5125 4919
f 4267 4963 4272
f 4967 4273 4966
f 5036 4273 4972
f 4972 4273 4971
f 4938 4936 4919
f 4272 4966 4273
f 5036 5030 4273
f 5776 668 1855
f 4939 4938 4919
f 5772 4417 5770
f 4310 4318 4385
f 4318 5043 4384
f 4309 4318 4310
f 688 755 757
f 4385 4318 4384
f 5771 4454 758
f 4455 4454 5771
f 4455 5771 5770
f 5035 5085 4928
f 4928 4927 5035
f 4997 4985 5085
f 5044 4980 5005
f 4985 4928 5085
f 5085 4952 4997
f 4951 4997 4952
f 5080 4951 4952
f 4424 3535 4257
f 3481 4261 3486
f 4261 4255 3486
f 4257 3486 4255
f 4386 4384 5043
f 5191 5091 868
f 5094 4871 5191
f 859 868 5180
f 5180 868 5091
f 4317 5043 4318
f 4388 5043 4317
f 4389 5043 4388
f 5775 655 668
f 5192 5190 5094
f 4306 4386 5043
f 4336 5043 4389
f 4306 5043 4299
f 5043 4307 5042
f 5788 689 4442
f 688 4442 689
f 4872 4871 5094
f 5091 5191 4871
f 4369 5050 4406
f 4289 5039 4291
f 4291 5040 4293
f 4297 5046 4369
f 687 5789 688
f 4299 5043 4296
f 4296 5043 4297
f 4293 5041 4301
f 4872 5094 4874
f 4301 5042 4307
f 4307 5043 4336
f 4442 4451 5788
f 5041 4293 5040
f 5046 4297 5043
f 5040 4291 5039
f 5778 4434 5779
f 5050 4369 5046
f 5038 5039 4364
f 4364 5039 4290
f 5042 4301 5041
f 4364 4284 5038
f 5055 4406 5050
f 5778 5782 4434
f 4435 4434 5782
f 5056 4406 5055
f 878 877 5096
f 4402 4404 5059
f 5058 4406 5056
f 5781 4435 5782
f 4406 5058 4404
f 5058 5059 4404
f 4440 5781 5780
f 3468 3539 4075
f 4075 4053 3468
f 4081 4075 3539
f 4426 4072 4414
f 4053 4051 3468
f 5187 5096 877
f 4869 5192 5187
f 874 879 880
f 5779 4407 5796
f 4407 654 5796
f 4409 4437 4199
f 5780 5787 4440
f 5786 4441 5787
f 4437 4409 4438
f 4141 4189 5008
f 5059 5063 4402
f 5065 4394 5063
f 740 4441 738
f 5096 5187 5192
f 5061 4394 5065
f 5060 4395 5061
f 4869 5190 5192
f 4874 5094 5190
f 4394 5061 4395
f 4402 5063 4394
f 5066 4395 5060
f 880 875 874
f 4809 1275 875
f 4769 4768 4879
f 4766 4879 4767
f 4890 5193 5366
f 5143 5209 5193
f 4728 4915 3503
f 3506 3503 4915
f 4880 4148 4852
f 4915 4852 4148
f 4148 4149 4915
f 4149 3506 4915
f 3067 4522 3068
f 4527 4551 4522
f 4771 4544 4527
f 3068 4522 4551
f 4848 4782 4771
f 4833 4775 4848
f 5125 5122 4919
f 4833 4832 4775
f 4782 4848 4775
f 4781 4771 4782
f 4544 4771 4781
f 4543 4527 4544
f 4551 4527 4543
f 4901 4775 4832
f 5175 5139 4896
f 4893 5194 5139
f 4896 5139 4888
f 4537 4901 4832
f 4538 4537 4832
f 5366 5367 4890
f 5194 4893 5143
f 4888 5139 5194
f 5209 5143 4893
f 5366 5193 5209
f 4448 2856 4892
f 4444 2856 4448
f 4517 2856 4444
f 5472 2856 4517
f 4958 4865 4876
f 4857 4865 4868
f 4957 4865 4958
f 4865 4864 4876
f 4957 4868 4865
f 5076 5078 4885
f 4886 5075 4885
f 4867 4933 4856
f 4866 4855 4873
f 4859 4873 4855
f 4867 4859 4855
f 4855 4933 4867
f 4865 4856 4933
f 4998 4877 4864
f 4856 4865 4857
f 4854 4853 4495
f 4862 4863 4866
f 4873 4862 4866
f 4875 4887 4870
f 4887 4769 4878
f 4494 4875 4870
f 4878 4870 4887
f 4879 4878 4769
f 4870 4854 4494
f 4495 4494 4854
f 4853 4866 4495
f 4863 4495 4866
f 4767 4879 4768
f 5054 5057 4196
f 4973 4975 5089
f 4979 5089 4975
f 5078 5112 4885
f 5076 4885 5075
f 4968 4969 5082
f 4968 5082 5081
f 4968 5081 5072
f 5073 4886 5072
f 5074 4886 5073
f 5071 4886 5074
f 5075 4886 5070
f 4881 4885 5112
f 5070 4886 5071
f 4968 5072 4886
f 4969 4973 5082
f 5083 5095 5430
f 5095 5087 5430
f 5432 5430 5087
f 5086 5515 5087
f 5088 5435 5086
f 5090 5435 5088
f 5092 5435 5090
f 5068 5067 4196
f 5084 5083 5430
f 5430 5509 5097
f 5089 5082 4973
f 5100 4882 5099
f 5101 4986 5100
f 4991 4990 5104
f 5105 4991 5104
f 5106 4993 5105
f 5111 5002 5106
f 5101 5104 4988
f 4988 5104 4990
f 4986 5101 4988
f 4882 5100 4986
f 5657 5007 5111
f 4991 5105 4993
f 4993 5106 5000
f 5000 5106 5002
f 5002 5111 5007
f 5620 5628 5621
f 5488 5533 5415
f 5534 5488 5591
f 5627 5626 5426
f 5509 5028 5119
f 4882 4881 5099
f 5112 5099 4881
f 5031 5517 4979
f 5433 5031 4979
f 4186 4437 4128
f 5069 5068 4196
f 5008 5054 4141
f 5057 5069 4196
f 5491 5062 4196
f 5064 5491 4196
f 5010 5433 4979
f 5011 5010 4977
f 4977 4196 5062
f 5062 5011 4977
f 4979 4977 5010
f 4400 5066 4398
f 5079 5018 5146
f 5145 5146 5018
f 5018 4398 5145
f 5144 5145 4398
f 5066 5144 4398
f 4395 5066 4400
f 5501 5079 5146
f 5443 5446 5163
f 5162 5163 5446
f 5517 5516 4979
f 5089 4979 5516
f 5516 5436 5089
f 5436 5435 5089
f 5067 5014 4196
f 5092 5093 5435
f 5515 5086 5435
f 5014 5064 4196
f 5432 5087 5515
f 5093 5089 5435
f 5163 5165 5507
f 5445 5163 5507
f 5097 5084 5430
f 5028 5431 5165
f 5431 5507 5165
f 5165 5119 5028
f 5128 5140 5126
f 5124 5151 5129
f 5461 5151 5528
f 5536 5140 5051
f 5130 5156 5128
f 5535 5126 5140
f 5535 5140 5536
f 5051 5159 5052
f 5152 5154 5129
f 5528 5151 5124
f 5473 5034 5147
f 5034 5025 5146
f 5025 5023 5146
f 5023 5022 5146
f 5460 5151 5461
f 5469 5473 5148
f 5146 5147 5034
f 5022 5077 5146
f 5445 5442 5163
f 5467 5531 5162
f 5160 5162 5531
f 5531 5525 5160
f 5525 5524 5160
f 5159 5160 5524
f 5524 5549 5159
f 5052 5159 5549
f 5159 5051 5140
f 5446 5467 5162
f 5148 5150 5469
f 5147 5148 5473
f 5077 5501 5146
f 5150 5151 5469
f 5460 5469 5151
f 5151 5152 5129
f 5130 5129 5154
f 5154 5156 5130
f 5140 5128 5156
f 5097 5509 5119
f 5442 5443 5163
f 1695 1658 4916
f 1 5558 5561
f 3 5555 5558
f 3 5558 1
f 4 5556 5555
f 4 5555 3
f 5 5560 5556
f 5 5556 4
f 6 5551 5560
f 6 5560 5
f 32 5552 5551
f 32 5551 6
f 34 5552 32
f 5561 94 1
f 5564 101 5563
f 100 5563 101
f 95 5562 5563
f 95 5563 100
f 5561 5562 95
f 5561 95 94
f 19 215 86
f 18 17 98
f 99 98 17
f 40 105 17
f 99 17 105
f 5554 5651 88
f 5553 5554 88
f 5553 88 87
f 19 86 5553
f 19 5553 87
f 105 40 18
f 105 18 98
f 116 5567 5580
f 116 5580 131
f 5564 5567 116
f 5564 116 101
f 403 123 404
f 404 146 5568
f 146 404 122
f 5590 145 143
f 5590 143 5581
f 143 141 5582
f 143 5582 5581
f 5583 142 144
f 5583 144 5584
f 144 132 5585
f 144 5585 5584
f 5590 5587 149
f 5590 149 145
f 5583 5582 141
f 5583 141 142
f 132 131 5580
f 132 5580 5585
f 135 5588 147
f 5587 5588 135
f 5587 135 149
f 420 154 110
f 420 110 330
f 338 109 125
f 125 123 403
f 122 404 123
f 5568 146 5571
f 160 5571 146
f 160 170 5612
f 160 5612 5571
f 5613 5612 170
f 5613 170 168
f 154 5613 168
f 5613 154 420
f 185 5595 5622
f 185 5622 184
f 148 5594 5595
f 148 5595 185
f 147 5589 5594
f 147 5594 148
f 182 5623 5602
f 182 5602 181
f 5622 5623 182
f 5622 182 184
f 5588 5589 147
f 183 5600 5647
f 183 5647 155
f 5600 183 5601
f 180 5601 183
f 5602 5601 180
f 5602 180 181
f 5636 283 285
f 5636 285 191
f 5632 5636 191
f 5632 191 190
f 5631 5632 190
f 5631 190 193
f 5634 5631 193
f 5634 193 194
f 5635 5634 194
f 5635 194 207
f 5647 5646 156
f 5647 156 155
f 5644 5643 214
f 5644 214 222
f 5614 5644 222
f 5614 222 167
f 207 210 5635
f 5641 5635 210
f 214 5643 5641
f 214 5641 210
f 219 5570 5572
f 219 5572 220
f 218 5592 5570
f 218 5570 219
f 217 156 5645
f 5646 5645 156
f 5645 5592 218
f 5645 218 217
f 5572 5573 169
f 5572 169 220
f 169 5573 5614
f 169 5614 167
f 49 48 77
f 49 77 80
f 216 215 19
f 1032 86 215
f 75 86 1032
f 55 223 56
f 1023 56 223
f 54 53 223
f 1023 223 53
f 5654 164 162
f 5654 162 440
f 81 5652 5654
f 81 5654 440
f 5651 5652 81
f 5651 81 448
f 88 5651 448
